names	scores	logFC	pvals	adj_pvals	cluster
XBP1	23.508383	2.7066858	4.844205740619355e-63	1.6247950474611377e-58	0
SCGB2A2	14.777734	5.5894094	3.5527775248576845e-28	5.95818554806258e-25	0
KRT18	13.60203	2.201175	2.055232704421015e-28	3.7339657961922596e-25	0
RPL31	12.494064	1.2218275	4.1607253721100543e-26	5.168699618738642e-23	0
KRT8	12.145577	2.0100248	4.067277020445627e-24	3.4979625267376096e-21	0
TRPS1	10.6451645	2.1337976	2.988759869446769e-19	1.253074934763926e-16	0
ADIRF	10.502427	2.082624	2.1237473743916998e-19	9.016786162591392e-17	0
AZGP1	10.088031	2.3053749	5.828391152309217e-18	1.7300005985805616e-15	0
ANKRD30A	9.824461	2.4204974	3.405541716199652e-17	9.138021976244202e-15	0
MGP	9.785888	3.1846864	5.800356647205896e-17	1.5199200179994762e-14	0
PPDPF	9.384087	1.382951	1.236363865159424e-16	3.117960932429492e-14	0
GATA3	9.34129	1.966148	2.9586420069634056e-16	6.843849072797212e-14	0
TFF3	9.271479	2.8041759	8.404124943748711e-16	1.8304074983004904e-13	0
EFHD1	9.144896	2.1514068	2.0237014205549702e-15	4.113755717989955e-13	0
AGR2	8.983657	2.6068368	5.0446559614557325e-15	9.048278374501964e-13	0
SCGB1D2	8.872413	5.0453453	2.0197625951262842e-14	3.150923590843288e-12	0
AGR3	8.828814	2.6712804	1.2405006971736924e-14	2.029640677263552e-12	0
SH3BGRL	8.665236	1.632701	1.8339071797360598e-14	2.8878441650482247e-12	0
EVA1B	8.571337	2.8234584	7.426661191138893e-14	1.051044907223585e-11	0
SRARP	8.1683855	3.6176152	6.796969368728893e-13	7.834266309159305e-11	0
PBX1	8.135967	1.755897	3.7178656132466643e-13	4.584593034334793e-11	0
CIRBP	8.132547	1.227172	2.6072940241672766e-13	3.350622561861863e-11	0
MAGED2	8.09742	1.7936414	4.805692010887856e-13	5.777337481619698e-11	0
JUN	8.025026	1.3333359	3.3545020103522847e-13	4.1826524880753155e-11	0
FXYD3	7.987176	1.4615743	5.08362150322455e-13	6.067962592158528e-11	0
RPL36A	7.9727015	1.1572509	6.524860877418556e-13	7.57267677126283e-11	0
TOB1	7.823218	1.8511982	2.423133213057427e-12	2.6387763343882846e-10	0
SMIM14	7.744277	1.6782548	3.223361285513659e-12	3.4322146310290044e-10	0
TSPAN13	7.4934025	1.5879538	1.0731694396425729e-11	1.064946040681998e-09	0
MT-CO1	7.4810414	1.0875093	1.938311689266821e-12	2.117684442009721e-10	0
CD24	7.437659	1.4196182	7.321526566936708e-12	7.464173938651189e-10	0
STC2	7.3058476	2.4574664	4.066085040297567e-11	3.5795422135595984e-09	0
FOS	7.1420727	1.1719898	3.40337275953279e-11	3.0686162829970247e-09	0
SPINT2	7.091828	1.1440136	5.941774468948418e-11	5.176443050986984e-09	0
KRT19	7.086384	1.6049398	6.200684183430882e-11	5.3602357782591545e-09	0
EGR1	7.023896	1.586422	1.1902628988894505e-10	9.643142002814265e-09	0
FOXA1	6.955318	1.8655273	2.1258767504026177e-10	1.6429500480473317e-08	0
CCNG2	6.941236	2.373464	2.761167697676311e-10	2.0765095459139273e-08	0
STARD10	6.90272	1.7263399	2.5225368628868376e-10	1.9272986086124698e-08	0
SPDEF	6.852465	1.8764759	3.5855092923995825e-10	2.6547807323702957e-08	0
CYB5A	6.7639728	1.2588911	3.9472348602476425e-10	2.890703153876991e-08	0
ELF3	6.750374	1.3827204	4.1957840064424225e-10	3.052728662908574e-08	0
HES1	6.6978917	1.6153995	6.538279555360975e-10	4.4938613640648045e-08	0
RHOB	6.6844125	1.4228442	6.720120060561875e-10	4.599990754108283e-08	0
CLDN4	6.664674	1.2490411	5.41397295462404e-10	3.8283231631872805e-08	0
MLPH	6.5089602	1.9592124	2.047183568190183e-09	1.2810556727736368e-07	0
CLDN7	6.4409823	1.5260386	2.5397468654480714e-09	1.5601767328570286e-07	0
SMIM22	6.4219317	1.4950185	2.5344401861895603e-09	1.5597735465134688e-07	0
TTC39A	6.4172907	2.5314925	3.7020951249215617e-09	2.1899818798058927e-07	0
SHISA2	6.3940816	3.9712162	4.5830319500456734e-09	2.632182784871266e-07	0
GLUL	6.392648	1.214499	2.5447811427397828e-09	1.560411413320568e-07	0
S100A14	6.352971	1.3503339	3.303717931691367e-09	1.978750056193931e-07	0
TBC1D9	6.3433275	1.6932958	4.280935778507311e-09	2.4756356370157535e-07	0
ZNF703	6.316885	1.9912535	5.385229007126663e-09	3.0459690746717606e-07	0
KRT7	6.302919	1.411421	4.073303461392326e-09	2.3735079154866072e-07	0
TBX3	6.267895	2.0788195	7.047913992775769e-09	3.8689702656578075e-07	0
RARRES3	6.25985	1.6330254	6.0082103470656214e-09	3.3475312832380065e-07	0
TFF1	6.2316523	2.8971791	8.615003259065908e-09	4.63070231269759e-07	0
NFIA	6.157653	1.7708745	1.1202066939057926e-08	5.926317463768799e-07	0
ZG16B	6.092049	1.777026	1.444439470127401e-08	7.453529887314333e-07	0
PDCD4	6.042338	1.5270551	1.83340129915427e-08	9.219507192643683e-07	0
NDUFC2	5.973276	1.2329683	2.4313065139010195e-08	1.1939744038470585e-06	0
YWHAE	5.891539	1.004212	3.224984748827961e-08	1.540871986615935e-06	0
RERG	5.846138	2.1058855	5.1309751824189293e-08	2.344659926342143e-06	0
SLC40A1	5.8069596	2.1532059	6.121245796675592e-08	2.7601376248267395e-06	0
PLA2G16	5.7441564	1.4769721	7.158447973532091e-08	3.175945813230686e-06	0
HSPA1A	5.7384114	1.1527314	6.23285794998244e-08	2.7998679233415058e-06	0
TFAP2B	5.6950927	2.6219878	1.0666502209530552e-07	4.52294754247616e-06	0
H1F0	5.6033993	1.4647818	1.401164675563753e-07	5.766437347617649e-06	0
TPD52	5.547434	1.4039564	1.8576983960301948e-07	7.403336429550668e-06	0
GSTM3	5.4744687	1.5168314	2.4717003240795544e-07	9.540080617946182e-06	0
WEE1	5.4666505	2.0192776	2.872634694971195e-07	1.0948981852730551e-05	0
TACSTD2	5.4571157	1.03595	1.8585043003135452e-07	7.403336429550668e-06	0
AFMID	5.4546604	2.3698807	3.117889391353637e-07	1.1829991863732165e-05	0
HACD3	5.3916435	1.2603596	3.50558745511821e-07	1.313753171308602e-05	0
SCUBE2	5.3781853	2.228732	4.2300966261284106e-07	1.5489265386132426e-05	0
NQO1	5.329754	1.5086436	4.807324946027218e-07	1.7282152841875554e-05	0
FOSB	5.3221326	1.1465883	4.3503521338986376e-07	1.5877601841468355e-05	0
ARL6IP1	5.2812595	1.1347219	5.711850975998976e-07	2.0081886120123865e-05	0
BTG2	5.2656384	1.2087957	5.856122294477218e-07	2.052457658088405e-05	0
TCEAL4	5.2572207	1.0624851	5.913119233065695e-07	2.0702706909838882e-05	0
BHLHE40	5.1775627	1.5423728	9.669794286053816e-07	3.201723298603465e-05	0
SUSD3	5.0970387	1.8209195	1.3949058442077304e-06	4.494383950102929e-05	0
N4BP2L2	5.073112	1.0770186	1.4283530936436522e-06	4.5801521141397455e-05	0
ELOVL5	5.0682445	1.339668	1.4813232566516944e-06	4.72291476723902e-05	0
MAL2	5.0654364	1.0584176	1.3532689117473198e-06	4.370991435172344e-05	0
HSPA1B	5.0462575	1.2008001	1.5843939385569998e-06	5.0181451457167446e-05	0
ASPH	5.0321503	1.2499778	1.739038556678358e-06	5.456416485458261e-05	0
CREB3L4	5.0126376	1.466581	1.9048958148993826e-06	5.877839054971499e-05	0
GFRA1	5.002993	2.2766736	2.1718397216667895e-06	6.610315435973302e-05	0
H2AFJ	4.9362307	1.0248536	2.3623054529795785e-06	7.125367553811875e-05	0
DSP	4.921575	1.0600445	2.6185138561306826e-06	7.779235894462288e-05	0
WWP1	4.8944807	1.6715679	3.3281301280282663e-06	9.590104177336432e-05	0
TSC22D1	4.8238397	1.072846	3.973164615852557e-06	0.0001125539817401272	0
PGR	4.8206754	2.595173	4.6757513217469044e-06	0.00013004094119627936	0
KIAA1324	4.8124266	1.5990831	4.604362891788728e-06	0.00012826821906435692	0
ZFP36	4.8010864	1.1273055	4.456533259233268e-06	0.00012466770813006093	0
CCND1	4.797473	1.1438204	4.635043270389723e-06	0.0001290157562922338	0
BSPRY	4.7827673	1.8782724	5.364361806282963e-06	0.0001467586128421997	0
CYP4X1	4.7557964	2.6546218	6.1116887469738295e-06	0.00016478468831370515	0
DEGS2	4.7195992	1.4831989	6.596149848228779e-06	0.00017628801757724422	0
DUSP4	4.7128286	1.3574709	6.62475889024118e-06	0.00017691165440890082	0
PLEKHF2	4.708278	1.5513184	7.08126657986904e-06	0.00018746074376905088	0
ESR1	4.6969595	1.375071	6.979178574393396e-06	0.00018517616148685436	0
CRIP2	4.6955686	1.0896379	6.779489526072487e-06	0.00018075584912082457	0
CXXC5	4.674967	1.3737339	7.948287236489984e-06	0.00020827617359305513	0
NME3	4.6561646	1.0772238	8.366826863042035e-06	0.00021822063749089648	0
AFF3	4.6500397	1.9407688	9.111523213482725e-06	0.0002352652810649916	0
ERBB3	4.6497817	1.2837908	8.80956687415213e-06	0.00022870099266713358	0
EVL	4.632005	1.1869259	9.175923426208706e-06	0.00023656391055992793	0
CAMK2N1	4.6209784	1.6157768	9.938201672933221e-06	0.00025387450290316314	0
CLDN3	4.6088376	1.1860712	9.995061133432758e-06	0.00025513268301101074	0
FLNB	4.5867534	1.3497065	1.1372255762883986e-05	0.00028373156619145555	0
RND1	4.5689473	2.3036213	1.2879351493325799e-05	0.00031443371761434325	0
SHROOM3	4.5587425	1.8490896	1.3204256471856552e-05	0.00032139620197571886	0
KCNK6	4.55747	1.6966507	1.329759879417418e-05	0.00032319910228651897	0
MSI2	4.5542617	1.2856308	1.2880711010468013e-05	0.00031443371761434325	0
SERINC2	4.5539627	1.2681639	1.3005970094708993e-05	0.00031726054032482496	0
SCGB2A1	4.5525813	3.5396106	1.4199523358998721e-05	0.0003404333187878314	0
GALNT6	4.5405393	1.4897915	1.3766400172634804e-05	0.0003319473962547404	0
C17orf58	4.5168486	1.8790574	1.580003539387135e-05	0.0003729408776536517	0
KNOP1	4.508398	1.2922622	1.5705333521197218e-05	0.0003712280420257054	0
AAMDC	4.5031505	1.5374966	1.6595809705724256e-05	0.0003892587785592288	0
ANO1	4.4994683	2.931799	1.741188760816315e-05	0.00040596850194848157	0
IRX3	4.4949155	1.3104988	1.6345676725052857e-05	0.00038446728123071384	0
C9orf116	4.469924	2.588983	1.9454155132258734e-05	0.00044631451251100565	0
THSD4	4.4524293	1.6021746	1.9885264040188876e-05	0.00045465006214858567	0
GADD45G	4.431246	1.69089	2.1924161982765968e-05	0.0004951907859016521	0
PSENEN	4.4146686	1.1809812	2.2599058444680226e-05	0.0005090631425742239	0
DNALI1	4.413365	2.065806	2.3838851722132378e-05	0.0005330526170746947	0
SLC12A2	4.398764	1.5959277	2.459482342107918e-05	0.0005470902476045491	0
SCCPDH	4.389891	1.2319771	2.4684494918137895e-05	0.0005483063867875915	0
SLC44A1	4.3681073	1.3367816	2.767171018621434e-05	0.0006082154858163927	0
SLC2A10	4.3380203	2.1350455	3.222703954253532e-05	0.00069439763633216	0
CRIP1	4.3303633	1.1030821	3.0074607684609915e-05	0.0006533241038533038	0
GPR160	4.300771	1.4913224	3.6024185004941027e-05	0.000764255021663964	0
UGDH	4.237689	1.3735753	4.551868247621841e-05	0.0009383786901873643	0
RABEP1	4.2337685	1.3253909	4.651086462231234e-05	0.0009576555618765981	0
ERBB4	4.2281013	2.2480292	4.919980081039739e-05	0.0010050003160667106	0
MYB	4.2167196	1.8272408	5.082413415668339e-05	0.0010310932304025376	0
SRSF6	4.216118	1.0758971	4.8225100457236354e-05	0.0009874957841490626	0
FBXO2	4.212945	2.3339767	5.2331065594984716e-05	0.0010548294898566	0
BCAM	4.212187	1.3262008	4.95337295812752e-05	0.0010087497412784162	0
BNIPL	4.2114162	2.4111018	5.28087146396638e-05	0.0010619047348494985	0
KRT15	4.1940813	1.7104669	5.408889220301718e-05	0.0010850451754673442	0
SYNJ2BP	4.155532	1.7290051	6.3976983765835e-05	0.001261464675853368	0
RBM47	4.1543612	1.1749799	6.220497363226866e-05	0.001229473789393001	0
SEC14L2	4.140475	2.2935903	6.835952778012004e-05	0.0013424162302535165	0
CRACR2B	4.11319	1.2840168	7.27677342476532e-05	0.0014198386122167166	0
INPP4B	4.0899444	1.9332007	8.190851775511737e-05	0.0015734785761880824	0
TSPAN15	4.08712	1.350348	8.176423141564168e-05	0.0015716069260240902	0
SPIN1	4.086348	1.4567935	8.226627710381787e-05	0.0015785430207889903	0
C3orf14	4.070906	1.1955769	8.523526666633382e-05	0.0016271349341237921	0
DHRS2	4.069795	2.2501986	8.867880550457756e-05	0.0016804383138017151	0
SLC39A6	4.0634813	1.0941552	8.583243381504789e-05	0.0016366717808928488	0
AL451165.2	4.0587277	1.9124818	9.199700725035092e-05	0.0017354733521844881	0
RSF1	4.0575414	1.1800348	9.133753007794602e-05	0.001724973027220939	0
PATJ	4.030825	1.6312069	0.0001019186601672234	0.0018970331746219979	0
CSAD	3.999513	1.4242059	0.00011257742821639948	0.00205823023227128	0
MAOB	3.9947271	2.0792718	0.00011711454496681346	0.0021302271977938665	0
WDR61	3.9879825	1.1969476	0.00011674206392568721	0.0021257576363363055	0
AREG	3.9723222	1.598116	0.0001240311124735778	0.002241448029890233	0
C16orf89	3.9707785	3.2431254	0.00013081216765082544	0.0023450405746533063	0
TMC4	3.9678965	1.5639522	0.0001272472396334433	0.0022896993908504944	0
CAPN8	3.9650636	2.2294707	0.00013123247149761068	0.0023513185504814957	0
MUC1	3.9552093	1.1397899	0.00012922592736861754	0.0023190833760678444	0
MAP3K1	3.9498973	1.4366378	0.00013544545051386868	0.0024120477667818234	0
PLPP5	3.945988	1.1887499	0.00013711075714994492	0.002435821983880457	0
TRIQK	3.938548	1.8659487	0.0001444718505950195	0.0025557649476833063	0
NECTIN2	3.9178727	1.1352311	0.00015046153022168747	0.002649149703499013	0
ACADSB	3.9159207	2.2691057	0.00015829849216030158	0.0027696868677875197	0
ZKSCAN1	3.9003656	1.0310292	0.0001599539640710406	0.0027942791192222772	0
PLPP2	3.892973	1.0097959	0.00016286490736985984	0.0028347959824039795	0
INTS6	3.8809052	1.186821	0.0001725689569574845	0.0029802047571740277	0
FAM84B	3.8532646	1.3353443	0.00019118877763431096	0.003246917868674645	0
TCEAL3	3.8477457	1.0139521	0.00019066897546596875	0.0032413725829214687	0
AMFR	3.8314748	1.6391362	0.00021051632023750514	0.003521659799045466	0
BPIFB1	3.8312364	5.391759	0.0002190611025494194	0.003637390317133701	0
SULT1A1	3.8144062	1.8686614	0.00022513403089330873	0.0037289977926876386	0
NPY1R	3.8141372	2.1449175	0.00022597430850241807	0.003737378837021501	0
RAB27B	3.812104	1.6281729	0.000226274344191618	0.0037394418318305142	0
KIF12	3.8011248	2.3811092	0.00023843249128427578	0.00391255586603028	0
NPDC1	3.7872214	1.0025798	0.00023758916485124	0.0039025358365697557	0
FAM110A	3.7743866	1.4475498	0.0002553121643747588	0.0041590215178697355	0
PRR15L	3.7718623	1.8351215	0.00026257896964871486	0.004252839797534082	0
NTN4	3.7715092	1.9637111	0.00026336440335909887	0.004262074492152254	0
CCDC74A	3.7673512	1.8175261	0.0002653892120213998	0.00428158709014419	0
SPAG1	3.7648377	2.349779	0.00027168744807807085	0.004364304931028053	0
PDZK1	3.7620926	3.4693964	0.00027710199808984095	0.004436409602831196	0
SNHG19	3.7420506	1.108778	0.0002825688281960666	0.004519619011218059	0
MRPL23	3.7416124	1.0759265	0.0002838759374725195	0.004536199532523	0
KLHDC2	3.7311344	1.2152914	0.0002971450429061656	0.0047145420454662735	0
TPBG	3.7265341	1.1371254	0.00029969255768421435	0.00475046695523924	0
NEBL	3.723054	1.4966165	0.000307841887391379	0.004861264004234578	0
THUMPD1	3.7167907	1.1139876	0.000310382876217836	0.004896778951656838	0
SYTL1	3.7142901	1.4691215	0.00031580721383247856	0.004970666240804863	0
NEK10	3.676281	3.2026272	0.00037383250602979976	0.005764926935515178	0
ANXA9	3.671905	2.3106241	0.00037554319296738626	0.00578598724635696	0
TMEM30B	3.6673014	1.8822969	0.0003785292565113575	0.005829315790930874	0
TSPYL1	3.6596098	1.1066544	0.0003817210629226715	0.005867693020847537	0
ENPP1	3.6418169	1.5684628	0.0004079366252871164	0.006222192973513037	0
TMEM9B	3.641618	1.0101234	0.000403753733066185	0.006166805082319177	0
RAB11FIP1	3.635186	1.1176167	0.0004143056968932797	0.006313597173783505	0
SELENBP1	3.624241	1.3175231	0.000434303832168763	0.006558750488416245	0
TSPAN6	3.6228905	1.5128775	0.00043828073877154745	0.006609880512201652	0
AC245297.3	3.6105626	1.5115347	0.0004582603824495572	0.006873961607421755	0
AC008771.1	3.6104496	1.3356026	0.00045450210147680967	0.006826894306150325	0
SLC44A4	3.6103768	1.7972664	0.000460155491044929	0.006893289560133078	0
DDAH1	3.6037657	1.774869	0.0004707680002049763	0.007036555033366805	0
MAPT	3.5934894	1.5820613	0.00048538363118623965	0.007219624112469031	0
CHAD	3.58594	4.238621	0.0005119864137246924	0.0075583346402904525	0
MMEL1	3.5534377	2.1030736	0.0005638469002107304	0.008179925986145377	0
ARFIP2	3.5346813	1.2260945	0.0005896184473250675	0.008513298468243688	0
GOLM1	3.534298	1.365325	0.000592652647054722	0.008546071554111105	0
MGMT	3.5231938	1.0040125	0.0006068380566378463	0.008736232463923	0
CETN3	3.5134728	1.7000527	0.0006405035108055783	0.009122347454747305	0
SGK3	3.5119812	1.5003614	0.0006441266509666076	0.009170056027194817	0
GATA3-AS1	3.4991348	1.2422597	0.0006564480446252011	0.009329628756260115	0
TMEM150C	3.4988844	1.9172825	0.0006746262055970158	0.009555590186625636	0
LIMA1	3.4839485	1.0406582	0.0006910233482418153	0.00975488809906512	0
BEX4	3.4815936	1.0298904	0.0006963676711255605	0.009817935290972015	0
PRSS8	3.4763098	1.2059883	0.0007176202268196328	0.010071004195714354	0
GREB1	3.4720633	1.9846165	0.0007378192617292563	0.010311331607358745	0
MSX2	3.4615571	3.1543796	0.0007773597852529653	0.010774142378995748	0
NT5DC1	3.4588275	1.5544542	0.0007706545244549721	0.010701797276487478	0
ZNF281	3.4431112	1.1962838	0.0008011074087303661	0.011053041380594491	0
MPP7	3.4404228	2.6681552	0.000829911306556615	0.011384889625036981	0
AKR7A3	3.4368424	1.9837884	0.0008309643196571694	0.011394674671145183	0
RASD1	3.4355888	1.1631423	0.000809603619808592	0.011145879980484844	0
IL17RB	3.4340248	2.7015755	0.000847264711371065	0.011571108324226023	0
DACH1	3.4339404	2.375133	0.0008429342660795467	0.011530529452925806	0
RNF14	3.4278111	1.4462488	0.00084802006463692	0.011571782338481258	0
SERTAD4	3.4048011	1.4326693	0.0009157441589882229	0.01239006649319241	0
CPEB4	3.3972552	1.1317875	0.0009294008617441375	0.012529354623697794	0
CA12	3.3956475	1.0753425	0.0009290710341839431	0.012529354623697794	0
ELP2	3.391834	1.1010973	0.0009494117740595366	0.012758101087231938	0
CDC42EP4	3.388156	1.445478	0.000971177152961195	0.013003693767453669	0
PEG3	3.3841858	2.445424	0.000999230010158563	0.013283858014557419	0
DUSP5	3.3657792	1.2897308	0.0010341525428097984	0.013704666313071294	0
NCKAP1	3.3649602	1.0034935	0.0010326195849549458	0.013689760276274244	0
AC008268.1	3.357817	3.0605452	0.001093274155716496	0.014408451260073476	0
BAMBI	3.3408058	1.1721485	0.001120520138884145	0.014698226819833049	0
CBR4	3.3396783	1.443748	0.001139757973394095	0.014903946271193506	0
SCNN1A	3.3237104	1.8521283	0.0012073040219092352	0.01569542023211537	0
LINC02482	3.3212676	2.258081	0.0012245782400600127	0.015901501645316642	0
IQCK	3.3060908	1.8161155	0.0012813700838853327	0.016568401689898978	0
BCKDHB	3.2987509	1.8171031	0.0013086384054900597	0.016881938753285423	0
BIK	3.2971303	1.2852238	0.0013022271701421532	0.016805695080314723	0
ERLIN2	3.2947128	1.4368217	0.0013143218689498734	0.016942225136989897	0
IL20RA	3.277551	1.8743503	0.0014018679987999906	0.017871552469688516	0
VAV3	3.210435	1.1811209	0.001717321157607794	0.02127055721836153	0
FAM174A	3.2058866	1.241592	0.0017479801200140602	0.021578579759069412	0
CFB	3.2049716	2.2406979	0.0017767644620763857	0.021869525439451032	0
TSPAN5	3.1987505	1.2723571	0.0017797865323242734	0.021898686750069132	0
TMED7	3.1796224	1.1588875	0.001891693634081456	0.02301389052619736	0
RGL2	3.1788404	1.1817687	0.001897878729122688	0.023070284588103906	0
DNAJC12	3.1648138	1.463754	0.0019979911185690966	0.024114652791625068	0
BCL2	3.161958	1.228244	0.0019917160972576335	0.02406489539557575	0
SEC22C	3.1515508	1.2414249	0.00207540167503228	0.024852212632009176	0
CANT1	3.1469538	1.0691905	0.00209417447649653	0.025032325771977948	0
C16orf45	3.1466718	1.8752916	0.0021224897040577335	0.025316652618705707	0
PLA2G12A	3.146551	1.3749435	0.0021118224866980943	0.02520734449335971	0
RSPH1	3.1441832	2.8882368	0.0021660524454512283	0.025726474884164182	0
CYBRD1	3.1271436	1.1879432	0.0022341477276225804	0.026422972119953796	0
PKP3	3.1262069	1.3080717	0.0022477441202195998	0.026555683528103415	0
DRC3	3.1142254	2.8820174	0.0023757606717598827	0.02770701971192567	0
GDF15	3.108205	1.8424762	0.002387608735279673	0.02781618082320789	0
ARHGEF12	3.1070895	1.1090664	0.002379692350165022	0.027743225970415366	0
CPEB2	3.1053402	1.7427818	0.002413426198144146	0.02807397576579434	0
EBF4	3.0999424	2.5720923	0.00247590739555279	0.028665657561006603	0
ZBTB18	3.0947795	1.6645689	0.0024942370076284606	0.028838057039940086	0
TTC36	3.0886183	1.6689651	0.0025295299576820695	0.029147967397317034	0
PPM1A	3.0762475	1.1072483	0.002617653749237322	0.029930652876738854	0
GSTO2	3.0753064	1.2253873	0.002632299945051661	0.030010187782793254	0
LRG1	3.0746782	2.1055098	0.002666478620205844	0.030296869715556982	0
MTA1	3.0697508	1.0350477	0.0026649865525202173	0.030290177552721318	0
BFAR	3.0587382	1.1133752	0.0027504011052377716	0.03101923452279089	0
ARHGAP8	3.0539021	1.5514375	0.002819453680263343	0.03161728381468164	0
OBP2B	3.0516467	2.6664681	0.0028652967317067644	0.03200030567240158	0
TP53INP1	3.0481684	1.2123713	0.002861152728657116	0.03198531642368225	0
CASZ1	3.043237	1.3215932	0.0029102062045011697	0.032396689779347405	0
NUPR2	3.0423	1.2898086	0.0029086899889460426	0.03239056139416973	0
REEP6	3.0330615	1.2621442	0.0029898368999178417	0.03312921026103215	0
FAM174B	3.0311127	1.3899398	0.0030215582447080005	0.0334254898040076	0
CDS1	3.025639	1.2956725	0.0030597929224628908	0.03381499651147539	0
FRMD6	3.022456	1.3017317	0.0030854382135436127	0.034042329973837604	0
ESRP1	3.020033	1.1730084	0.003125658822479637	0.03438429733184306	0
FOPNL	3.019203	1.1428139	0.003121740622216434	0.0343524613549086	0
LIPE-AS1	3.008272	1.6698416	0.003247374626688471	0.03547889001751075	0
CAP2	3.0081675	1.7500056	0.003256315141890604	0.035541837349219896	0
PEG10	3.0002954	1.7425234	0.003342992988607488	0.03629890832984259	0
SHROOM1	2.9991155	2.4101698	0.003371726429779126	0.036492656878507154	0
NKX2-2	2.9987464	5.92106	0.0033975249794175916	0.036700929254314146	0
ORAOV1	2.9936109	1.9344716	0.003413629719384011	0.03681247089011992	0
WIPI1	2.9921236	1.1085098	0.0033814268975950485	0.03656235962999211	0
TOX3	2.990904	2.1055675	0.0034440519547514832	0.037029363662572874	0
BICDL2	2.988358	1.230802	0.0034369579519420075	0.036995830123904644	0
C19orf33	2.9866595	1.2237788	0.0034365191192718444	0.036995830123904644	0
GAMT	2.9857209	1.0338264	0.0034388166074457507	0.037003961447012484	0
LINC02584	2.9849987	27.002346	0.0035424956435717967	0.037937051845798736	0
RIC3	2.9798112	1.6586968	0.003520420854683838	0.03777301211994581	0
TNNT1	2.9772167	1.1695161	0.003535843375955323	0.037902116546154524	0
CNFN	2.9752116	1.2705467	0.003579790995136025	0.038275348985609636	0
KIAA1217	2.9726195	1.2155035	0.0035990188920691207	0.038468671975427145	0
CERS4	2.9726055	1.0762249	0.003579488885105789	0.038275348985609636	0
AK5	2.9690711	2.7807412	0.0036896394954012424	0.03922478551989004	0
PLXNB1	2.9680579	1.615999	0.0036644571170450957	0.03900652369495702	0
PRR15	2.9633355	1.6748526	0.003723592089452875	0.03951059863092024	0
TMEM26	2.9590554	3.0280807	0.0038037116007318583	0.04018276875595189	0
IFT22	2.950546	1.1256198	0.003853607125104045	0.04064586056072792	0
ZNF92	2.9487638	1.7546076	0.0038922270562361896	0.0410016293006338	0
AUTS2	2.9331996	1.031737	0.004038640568157242	0.04214687096968328	0
SAMM50	2.9314363	1.2245901	0.00408363616272092	0.042497437335967225	0
TMPRSS3	2.9287295	1.8557959	0.004140845853458187	0.04294518021938217	0
COQ7	2.927516	1.1180825	0.004114978550517576	0.0427572786750031	0
ANKRD28	2.9256222	1.1852143	0.004148572503278841	0.04298649068040643	0
NDUFA7	2.9171693	1.3567461	0.004262360908575527	0.04392130483395753	0
CADPS2	2.911747	1.8241845	0.004348835706859075	0.04466145084009805	0
LYPD6B	2.9074209	1.5275257	0.004392749095965916	0.04497472448955824	0
DIO1	2.906558	2.763649	0.004438975521723284	0.04535110507892801	0
SPTSSB	2.9044218	1.9717578	0.00445989552018957	0.04549554612003601	0
BRD8	2.9020712	1.427685	0.00446888394219577	0.04554568104077433	0
FRY	2.8966804	2.026606	0.004562015134461054	0.04636804534089643	0
LRRCC1	2.8961666	1.325251	0.004538504609791002	0.04618506769326457	0
CASD1	2.8844757	1.4695762	0.004700109218186705	0.04751246633128398	0
PCSK1N	2.8823686	1.6952155	0.004736933919115221	0.04775518502586223	0
ZC2HC1A	2.878441	1.5687772	0.0047963444696893405	0.04822218116710772	0
MYCBP	2.878254	1.3293427	0.004789543648996366	0.048184188221651804	0
VTCN1	2.874879	1.295727	0.004827227744907778	0.04843807317963629	0
EMSY	2.874224	1.6362138	0.004856655785181115	0.04865504530787329	0
AL121944.1	2.8720808	1.4292674	0.004867219418182133	0.048746314274484	0
MCC	2.8717644	2.1033661	0.004903397665827961	0.049020822983468146	0
IGFBP7	25.004944	5.691474	1.3514044198963426e-25	1.7706037362399696e-23	11
IFI27	18.568787	3.6573188	1.2175355100371329e-23	1.3005528198138687e-21	11
B2M	15.068108	1.7398288	8.16248020488697e-23	8.076039780298344e-21	11
CD59	13.733199	3.586012	4.566570863344819e-16	2.1214314865297587e-14	11
VIM	12.925467	2.656023	3.988505994341345e-17	2.0805362294899383e-15	11
PCAT19	12.916869	10.201089	1.1336716722562209e-14	4.301411941079854e-13	11
CD93	12.201177	6.4942327	5.057433819766114e-14	1.7560185067160997e-12	11
TCF4	11.769833	4.036614	7.812436263821356e-14	2.649513900149971e-12	11
TM4SF1	11.166129	4.2212367	3.455704129318343e-13	1.0772097788240386e-11	11
TUBA1B	11.1398735	2.4869573	9.682415162244272e-14	3.2346403083350113e-12	11
SPARCL1	10.739601	5.76937	1.530894998992335e-12	4.311840992293848e-11	11
EIF1	10.586058	1.5938715	7.794791381897564e-13	2.3055123257515537e-11	11
HLA-B	10.552901	2.0125015	1.5010345228904398e-13	4.926242556973409e-12	11
GNG11	10.354414	5.8506126	4.3103023454430516e-12	1.1519669399880908e-10	11
YBX1	9.864827	1.7344419	2.3738218964052814e-12	6.58019506010988e-11	11
SPRY1	9.667522	5.051174	2.4247882066037126e-11	5.966971477453788e-10	11
EMP1	9.22175	3.9105897	6.828597418647527e-11	1.5784837079176891e-09	11
HLA-E	8.735486	2.30647	1.3882764114140808e-10	3.0898592644485524e-09	11
CAV1	8.425196	4.691596	6.816525975080398e-10	1.3898668555025632e-08	11
ADGRL4	8.40936	8.951126	8.039128163683279e-10	1.624339745410246e-08	11
S1PR1	7.954471	6.3338556	2.808743409687935e-09	5.325498174355174e-08	11
UPP1	7.9476223	3.7694762	2.5163482652230446e-09	4.800957745383739e-08	11
HLA-A	7.665055	1.87257	2.6002853247413308e-09	4.949839391438648e-08	11
ADAMTS9	7.5703516	7.405659	8.51274565768725e-09	1.5195636088583716e-07	11
PSMA7	7.534354	1.4225837	4.577415488642825e-09	8.445054615212816e-08	11
HMOX1	7.4813733	4.7928286	1.0227906047609868e-08	1.7932786029424077e-07	11
AKAP12	7.446571	5.8045626	1.1807584489462687e-08	2.0488266495657942e-07	11
PLVAP	7.2256613	7.413318	2.2952801766656128e-08	3.828244276754914e-07	11
CD63	7.055641	1.2322781	1.3861807064762266e-08	2.3830798091193806e-07	11
PKIG	6.843317	3.7115977	6.56962074219526e-08	1.0220391897679555e-06	11
RAN	6.837762	1.7481184	4.9105624126963895e-08	7.813338419556433e-07	11
TUBB6	6.7835217	3.668595	7.723158735872157e-08	1.185006711618884e-06	11
EIF4A1	6.7691255	2.3172069	6.994584356608653e-08	1.0811306631567319e-06	11
SERPINE1	6.742936	5.498666	9.242460453865793e-08	1.4001868386771118e-06	11
SON	6.7167244	1.1858252	4.975804599876686e-08	7.894676541365372e-07	11
SRGN	6.6246448	2.6049585	9.039791205851769e-08	1.3707216855129937e-06	11
SPARC	6.6209025	3.1702926	1.0386978597997825e-07	1.560885524889987e-06	11
YBX3	6.5527	2.1144764	1.2266045783635576e-07	1.8285130739063147e-06	11
EIF2S2	6.5329213	1.6249663	1.205642639586586e-07	1.7988638689668007e-06	11
PNP	6.522924	3.7592103	1.706570309412597e-07	2.497385460209769e-06	11
ID3	6.512898	3.1931052	1.6191051823061388e-07	2.3766480052398334e-06	11
ECSCR	6.505661	8.217929	1.9084875865572477e-07	2.7699083574520404e-06	11
ENG	6.449908	4.270276	2.1572457581754686e-07	3.0974392112569943e-06	11
TFPI	6.4251094	4.7584896	2.3432833924267723e-07	3.3430909513137547e-06	11
ATF4	6.243846	1.8907185	3.26558173114299e-07	4.556192880377164e-06	11
NFKBIA	6.179933	2.4316635	4.141460308539879e-07	5.681338249846057e-06	11
ANGPT2	6.1678343	6.2848797	5.169966176617302e-07	6.958500623191048e-06	11
NNMT	6.1653323	2.8414645	4.408160343376438e-07	6.012773732297239e-06	11
MT2A	6.143744	3.1061437	4.710842513753806e-07	6.389258744594275e-06	11
MYL12A	6.054302	1.3908696	4.835133276906676e-07	6.536687031065168e-06	11
CALCRL	5.926736	7.1341834	1.0674698790855654e-06	1.3676091372959874e-05	11
ID1	5.913263	3.2246242	1.0031465639075028e-06	1.2881523315475325e-05	11
ICAM1	5.9115453	3.0460873	1.0257446291031089e-06	1.316162991765393e-05	11
HSP90AB1	5.875273	1.0305984	7.977387782280308e-07	1.0400494982612692e-05	11
HLA-C	5.856323	1.2161963	7.505463910499754e-07	9.822113344598996e-06	11
ESAM	5.8063207	6.4804764	1.5257155568099547e-06	1.907343477113779e-05	11
FABP4	5.792611	7.1903596	1.5914678513257065e-06	1.9836277666783915e-05	11
ADAMTS4	5.7700977	4.5132217	1.6649248848113896e-06	2.0644453072628027e-05	11
SEC14L1	5.7346625	3.2577555	1.812382145016598e-06	2.2307930101285034e-05	11
JAK1	5.7097187	2.2336311	1.8093813031662042e-06	2.228735155692165e-05	11
FKBP1A	5.6020346	1.9519279	2.504215802561942e-06	3.0040737565711767e-05	11
SQSTM1	5.5874667	1.894743	2.5588327801894354e-06	3.060745574473453e-05	11
CFLAR	5.5869017	2.6924596	2.738257438092172e-06	3.260344079909462e-05	11
ATP1B3	5.557781	1.8580874	2.640948864189497e-06	3.1523155108106734e-05	11
MYL12B	5.535685	1.0690346	2.409079838690885e-06	2.8961629702340848e-05	11
STOM	5.5260363	2.3922284	3.2254780337725213e-06	3.7933295487645214e-05	11
EMCN	5.4949207	8.299021	3.902730033781833e-06	4.520078317095182e-05	11
DDX21	5.4704914	2.1317236	3.752195832095308e-06	4.357770097102103e-05	11
CDKN1A	5.4703727	2.4489396	3.7991586563871524e-06	4.410785063824212e-05	11
ATP1A1	5.443141	1.9664705	4.016879822510574e-06	4.641066694000246e-05	11
PECAM1	5.4249253	4.0225677	4.683672639782274e-06	5.334297589505509e-05	11
SOX7	5.418485	5.613062	4.871178916596359e-06	5.52160229947815e-05	11
MAP1LC3B	5.4105983	1.8671048	4.374618968971035e-06	5.0130305316856124e-05	11
CXCL8	5.4085355	4.265929	4.839209045272293e-06	5.487218072598985e-05	11
SPAG9	5.4029036	2.9152293	4.886149088656604e-06	5.5367002223861876e-05	11
NOP10	5.3984866	1.3745694	4.143367112656561e-06	4.7756933445228077e-05	11
CAVIN1	5.3899355	2.7898624	4.934709702829912e-06	5.589837829875653e-05	11
PFDN2	5.379089	1.5254031	4.500402062204542e-06	5.1500506846947304e-05	11
IL6	5.355546	5.3692174	5.83689739681811e-06	6.538923700289786e-05	11
SOD2	5.2743406	2.4357684	6.711185559132983e-06	7.438859049533357e-05	11
FAM241A	5.242735	3.5442955	8.110820145372267e-06	8.896174574752492e-05	11
ETS1	5.2111363	2.9223874	8.491572879917399e-06	9.28646383975577e-05	11
PLPP3	5.2084007	3.1711528	8.699532201801047e-06	9.495314337149656e-05	11
RDX	5.154542	2.9698484	1.0433627951177417e-05	0.00011207064260555684	11
TUBB4B	5.138391	1.6851546	9.817666922955017e-06	0.00010615550169659387	11
MSN	5.1137986	2.023985	1.0893671076734191e-05	0.00011639803820765372	11
RPS17	5.0946336	1.3299164	1.0191323439880889e-05	0.00010966544096793227	11
HLA-DRB1	5.0841336	2.0383852	1.0805099603720668e-05	0.00011552880006643129	11
SPHK1	5.0814886	2.7864091	1.2588534273699203e-05	0.00013231965781076307	11
VWF	5.056097	7.89955	1.450235117728602e-05	0.00015082894909685283	11
SBDS	5.0539813	1.9611427	1.3241931725053062e-05	0.00013866613549485006	11
CD74	5.022073	1.7296114	1.1868410176090022e-05	0.00012577514872550883	11
PTPRE	4.9480586	2.9577043	1.918883034632464e-05	0.0001945624421541943	11
ZNF385D	4.94391	3.6845837	1.9607314735472002e-05	0.00019832597814911532	11
STC1	4.9290595	4.066789	2.0842444738454148e-05	0.00020961812263043197	11
FERMT2	4.9254236	2.7354782	2.0288578904904055e-05	0.00020466142106748478	11
ZEB1	4.9230466	3.8192446	2.1027421731151527e-05	0.000211225142942364	11
KLF6	4.9183936	1.6966492	1.8916581305558458e-05	0.00019197611303169022	11
PLIN2	4.917272	2.5444424	2.048524292414452e-05	0.00020639697594434706	11
IL32	4.915812	2.0859563	1.915075734282166e-05	0.0001942351230830303	11
PPP1R15A	4.888985	1.704684	2.098784268875084e-05	0.0002108907224755518	11
WTAP	4.8840694	2.1883895	2.2666742944156922e-05	0.00022566495253486713	11
CLIC4	4.868373	2.247354	2.377198355433177e-05	0.0002356890630788773	11
DUSP6	4.833159	2.6930459	2.6759806915063595e-05	0.00026244172039127135	11
PHLDA1	4.828732	2.7445698	2.7286504764750383e-05	0.0002672165419896329	11
RHOB	4.82804	1.7996271	2.5534673944917346e-05	0.00025130824494908234	11
CXCL2	4.815023	3.6267426	2.8539996449228467e-05	0.00027875947026894933	11
ETS2	4.8146405	3.0924158	2.888525415710711e-05	0.00028180346413133494	11
RHOC	4.812446	1.5726889	2.6700163449162325e-05	0.00026200101219290027	11
EGFL7	4.812135	4.573029	2.977032944235375e-05	0.0002893441378806106	11
RAI14	4.7834435	3.6881995	3.2114800734646854e-05	0.000310242664585481	11
SH3BGRL3	4.77506	1.1094162	2.5253605734569895e-05	0.00024890719657455447	11
ARPC1B	4.7725096	1.5952535	2.9859127396683978e-05	0.00028987119884578216	11
A2M	4.7669353	3.5181165	3.346072689494068e-05	0.00032240914702189174	11
ANXA5	4.7424383	1.5454794	3.2201858632732506e-05	0.0003109941089549326	11
RCAN1	4.7388296	2.6910245	3.563902740242798e-05	0.0003411440120162206	11
HNRNPD	4.7272477	1.3728596	3.359497196582077e-05	0.00032351678286121003	11
FOSL1	4.714072	4.1714706	3.957064439916495e-05	0.00037535039134400217	11
CLEC14A	4.7105126	9.260415	4.061806809916356e-05	0.00038452458992775754	11
CDC42EP2	4.7069864	4.161228	4.0457461093095274e-05	0.00038311228190951685	11
COL4A2	4.694566	4.196091	4.196917496165623e-05	0.00039653185841941177	11
ELK3	4.68612	3.0898786	4.230305206641671e-05	0.0003993489077848811	11
CSF3	4.680062	6.791695	4.4385573034882975e-05	0.0004163133403699692	11
IFITM3	4.677968	1.5191811	3.815130964518314e-05	0.00036270778821119264	11
ANKRD11	4.62794	1.8107582	4.78388840115786e-05	0.00044571222462009934	11
SRSF3	4.6231933	1.2383356	4.6278821155916545e-05	0.00043261926989704484	11
SOX17	4.5997653	7.7250466	5.633047313586321e-05	0.0005167889495213315	11
SELE	4.5968294	8.577756	5.686231072178248e-05	0.0005206712432212138	11
CDC37	4.5910845	1.590983	5.268713055539007e-05	0.00048543939527294263	11
PRSS23	4.5676994	2.3504891	5.807961401122448e-05	0.0005308033606404579	11
EDNRB	4.566148	5.039011	6.17515662862842e-05	0.0005613033292163301	11
COL4A1	4.5557103	4.3105254	6.337410385764648e-05	0.0005743395886218105	11
FOSL2	4.546575	2.024769	6.130396213769103e-05	0.0005575369289751342	11
SGK1	4.53099	2.1477232	6.328952045688704e-05	0.0005738831591361039	11
EPAS1	4.524594	3.290942	6.874073205616883e-05	0.0006182979066494928	11
NEDD9	4.5207705	3.0802715	6.94286780984488e-05	0.0006238165797214228	11
APP	4.5207057	1.2185122	6.0836998838820646e-05	0.0005535902816204241	11
RAMP2	4.516329	3.8700128	7.12576866780604e-05	0.0006385396924576072	11
FXYD5	4.509953	1.504537	6.523955427309077e-05	0.0005893347400683376	11
PDLIM1	4.461414	1.9708291	7.989582605396134e-05	0.000709313367304372	11
ERG	4.4351087	6.5000377	9.133259523587188e-05	0.0008029846859256562	11
CCL2	4.430526	3.2003167	8.913437421723827e-05	0.0007857177518056212	11
ITGA5	4.417517	3.2124918	9.393697264495189e-05	0.0008235075795829408	11
CYP1B1	4.4067683	3.3998113	9.715212067296379e-05	0.0008496947273772826	11
CXCL3	4.4027686	3.6404827	9.788782772553658e-05	0.000855014486912037	11
ABL2	4.382104	2.1106548	0.00010091715837169968	0.0008782725503230874	11
LRRC32	4.367034	4.303253	0.00011046058194709599	0.0009512088264666358	11
TXNRD1	4.356478	2.8647892	0.00011239922218636198	0.0009661666610335128	11
SLC3A2	4.3556056	1.8209242	0.00010895252101510782	0.0009401534621476025	11
CLDN5	4.333796	7.238864	0.00012301501904059375	0.001051222102838358	11
NCL	4.329155	1.2693007	0.00011369476063028306	0.0009760522053494559	11
PTPRB	4.3205523	7.1217585	0.00012787674281629954	0.0010883313450397115	11
MAP4K4	4.2984214	2.5994217	0.00013258951787622748	0.0011221763863453308	11
PA2G4	4.2943735	1.3616002	0.0001261793285585865	0.0010755224546845107	11
CTTNBP2NL	4.293025	3.106978	0.00013580035295871113	0.0011473248459919724	11
UBE2D3	4.28925	1.1971614	0.00012714397710791422	0.0010829192829295456	11
CDC42	4.2757945	1.1132258	0.0001285757333721689	0.001093170766295543	11
PPP2CB	4.2654157	2.079877	0.00014365630687772043	0.0012079158157396893	11
APOLD1	4.254682	3.8729687	0.00015325824412122636	0.0012815843345973705	11
GABARAPL2	4.2386713	1.3565441	0.00015030217397211755	0.0012593767717209079	11
MGLL	4.2328115	2.5365334	0.00016001991067798882	0.0013334727513168753	11
ACKR1	4.1994243	8.448981	0.00018213411049549185	0.001502080206572238	11
SNRPB	4.1964893	1.2362307	0.00016790901324842	0.0013943640042993948	11
EIF2S1	4.173145	1.9505831	0.00018740416752953396	0.0015428873792607016	11
GSTO1	4.1689796	1.8360199	0.00018904796608047752	0.0015545128291996316	11
ADCY4	4.1665354	5.430224	0.00019976585914764842	0.0016358268265799013	11
COL15A1	4.158827	3.8541062	0.00020179033791518203	0.0016507926156129561	11
TUBA1C	4.1460524	1.7583128	0.00020077356705498872	0.0016428753873118753	11
TMEM173	4.1449656	2.9350104	0.0002084178375500938	0.001698795307233948	11
TXN	4.142043	1.5916808	0.00020557316216577142	0.0016788725181889797	11
EIF4G2	4.134785	1.1385458	0.00019794483193296889	0.001622103007051969	11
RHEB	4.1307425	1.1013105	0.00019582831737845882	0.0016056535032796743	11
DNAJA1	4.1215835	1.5119427	0.00021487844934360423	0.0017469376857211535	11
NDRG1	4.1177945	1.941817	0.0002167758189233451	0.0017609294605250465	11
SOX18	4.0972824	7.1393104	0.0002444576056993404	0.001963916779104569	11
MYCT1	4.093629	6.9559855	0.00024710696099939543	0.0019842505575486525	11
ARHGAP29	4.087435	2.3196545	0.0002436604781486164	0.001957981815424711	11
CDC42EP3	4.07715	2.6823504	0.00025288812232610204	0.00202437243697847	11
RAB5C	4.0670466	1.3099606	0.0002475405542650961	0.0019863056771783705	11
RBM8A	4.060061	1.1133063	0.00024750359396178204	0.0019863056771783705	11
TMEM204	4.0550675	3.9328225	0.0002737667385589954	0.0021764423270934498	11
G3BP1	4.0377674	1.8148648	0.0002789969089392783	0.0022145364485736986	11
COPS8	4.036625	2.0404606	0.00028150122901595347	0.0022321117547101877	11
MCMBP	4.0336256	2.6902597	0.0002868952075219223	0.0022705880499039157	11
PICALM	4.026912	2.3935308	0.00029226560909016946	0.002306017594564426	11
IL3RA	4.0245852	5.453465	0.0003009085710416999	0.002370865487740112	11
TPM4	3.9678993	1.2922561	0.0003279919552223384	0.002568568332970453	11
SNX9	3.9673133	2.2798207	0.00034608790401501565	0.0026976840317377735	11
IGFBP3	3.945346	3.0690653	0.00037103303797123564	0.0028714395769712077	11
TFPI2	3.9441593	4.501695	0.00037630036713317	0.00290549968094237	11
CYP1A1	3.939689	7.897278	0.00038463929059496805	0.0029596665395379266	11
POMP	3.9264972	1.2139815	0.00037742226877456384	0.0029134914423400798	11
AQP1	3.9189737	5.743369	0.0004075288137613017	0.003119334537281566	11
ECE1	3.8939538	2.3664746	0.0004282740483415581	0.0032647136035054997	11
GCLM	3.8880014	2.5339074	0.0004364615816654714	0.0033225959851660406	11
CLEC2B	3.8834794	2.1179082	0.0004329756141166526	0.0032983045816685546	11
MCAM	3.8761122	4.291963	0.0004581215533626984	0.003471725038711764	11
CAV2	3.8754718	2.7221146	0.0004518884755379568	0.0034279653221776936	11
ATP13A3	3.85982	2.0918171	0.0004683974005270591	0.0035439921522847037	11
RGCC	3.8596363	3.0261035	0.00047600426793241777	0.0035894017874822898	11
KDR	3.8585095	6.4192085	0.00048397450394536084	0.0036413164730442686	11
PARVB	3.8580043	2.923714	0.00047856344892431975	0.0036054574663905233	11
JAG1	3.8391104	3.3845892	0.0005065010161478415	0.0037971726827480453	11
PALMD	3.8340857	3.9699335	0.0005164963790234015	0.003866920769826765	11
TMEM70	3.8153055	1.9698755	0.0005321067357278142	0.0039643251939241704	11
HSD17B11	3.8121786	2.75315	0.0005417278579375113	0.004027952578825552	11
ARPC5L	3.8090694	1.5494304	0.0005357800662215128	0.003988148957198349	11
CDH5	3.8057365	6.916467	0.0005624237911015927	0.004167975337458799	11
TINAGL1	3.8006463	3.25939	0.0005639518134960106	0.00417745313084578	11
MORF4L1	3.7955015	1.0486013	0.0005408217010577197	0.004023362052969176	11
LUZP1	3.775917	2.3775234	0.0005995577348754685	0.0044148772745242785	11
MT1A	3.774687	3.8716028	0.0006081380604403327	0.004472168095862573	11
ARID5A	3.7739394	2.4526224	0.0006030696248527338	0.004437814455284235	11
RPGR	3.7725196	3.3799748	0.0006122770537924798	0.0044986603858167724	11
EFNB1	3.7619064	3.679591	0.0006321483364842584	0.004631473865010597	11
CXCL1	3.7553732	2.5953207	0.0006214922959293975	0.00455838029690967	11
FAM96B	3.7360637	1.3473008	0.0006504220520611807	0.004750828843245658	11
ITGB1	3.7268322	1.1465341	0.0006503348950751087	0.004750828843245658	11
FLT1	3.7180803	4.8686805	0.000718097016482957	0.00519200086869042	11
CCL14	3.7051713	7.8159738	0.0007468433596429851	0.005377817330567918	11
DAB2	3.6891377	1.9002912	0.000747150216436214	0.0053788721634443135	11
ARL4A	3.6813645	2.2066553	0.0007809747722903571	0.005599011910028318	11
GIMAP6	3.6596537	3.9453259	0.0008426641964375972	0.006004631360253547	11
KCTD12	3.6544788	2.5484886	0.0008431207599119635	0.00600660862536261	11
THBD	3.6506267	3.410721	0.0008620559800309924	0.006124596404621799	11
GJA1	3.646875	2.2299242	0.0008523551872577209	0.006060810967948106	11
GIMAP7	3.6426156	3.3026485	0.0008790769331101887	0.006230739628262647	11
YWHAE	3.6293104	1.0830486	0.0008733401281779821	0.006194269663611271	11
RBP7	3.6279988	3.1539917	0.0009195378934178939	0.006476736766721877	11
UFD1	3.6279383	1.5653719	0.0008916978516783115	0.006305805954700031	11
RASIP1	3.6132236	4.0839686	0.0009611661294324511	0.006744450449224654	11
FILIP1	3.6010134	4.8514833	0.0009954222837853907	0.006958620012598123	11
AKAP13	3.596691	1.5467492	0.0009717924586413436	0.006811889415943429	11
KLF9	3.5925057	2.302642	0.0010044322037870324	0.007012835251294931	11
NSRP1	3.5920107	1.7013873	0.0009952288169341992	0.006958620012598123	11
GPX3	3.589392	3.424908	0.0010198125986847204	0.007107027577084328	11
CHMP4B	3.585783	1.2929851	0.0009978435470611574	0.0069726396691621425	11
ASAP1	3.5811126	2.1003642	0.0010313958351983903	0.007186133715909681	11
PLXNA2	3.5779135	3.9796035	0.0010590244046473037	0.007349624985780099	11
MYO10	3.577133	2.191998	0.0010447700447276333	0.007259712465342769	11
CD55	3.5636127	1.8908292	0.0010792103789480077	0.007472707539284708	11
MEF2A	3.5213242	2.0374105	0.0012184260211270345	0.00830634698671176	11
TLNRD1	3.5140073	2.4151165	0.0012515074443457128	0.008509388037867332	11
EIF5A	3.506017	1.1823136	0.001233214934666998	0.008395222675799832	11
CLIC2	3.5050976	4.368247	0.0012975993076905848	0.008806713553065542	11
RAB7A	3.4991133	1.1348882	0.001263232152629787	0.008585627078288893	11
SPTBN1	3.4878712	1.929498	0.0013355180263365564	0.009040284585540754	11
RELB	3.4866483	2.3622282	0.0013461467659012468	0.009097543557343083	11
RGS3	3.4752042	2.6206274	0.0013919389511942068	0.009371140979928722	11
SRSF7	3.4745972	1.1352128	0.0013525374139241493	0.00913705083593754	11
MAP1B	3.4743483	2.453688	0.0013885349761248575	0.009350100709537009	11
RAMP3	3.4729216	4.326464	0.0014179317734341296	0.009525105069648336	11
LAMA4	3.4699726	3.1095407	0.0014196217291389756	0.009534547940939202	11
GRPEL1	3.467183	1.7731503	0.0014061984474905008	0.0094576503162781	11
HIF1A	3.4643946	1.7331307	0.001413509754444653	0.009499204703231439	11
PLPP1	3.453538	2.7502258	0.0014831017588875484	0.009925122923951967	11
SHE	3.4522076	6.6112514	0.0015049274801066904	0.0100511295520228	11
SLC9A3R2	3.4480639	2.75285	0.0015078686120431712	0.01006676375727309	11
RAPH1	3.446066	2.7271361	0.0015125649953914779	0.010094099186316268	11
SPRY2	3.4445074	3.216692	0.001523131600518737	0.010152495431836042	11
TM4SF18	3.4403498	3.0243068	0.0015372460899628878	0.01023640482498416	11
PEA15	3.4397779	1.6799674	0.0015157421937697314	0.010111278623951982	11
IL1RL1	3.4269342	4.827131	0.0016072552281540067	0.010649971676107595	11
TACC1	3.4238741	1.9791808	0.0015892900559990404	0.010553628542519069	11
LAMC1	3.4215207	2.671535	0.0016158952437944681	0.010698527906062032	11
CDH13	3.4181943	4.499067	0.001646856472282888	0.010884179889032581	11
ZBTB16	3.412759	3.2130582	0.001662391189999387	0.010978197067093807	11
SWAP70	3.4043949	2.3321688	0.0016923813098345362	0.01114115044419238	11
PXN	3.3978853	2.4445903	0.0017237676722290955	0.011332201390481397	11
MCTP1	3.3971982	4.4983125	0.0017447440203471167	0.01144542522715874	11
ADRM1	3.3884456	1.35254	0.0017368924036337606	0.011400608240759289	11
ENO1	3.38218	1.0623162	0.0017328550970007153	0.011380789662913842	11
FSTL1	3.3811808	2.0359263	0.0017707030882500665	0.01159756928002255	11
SNAI1	3.3729587	3.707678	0.0018592621138793521	0.0121231552413739	11
SLC9B2	3.355674	4.6497054	0.00195330063892615	0.012669823386235159	11
SASH1	3.3538253	2.7508788	0.001949830858099902	0.012652210642586344	11
F2RL3	3.3375115	6.1051307	0.0020554752851559125	0.013255950724930153	11
EIF5	3.328626	1.2483482	0.002043353307300928	0.013185092974255566	11
MECOM	3.3284311	6.6430507	0.0021075780635067065	0.013562984617820116	11
SDCBP	3.3282855	1.344919	0.002039414982385925	0.013168106306266488	11
TIE1	3.3275032	7.1628227	0.002112314961712791	0.013584987520205778	11
MAGI1	3.316105	2.659591	0.0021574944767379705	0.013833783644478737	11
MAFF	3.3106995	1.6276643	0.002150977939497597	0.013805195382450994	11
ADGRF5	3.3049285	6.097964	0.002243896111232425	0.014341181300847328	11
DDX39A	3.2970505	1.6473167	0.002237174706831265	0.014303674579075002	11
GNB4	3.2941096	2.1002135	0.0022713559123238645	0.014505626171983005	11
METAP2	3.2891276	1.1702015	0.0022586850148884757	0.014432949911292507	11
NRP1	3.280779	2.3230004	0.002355027627526547	0.014965892697019312	11
NOP16	3.2792969	2.112084	0.002370121863235093	0.015044711849880443	11
LCN6	3.2749972	10.669864	0.002434225539215198	0.015402067310095635	11
UBE2N	3.2619638	1.2566886	0.0024460735837161817	0.015462448939205512	11
H2AFZ	3.257351	1.0432384	0.002435100357264038	0.015404696545264636	11
GNG12	3.2412963	2.0593417	0.0026289024018535385	0.01642317292988816	11
EIF5B	3.239171	1.0079271	0.0025798835921842607	0.016171159702009396	11
HSPG2	3.23741	3.27343	0.0026760224300883826	0.016667982890123837	11
CYB5R3	3.2262466	1.3622978	0.0026941886263627153	0.016774787584338563	11
C11orf96	3.226155	3.3460555	0.0027512017328021558	0.01708536517680376	11
CEBPG	3.2251146	1.7462931	0.0027262516301809364	0.016952392645142526	11
HIVEP2	3.2224443	3.023435	0.00277989637723519	0.01723803002197181	11
TMEM255B	3.214728	3.8194413	0.002845138728852407	0.0176067893181621	11
SAP30BP	3.2128365	1.5216287	0.0028009295489569044	0.017352415589501943	11
FNIP2	3.2118435	2.3197603	0.0028466880669404124	0.017611411512478248	11
RGS5	3.2096949	5.288233	0.002893840752529895	0.01786861426373439	11
RPIA	3.2062802	1.7717791	0.0028650243077404753	0.017704248615426993	11
HLX	3.2021503	5.047306	0.0029527768537101766	0.018187977424143565	11
CCDC50	3.1986575	1.6967838	0.0029207779992044543	0.018018358446076254	11
ITM2A	3.1967971	2.3792222	0.002953153604599918	0.018187977424143565	11
PITPNC1	3.1935182	2.7608018	0.0030007631653299147	0.01844732355724536	11
IFI16	3.1902483	1.4289742	0.0029397833619230576	0.018122270491134216	11
PLS3	3.1897488	2.1781259	0.0030114419922266694	0.018499409498401963	11
LRRC59	3.1874475	1.4292868	0.0029903235949494756	0.018396633106786568	11
EDN1	3.1873565	3.744361	0.0030656004125325996	0.018784181015183758	11
GSN	3.1764793	1.3338684	0.003060531002077646	0.01876316401767251	11
HYAL2	3.1731484	2.7599106	0.003174830874663397	0.019371839615623977	11
SLC35G2	3.1672273	4.024557	0.00323208749150901	0.01965327167380415	11
ANKRD40	3.1608515	2.3468184	0.0032607478073923583	0.019813177936186067	11
RAPGEF4	3.1594965	5.8059597	0.0033070155374981597	0.0200543496914167	11
PELO	3.1584299	2.4554634	0.0032856373820693216	0.01993912853844529	11
ADAMTS1	3.154945	3.129512	0.0033247539463398625	0.020158274062578693	11
DPH3	3.1436434	1.9471884	0.0034015974800076093	0.020568411948248645	11
ASRGL1	3.142583	2.79846	0.00343509356102128	0.020741039267365393	11
RNASE1	3.1407514	2.025092	0.0033704276211747276	0.020405688238595947	11
SOCS2	3.124558	2.8559482	0.003604246705756142	0.021653239970941568	11
MTUS1	3.123514	2.1839957	0.0036015591988369294	0.021640970456501155	11
BAG3	3.1226795	1.6645961	0.003567213176322152	0.02146150621471234	11
EBNA1BP2	3.1188638	1.2378471	0.0035806142346016027	0.021526686152137008	11
SZRD1	3.116251	1.5103197	0.0036259691912485783	0.021768146168546366	11
IVNS1ABP	3.104933	1.7459278	0.0037617173435465063	0.022450491355852913	11
SOCS3	3.097791	1.723666	0.0038276611651926144	0.022795380529425688	11
TSHZ2	3.0946908	2.5339541	0.003886797638612054	0.023114730424944486	11
INSIG1	3.0913808	1.6307142	0.003888347843449563	0.02311985020690335	11
RHOJ	3.0798407	5.1127515	0.004077717338858258	0.02407506167256491	11
G0S2	3.0775208	3.3071744	0.004085073228714298	0.02410157276416997	11
LIMS2	3.0768187	4.0370784	0.004102307157009154	0.024169240181493773	11
WARS	3.07575	2.4313128	0.004087265929917673	0.02410602893535584	11
PLK2	3.07557	1.9006705	0.00406678160488076	0.024019003664255252	11
WWTR1	3.0692542	1.926418	0.004132938760798372	0.02431127656540481	11
CMSS1	3.0628576	1.5444039	0.004187450249063294	0.024580201050723123	11
ARHGDIA	3.056972	1.1650783	0.004213839326320263	0.024696205634126847	11
ARID5B	3.0566938	1.4653205	0.004235533380327416	0.024806011019654593	11
RASGRP3	3.055237	3.1002975	0.004318580145875406	0.025208753336722414	11
EHD4	3.0460427	1.874339	0.004394204594873847	0.025587850054976338	11
BCL6B	3.0433602	7.6146417	0.0044889463836346654	0.026089715933718647	11
IRAK2	3.033962	3.5830252	0.0045811095224620076	0.026602318991152736	11
GABARAPL1	3.026503	1.8437457	0.004618605534091851	0.02679222556537094	11
EIF4EBP1	3.02485	1.2199762	0.004594281929017795	0.026669576009204894	11
MAPRE1	3.0206788	1.2671044	0.0046427659014184885	0.026909108536284348	11
CTSL	3.0202296	1.5470946	0.00462864859147913	0.026831922296370814	11
ZNF267	3.0157754	2.446368	0.004772509719570247	0.027570314254959094	11
SLC7A1	3.0108166	2.5147378	0.004849222554496914	0.02794743676982239	11
XRN2	3.006476	1.3653337	0.004849410631775031	0.02794743676982239	11
MAGOH	3.0022213	1.1236789	0.004842943365164399	0.027924559637438392	11
ICAM2	3.0006683	3.2237837	0.0049930343223668515	0.028642271969643675	11
STIP1	2.9985638	1.536923	0.00495321314307687	0.028438158512828025	11
VCP	2.9945664	1.4484462	0.00501900762590253	0.028756838876050014	11
MEPCE	2.9877567	2.310177	0.005131946444874672	0.029318789934856305	11
SH2B3	2.984863	2.81231	0.005185737666389073	0.029585784498784812	11
CD36	2.9818227	3.886576	0.005250000098517275	0.029901554305377474	11
NAA20	2.9795504	1.0024271	0.005115385563390116	0.02924908748408931	11
LRRC8C	2.9768221	3.034676	0.005300248528321805	0.03013899124640322	11
CXorf36	2.975239	7.558418	0.005356204337946004	0.0303950912479352	11
GPR4	2.975223	7.0355163	0.005353761946341471	0.03039251940026911	11
PTPRM	2.9708602	3.7558956	0.005402383530094577	0.030592832345585377	11
AKIRIN2	2.9688954	1.4867487	0.0053359403791841085	0.0303085822207831	11
CTNNA1	2.9634793	1.1570387	0.005389915947445669	0.03053254024544421	11
CHST7	2.9566545	4.004634	0.005603062731070289	0.03155874509871177	11
WDR46	2.9499836	1.7046441	0.005634842629884798	0.0317111168874104	11
PODXL	2.9405866	3.2905297	0.00583428257325848	0.03261801532946115	11
SUGT1	2.9399679	1.4960394	0.005762852398664985	0.032285256773613207	11
AC027031.2	2.9381375	3.96606	0.005878789261336705	0.03283058118789451	11
PRMT1	2.936097	1.2179571	0.005795205125640575	0.03242859111096272	11
TIFA	2.9322448	2.0924292	0.005922068352863983	0.03305576545571823	11
AKR1C1	2.9312294	3.4716942	0.005956221022564411	0.033223815250041804	11
HEY1	2.923688	3.1684804	0.006083174564374096	0.033825556708168364	11
SH3GLB1	2.9213724	1.2832326	0.0060353554739992965	0.033604226087883535	11
CD40	2.9153903	2.661929	0.0061931069506664825	0.03433438020368669	11
UFM1	2.913668	1.1465288	0.006126311066062672	0.034025931357312154	11
GYPC	2.9053068	1.8122039	0.006321328784876218	0.03496432862360376	11
RBMS1	2.8999264	1.3164133	0.006355493833762442	0.035130128325350375	11
HLA-DRA	2.8998804	1.0127594	0.006031217964696272	0.0335923417060574	11
RRAGC	2.899464	1.6580452	0.006412149916533472	0.03540828454897089	11
PCDH1	2.8920848	2.68581	0.006587014680577389	0.03624857414294441	11
AAED1	2.885457	2.3168886	0.00668656677040584	0.0367120864374173	11
TNIP2	2.8835115	1.5743083	0.006641941858795667	0.0365029283771695	11
HOTAIRM1	2.8831322	2.4945962	0.006725174369354184	0.03687576810896006	11
PDK4	2.879124	2.475691	0.006781291243530375	0.037143614787957684	11
ACVRL1	2.875927	4.057262	0.006892916385957434	0.03765395903931568	11
STX4	2.8752635	1.6355022	0.006815764322239217	0.03730540978006292	11
UBQLN1	2.8712096	1.3890417	0.006864232386441291	0.037525098015493474	11
TXNL1	2.8668969	1.2640469	0.0069554351015325205	0.03796456448177417	11
FEZ2	2.8638148	1.673577	0.007041974313200189	0.038368235938766655	11
MEF2C	2.8637803	2.1438015	0.007038679870379509	0.03835651690209572	11
RBM22	2.8637638	1.7399727	0.007028129050340618	0.038311470254749666	11
ITPRIP	2.8632665	2.5159354	0.0070671368452923594	0.03848657849130557	11
WAC	2.860907	1.1706951	0.007020916599210234	0.038284598220469916	11
ACKR3	2.8580937	4.3320155	0.007213526876391052	0.039220117516782664	11
RBM17	2.8571754	1.1242598	0.007083761030287003	0.03854581906503186	11
AL049629.2	2.8569636	5.15625	0.00724125365275742	0.03935810869666774	11
CYYR1	2.8563368	4.235569	0.007244046906122148	0.03936691141902835	11
PSMC1	2.8458545	1.2618551	0.007322624926979566	0.03972956368098053	11
YES1	2.8446643	2.0063045	0.007409014282065615	0.04014135606928249	11
PPFIBP1	2.8425522	2.0457575	0.00744438363157375	0.04029241106771263	11
DNAJC8	2.8401818	1.0324936	0.007381154412721748	0.04001475677341202	11
CHIC2	2.8401763	1.8130815	0.007485484195147262	0.040495262159586175	11
SH3BP5	2.8306978	1.8027089	0.0076591257769737554	0.041347937821580034	11
GNL1	2.826337	1.6343538	0.007726725330761014	0.041679333277429266	11
RABGGTB	2.8244166	1.2583319	0.007704995325721294	0.041575490382885764	11
DNAJB9	2.8155148	1.3932717	0.007907988015057566	0.04252714863124031	11
CYSTM1	2.8146994	1.1648194	0.007904591646225	0.04252251939150485	11
LINC00987	2.8090503	5.1915016	0.008165413767049918	0.043785154781873906	11
LDB2	2.8027778	4.932041	0.008298077502540854	0.044397163425222964	11
PROCR	2.7983165	3.166161	0.008364796482458752	0.04470421268612955	11
UTP11	2.7878668	1.6024303	0.008491259650623773	0.045307880996113895	11
GPATCH4	2.7869828	1.456008	0.00851122368888994	0.04537831088047329	11
BCL7B	2.7860022	1.6176862	0.008546497823224596	0.04553742390608041	11
COX7A1	2.7838519	2.4032018	0.008651540516970667	0.04598753097935232	11
SYNPO	2.7815535	4.1891193	0.0087487985049603	0.046416237053918605	11
IMP4	2.7788815	1.3720758	0.008688833982016333	0.0461418905305272	11
A4GALT	2.7765605	2.0842009	0.00877932886642649	0.04651199960650938	11
CMIP	2.7708688	1.8873357	0.008912481734365311	0.04711324662763545	11
GIMAP4	2.7585752	1.9306028	0.009157467577518714	0.04823345163592261	11
SH2D3C	2.7567418	3.3951035	0.009278897262510933	0.048811714724259596	11
TSC22D1	2.7554834	1.0996633	0.009146106962917244	0.04818118009159844	11
RBPMS	2.751289	1.4981235	0.009297709997296486	0.04888818221638092	11
MEDAG	2.7491932	3.2972033	0.0094445633282102	0.049558838953613626	11
KEAP1	2.7489219	1.60289	0.009383448423432363	0.04928441020519024	11
ESM1	2.747218	7.484677	0.009542525599378187	0.04999466590577066	11
TNIP1	2.7466118	1.6872503	0.00946201726398586	0.04961937477350684	11
TYROBP	38.264782	7.883925	7.217922655584622e-61	1.1004379263225626e-57	2
HLA-DRA	32.12154	6.3046145	1.2582523550102269e-57	1.5072515085499295e-54	2
AIF1	31.670248	7.889435	2.4193176788672493e-52	2.0286583566721605e-49	2
FCER1G	30.377567	7.8409634	5.86491893658e-51	4.574773163996042e-48	2
FTL	26.154427	3.8744988	1.6939901875659226e-49	1.1837109350239294e-46	2
CD74	25.87484	5.1545143	2.2262887641396734e-50	1.6593766986224176e-47	2
SRGN	25.285458	5.1927958	1.0741772507952946e-47	6.92864984017788e-45	2
HLA-DPA1	25.17663	5.9301653	1.4663682372862353e-45	8.336179160477562e-43	2
HLA-DPB1	24.59903	5.8397617	1.7915559408479136e-44	9.104633001815133e-42	2
LAPTM5	23.07533	5.277412	1.6283824029153913e-42	7.380753267052045e-40	2
B2M	22.992807	2.1748738	7.021998487125747e-65	1.4720303203542792e-61	2
CTSS	21.641266	5.6996965	6.187789522029812e-39	2.2559200908521946e-36	2
NPC2	21.503029	3.2860963	3.602131049229251e-42	1.5897247042394515e-39	2
VIM	21.460897	3.5480835	7.465309238982138e-48	4.909685042837252e-45	2
HLA-DRB1	21.159819	5.2776265	3.644549774283203e-39	1.3582427108803656e-36	2
CYBA	21.06212	3.371678	7.18501228805318e-42	3.089647399405022e-39	2
CTSB	20.851707	4.366498	8.760594379130029e-39	3.1259478305361736e-36	2
ITGB2	20.39728	5.0823116	2.05313231631368e-37	6.435898226306275e-35	2
PSAP	19.721495	3.464374	1.5379277376862192e-37	4.912727071403188e-35	2
GRN	19.434446	3.8581111	2.2748492665596894e-36	6.752276039794561e-34	2
LYZ	19.036255	8.480625	5.811905139747669e-34	1.5720734700990045e-31	2
HLA-B	18.847193	2.1549659	1.1214857141660446e-46	6.717098631936304e-44	2
HLA-A	18.562695	2.2361414	8.143082796040645e-44	4.016575589147048e-41	2
CD68	18.480476	6.422171	3.6564009651069814e-33	9.22100336621453e-31	2
CST3	18.020388	2.5997193	2.766168387301968e-38	9.467352436581154e-36	2
CTSZ	17.56843	4.124081	2.2946366328683183e-32	5.3821263848277105e-30	2
HLA-DQB1	16.971144	5.1787066	8.597058729672415e-31	1.8022121678246406e-28	2
S100A4	16.718454	3.5610802	1.501480107792978e-32	3.5972245925345905e-30	2
SAT1	16.417814	2.0832832	4.998465617925719e-36	1.457856828616057e-33	2
CD14	15.869921	7.2798142	2.7238382270379563e-28	4.8084346301621105e-26	2
CTSD	15.802224	4.0107574	5.968662964242266e-29	1.0705610934954537e-26	2
C1QA	15.658143	7.9486446	7.028102220046496e-28	1.1938413728467392e-25	2
HLA-DMA	15.42456	4.2113614	4.542207887990168e-28	7.853102823251454e-26	2
TMSB4X	15.273946	1.938899	1.0388183131527994e-32	2.5432850395224852e-30	2
FCGR3A	14.655344	7.966288	5.917105339483343e-26	8.481437187675677e-24	2
GNAI2	14.592555	2.9977372	5.118437845604882e-27	8.175120179973016e-25	2
ACTB	14.546219	1.641261	2.0905586215245208e-29	3.917286409192958e-27	2
HLA-DQA1	14.189241	5.895684	3.413466129031163e-25	4.5796426973533694e-23	2
MARCKS	14.168552	3.1698465	4.0966737351638253e-26	6.026602357505696e-24	2
FCGR2A	13.985536	6.8755484	1.196670841920684e-24	1.5089299514609647e-22	2
SH3BGRL3	13.792077	2.170615	9.773222560764406e-27	1.517609527363884e-24	2
C1QB	13.713472	7.7415757	4.20824621117725e-24	4.952588988389338e-22	2
SGK1	13.546221	4.3498178	4.2597178227637236e-24	4.995636206060072e-22	2
MS4A6A	13.387787	7.2479353	1.8041464199395483e-23	2.0238419756251638e-21	2
TYMP	13.298937	2.588187	1.6834632737352313e-24	2.0683165444818093e-22	2
ITM2B	13.168901	2.0400362	6.532799943880459e-25	8.525939413139863e-23	2
CD83	13.13993	4.757548	3.562157883649805e-23	3.879166804399289e-21	2
FCGRT	13.110571	2.947299	1.0261379785201282e-23	1.1706698618212116e-21	2
RGS1	13.096941	4.6085663	2.782858209544928e-23	3.0603228592244734e-21	2
SDCBP	13.038629	2.4671683	4.3066484071745304e-24	5.019454121902362e-22	2
C1orf162	13.02649	6.715215	9.194947211237315e-23	9.667953743326358e-21	2
ARHGDIB	13.025648	2.5447237	2.853277563658522e-24	3.430171425185322e-22	2
SPI1	12.936116	6.0953493	1.3490288338762848e-22	1.383724040276589e-20	2
LCP1	12.690723	3.7754042	1.4450682647663265e-22	1.477714471601444e-20	2
HLA-C	12.488589	1.487244	1.233059363515288e-25	1.7232518379860945e-23	2
C1QC	12.424876	7.2933664	1.6543192543990973e-21	1.5413200586611145e-19	2
PLAUR	12.301553	3.824465	1.384338066734309e-21	1.2933727881987593e-19	2
HLA-DMB	12.2602415	5.0478325	2.790116535982353e-21	2.5158764751669857e-19	2
TNFSF13B	12.125839	4.938893	4.754986983033426e-21	4.175052837641994e-19	2
SAMHD1	12.01374	4.0437016	6.21350308470228e-21	5.38519656237724e-19	2
CYBB	11.929782	7.0026307	1.7168104773620172e-20	1.4113612799313583e-18	2
CTSH	11.882241	3.2290676	8.650612783729022e-21	7.382956828983591e-19	2
CAPG	11.715198	2.60295	8.372279348214118e-21	7.163638306593106e-19	2
ZEB2	11.690839	4.2978344	3.246913888592026e-20	2.6179023734919506e-18	2
HLA-E	11.683149	1.9834819	9.86802127470403e-22	9.349810778950503e-20	2
APOE	11.613269	5.1566377	5.664407919636575e-20	4.512824371319011e-18	2
S100A11	11.577102	1.4209287	3.926951966619214e-22	3.8177940844166684e-20	2
LST1	11.576632	6.8268147	9.358120609171591e-20	7.24897744462412e-18	2
ANXA5	11.508289	2.1758845	9.935685650921877e-21	8.394277894649136e-19	2
LGALS1	11.492343	2.3106685	4.076102026867968e-21	3.5883605796109844e-19	2
HLA-DRB5	11.478732	4.5161777	9.920803296012113e-20	7.667135100265951e-18	2
MS4A7	11.470796	4.1334977	8.740917135550763e-20	6.802299342076755e-18	2
APOC1	11.388919	6.0926805	2.1610617071331444e-19	1.6071878208193526e-17	2
CLEC7A	11.378421	5.3222876	2.182808110507981e-19	1.619769177755491e-17	2
EMP3	11.312033	2.8525417	6.092710028094344e-20	4.842549456215934e-18	2
LIMS1	11.204225	2.765982	1.7094372655651441e-19	1.2913566514486598e-17	2
TMSB10	11.177404	1.0490448	2.28850104665328e-21	2.091515357106203e-19	2
PTPRC	11.167818	3.3759067	1.6618617413665684e-19	1.2610973906600922e-17	2
TPP1	11.118401	3.3193796	4.2609163217242305e-19	3.080073154029147e-17	2
RNASE1	11.102491	6.1743827	8.710020496842315e-19	6.18946604840229e-17	2
KCTD12	11.069379	4.5367575	8.074369063922091e-19	5.749945069490676e-17	2
RNASET2	11.047269	2.8405597	4.373568262852722e-19	3.1547065183729705e-17	2
FYB1	10.973697	4.0083604	8.990934834740304e-19	6.308890068870807e-17	2
SPP1	10.941049	6.852426	1.9492383142966267e-18	1.328849640240308e-16	2
CTSL	10.84409	3.632819	1.508821427480212e-18	1.0391659034725624e-16	2
FPR3	10.815527	7.244261	3.754372757243186e-18	2.483736028613288e-16	2
MNDA	10.694622	6.9361787	6.544176420033468e-18	4.243395530581263e-16	2
COTL1	10.687035	2.9958365	2.056534456458648e-18	1.3963202875319742e-16	2
MSR1	10.625375	8.420572	9.665146015510078e-18	6.151397770516576e-16	2
LY96	10.586834	4.654399	9.373531247868719e-18	5.999954419556578e-16	2
PLEK	10.585472	5.2718525	9.449719553167352e-18	6.028661131330949e-16	2
LILRB4	10.545155	6.6262803	1.3428198442096163e-17	8.340651924932359e-16	2
ALOX5AP	10.528591	4.195544	9.454326809218803e-18	6.028661131330949e-16	2
NAMPT	10.491806	2.6229055	6.02142493394262e-18	3.914042901344368e-16	2
CD53	10.484105	4.1107855	1.2308917702166935e-17	7.702488967320544e-16	2
TGFBI	10.475083	4.006549	1.2852879831623579e-17	7.998115815073959e-16	2
BRI3	10.378823	2.5702188	9.916787813042106e-18	6.299601894644798e-16	2
GPNMB	10.353668	4.3404574	2.7005401222750112e-17	1.632050743085156e-15	2
CD86	10.334197	6.3916564	3.706655400397251e-17	2.220088014012932e-15	2
CCL3	10.330584	6.0212755	3.5652440148970375e-17	2.1392101879009223e-15	2
FGL2	10.285158	5.6770306	4.447556524808639e-17	2.6356094240036497e-15	2
RNASE6	10.274828	6.1748896	4.881262375693252e-17	2.8773712011094443e-15	2
TXNIP	10.271516	2.330374	1.0181516864963066e-17	6.455543613756639e-16	2
OLR1	10.218166	8.458047	6.957110932715174e-17	4.009423673439856e-15	2
LYN	10.196469	4.111054	5.71383430060443e-17	3.327217296468285e-15	2
LAP3	10.171796	2.7338767	3.827629315000679e-17	2.283652393684477e-15	2
GLUL	10.011053	2.4434466	7.141663958366044e-17	4.108722998757384e-15	2
CLEC2B	9.987427	3.1326113	9.140860918853677e-17	5.205324551430751e-15	2
DUSP1	9.96791	1.9942119	2.7266068723236975e-17	1.644840307636855e-15	2
FAM49B	9.903306	2.302345	1.1606794227348954e-16	6.531937670797169e-15	2
C15orf48	9.8460045	3.7567663	2.8435619080538487e-16	1.5408062998066905e-14	2
BCL2A1	9.818697	5.609376	4.484493937842889e-16	2.3951339358151008e-14	2
GPR183	9.712136	5.1918674	7.085736202012151e-16	3.719290734768225e-14	2
ATP6V1B2	9.650064	3.1696365	6.613833562821245e-16	3.498968320671725e-14	2
EFHD2	9.613446	3.13682	8.207311288397637e-16	4.287872709098834e-14	2
VAMP8	9.549048	1.5185467	2.4746991057313804e-16	1.3474656283333803e-14	2
CTSC	9.546978	3.098255	1.0477818485109707e-15	5.398410288925725e-14	2
CD4	9.545636	5.177962	1.6320361091378939e-15	8.182380139999118e-14	2
LGALS9	9.538456	3.950226	1.4221790035674122e-15	7.173128715587153e-14	2
HCST	9.534027	3.1979253	9.147396176576594e-16	4.7567878319155896e-14	2
SERPINA1	9.458799	3.4983492	1.7671514699888022e-15	8.781041104428802e-14	2
SLC16A3	9.433057	3.857293	2.430210351764178e-15	1.193436096757281e-13	2
MAFB	9.43232	2.5784178	1.1279287380424456e-15	5.793546371007911e-14	2
ADAP2	9.398098	7.022974	3.727594448591859e-15	1.7759551903440274e-13	2
C3AR1	9.373271	6.2447953	4.091686416363267e-15	1.9411492799326779e-13	2
SOD2	9.25238	2.5342624	2.6538631901932693e-15	1.299463142514926e-13	2
LAIR1	9.189976	5.464055	9.669181653994609e-15	4.3767074474579375e-13	2
ARPC3	9.140325	1.3760935	2.7335804054483795e-15	1.334600005518837e-13	2
PPT1	9.117958	2.49443	7.927271284160948e-15	3.6423096731786623e-13	2
ARPC1B	9.114923	1.8647289	4.270253447907379e-15	2.0173038154403015e-13	2
SNX10	9.050396	3.4977708	1.5471458919892713e-14	6.792253974242429e-13	2
MFSD1	9.014813	3.1179528	1.7372838619106722e-14	7.5872705745242e-13	2
TREM2	8.890632	7.8611307	4.494993404020344e-14	1.8798824658883584e-12	2
CSF1R	8.878649	6.5855026	4.6146899283182985e-14	1.9203637082596034e-12	2
AP1S2	8.860441	3.3888242	3.989731065213097e-14	1.6811503725918652e-12	2
HCLS1	8.811446	3.253862	4.2152485752568914e-14	1.7672956557836425e-12	2
EVI2B	8.789924	4.6846585	6.368986184739e-14	2.6083292505779097e-12	2
ACTR2	8.785045	1.8562429	2.7669107522460716e-14	1.185248448800581e-12	2
RNF130	8.782279	2.633459	4.7081741047792616e-14	1.95683850865429e-12	2
DAB2	8.768442	3.4198835	6.175732958133508e-14	2.5353764889688616e-12	2
SERPINB1	8.767039	2.4806602	4.4660914096040864e-14	1.8701269908805326e-12	2
MSN	8.697634	2.1042914	4.5661765131057364e-14	1.9049020699761134e-12	2
TMEM176B	8.672457	2.9252164	7.921540687406326e-14	3.2050228732966894e-12	2
LSP1	8.671192	2.8260088	6.683631652438683e-14	2.730519966558415e-12	2
CTSA	8.5936165	2.3891468	1.0148436569351504e-13	4.071635298715536e-12	2
QKI	8.566949	2.9717975	1.5467379944017557e-13	6.060647087643608e-12	2
CAP1	8.490597	1.629391	1.0771150157607857e-13	4.3060208276081654e-12	2
GRB2	8.419929	2.0841537	2.2052259181409483e-13	8.414730662157628e-12	2
TPM3	8.39178	1.277406	1.1777478034351122e-13	4.6748921982268755e-12	2
SLCO2B1	8.391722	7.8704624	5.071855853680678e-13	1.851333638739797e-11	2
RHOG	8.370752	2.4491198	3.366379454513092e-13	1.2615836121097613e-11	2
GMFG	8.346155	2.7535124	3.5010404912718895e-13	1.3076659144515641e-11	2
FABP5	8.338427	2.7261727	4.0468141983155976e-13	1.493225467829521e-11	2
NCF2	8.319605	5.7593417	6.854779270431323e-13	2.469561240703942e-11	2
CALM1	8.283718	1.3415912	2.2047424679766431e-13	8.414730662157628e-12	2
MARCH1	8.269656	6.1055675	8.883545803310087e-13	3.1563878155595725e-11	2
CD37	8.223255	2.922787	6.673334901378541e-13	2.4171741460814e-11	2
C5AR1	8.215745	7.3201485	1.1831740159028722e-12	4.15113385642241e-11	2
IFI16	8.206093	2.341244	6.316831174044814e-13	2.2905171287420227e-11	2
ABCA1	8.171151	4.1466217	1.3195998893697554e-12	4.596126675945064e-11	2
IL4I1	8.155365	6.060186	1.5530730748676684e-12	5.359220576557249e-11	2
RASSF4	8.141629	4.222326	1.5354329432846006e-12	5.3038060093417904e-11	2
MGAT1	8.125078	2.6383147	1.3228405510811406e-12	4.602634328196321e-11	2
ATP6V1F	8.106417	1.495088	8.625771734503877e-13	3.077840529223346e-11	2
IGSF6	8.098405	6.169833	2.046036027960733e-12	6.974196586771436e-11	2
CD163	8.085068	7.393303	2.2208382320349944e-12	7.536964720247777e-11	2
IL1B	8.076524	8.102984	2.324960754783189e-12	7.854909175688678e-11	2
DSE	8.031792	3.7539475	2.4962480279758215e-12	8.414739206667038e-11	2
GSTO1	7.9529138	1.9715927	2.2223720545973736e-12	7.536964720247777e-11	2
LGMN	7.9429264	3.130763	3.684352411076387e-12	1.222323088228616e-10	2
FCGR1A	7.9255977	7.6740437	4.800890396326367e-12	1.5709918515432457e-10	2
SAMSN1	7.9232836	3.5940046	3.7813995893135105e-12	1.2508079252974798e-10	2
HCK	7.9012647	6.0052524	5.286300764031306e-12	1.714775763311161e-10	2
FTH1	7.887098	1.0152699	1.1368826241992528e-12	3.9970838677428866e-11	2
CD81	7.883064	2.0547888	3.527685804273199e-12	1.171506035258687e-10	2
PLEKHO1	7.8623147	3.3108284	5.402904439429117e-12	1.7492163880588033e-10	2
CXCL16	7.8325763	2.6198602	5.413890228680648e-12	1.7510828559322818e-10	2
LY86	7.817444	6.465252	7.906459793327436e-12	2.504160225948966e-10	2
NR4A2	7.8132133	2.3315115	5.269150398456888e-12	1.7125249371573882e-10	2
PYCARD	7.8089595	1.7969618	4.3167357978505595e-12	1.4194866215265256e-10	2
PLIN2	7.808132	2.8373735	6.34889788944122e-12	2.035835412139082e-10	2
GLIPR1	7.7913675	2.694289	6.052172460346125e-12	1.942544655430329e-10	2
SLC7A7	7.789507	6.0493073	9.043303983569803e-12	2.8400885666003253e-10	2
PLXDC2	7.7844005	3.5016007	7.826655911295758e-12	2.4835748904519493e-10	2
RGS2	7.769658	3.399523	8.171522711452011e-12	2.580800784037777e-10	2
CMTM6	7.7564626	1.7569895	5.689842967962047e-12	1.8350290671962984e-10	2
EPSTI1	7.7315807	3.4144058	9.907459369425852e-12	3.0998702864730646e-10	2
RGS10	7.729259	1.9296236	7.228729334811288e-12	2.3025528073970128e-10	2
SIRPA	7.7268977	4.598523	1.1659547265447422e-11	3.6345062716577325e-10	2
CD63	7.7129383	1.1552624	3.69314370453074e-12	1.2240289821508453e-10	2
IL18	7.6949015	5.753853	1.4198994818035072e-11	4.381310811331319e-10	2
ARHGAP18	7.675375	3.6265585	1.392754313531852e-11	4.3120603205203306e-10	2
VSIG4	7.6163673	8.907208	2.125047110774679e-11	6.403971710915859e-10	2
CPVL	7.6106052	5.590263	2.0845961500582205e-11	6.29337889010826e-10	2
ARPC2	7.610548	1.3139578	8.928322046677152e-12	2.8092387407842246e-10	2
KLF6	7.5972533	1.7429386	1.1282481795757515e-11	3.520239273595375e-10	2
RAB32	7.569091	2.8491764	2.0658605466518087e-11	6.253702941809414e-10	2
HIF1A	7.536344	2.4295685	2.247277877331858e-11	6.71201667707817e-10	2
RASGEF1B	7.5246825	3.807868	2.915736662056394e-11	8.556143777955687e-10	2
LCP2	7.508367	3.3360744	2.7785153248756758e-11	8.19649802213325e-10	2
TNFAIP3	7.5059896	2.843286	2.7070633908897672e-11	7.999789708707814e-10	2
CD84	7.499978	3.9418223	3.1394058722588514e-11	9.172370414759071e-10	2
ADA2	7.4923673	4.7393284	3.610157303336812e-11	1.042067866705852e-09	2
YWHAH	7.4922667	1.878884	2.3914042082430637e-11	7.12345368993611e-10	2
ASAH1	7.479086	1.7897832	2.1417143114073484e-11	6.43319791582883e-10	2
SLC11A1	7.455879	6.326649	4.4976732275571004e-11	1.2752025166990083e-09	2
ITGAX	7.4478335	5.863399	4.58048389941445e-11	1.2932155763489904e-09	2
CCDC88A	7.4477863	3.3204565	4.056162484827351e-11	1.1578531566263336e-09	2
SLC15A3	7.4068365	4.7803802	5.510460301991319e-11	1.5389620270793549e-09	2
A2M	7.406599	3.156761	4.426684239914012e-11	1.2561371919708617e-09	2
FN1	7.3975015	2.9103305	3.981669404788219e-11	1.1404711657216196e-09	2
ARPC4	7.382887	1.8232242	3.902761836047462e-11	1.1207408796478417e-09	2
CCR1	7.382362	5.03151	6.048983854211018e-11	1.679544432566985e-09	2
SLC2A3	7.3671103	3.2033472	5.650946463188529e-11	1.576858530131501e-09	2
CREG1	7.3627462	2.163202	5.031589385640179e-11	1.4146231314648553e-09	2
APLP2	7.3580875	1.3816345	3.3139874922647026e-11	9.640455722294049e-10	2
PARP14	7.3293524	2.4154189	6.01295491702074e-11	1.6723094599651129e-09	2
ANXA1	7.328469	1.8895254	4.164017432500229e-11	1.1866211444646574e-09	2
TMEM176A	7.3152914	2.538768	6.212865169106017e-11	1.7207738285465311e-09	2
MS4A4A	7.290862	7.210327	9.89675055321619e-11	2.674834087876102e-09	2
FERMT3	7.2750826	3.7809367	9.449988743040388e-11	2.5623449671003854e-09	2
NCKAP1L	7.2634406	4.2261863	1.0352817413165481e-10	2.7824026350559568e-09	2
GM2A	7.2594547	3.8205154	1.0608474509101385e-10	2.8442753278159037e-09	2
LIPA	7.2568817	3.0228872	9.945471477231996e-11	2.6858378326718066e-09	2
HAVCR2	7.2444425	4.669216	1.1519548720907445e-10	3.0664855845075925e-09	2
GIMAP4	7.2330437	2.930375	9.611940524267021e-11	2.6000509928412885e-09	2
DOK2	7.2221823	3.41903	1.1364013298468887e-10	3.029891653767448e-09	2
PLTP	7.2169952	4.1866474	1.3192425700521136e-10	3.484150790717948e-09	2
CCL4	7.197684	3.739022	1.2776616199384126e-10	3.38232426159071e-09	2
NEAT1	7.190495	1.3185616	8.038456307332129e-11	2.1991669086804807e-09	2
PIK3AP1	7.1715775	5.058507	1.6722635246587584e-10	4.368332623098085e-09	2
SNX2	7.17107	2.4848447	1.3724488738617404e-10	3.6189707294179743e-09	2
RAB31	7.1246123	2.0136695	1.3847154006268196e-10	3.648447702468512e-09	2
STAT1	7.055202	1.8739705	1.9850400127079987e-10	5.149282835749342e-09	2
GPSM3	7.0528617	2.5204027	2.1365526477703875e-10	5.520963972177702e-09	2
ENO1	7.0455284	1.2834961	1.449585815754031e-10	3.810388545940906e-09	2
BTG1	7.028809	1.3236638	1.5437962841605637e-10	4.042191347933604e-09	2
RBPJ	7.0231433	1.7909513	2.1729797416846618e-10	5.602145543108782e-09	2
APBB1IP	7.018118	3.4101396	3.071162532018239e-10	7.780201094140766e-09	2
CXCL8	7.006835	3.3086748	2.9460011658052527e-10	7.485744325929847e-09	2
S100A10	6.987763	1.3542103	1.8063451017949194e-10	4.696637291418867e-09	2
GNA13	6.986699	2.9008515	3.5341149217911457e-10	8.872585972439882e-09	2
SLC8A1	6.96958	7.9209723	4.493334322549446e-10	1.1089840067154597e-08	2
LACTB	6.9671674	2.5960445	3.6491138576931313e-10	9.147602982128948e-09	2
M6PR	6.9330826	2.0432618	3.92694888366011e-10	9.778306793381124e-09	2
POMP	6.924049	1.1174116	2.773409272057599e-10	7.068610972194828e-09	2
SNX6	6.869221	1.7258688	4.754959385519279e-10	1.170969843977255e-08	2
NABP1	6.8547506	3.069136	6.646671664294482e-10	1.6015518268110718e-08	2
CMTM3	6.854703	2.3745444	5.755535049083954e-10	1.3999013856513771e-08	2
IFNGR1	6.8464146	2.1153975	5.968437431840252e-10	1.450633042763434e-08	2
CASP1	6.801793	3.057789	8.422406106819777e-10	1.9978495277853052e-08	2
ARPC5	6.7972302	1.2933884	5.597744770779989e-10	1.3644909691622937e-08	2
PTPRE	6.7859545	2.5720477	8.396509802080393e-10	1.994018558153642e-08	2
TFEC	6.7830696	6.5834885	1.056652182240561e-09	2.4749420980817497e-08	2
RHOA	6.768603	1.0425967	5.57722715973955e-10	1.3604783721078128e-08	2
MYO1F	6.76172	4.0835476	1.0945442767221052e-09	2.5529978849468796e-08	2
C3	6.721907	3.1488261	1.1954173375319192e-09	2.7786204378487944e-08	2
ZNF331	6.694852	2.7339385	1.3337029108593348e-09	3.07448311567924e-08	2
CORO1A	6.6853266	2.189985	1.1137236410869534e-09	2.5941253226178822e-08	2
MAP3K2	6.680197	2.2964942	1.412363919017552e-09	3.2357990579076306e-08	2
FPR1	6.6794333	8.489838	1.7257026790629622e-09	3.9056540862652376e-08	2
XAF1	6.673707	2.5456429	1.3989730714803965e-09	3.2109248442747456e-08	2
STAB1	6.6556773	6.1432314	1.909926033606445e-09	4.276423837996914e-08	2
RAC1	6.6232395	1.0131553	9.762184103762426e-10	2.2977783650827757e-08	2
CELF2	6.5942516	2.449208	2.0167928257756246e-09	4.494700875039218e-08	2
ATP6V0D1	6.5898128	2.0730257	2.0270666795034764e-09	4.5116020900614536e-08	2
SOAT1	6.5874567	3.4485059	2.4266723946739567e-09	5.3477673317844404e-08	2
SLA	6.5735507	3.2618418	2.3920350532347274e-09	5.2783715605622367e-08	2
ZFAND5	6.5652204	1.6461961	2.157379583552455e-09	4.7857585060802176e-08	2
GLRX	6.5612674	1.8341571	2.1276775431304394e-09	4.7229935456080784e-08	2
NCF1	6.560479	3.6122031	2.74339050103901e-09	5.990628958030562e-08	2
CXCR4	6.556542	2.1232002	2.168988802925573e-09	4.8051554451074395e-08	2
WIPF1	6.543912	2.4125793	2.474488756719204e-09	5.4459860491547785e-08	2
HERPUD1	6.5353937	1.6385008	2.3089981614042676e-09	5.10858227781402e-08	2
HMOX1	6.5298786	2.5137725	2.5653133643220826e-09	5.6310978764873676e-08	2
CLEC5A	6.527859	6.856958	3.4390443793442437e-09	7.394165867152902e-08	2
DMXL2	6.5211573	4.1861243	3.3925355198093587e-09	7.303532340816797e-08	2
CD300A	6.512755	6.8641286	3.696808854838131e-09	7.902783033787492e-08	2
CARD16	6.5117583	2.8285384	3.1502357329155224e-09	6.816906885014163e-08	2
HLA-DOA	6.4952064	5.061031	3.918256338895472e-09	8.354878312962048e-08	2
CDC42	6.4678073	1.158437	2.660665570935348e-09	5.8289604124586874e-08	2
SPRED1	6.461964	3.1529884	4.225631410461589e-09	8.95903306816006e-08	2
ACTR3	6.452006	1.4636093	3.25884450363401e-09	7.038306728679222e-08	2
DPYSL2	6.4003634	2.250145	4.9338409402475574e-09	1.0381804201809493e-07	2
IFI44L	6.3993397	2.499805	5.073372794182967e-09	1.060885267392088e-07	2
PTPN6	6.399294	2.5277903	4.964911259997133e-09	1.043360701257988e-07	2
NPL	6.3792324	5.0587716	6.640114315912164e-09	1.363011470440697e-07	2
ADAM8	6.364517	4.403007	6.992798481489893e-09	1.4319014277634462e-07	2
AP2S1	6.3487024	1.2313929	4.9996442630643384e-09	1.0467732099091198e-07	2
TLR2	6.3414574	4.9244037	7.923659299981265e-09	1.6068165452277605e-07	2
CAPZB	6.3250732	1.2067062	5.344815822589947e-09	1.1148660914520487e-07	2
NCOA4	6.310563	2.0612855	7.647522736001562e-09	1.5555218925908333e-07	2
PLEKHO2	6.3102074	4.091185	8.835211552464745e-09	1.7702618320264037e-07	2
CD48	6.284724	2.7066505	8.497004952972554e-09	1.7096463295000146e-07	2
IL10RA	6.280188	3.3095868	9.46232307568223e-09	1.884654265329321e-07	2
AP1B1	6.276593	2.7432833	9.734683154343406e-09	1.9366014690381507e-07	2
SERPINB9	6.2747583	3.2805488	9.949133092401178e-09	1.9745791304865558e-07	2
ISG15	6.2671666	1.9225279	8.161130744786655e-09	1.6470065361666015e-07	2
GBP1	6.266354	2.5962758	9.887904882159374e-09	1.965917117086589e-07	2
IFI6	6.263694	1.7165375	7.722854401582971e-09	1.5698924817181481e-07	2
LITAF	6.259129	1.3981218	8.198610119271248e-09	1.653575357850132e-07	2
DOCK10	6.248675	3.5609524	1.1329748266133066e-08	2.2235873996159693e-07	2
MEF2C	6.247171	3.015421	1.0945448531671858e-08	2.1557327610147139e-07	2
GSN	6.2423797	1.4780022	7.919352014292198e-09	1.6068165452277605e-07	2
THEMIS2	6.2264147	4.048408	1.2900755032900798e-08	2.511341988151629e-07	2
FCGR2B	6.2176332	5.839527	1.4064969089517932e-08	2.719038203063521e-07	2
MPEG1	6.2163215	5.7835793	1.3997376512198982e-08	2.7090940888382346e-07	2
PGK1	6.2154355	1.2610317	9.433827443952581e-09	1.8800951057493375e-07	2
MT-ND3	6.2073483	1.2853884	7.204638497710763e-09	1.4710614856057607e-07	2
TNFRSF1B	6.203387	3.1475005	1.3373375360475152e-08	2.597315477508379e-07	2
MPP1	6.2026777	3.8830655	1.4398713577881172e-08	2.774527980956864e-07	2
SIGLEC1	6.202206	7.431005	1.5165620859976262e-08	2.9000575214621656e-07	2
SCARB2	6.187607	1.8320749	1.3006481621915876e-08	2.528987826554669e-07	2
GNB4	6.186624	2.675655	1.4539827015062849e-08	2.791530268530183e-07	2
PECAM1	6.1772547	2.8237188	1.44195508597768e-08	2.774791482431289e-07	2
LILRB2	6.171799	9.053581	1.7426594797718346e-08	3.3097701931498927e-07	2
IRF8	6.146692	3.6771593	1.726240781237118e-08	3.284165742681462e-07	2
CD44	6.1419992	1.3522989	1.4041863680216294e-08	2.716136964810466e-07	2
MOB1A	6.1364145	1.7275496	1.6349957327680066e-08	3.1123377907361925e-07	2
FMNL1	6.1363387	3.008429	1.8073695516875038e-08	3.4196170926720483e-07	2
C2	6.1134567	4.384813	2.182807100307768e-08	4.0629041593464394e-07	2
LHFPL2	6.111779	3.0716708	2.0960999672936857e-08	3.91672919236755e-07	2
C1orf54	6.106774	3.9135804	2.2131571973962616e-08	4.107996987153736e-07	2
AKR1B1	6.100197	2.6316488	2.092439881475181e-08	3.9120694573332804e-07	2
SH2B3	6.0984206	3.8192232	2.2733400089303707e-08	4.213432541715585e-07	2
S100A6	6.096214	1.1199034	1.1052192183619252e-08	2.1735047160514547e-07	2
S100A9	6.089732	2.1716552	1.9316193631553712e-08	3.637756600763296e-07	2
PSMB9	6.073368	1.6245652	1.898821414979203e-08	3.582023007863748e-07	2
DOCK4	6.065615	4.3575196	2.7118474588690903e-08	4.964960459493896e-07	2
FGR	6.058204	4.863321	2.798618948438899e-08	5.104321813463246e-07	2
NAGK	6.056679	1.8369479	2.3508938995406315e-08	4.346820963863965e-07	2
CSTA	6.024373	2.1665964	2.5781278236778492e-08	4.738245771724862e-07	2
ETV5	6.0140295	3.5189328	3.3144650092800127e-08	5.95768868575889e-07	2
GRINA	6.001657	1.4790511	2.733279943737515e-08	5.001469863224222e-07	2
ARL4C	6.0001917	2.3731408	3.2126467581900206e-08	5.797560662315866e-07	2
ZYX	5.9926906	1.7294717	2.9307320238874357e-08	5.333677852046037e-07	2
LPXN	5.9920926	2.7979639	3.4165525895836716e-08	6.131331749985336e-07	2
HEXB	5.973984	1.8571942	3.427281056351944e-08	6.147295931074895e-07	2
GNAQ	5.970211	1.783647	3.5100598865087966e-08	6.282332905730606e-07	2
PLSCR1	5.9660835	1.7789803	3.451303619571626e-08	6.187075077715227e-07	2
SLC16A10	5.943239	7.137013	4.8198929345470594e-08	8.437579797371761e-07	2
PHACTR1	5.94069	4.214669	4.746143565909648e-08	8.312814691601855e-07	2
LAT2	5.935373	3.9281847	4.726661229253724e-08	8.287346800334509e-07	2
CCL3L1	5.9347625	5.7365565	4.977081258303566e-08	8.676521958667356e-07	2
VAMP5	5.920216	2.0565596	4.4286201192425065e-08	7.813800495503046e-07	2
RB1	5.9012113	2.524471	5.222432253330711e-08	9.085352707933889e-07	2
PARVG	5.8731194	3.3742623	6.068669006522093e-08	1.0438421905013207e-06	2
EPB41L3	5.8687525	3.2699873	6.355827829350385e-08	1.0921148628291049e-06	2
CFD	5.8451295	2.164158	5.819411604803318e-08	1.0035418233249773e-06	2
SKAP2	5.844184	2.3409536	6.546718189968635e-08	1.122614901890276e-06	2
GPR65	5.84078	3.659773	6.987123037121278e-08	1.1920401515161993e-06	2
H2AFY	5.831972	1.1758513	5.613912365560356e-08	9.702327032582061e-07	2
OTULINL	5.8199854	3.8062215	7.975006963708058e-08	1.3448451914013674e-06	2
IFI30	5.8161945	3.678386	8.054612710275894e-08	1.3562237194546373e-06	2
BCAT1	5.811959	4.554861	8.375317480264415e-08	1.4052852606580728e-06	2
BMP2K	5.802133	2.9816856	8.386920809297131e-08	1.4065285543231755e-06	2
SLC43A2	5.7947555	3.270824	8.773025457471073e-08	1.4661487138467227e-06	2
SERPING1	5.789582	1.9560385	7.493927596298566e-08	1.2701052324782728e-06	2
MX1	5.768797	1.9549353	8.486161399429015e-08	1.4224604672576143e-06	2
RAP1B	5.7606025	1.1748521	7.52528340712571e-08	1.2747754078707244e-06	2
PLD3	5.7526054	2.1304607	1.0015587038200043e-07	1.6532126222847817e-06	2
CORO1C	5.7508264	2.1956477	9.905763465720242e-08	1.6358897705747051e-06	2
GYPC	5.749671	1.9775862	9.133180290954445e-08	1.5202779163220995e-06	2
CCL4L2	5.747197	4.4010715	1.1048605546956714e-07	1.8050719856330987e-06	2
BNIP3L	5.740724	1.367997	8.92562654774358e-08	1.4894250748152607e-06	2
EVI2A	5.731818	3.605239	1.1368355293257297e-07	1.8564070345235784e-06	2
CAPZA1	5.727811	1.3452445	9.511642180477545e-08	1.5785749152666866e-06	2
UNC93B1	5.722744	2.4888005	1.1554020561645274e-07	1.8848900956135417e-06	2
ERO1A	5.713884	2.0452585	1.1444285393290275e-07	1.8678967220260299e-06	2
PTAFR	5.7098413	5.060789	1.3227827683821333e-07	2.1352735388712742e-06	2
CPM	5.709616	3.2289739	1.2573794309455446e-07	2.0344314275612404e-06	2
ARRB2	5.7084346	2.5178578	1.2144269100355577e-07	1.9715921098500793e-06	2
CYTIP	5.6962566	2.3010747	1.195689235484498e-07	1.944937567768455e-06	2
ALOX5	5.696018	3.9006164	1.3650323636676418e-07	2.1966173809391798e-06	2
DRAM1	5.6874046	3.4741795	1.4122461742726074e-07	2.265334716942971e-06	2
IL1RN	5.679207	4.7817326	1.5101560001385173e-07	2.4120067809831435e-06	2
PSME2	5.67025	1.275236	1.2285977111008037e-07	1.9936330831171774e-06	2
LINC01094	5.6679635	6.1736383	1.5995029461608437e-07	2.5438088343850575e-06	2
TBXAS1	5.616201	3.7958624	1.9403156871966214e-07	3.0368702036519775e-06	2
RNF13	5.615764	1.8224003	1.770055117194667e-07	2.7886058565442144e-06	2
PNRC1	5.609179	1.1835309	1.54352507983024e-07	2.460616668373863e-06	2
HNMT	5.603919	2.084041	1.881048499965488e-07	2.9523747186402636e-06	2
GNS	5.598916	2.2566347	1.9348561537727106e-07	3.0297390407885383e-06	2
MBNL1	5.5858593	1.5934047	1.83493735359223e-07	2.8854024274185177e-06	2
SLC1A3	5.5810456	5.3200655	2.3198081778240104e-07	3.597257794377953e-06	2
DOCK2	5.5802193	3.5903766	2.2194204197645488e-07	3.4511627398851517e-06	2
FOSB	5.576604	1.2824543	1.699030866383669e-07	2.6868078401402465e-06	2
SLAMF8	5.571368	6.6522617	2.4352582263678645e-07	3.75544809979791e-06	2
HLA-DQA2	5.5651507	4.7014484	2.470717800757075e-07	3.804882725215475e-06	2
ENG	5.5571985	2.4184728	2.239515555304424e-07	3.4807966283811714e-06	2
IQGAP1	5.552348	1.2963321	2.1231063009801448e-07	3.3059938923479595e-06	2
CYFIP1	5.540251	2.1505961	2.521883979163199e-07	3.87300872459308e-06	2
CSF2RA	5.5328474	4.96386	2.843774785585251e-07	4.343490440952409e-06	2
CAPZA2	5.5260606	1.3149168	2.3680486475142169e-07	3.6619050108932384e-06	2
KLF4	5.525075	1.8558067	2.48646329642352e-07	3.823863614183461e-06	2
DOCK8	5.521476	2.654966	2.711688403550507e-07	4.1530931846341345e-06	2
HBEGF	5.5214295	3.3387094	2.863750202304508e-07	4.370020270040741e-06	2
GPRIN3	5.514745	3.2757764	2.931772011226654e-07	4.461640881513303e-06	2
ACSL1	5.5002627	2.6079319	3.0905706094510657e-07	4.675725250861443e-06	2
GAA	5.4978957	2.2818065	3.049915738113456e-07	4.624648452624929e-06	2
HSD17B11	5.497063	2.6972556	3.076035340549253e-07	4.655834898797946e-06	2
KYNU	5.476675	2.7787435	3.4026484334437786e-07	5.1132720029631625e-06	2
PDXK	5.4735727	1.4797635	3.0579792735514164e-07	4.6347800639036625e-06	2
PTGS1	5.4729686	5.6085315	3.68594307801523e-07	5.49956480336783e-06	2
IFIT3	5.4654965	2.9010842	3.5967447247974354e-07	5.380839197789062e-06	2
C6orf62	5.4629903	1.3764173	3.1928789573557594e-07	4.81603240485822e-06	2
SYK	5.460519	3.933923	3.835173366587783e-07	5.709522853471852e-06	2
PPP1R18	5.4525623	2.0665348	3.4929108372307993e-07	5.24186677367151e-06	2
MMP9	5.4522786	4.4242444	3.9419624515372447e-07	5.860698696232745e-06	2
CD302	5.4454756	3.2011118	4.0135709206744894e-07	5.959237815420233e-06	2
PLXNC1	5.4445143	3.837541	4.060241918131909e-07	6.020538204069954e-06	2
METRNL	5.4314184	2.681182	4.1395752868453133e-07	6.127338689147337e-06	2
NCF4	5.4277396	3.224524	4.235318269568e-07	6.260767301876611e-06	2
BASP1	5.4093738	1.995444	4.300461886157064e-07	6.340298554883257e-06	2
CLEC4E	5.408646	9.023435	4.899646686251353e-07	7.1327712458140905e-06	2
MRC1	5.404105	8.388263	4.990677170268053e-07	7.2495583788636115e-06	2
MFSD12	5.391324	2.510737	4.908353277764724e-07	7.1392487983307295e-06	2
RAP2B	5.3896904	2.1935244	4.81821439476585e-07	7.026423000645278e-06	2
TREM1	5.3684916	5.855617	5.776197482819879e-07	8.258288140292479e-06	2
TSPAN4	5.3641496	2.0218756	5.257541376771039e-07	7.597724916771969e-06	2
ADGRE2	5.3604984	4.5388813	5.894889710724633e-07	8.4136381186134e-06	2
CCL2	5.3595047	2.493737	5.288266826265877e-07	7.635547034859396e-06	2
FNDC3B	5.3519893	1.9299157	5.572826656231241e-07	8.001634369719694e-06	2
ITGAM	5.346386	6.2117786	6.351482680503446e-07	9.011636234634774e-06	2
TLR4	5.344883	6.3425727	6.395077553449842e-07	9.069653117135777e-06	2
MCL1	5.3284545	1.0802224	5.338937898261265e-07	7.698766811933838e-06	2
GPR34	5.323131	6.469775	6.98849243388533e-07	9.836383748424165e-06	2
RAP1A	5.3177695	1.4615442	6.071830534860918e-07	8.640444122603736e-06	2
IFIT2	5.311345	3.4901218	7.057495000724226e-07	9.925175673764832e-06	2
NR4A3	5.297838	3.4919763	7.535527315648469e-07	1.0531213403923555e-05	2
MX2	5.2954736	2.5899963	7.256825379539789e-07	1.0184149793102262e-05	2
IFI44	5.2785673	2.530319	7.844051551815012e-07	1.0948703000392314e-05	2
FMNL2	5.278514	3.1878002	8.163299052039333e-07	1.136592833144256e-05	2
PILRA	5.277457	5.513928	8.47438612178636e-07	1.17551441236905e-05	2
ID2	5.2688885	1.264247	6.976420547652553e-07	9.823514760235696e-06	2
BLOC1S1	5.2682567	1.255013	7.250747146948285e-07	1.0179879031217765e-05	2
CASP4	5.260834	1.8671962	8.126525605209472e-07	1.1319426716126699e-05	2
OTUD1	5.257989	3.070895	8.82483009533202e-07	1.2205922731032217e-05	2
MARCO	5.255815	6.055777	9.309433391467886e-07	1.279179456711284e-05	2
SAMD9L	5.2420006	2.5951943	9.134601073929784e-07	1.2577325723344784e-05	2
RGS19	5.2393227	2.345877	9.09011293971778e-07	1.2531503415991536e-05	2
MAF	5.236081	2.7219884	9.486760371121084e-07	1.3008306340614706e-05	2
ATP6V1A	5.2271914	1.8100847	9.326810804985744e-07	1.2810424291974892e-05	2
FAM49A	5.211282	3.3811188	1.0716858850833828e-06	1.4552800109952123e-05	2
ATP2B1-AS1	5.210961	3.2833922	1.0902889062234737e-06	1.4781479467923013e-05	2
LPCAT2	5.203681	3.5820885	1.1295535816001106e-06	1.52705992262996e-05	2
ALDH2	5.199349	2.0034893	1.0682880667608782e-06	1.4523602928689674e-05	2
ERP44	5.1847973	1.449084	1.041356795697165e-06	1.4192664886013251e-05	2
TIMP2	5.1742034	1.7311413	1.097886577434391e-06	1.4872461104090028e-05	2
PLA2G7	5.1721787	5.6344724	1.3147936712058927e-06	1.75432409200622e-05	2
LILRB1	5.1715703	5.4923353	1.3149192830576421e-06	1.75432409200622e-05	2
CXCL10	5.167856	4.6770024	1.3265946960276613e-06	1.7683571524052652e-05	2
ETS2	5.162842	2.064233	1.2283180875978653e-06	1.648620127095638e-05	2
AQP9	5.1607413	9.807631	1.3877041935928129e-06	1.8433657963285754e-05	2
MERTK	5.1506424	5.756496	1.4375994353861813e-06	1.900611851095306e-05	2
CYTH4	5.1480427	3.3479288	1.3978538512083487e-06	1.8546446211779753e-05	2
NFKBIA	5.1473093	1.1817001	1.1359359651259224e-06	1.5337306236137024e-05	2
POU2F2	5.1450634	3.7231028	1.4423794325277814e-06	1.9049252234114705e-05	2
AXL	5.140231	2.8922722	1.4254137390994193e-06	1.8852445671582658e-05	2
IFI27L2	5.138802	1.6067959	1.2995324305455169e-06	1.735866875863289e-05	2
GBP4	5.111521	2.6025121	1.5957627742649755e-06	2.0915779293326124e-05	2
KCNMA1	5.109941	2.4641953	1.5978150526546425e-06	2.0934497922300535e-05	2
FCGR1B	5.1056395	7.981633	1.740716685231157e-06	2.2673933335665334e-05	2
TNFAIP2	5.104886	2.0937054	1.5952510360231569e-06	2.0915779293326124e-05	2
ACP5	5.1031103	2.3940487	1.642551474923122e-06	2.1453589961213565e-05	2
EMILIN2	5.102237	4.5150275	1.74215517800128e-06	2.2676848934505563e-05	2
TGFBR2	5.0929527	2.0568273	1.6318626239578888e-06	2.133059402578782e-05	2
ME2	5.091143	2.501165	1.7422927075585356e-06	2.2676848934505563e-05	2
FOS	5.089144	1.0024743	1.3270191564366156e-06	1.7683571524052652e-05	2
NLRP3	5.0873837	6.648118	1.8729702225820583e-06	2.420710958662094e-05	2
NAIP	5.0866203	2.7417333	1.7755394408981407e-06	2.30582904133917e-05	2
BLVRB	5.057463	1.1759568	1.740145641778415e-06	2.2673933335665334e-05	2
GK	5.056406	3.1080065	2.0646516461083173e-06	2.647189635402105e-05	2
LRRC25	5.0452204	6.5191875	2.2275304295087246e-06	2.8343550127523572e-05	2
CALHM6	5.042415	4.92405	2.2386308520940234e-06	2.8463198411707977e-05	2
HEXA	5.039073	1.9226816	2.0984150283705506e-06	2.6863716971975815e-05	2
PEA15	5.035937	1.4412732	1.9693308294126586e-06	2.535636289801535e-05	2
ARL6IP5	5.031309	1.0559064	1.9014346260088644e-06	2.453867594881236e-05	2
FNIP2	5.025604	2.342456	2.2675421518612318e-06	2.8792360843054352e-05	2
RAPGEF1	5.024548	2.8301525	2.312782764046031e-06	2.9306024438559853e-05	2
REL	5.0221844	1.4209417	2.118186013473013e-06	2.7096139236421942e-05	2
TNFAIP8	5.015596	1.8859669	2.2162787213663964e-06	2.8232512188891116e-05	2
LGALS3BP	5.0108027	1.4360901	2.2184445500531554e-06	2.8249373065046656e-05	2
AC020656.1	5.010336	5.494003	2.5668310414436686e-06	3.208873647449202e-05	2
PLEKHB2	5.002389	1.5886427	2.366914189722608e-06	2.9924288815206157e-05	2
TGFB1	4.997981	2.0898263	2.460879557064791e-06	3.096037555270448e-05	2
RAB8A	4.99601	1.4173207	2.379937076871704e-06	3.0054770141322975e-05	2
FCN1	4.9924364	8.421598	2.7735463591636975e-06	3.4505756095218684e-05	2
PICALM	4.988687	1.7624166	2.515881737440306e-06	3.1557662436606325e-05	2
NR1H3	4.988021	3.1661685	2.7317117050962874e-06	3.403578837319263e-05	2
RAB5C	4.98673	1.1173832	2.390684553883284e-06	3.017913083244231e-05	2
NAGA	4.986143	2.6574097	2.69665557867819e-06	3.363649117309229e-05	2
CEP170	4.9811954	2.5830803	2.768152522143248e-06	3.445142996111565e-05	2
ZNF385A	4.974686	2.768489	2.8537669474597493e-06	3.534645390869551e-05	2
SLC43A3	4.9704638	2.274719	2.8229995008915176e-06	3.5043014899852846e-05	2
MT-ATP6	4.963044	1.0824147	2.393974778003059e-06	3.0209295721971635e-05	2
GCA	4.947288	2.11782	3.0960111368853542e-06	3.8023914149495296e-05	2
DAPK1	4.9435816	3.4903026	3.305076601446072e-06	4.039926176716571e-05	2
STK17B	4.9250154	2.0294058	3.302998517409931e-06	4.0388579392069444e-05	2
G0S2	4.919356	3.047408	3.5421485248015373e-06	4.302897474283538e-05	2
GAL3ST4	4.910483	4.418237	3.827684490784158e-06	4.606543433993234e-05	2
RNF149	4.900339	1.5215278	3.571755777938543e-06	4.332739983646896e-05	2
WASHC4	4.8994603	2.1551013	3.7833878898691863e-06	4.559777693643635e-05	2
TM6SF1	4.8976617	5.624706	4.053015362193189e-06	4.8568127282358617e-05	2
TAOK3	4.887826	1.5599445	3.7945073769364444e-06	4.569894862830351e-05	2
UPP1	4.866611	1.7868994	4.103460192902742e-06	4.906011867011564e-05	2
PLEKHA2	4.8628154	2.6743133	4.452758737932622e-06	5.288597054851206e-05	2
PLXND1	4.8556185	2.796265	4.606605034526822e-06	5.461652154933338e-05	2
TAGAP	4.8441057	3.0024772	4.830762758553006e-06	5.701217934012188e-05	2
TAPBP	4.834693	1.0996714	4.389577678333812e-06	5.217251059850971e-05	2
IFNGR2	4.828638	1.2742195	4.6790788543578794e-06	5.5436589139532897e-05	2
CIITA	4.8227563	3.2493992	5.33087218552632e-06	6.256220572943958e-05	2
TFRC	4.7901363	1.8760006	5.8599337295000114e-06	6.83170098092318e-05	2
NRP2	4.7781367	2.1250646	6.0183999969033965e-06	6.99698975029937e-05	2
LTA4H	4.7687883	1.8546755	6.381211533201833e-06	7.388064067487837e-05	2
UCP2	4.767861	1.4405164	6.0601693364396945e-06	7.042468517953498e-05	2
TRPV2	4.748876	3.6673822	7.1946358364415546e-06	8.247275481547716e-05	2
VSIR	4.7400126	2.6859632	7.3534890571577425e-06	8.4121206161708e-05	2
NFKBID	4.727408	2.5692182	7.678352418797688e-06	8.744978556159364e-05	2
IRAK3	4.7261786	3.6367571	7.932262922399372e-06	8.991417055768751e-05	2
TRIM22	4.725419	1.7842301	7.222712112566074e-06	8.273804199712387e-05	2
IGKC	4.724	1.7100862	6.858095012826707e-06	7.89116174357532e-05	2
LPAR6	4.7227182	2.4026418	7.75017857092405e-06	8.817799845568641e-05	2
GLIPR2	4.7207484	2.2610943	7.793345118800093e-06	8.860901309480472e-05	2
PPIF	4.7203264	1.6270391	7.578673366571219e-06	8.637318497729026e-05	2
ADGRE5	4.7193317	2.3044033	7.766270440604305e-06	8.833112134564564e-05	2
CXCL2	4.7140794	2.0386827	7.47629040783486e-06	8.535134668794725e-05	2
BAX	4.711311	1.2038437	7.547602569028703e-06	8.607757149533891e-05	2
NFKB1	4.7109823	1.890703	8.034872041330381e-06	9.095431763019315e-05	2
CNPY3	4.7040863	1.6327492	8.089235623097198e-06	9.147709104325797e-05	2
SIGLEC10	4.6768427	6.350837	9.802550223799938e-06	0.00010894212626125703	2
FBP1	4.6759357	2.0176625	9.348617667548584e-06	0.00010424268124576033	2
CAT	4.6744757	1.730212	9.10400853126949e-06	0.00010171803802375415	2
NCEH1	4.668236	3.2752419	9.896449980734362e-06	0.00010984011542151264	2
TTYH3	4.6592894	2.5550668	1.0115645688813459e-05	0.00011193494785047365	2
GPR137B	4.645928	2.226664	1.0577976069777241e-05	0.00011659411612106424	2
LILRB3	4.6253347	4.4014072	1.1914957977678924e-05	0.0001303455986723186	2
ATF5	4.61785	1.9886563	1.1749678431960496e-05	0.0001287054096297802	2
VASH1	4.6113014	4.501481	1.2602480415710628e-05	0.00013675179411949215	2
CXCL9	4.5983257	4.5972095	1.322625532395153e-05	0.0001427814064437265	2
INPP5D	4.591099	3.0965328	1.3268216744289775e-05	0.00014318830689196376	2
SMIM25	4.5830503	5.5919514	1.4155484107146728e-05	0.00015173828457584163	2
SYNGR2	4.582748	1.1072433	1.2494633468302105e-05	0.00013571324519440445	2
ST3GAL6	4.57461	3.254725	1.4351219345063861e-05	0.00015368909580229468	2
ICAM1	4.547048	1.5723597	1.469057456179301e-05	0.00015682258477947147	2
TSPAN33	4.545525	4.9454527	1.632775562324e-05	0.00017202663670290536	2
FKBP15	4.5234075	2.7555	1.7421832411390324e-05	0.00018238005022173622	2
SORL1	4.522377	1.9153482	1.6958307916884613e-05	0.00017802773265734797	2
CEBPB	4.5155797	1.0732853	1.5869126388146615e-05	0.00016790737166713743	2
CD52	4.5139313	1.8553411	1.670263183237644e-05	0.00017550845059202325	2
SDC3	4.512093	2.3968763	1.7958000918988213e-05	0.00018734970725467611	2
AOAH	4.50325	3.8910785	1.8937786954381182e-05	0.0001966539666368109	2
WAS	4.4891553	2.8297718	1.9618901483545108e-05	0.00020309801687024272	2
TWF2	4.487418	1.7364569	1.921466873150794e-05	0.00019915921011233245	2
ANPEP	4.4832916	2.738164	2.0120276190923878e-05	0.00020790332215643185	2
OGFRL1	4.481001	1.8613453	1.997730912951737e-05	0.00020655330626175773	2
CD33	4.4783225	6.615157	2.1295776177369304e-05	0.00021863533173098983	2
SP110	4.469398	1.7520738	2.0564558948628015e-05	0.0002122325759064407	2
ITPR2	4.4686275	1.7045835	2.06082188565581e-05	0.0002126177387474055	2
RASGRP3	4.4611797	3.513763	2.2305313338693558e-05	0.0002280227109701678	2
STX7	4.4610257	1.7446114	2.125436551586958e-05	0.00021834385107742158	2
ACP2	4.4569182	2.1678607	2.21043910535701e-05	0.0002263136081586675	2
TCIRG1	4.446459	1.82871	2.2545230496982942e-05	0.00023019469592064075	2
HERC5	4.4428725	2.5474315	2.3271408443273755e-05	0.00023674440721742343	2
RCSD1	4.4374557	2.3045313	2.3542935418267434e-05	0.0002392889687466994	2
PARP12	4.4278483	2.3608913	2.4648746898191046e-05	0.0002496960494449489	2
GALM	4.427411	2.190507	2.4469730572464103e-05	0.00024805847740635685	2
SH3BP2	4.425519	2.2243855	2.491267750678991e-05	0.00025214125415064584	2
SDS	4.418472	6.833035	2.681742918542723e-05	0.0002697101626112188	2
PLBD1	4.414784	2.0092914	2.5630977371713022e-05	0.0002584752291114331	2
PFKFB3	4.409727	1.8434078	2.5979211219537998e-05	0.00026182954432527766	2
ST8SIA4	4.4032936	3.0245874	2.7665647672187156e-05	0.00027765813541975746	2
ATP6AP2	4.3927493	1.1395926	2.6924789154933178e-05	0.00027062761553659387	2
CD300E	4.3918953	8.592577	2.9711757409297607e-05	0.00029615514272370014	2
TACC1	4.3871937	1.6871216	2.8116493902196742e-05	0.00028176137495475973	2
MTRNR2L8	4.3765144	1.3464162	2.8763038020759435e-05	0.00028763895594940134	2
ATP1B3	4.3708444	1.0576292	2.8077964528051506e-05	0.00028145935691433816	2
PTPRO	4.370018	5.482597	3.214353337180998e-05	0.00031775014819448235	2
FGD4	4.3662543	3.1553574	3.212719962232052e-05	0.0003176823120672914	2
COLGALT1	4.357744	1.9362351	3.1803029825977964e-05	0.0003148481178846301	2
VASP	4.357097	1.4511898	3.153621581691295e-05	0.00031229885288310515	2
THBD	4.352903	2.839473	3.3501157929649416e-05	0.0003298099025883097	2
AKIRIN2	4.3492064	1.4236448	3.2049867965463924e-05	0.00031701109449413904	2
SF3B1	4.33099	1.0149374	3.3181576968469833e-05	0.0003270476853069194	2
STXBP2	4.325239	1.9492557	3.66561768767785e-05	0.0003561659410845967	2
DPYD	4.324453	2.6906347	3.708276230975162e-05	0.00035999795387304753	2
RAB8B	4.323915	2.1314845	3.6454633917586975e-05	0.00035472146104722504	2
PRKCB	4.30873	3.1776571	3.959479819665987e-05	0.0003825026285467076	2
TNFRSF14	4.2987404	1.8565825	3.989134893706948e-05	0.0003852564741428872	2
ANKRD22	4.288644	4.6061597	4.364823116954868e-05	0.00041685800730576085	2
CSF3R	4.2872233	2.9664128	4.3136410857966635e-05	0.00041314630399402026	2
PAG1	4.2798963	2.3275356	4.3190395819207826e-05	0.00041342724491211463	2
CTDNEP1	4.272137	1.144363	4.19873008417571e-05	0.00040340763607372526	2
RIN3	4.2655716	2.8609238	4.63079098266798e-05	0.00044012853598658744	2
CD40	4.262295	2.7860005	4.702273022741152e-05	0.0004462901512613497	2
PLA2G15	4.2618265	3.0684988	4.754073790598878e-05	0.00045056905626017794	2
DOK3	4.259188	4.67834	4.868023252462943e-05	0.00045985618942107607	2
CD72	4.2582254	4.229696	4.86851712421884e-05	0.00045985618942107607	2
CCRL2	4.256717	4.731527	4.914421760591886e-05	0.0004630185962696979	2
FLVCR2	4.2514853	5.2182593	5.029342229209574e-05	0.00047287358056326826	2
CXCL3	4.2482057	2.0534315	4.722494276350008e-05	0.0004479558272710849	2
SMAP2	4.248092	1.9460511	4.881214882555312e-05	0.0004606663713443661	2
IVNS1ABP	4.246317	1.5160685	4.835834140921664e-05	0.0004576713118528599	2
STOM	4.2411675	1.1819346	4.739298026386667e-05	0.0004493481882048595	2
ITGA5	4.238814	2.1844237	5.036284954623494e-05	0.0004733035406641261	2
SNX20	4.236774	2.9837286	5.1738597648097696e-05	0.0004844679798198897	2
MGAT4A	4.235928	1.5967349	5.030300037117979e-05	0.00047287358056326826	2
SELPLG	4.2341514	2.5208204	5.180690753136498e-05	0.0004849722259306483	2
SERPINB6	4.2334332	1.3354781	4.991196579759588e-05	0.0004697242549992041	2
TGFBR1	4.2317934	2.0539777	5.213541078447525e-05	0.0004876391001455896	2
ABI3	4.2310696	2.9894705	5.30913696811234e-05	0.0004961654027513402	2
LRP1	4.213623	1.8553329	5.3449055007778026e-05	0.0004992299509930055	2
MYO9B	4.2132616	1.9208351	5.565881943526123e-05	0.0005169904355242583	2
PLCB2	4.2127614	3.2777066	5.686135278091628e-05	0.0005272053500674846	2
TLR7	4.212526	6.660997	5.823374910940256e-05	0.0005383732576842534	2
OGFR	4.2123933	1.6297433	5.4681065225832867e-05	0.0005090362499971302	2
KCNAB2	4.2067933	2.7946947	5.775416437493056e-05	0.0005343813592550472	2
VMO1	4.2025104	6.396359	6.051170430619885e-05	0.0005568238886513623	2
ADM	4.2023134	2.1730127	5.7643123733671736e-05	0.0005335011073816456	2
CSK	4.191777	1.753797	5.9171740884891834e-05	0.000546141816461243	2
IFI35	4.184907	1.5988742	6.0416339575428986e-05	0.0005560989148461755	2
ADAMDEC1	4.168145	6.0912814	6.862583361721352e-05	0.0006249739574680854	2
CREBL2	4.164769	1.8115737	6.615043026232061e-05	0.0006043307254634683	2
DRAM2	4.161744	1.3637958	6.579449828362297e-05	0.0006013115168749314	2
GNB1	4.1582193	1.2284318	6.616089037005025e-05	0.0006043307254634683	2
EHBP1L1	4.1566715	2.2004008	6.905322234574574e-05	0.0006286954752167909	2
GCHFR	4.1564593	1.7075919	6.857935414654321e-05	0.0006247202926206425	2
OAS2	4.1554914	2.1697755	6.946176210885068e-05	0.0006322434091975469	2
FGD2	4.152065	4.4403677	7.244628614761749e-05	0.0006554952478222925	2
TNS3	4.151431	2.2461455	7.082647977029774e-05	0.0006425142145433103	2
MIS18BP1	4.149295	1.8161235	7.058492891528481e-05	0.0006409747294216438	2
AHR	4.148276	1.7168505	6.982311484823713e-05	0.0006351877122659945	2
PTPRJ	4.14763	2.693749	7.231142391565767e-05	0.0006546281969109512	2
PTK2B	4.14383	2.3592148	7.235555351429364e-05	0.0006548509499252356	2
SPCS3	4.1364694	1.1564268	7.089985941437431e-05	0.0006428905608590237	2
KIAA0930	4.127638	1.9203414	7.649830238303311e-05	0.0006886284380647647	2
PTGER4	4.1205277	2.5745318	7.926455305483726e-05	0.0007110661658483868	2
PARP9	4.097064	1.5805603	8.441534824604556e-05	0.0007528206726644042	2
TENT5A	4.096934	1.8423169	8.49960976853503e-05	0.0007571989674540064	2
APOBEC3C	4.0965285	1.9542764	8.490095363901193e-05	0.000756753357960696	2
CKLF	4.0957384	1.3449578	8.443729675810169e-05	0.0007528206726644042	2
ZNF267	4.0956244	2.440619	8.726232012336515e-05	0.0007747129378660112	2
ADAM28	4.0922365	3.0206888	8.904912053324028e-05	0.0007876573185140855	2
MXD1	4.0915594	1.993036	8.780056695248583e-05	0.0007788730008339929	2
ADCY7	4.0912557	2.8544207	8.872167340844566e-05	0.0007851751049584896	2
CD300LF	4.088932	9.084359	9.199712885053405e-05	0.0008101012598518673	2
OSTF1	4.08565	1.2385685	8.658929439997694e-05	0.000769756565987179	2
TRIM38	4.085527	1.7549661	8.86447966381165e-05	0.0007847018010132135	2
PRNP	4.084735	1.5286514	8.818654415861696e-05	0.0007815262279068275	2
S100A8	4.08443	1.8090178	8.75086874003074e-05	0.0007766945975373672	2
RHOQ	4.081407	2.0663354	9.133632982913859e-05	0.0008055513643963022	2
PARVB	4.0808296	2.0682886	9.13687094552754e-05	0.0008056251009041514	2
LMO2	4.073094	3.6372194	9.587396856626993e-05	0.0008411479936388333	2
IL17RA	4.0720572	2.414132	9.516093168844458e-05	0.0008357666430379994	2
STX11	4.0690365	2.9377959	9.666007727624409e-05	0.0008476014776267982	2
PALD1	4.05922	4.819493	0.00010199823958807686	0.0008902219500451954	2
HPSE	4.0504603	4.4312897	0.00010513281707926937	0.0009140123944157008	2
CFLAR	4.049351	1.3155166	9.933193705646813e-05	0.000868967664358751	2
GNA15	4.0467644	2.4255495	0.00010446889309716818	0.0009098912343215055	2
SLC25A19	4.046343	2.456041	0.00010468628074324631	0.0009106023190895292	2
GRK3	4.0460653	2.9551115	0.00010516904156025796	0.0009140903920633874	2
TMIGD3	4.042261	6.340101	0.00010879999358466695	0.0009426557902179916	2
FOXN2	4.0224915	2.5990906	0.00011419341193559164	0.00098284866043923	2
TNFAIP8L2	4.019387	4.559909	0.00011748246736067823	0.0010088273010098589	2
ATP6AP1	4.018423	1.0324305	0.00010943684929648774	0.0009470127353595189	2
CXorf21	4.017211	4.5951095	0.00011818317038234177	0.0010132877601723225	2
LYL1	4.016948	4.3876624	0.00011842957330526052	0.0010148815325068327	2
HPS5	4.013492	2.4022484	0.0001176522242575672	0.0010097679769250415	2
RELT	4.0079074	3.159688	0.00012118259054247558	0.0010376781387248337	2
NMI	4.003083	1.485978	0.00011794027793840586	0.0010114637847947	2
ACSL4	4.001065	2.0773618	0.00012164859243126417	0.0010406058247225277	2
OSM	3.9972596	4.5657573	0.0001274730807208539	0.001085171218390396	2
CLTC	3.9946077	1.131271	0.00012151287640829545	0.0010397446634884946	2
NRP1	3.9825416	2.1883755	0.00013124959806527995	0.0011147740614605103	2
APOBR	3.9808898	5.2192554	0.00013556765375108355	0.0011468031965864043	2
ABCG1	3.9763014	2.1952124	0.00013444442634435422	0.0011378754741397893	2
DDX60L	3.9744353	2.6208363	0.00013589747388882367	0.0011490136555848335	2
STX6	3.9715235	1.8945616	0.00013639687213486254	0.0011529454355532823	2
ADAM10	3.9637384	1.4316925	0.00013775669302751144	0.001163267180472246	2
IL13RA1	3.9516344	1.3050128	0.00014138679518355333	0.0011921202858852595	2
SLC2A5	3.9309828	4.986036	0.00016208268940654015	0.0013520058406826072	2
MARCH2	3.927636	1.7648008	0.00015794918672041916	0.001321140566531067	2
ROCK1	3.9273582	1.2533921	0.00015516423624735215	0.0012997911208722374	2
RIPK2	3.914118	1.8545104	0.00016704404171494143	0.0013882121415165637	2
CRTAP	3.9066358	1.2258888	0.00016562620874964042	0.0013781366082043387	2
SIGLEC7	3.9063601	27.291777	0.00017754404458355578	0.0014663887710852116	2
CD36	3.9057755	3.4865334	0.00017551750136666805	0.0014517959342390662	2
SH3KBP1	3.90562	1.2852284	0.00016460408372492678	0.0013716734340913713	2
SKIL	3.9001632	1.2698768	0.0001717179181438734	0.0014235271113355555	2
PIP4K2A	3.896182	2.1608458	0.00017826914516310584	0.0014712906983060368	2
ZC3HAV1	3.8956501	1.439203	0.00017566970590828602	0.0014526966483899954	2
ENTPD1	3.895482	2.293446	0.0001774962341967816	0.0014663549732005544	2
CCL8	3.8837569	5.763111	0.00019203349596592196	0.001570455124875289	2
LACC1	3.875862	3.5368614	0.0001957209114874066	0.0015976332665366526	2
DENND3	3.873245	3.0473328	0.00019704435909656372	0.001607262852251421	2
CD58	3.8731787	1.7494068	0.00019209832952263913	0.001570455124875289	2
PPP2R3C	3.858238	1.5109751	0.00020003771360743475	0.0016290765299858036	2
ARL8B	3.8577223	1.2183421	0.00019947686995612054	0.0016253816174454387	2
CLEC4A	3.841475	5.050919	0.00022232496679388817	0.0017882498108474348	2
SLC6A6	3.8384366	2.1812167	0.00021762812048085303	0.0017546790358289163	2
TNF	3.836052	2.6310995	0.00022348072512042258	0.00179496336237167	2
MEF2A	3.8343496	1.5056759	0.0002194769144803733	0.0017678854919755526	2
TMED5	3.833879	1.5442464	0.000220351672429122	0.001774079559516366	2
SERPINF1	3.8331287	1.576054	0.0002119211166367558	0.0017160903363383452	2
HS3ST1	3.8304586	3.1221538	0.00022858839103481838	0.0018289797766457164	2
MMP19	3.8193812	3.0796812	0.00023756984196231668	0.0018963184362822618	2
CCNYL1	3.8153958	3.103973	0.00024130379097595737	0.0019215990453522974	2
MIR3945HG	3.8123558	7.063722	0.0002470950776053885	0.001959861796739065	2
IGLC2	3.8093154	1.4267086	0.0002252943473986357	0.0018078458336307898	2
PHACTR2	3.8063006	1.7571994	0.00024326890507278304	0.0019349021449006913	2
FCGBP	3.8052578	5.8758044	0.00025315452408026	0.002003079946255249	2
IKZF1	3.8046856	1.8013	0.00024045753955103045	0.0019161763682777647	2
SRGAP2	3.7964683	2.4068427	0.00025598871959923617	0.002021690050406871	2
GPCPD1	3.7907224	1.9505643	0.0002593230361844658	0.0020460959672225754	2
FOLR2	3.7901888	6.463769	0.00026687995492306204	0.002099301258929274	2
LUCAT1	3.788742	4.2811465	0.0002674756614007815	0.0021025078882220796	2
CAMK1D	3.7855186	2.219213	0.00026369417797882664	0.002077652436830591	2
ABL2	3.7850714	1.3878884	0.00025952692815572296	0.002047223117890664	2
NEK6	3.7828875	2.03953	0.00026777717538153505	0.0021043847796326305	2
TCF4	3.781758	1.2634268	0.0002530792380553617	0.0020029567540384347	2
EREG	3.777416	4.447452	0.00027817918037265006	0.0021734003934029945	2
PLD4	3.7768924	4.226726	0.000278040536128022	0.00217282330434995	2
ADPGK	3.7766557	1.3712479	0.0002656026078134155	0.0020912152743356267	2
BNIP2	3.7756631	1.4027352	0.0002688824645624032	0.0021096109342427054	2
SPPL2A	3.7738967	1.1233045	0.00026605775222054664	0.0020938158299458835	2
ELL2	3.7730136	1.4484527	0.00027064802135228264	0.0021219741197234486	2
PSMC2	3.7721477	1.1271914	0.0002679847851594222	0.002105522998133563	2
SIGLEC9	3.765501	5.880705	0.0002905103097123341	0.0022618399020569633	2
SHTN1	3.764269	1.3599982	0.00027771720825075363	0.0021708023495545393	2
AP2A2	3.7632031	1.6911908	0.0002827875003065707	0.0022058082669262065	2
PLEKHM2	3.7616656	2.342082	0.00028841819661580196	0.0022476381813872244	2
ARHGAP26	3.7569094	2.755723	0.0002948401986123392	0.0022918273700246743	2
OSCAR	3.754609	5.0115657	0.00030084662141824614	0.0023348271258464733	2
ARHGAP4	3.754008	2.2697608	0.000293802038700144	0.002284935098137593	2
IFIH1	3.7386367	2.0954518	0.00031134479315312127	0.0024061787343660924	2
ABI1	3.7379036	1.2830268	0.0003059779603279824	0.002369068967534824	2
LAMP2	3.734827	1.0085342	0.00030435818892755927	0.002358705641131993	2
PABPC4	3.7325401	1.2484726	0.0003108928401901082	0.002403793626744218	2
OSBPL11	3.7293448	2.4734764	0.00032336997500844757	0.0024922225027018243	2
GMIP	3.728189	2.8114917	0.0003250071077698872	0.0025036893435254446	2
HRH2	3.725878	3.255292	0.00032860097526975045	0.002530212422296304	2
CMKLR1	3.7105176	4.0405893	0.0003490254852988374	0.002671133663312594	2
LYSMD2	3.705368	1.6926357	0.0003460311612997526	0.002653274472863119	2
SETDB2	3.7041645	2.752513	0.00035408748372357747	0.0027042986854319993	2
SDSL	3.701458	1.9188967	0.00035399492048373145	0.0027042986854319993	2
NFAM1	3.7005978	5.962121	0.00036357240216988154	0.0027683500434006803	2
SLC31A2	3.6999989	2.192742	0.00035562723402642396	0.0027140143473220217	2
PIK3R5	3.6968482	4.124741	0.00036669699066394315	0.002790241325739409	2
PRMT9	3.6908565	2.150931	0.0003679013217794471	0.0027987702957143197	2
RILPL2	3.6865299	1.4252706	0.00036596744888364426	0.0027859541995021134	2
OLFML3	3.686449	2.436034	0.00037384996256006013	0.0028349691454781292	2
BTK	3.6829112	3.430662	0.0003813772797558743	0.00288297844045341	2
GATM	3.6812592	2.3038206	0.00038174031045980905	0.0028850724995791925	2
GBP2	3.6801476	1.4479947	0.00037527928544768487	0.0028445745792544178	2
FLI1	3.676673	2.431469	0.0003848747903566063	0.002904834685722532	2
ATP6V1C1	3.6759644	1.3284253	0.00037880222627029777	0.002867390086060045	2
PDE4B	3.672967	1.4797409	0.0003838824785993391	0.002899955453761359	2
MILR1	3.6687267	4.7762146	0.0004049639447133753	0.0030366411065574157	2
TLR1	3.6576142	4.609944	0.00042005733468672044	0.00313719507074756	2
CAMK1	3.6528263	2.6875532	0.00042240248470118235	0.0031526038583360827	2
ADORA3	3.6510997	6.8269114	0.0004309889212593012	0.0032088344967720803	2
CD80	3.6493852	6.337949	0.0004334392369834318	0.003224930223527348	2
SCAMP2	3.6477373	1.2480471	0.0004176457229464725	0.003120573667486664	2
FOXN3	3.642552	1.5634681	0.0004266083922406118	0.0031797493520316356	2
MANBA	3.6410286	2.217195	0.00043733429212627586	0.0032489222935880007	2
P2RY6	3.6401014	3.149922	0.00044268563898260425	0.0032849820834326394	2
DUSP2	3.6366463	1.5846306	0.0004323104891192819	0.0032179596350532256	2
ST14	3.6283603	1.420332	0.0004491957859852418	0.003327401912043064	2
PSTPIP1	3.6283045	2.3808396	0.00045294871895881257	0.0033537203052091684	2
SLC39A8	3.626171	2.6154861	0.00046288110158970995	0.0034212197065712786	2
ARRDC3	3.6104224	1.3021386	0.00047455504871580676	0.0034928792821981294	2
F13A1	3.596575	3.732004	0.0005151496502853085	0.003765228681677824	2
IGSF21	3.595634	4.0313697	0.0005174161478513342	0.0037768563688969753	2
LPAR5	3.5943196	3.2168405	0.0005164515628345408	0.003771549341187526	2
RRAGD	3.5934963	3.1329396	0.0005193963156827034	0.0037896610450975756	2
VCAN	3.5916164	1.707995	0.0005074424266430326	0.003710513719649871	2
IFIT1	3.5879488	2.0227587	0.0005205671507234805	0.0037949017175431983	2
RSAD2	3.5852537	2.286916	0.0005266095632998686	0.003830624888883299	2
SEC14L1	3.5833583	1.3629491	0.0005197424197077783	0.003791361570121486	2
PHF11	3.581805	1.2806953	0.0005202681065934183	0.00379354620940214	2
CMIP	3.5812128	1.4385266	0.0005241562566502366	0.0038144337175755223	2
MYO5A	3.577115	2.164043	0.0005413822323435543	0.0039261624767643576	2
MFNG	3.5728023	2.744457	0.0005521067199809482	0.0040004777478680024	2
SRC	3.5714908	2.4464781	0.0005556711659054598	0.004022828960853665	2
B3GNT5	3.5686526	2.4529877	0.0005618385221045852	0.004056970047343357	2
AC245014.3	3.5670507	3.1656528	0.0005684352500618579	0.00410019069297307	2
GNPDA1	3.565604	1.5209332	0.0005573781905326712	0.004033445930670189	2
RIT1	3.5645006	1.6086364	0.000560046799505173	0.00404839002202651	2
CLEC10A	3.5625525	8.513874	0.0005814816837616613	0.004184397587438293	2
AMPD3	3.562525	3.941538	0.0005785066099185947	0.004166564355439035	2
APOBEC3A	3.5596144	5.791295	0.0005865153630445856	0.004214291300745169	2
FBXW5	3.5590281	1.1195974	0.0005615887988396104	0.00405691361229364	2
CD180	3.5579345	5.152866	0.0005895024348723298	0.004231222163075715	2
CORO7	3.5556598	2.5080273	0.0005850083656157904	0.004204363743543867	2
GABARAPL1	3.551243	1.4933312	0.0005845844574758894	0.004203118389753228	2
TCN2	3.547693	2.616685	0.0006023137141669391	0.004315788140754818	2
CPPED1	3.5388021	2.189174	0.0006172025847299977	0.004407551399443223	2
FRMD4B	3.532727	1.6916556	0.0006240846112115119	0.004449919631089566	2
VAT1	3.5289326	1.5211548	0.0006307742448983951	0.004489982798840635	2
P2RX7	3.527777	4.1070833	0.0006495885724629463	0.00460826674887628	2
TET2	3.5197737	2.0170865	0.0006550943570916156	0.004642809635956678	2
PYGL	3.5190017	2.1471777	0.0006587505246960883	0.004665361348993136	2
CNDP2	3.516196	1.2860028	0.0006557521126147447	0.0046460882148735005	2
RREB1	3.5156052	1.5387974	0.0006612853139237828	0.004678373911478084	2
RENBP	3.50963	3.0003815	0.0006831885243008272	0.004821129032942152	2
TNFSF12	3.501469	2.2449632	0.0006987675578304844	0.004919681498151192	2
PITPNA	3.4930353	1.5166119	0.000709351657861071	0.004982694022265587	2
GAPT	3.489639	4.0996156	0.0007373760211322372	0.0051525685676659105	2
BACH1	3.4883072	1.8859038	0.0007265727605741607	0.00508980304144067	2
GIMAP1	3.4857552	2.6278522	0.0007369526719984056	0.005150683386434366	2
FAM20A	3.4802396	3.0125594	0.0007540436205150714	0.0052537135595546345	2
MMD	3.4783506	2.4355621	0.0007560803648236084	0.005266810283810727	2
GPR84	3.4770892	5.5487146	0.0007711581792551294	0.005361819338805202	2
ACOT9	3.4737246	1.6780418	0.0007607167027758731	0.005294708223242491	2
RGCC	3.4709866	1.553642	0.000760361548047581	0.0052933347204366776	2
CCL13	3.4663901	6.508496	0.0007996341203432135	0.00553457037359301	2
MAP3K8	3.4565134	1.4110626	0.0007985139263363295	0.005530240677936575	2
NUP214	3.4507387	1.8433683	0.0008229605397879191	0.0056772767307747005	2
ARHGAP30	3.450406	1.6838678	0.0008177740499559631	0.005649631186317808	2
FUOM	3.450326	1.8533955	0.0008247398590465725	0.005687212091340685	2
ADAM17	3.4463704	1.3704883	0.0008267625554652024	0.005697645957028632	2
ACAP2	3.4425502	1.1341636	0.0008330470144156541	0.00573859722951642	2
UBE2E2	3.4370735	1.4453641	0.0008527684933250222	0.005851617846688741	2
VOPP1	3.4349108	1.1246066	0.0008496156977994574	0.005837148734103155	2
TMEM259	3.4338217	1.1734788	0.0008561019731783599	0.005873036028906444	2
VAMP3	3.433429	1.331915	0.0008627281461325781	0.005909079997842109	2
CCL7	3.4305847	7.261372	0.0008995440636542061	0.006119915778025958	2
SLC15A4	3.426963	1.7404574	0.0008860132601892386	0.006042653672225956	2
GLB1	3.4268234	1.6810981	0.0008892058844390171	0.0060607304551857505	2
KLHL6	3.4267845	2.8935971	0.0008985260765655268	0.006115556642468412	2
RNPEPL1	3.4254003	1.8342012	0.0008946278993973385	0.006092733882981955	2
SLC37A2	3.423972	4.440133	0.0009140262366919635	0.006203430595889346	2
RILP	3.4231405	2.3762407	0.0009046850959308682	0.0061500124078936605	2
DENND5A	3.4201858	1.8673116	0.0009094615712589224	0.006176199749260076	2
TMEM51	3.416984	2.0427792	0.0009230920857745158	0.006251046163731684	2
GBP5	3.414893	2.2376938	0.0009318780838441129	0.006297828492890467	2
ATP8B4	3.414666	3.4127781	0.0009393553565260649	0.006340695917335629	2
USP4	3.414368	1.6116802	0.0009229006258993569	0.006251011690890616	2
KCNMB1	3.4125164	2.2134793	0.0009345334202727793	0.0063132296977581655	2
DUSP3	3.4109948	1.6116326	0.0009348618587015423	0.006314176722253007	2
CCL18	3.4055345	5.2178073	0.0009754492582034325	0.006563832445350643	2
CREM	3.4019682	1.1451088	0.0009449860585505817	0.006373572770932045	2
STAC3	3.3997428	3.5033915	0.0009874319669447656	0.006630521642301178	2
SAMD9	3.3991716	1.7114064	0.0009688765383616283	0.006525519673330798	2
MITF	3.3982048	2.2343967	0.0009828520034638776	0.006603733783690288	2
CYB561A3	3.3967025	1.4466952	0.0009767819026108553	0.006569529134844736	2
FCHO2	3.3941243	2.3386154	0.0009988595099241868	0.006696531445606067	2
WNK1	3.3938646	1.0114039	0.0009742707634044734	0.006557899995053069	2
CYB5R4	3.3846555	1.9886717	0.0010253966309108685	0.006863059611466719	2
ZFYVE16	3.379738	1.7088045	0.001041643963453311	0.006951408710343714	2
ZCCHC2	3.3792212	1.9767742	0.0010448644816330888	0.006968741216634606	2
SUCNR1	3.377899	5.903532	0.0010665915918602255	0.0070939021579583235	2
CLEC12A	3.377459	4.2417574	0.0010631322873876094	0.007075103184775359	2
CD93	3.3745272	2.13084	0.0010545903899942673	0.007022437218740862	2
IL18BP	3.365795	3.2024221	0.0011021458312869992	0.007295652916360222	2
FNBP1	3.364119	1.2102408	0.0010756458553646496	0.007149868734598834	2
LGALS2	3.361245	4.8592043	0.001125160649119698	0.007431865563632097	2
HVCN1	3.3606963	2.8690255	0.0011158270476200659	0.007376025818727755	2
TMEM30A	3.3592963	1.1114464	0.0010916575913455426	0.0072405155766899045	2
USO1	3.3569808	1.0814476	0.001097512168128772	0.007272156387042105	2
DUSP6	3.3551662	1.3021901	0.0011069766052373882	0.0073232943424590205	2
CSF2RB	3.3479905	3.1652844	0.0011616957560239938	0.007644582568726853	2
AC007952.4	3.347742	2.0696356	0.0011562684156158588	0.007617835185262526	2
CAB39	3.3441763	1.4616953	0.0011595780810999326	0.007633642476579556	2
PER1	3.3427749	1.7842758	0.0011677774081421237	0.0076800827542147	2
PSMB10	3.3423548	1.3876228	0.0011560538651445493	0.007617835185262526	2
FES	3.341317	2.7558923	0.0011875678391190735	0.007790379990591207	2
FUCA1	3.3393269	1.7692217	0.0011865487675244292	0.007785217568766995	2
IL1RAP	3.3387687	2.8576422	0.001200971600215578	0.007864464748697913	2
EML4	3.3386195	1.1436622	0.0011699185199450003	0.0076911479963691215	2
TUBGCP2	3.3336272	1.2157495	0.0011911248359779312	0.007809131767696598	2
ASGR1	3.3305097	4.124723	0.001240188328208411	0.008088111358436382	2
KCNE3	3.3304372	5.4065323	0.0012414281656486746	0.008093049971627249	2
PTGS2	3.324362	2.4064102	0.0012495950491801515	0.008141543812072933	2
UBE2D1	3.321236	1.1135784	0.0012387961237149679	0.008082174826983804	2
SP140	3.321228	2.329209	0.001255474449433998	0.008175086101429961	2
RNPEP	3.319315	1.1701384	0.0012466004320686246	0.008125189485428242	2
SIDT2	3.3163183	2.0458126	0.0012774862860291045	0.00831035056627273	2
AC004687.1	3.3159113	3.591423	0.0012944087662786323	0.008413907835223179	2
BST1	3.3115044	3.4681911	0.0013153764351459094	0.008535314569786989	2
ZBTB1	3.3053024	1.756191	0.0013235921020999693	0.00858032522159549	2
MIR181A1HG	3.303507	2.8472958	0.0013416992431051356	0.008670892931211822	2
P4HA1	3.3019989	1.2618396	0.0013265242363189492	0.00858937247304515	2
DNASE2	3.3018034	1.2500767	0.0013274295534209176	0.008593575497257477	2
RNF145	3.2921672	1.1956941	0.0013553597164745281	0.008747377381233818	2
IL10	3.2879183	7.43187	0.0014252324452046438	0.009154293650825153	2
CYP2S1	3.28778	7.505276	0.0014258965744954094	0.00915680585968802	2
HLA-DQB2	3.2845576	6.1070895	0.0014395493193212535	0.009232086055168695	2
PI4K2A	3.2816844	2.33089	0.001431487836508809	0.009185676970411701	2
WDR11	3.279819	1.4525262	0.0014271966861963202	0.009163400469316763	2
GZF1	3.2782943	2.4658978	0.001454199877082298	0.009315377784036929	2
PBX3	3.2753925	2.1752024	0.00146266615927546	0.009366033915284117	2
CACNA2D4	3.2735567	3.9380593	0.0014848306215198808	0.00948081170310267	2
SH3TC1	3.2687643	3.0604603	0.0015010588681169997	0.009578960330196402	2
STAG2	3.261159	1.1048198	0.0015044121184028306	0.009594684658311967	2
SLC31A1	3.2485552	1.4658792	0.0015756515655112773	0.010007371550618017	2
MAML2	3.240816	1.7323946	0.001623488267628914	0.010267190740046082	2
UBALD2	3.2401104	1.1240923	0.0016018069742037488	0.010148509203205126	2
GAPLINC	3.2378974	4.655422	0.0016649956250029756	0.010503219533237691	2
LRRK2	3.2316365	3.0658672	0.001687473394598018	0.010627026873490823	2
ATP2B1	3.2274878	1.2388673	0.0016787391143314612	0.0105783098475346	2
ALDH3B1	3.2272646	3.645022	0.0017180642088053266	0.0107973752346898	2
ANKRD44	3.222428	1.7058033	0.0017127196693777617	0.01077186019699972	2
RP2	3.221672	2.630418	0.0017398609389615708	0.010915951319436972	2
SRGAP2B	3.2174122	2.1578264	0.0017476903086337545	0.010958923283208966	2
CSGALNACT2	3.2123175	1.7589223	0.0017743994550167208	0.011110012621381045	2
PLXNB2	3.2103193	1.1749998	0.0017719729536363157	0.011098738531823653	2
SCIMP	3.2054527	3.9010355	0.0018388549210356952	0.011476932062980696	2
SEMA4D	3.2046478	1.6847694	0.0018059800698013182	0.011290657506282574	2
CHST11	3.2014098	2.1429024	0.0018432846642676705	0.01150029965107923	2
GRASP	3.1995819	3.4409294	0.0018735464708601482	0.011667401072989273	2
MYO1G	3.1993234	1.9898485	0.0018424037934771692	0.011496942444096322	2
PRCP	3.1982508	1.1782091	0.0018295735292667157	0.011427509449745793	2
PTPN12	3.195353	1.0113811	0.0018468071419819872	0.011520133596655725	2
IL6R	3.1934795	2.0531418	0.0018867084438191335	0.011736292268942424	2
ATG3	3.1905277	1.0273972	0.0018800225964281778	0.011703033063896327	2
NUB1	3.1882803	1.2522061	0.001904515524410519	0.011830618613408587	2
SNX8	3.1873503	1.6795517	0.0019135308232228142	0.011878907522064856	2
RGS12	3.1840322	1.7510471	0.001941563952898846	0.012032889235805653	2
CD300C	3.183907	26.561829	0.0019770163406822093	0.012230008314795643	2
ATG16L2	3.182885	2.1568768	0.0019576524916652452	0.012123637781193498	2
FUCA2	3.1803565	1.2456642	0.001949876099170401	0.012079973976729434	2
MMP14	3.1709442	1.3126386	0.0019893090248497185	0.012299246820734452	2
SMCO4	3.1698704	1.1232233	0.002008173038779944	0.01241130125183676	2
RAB20	3.1642163	1.4211317	0.002051902903319346	0.012632255302164976	2
GLS	3.154667	1.4753926	0.0021248080994589573	0.013028919280430143	2
STK4	3.153992	1.076274	0.002092951940548059	0.012850027647432262	2
ALDH1A1	3.1520948	2.6945515	0.0021635115498856664	0.013234787688257367	2
MCTP1	3.151011	2.6915343	0.002162507384251746	0.013232352603037262	2
CPSF2	3.1494372	1.578749	0.0021565279231487793	0.01320169795041672	2
RAB42	3.1465425	3.345432	0.002208705223631561	0.013481306724759093	2
COQ2	3.1448839	2.417876	0.002209035561231805	0.013481306724759093	2
JAK2	3.1370883	2.3109207	0.002257399891976348	0.013761441253503943	2
MRO	3.1362247	7.8105283	0.0022911937506821635	0.01393200318920059	2
DHRS9	3.1306024	4.910009	0.0023258339522619163	0.01411193860217383	2
CMTM7	3.129764	1.241029	0.00227499113971566	0.013853765728151918	2
AC025164.1	3.1293716	2.6038058	0.002313775023199674	0.014046394217762943	2
SGPL1	3.1291041	1.4362478	0.0022971271407505565	0.013955432245592177	2
P2RY13	3.127198	26.994013	0.0023560143339517664	0.014259319170920942	2
PXK	3.1249259	1.8861095	0.0023334020564487377	0.01415529722831382	2
MCEMP1	3.1203022	7.4383926	0.0024059593169940907	0.01451407939771561	2
ARHGAP24	3.1168048	2.5159388	0.0024001714189338724	0.014484373796772402	2
SWAP70	3.1150289	1.3317549	0.0023889360273052812	0.014429552186538167	2
LBR	3.1149206	1.2954371	0.0023834085839303356	0.014403947263713041	2
IRF2	3.1122556	1.1257012	0.0023928005712560737	0.014447691081998195	2
NCOR2	3.1058671	1.2575499	0.0024573005703900142	0.014791873372478727	2
SRGAP2C	3.105355	1.9339015	0.0024805593721575468	0.014918568172004272	2
TNFRSF21	3.100528	2.1290894	0.0025227656737035406	0.015123518044984888	2
DNM2	3.099062	1.2823994	0.002500186954520685	0.015009624242272828	2
LTC4S	3.0976176	1.941674	0.002553006171580894	0.015280224839577939	2
SIGLEC14	3.0958607	7.1274757	0.0025930509886816083	0.015475715873909222	2
RPS6KA3	3.0946207	1.6964339	0.0025573873767686453	0.015298257535972378	2
CMPK2	3.092903	1.8549186	0.0025646814969027387	0.015330953856284931	2
HK2	3.0901136	1.7472427	0.002604987691458143	0.01553037542822566	2
HGF	3.0875742	3.2431693	0.002642584366076607	0.015700229048533604	2
TFEB	3.0872436	2.3311677	0.0026379934950195778	0.0156825487090485	2
WARS	3.0860305	1.5357298	0.0026174442833562465	0.015590782935189463	2
SNCA	3.0859032	3.449594	0.0026606107699828937	0.015786227814611045	2
TLR8	3.0840917	26.721085	0.0026881965367687058	0.015932991701671527	2
CD69	3.0824006	1.5563972	0.002626637864129798	0.01563166440751908	2
SH3BP1	3.0809412	1.6766038	0.0026555722986926133	0.015761909479817544	2
UBE2F	3.0776565	1.0718064	0.0026629969651873497	0.015797591299849468	2
LINC02345	3.0697894	26.909384	0.00280768977074162	0.01653603557514393	2
GIMAP8	3.0696974	3.7355838	0.0027945805335617027	0.01647329097999878	2
MCOLN2	3.068807	3.225501	0.0027976890926096516	0.016488717247446903	2
CLIP4	3.0687034	2.1942203	0.002784271884816121	0.016424070223112472	2
GSDME	3.0656343	3.5716698	0.002829636067471732	0.016653592444125172	2
PDCD1LG2	3.0618312	4.7496758	0.0028696091437168166	0.016847463729985253	2
RAC2	3.0590324	1.1485795	0.0027791756366057022	0.01639977657061785	2
NRIP1	3.0529158	1.2241801	0.0028876180814245357	0.016947261254428757	2
VAV1	3.0527465	2.6967993	0.002925204270513247	0.017146850128850893	2
MICAL1	3.0506701	2.2358444	0.002941708713338457	0.01722854058915404	2
PLAU	3.0460494	1.6378714	0.0029585081249832368	0.017314835285301474	2
LRMDA	3.04575	2.3058224	0.0029848179547656557	0.01745054541063184	2
RNF144B	3.0457163	1.2036664	0.0029475367840120217	0.01725363547513913	2
RCBTB2	3.044945	2.49213	0.0029963447946774265	0.017514883366726307	2
CXCL11	3.0419698	3.764632	0.003041100998708966	0.01776581438050676	2
AL136987.1	3.0391705	3.4688761	0.0030643428736152854	0.017878087375879332	2
FAM129A	3.0386245	1.5546334	0.0030420652201843504	0.01776665672126124	2
C9orf72	3.0377412	2.1162605	0.0030568390132664275	0.017840514589171613	2
AC084871.2	3.0353615	26.575768	0.0031158257619654977	0.018137436980577015	2
TESK1	3.0344565	1.9176612	0.0030855460263743764	0.017992402515755034	2
NFATC2	3.0290577	1.5716448	0.003088097391026145	0.018001020958013196	2
ARL11	3.0285046	3.8605604	0.003172276121200371	0.018408440193276275	2
PRDM1	3.0258439	1.5967683	0.0031463220973956007	0.018299079151854664	2
SCLT1	3.0254083	2.1341736	0.003176729992063369	0.018421628745469824	2
TMEM106A	3.0250947	2.1833172	0.003176543633212995	0.018421628745469824	2
MYD88	3.024956	1.5447013	0.003157370317983589	0.018350607838414062	2
ACER3	3.0236077	1.4532975	0.0031628716037866962	0.01837621279449326	2
OTOA	3.0208921	6.0098286	0.003253000288766768	0.01880539170726063	2
RECQL	3.020099	1.2815636	0.003182053198274668	0.018446119309251753	2
DYSF	3.0167701	3.1481194	0.0032747672194083453	0.01892470146557121	2
IL7R	3.0147603	1.646565	0.003227127364091278	0.01867126903612237	2
IFI27	3.0135963	1.0630836	0.003219127308858092	0.018635269082914956	2
ARHGAP27	3.008078	1.9571457	0.003337186490490842	0.019239012044955886	2
PCK2	3.0069096	1.5586511	0.003334724480821017	0.019228123398868445	2
NFIL3	3.0046258	1.8438985	0.0033613729971379734	0.019361808637644647	2
MR1	3.002514	1.890847	0.0033845580089173523	0.019475289102264013	2
FRMD4A	2.9997168	1.3852743	0.0033964918398061393	0.019517171971721384	2
L3MBTL4-AS1	2.9956796	26.291101	0.0035097192464352655	0.0200783716944713	2
ARHGAP22	2.9921255	3.1906106	0.0035283653302905227	0.020162579857440473	2
PDK4	2.9864142	1.9488775	0.003562979236164333	0.020320674470360123	2
TCF12	2.9835835	1.2745844	0.0035522092247605775	0.020266142134324636	2
CYTH1	2.977084	1.271796	0.0036328205707987647	0.020690853245909555	2
MOB1B	2.976669	2.3013258	0.0036813238042698966	0.020935110498307326	2
IRF5	2.9763815	3.667923	0.003704417086706301	0.021041465453889255	2
KCNE1	2.9740875	6.208673	0.0037397390563662864	0.021220535897408497	2
PRKAG2	2.9721737	1.1859504	0.003676386970326442	0.020910580866833846	2
AC005224.3	2.9683738	4.35326	0.0037986722753940217	0.021511272461420036	2
ZGLP1	2.9680312	3.8714452	0.003800303199851694	0.021513243818772263	2
MVP	2.9633667	1.0039569	0.003752000244726669	0.021282908880158498	2
CSRNP1	2.9609258	1.176309	0.0037985263151427283	0.021511272461420036	2
ABR	2.9526012	1.7959012	0.003934528268899508	0.022157154578099126	2
SLC41A2	2.9493773	2.533259	0.003989310498020427	0.02240410254740009	2
RGL1	2.9486337	2.3910086	0.003997903850191344	0.022442459086069937	2
ATP6V0A1	2.9469075	1.7052534	0.004010637573860798	0.02249135510196707	2
CCL5	2.9459662	1.3022071	0.003910598056864881	0.022042784622019185	2
TNPO1	2.9412348	1.0145314	0.004028208857142569	0.022567254597865193	2
MAN1A1	2.9339252	1.5692136	0.004149803722062363	0.023155642429162154	2
ATM	2.9339147	1.2619319	0.00412957274889098	0.023058098813143392	2
C19orf38	2.9284809	4.1199183	0.004273758967909574	0.02373673613887316	2
AC016831.1	2.9272096	2.9276745	0.0042750950459488945	0.023740225651684082	2
CREBRF	2.9253237	1.1598253	0.004232570392836921	0.023543058631201187	2
PPARD	2.9252226	2.474273	0.0042925016292675	0.02382111137446413	2
CYSLTR1	2.9215772	2.2558506	0.004330290048213204	0.023975282024945373	2
VEGFB	2.9211771	1.3995612	0.004293456119199127	0.023822466781481876	2
CD1D	2.9202597	5.416995	0.004382859552276986	0.024222358253900542	2
DHRS3	2.9197102	1.3607864	0.004312237511409582	0.02389505342312718	2
TRMT1L	2.9182467	1.8926097	0.004357585432267318	0.024106510470670976	2
LILRB5	2.9171283	7.844259	0.004428107628625809	0.024420118048625167	2
WDFY4	2.9158847	5.2976427	0.004439506875366935	0.024474934271315314	2
RPS6KA1	2.9119823	1.5814929	0.004415809814906381	0.024372334540361182	2
NT5C2	2.911796	1.3946391	0.004420773907944972	0.024391705485504574	2
CEBPA	2.911413	2.2954087	0.004464112227112209	0.024590374151678536	2
OAS1	2.9054503	1.252323	0.004475267678861945	0.024643728979922588	2
TDP2	2.9049985	1.1959022	0.004504395335624841	0.024783780175884645	2
MIR155HG	2.9041338	2.159701	0.004536947406273454	0.024934254129742407	2
WDR81	2.8990052	2.4172173	0.004626492632240294	0.025372333122624546	2
SECTM1	2.897732	2.5829558	0.004657044922561881	0.025523193422818308	2
APH1B	2.8947303	1.726263	0.0046632758418452954	0.0255531669680335	2
RNASEH2B	2.89216	1.169582	0.004680033636663627	0.025624062717488526	2
FKBP5	2.8835034	1.1877856	0.004781946718531683	0.02607988209532865	2
ADAMTSL4	2.882781	2.6805658	0.004856999578956642	0.026441912494365317	2
SSH1	2.882046	1.6268182	0.004818564236132219	0.026262506182013447	2
ARHGAP10	2.881697	1.8967757	0.004855270589054591	0.026436790718746758	2
RIOK3	2.8783693	1.13149	0.004867263333657111	0.02648059683279694	2
CDK6	2.8753343	1.5252098	0.00493518169080437	0.026776274521395887	2
LRRC8C	2.8707335	2.1793044	0.005022931850929027	0.027221547457103007	2
SEMA4A	2.867877	1.6232996	0.005035107773410501	0.027265506914427126	2
PPP1R15B	2.8672647	1.2306486	0.0050316555721283485	0.02725121258594493	2
CDC42SE2	2.8648715	1.1109174	0.0050518751253853175	0.02733864852864617	2
CPED1	2.8583984	2.815348	0.005220461434434517	0.028101347612320356	2
COMMD8	2.8581474	1.4225	0.005182628902300338	0.02794254235847221	2
ZSWIM6	2.8579602	2.302766	0.0052226009703471785	0.02810835352156847	2
RNASE2	2.8555808	26.558874	0.005297868831280242	0.02844498454777823	2
SLC12A9	2.8536656	1.5876437	0.005258207135606276	0.028277300871471883	2
BIN2	2.8522117	1.8614076	0.005273572968513901	0.028335745605599122	2
UNC13D	2.8509524	2.2227242	0.0053161672883308185	0.028524966728188127	2
UBAC1	2.8452575	1.2524483	0.005362475336801075	0.02873207432454391	2
NTAN1	2.8450055	1.0808816	0.005347985966083642	0.028668179205435743	2
SASH3	2.8420265	1.8748674	0.005422382839903019	0.02901597684001072	2
PQLC1	2.841094	1.2509199	0.00543375130505447	0.029067536287533013	2
ERAP2	2.8362923	1.8088024	0.0055236962833026156	0.029478169775378364	2
EPB41L2	2.8340764	1.4944077	0.005534520717571564	0.029526540383023353	2
RAP2A	2.8332973	1.6396234	0.0055766463092535665	0.029713470033149145	2
PDE4A	2.8312519	1.7430179	0.00560417077951186	0.029841164012638085	2
SLFN11	2.8303564	2.1594777	0.005646442209130661	0.030028114497614004	2
SLC46A3	2.8214455	2.198737	0.005793987012123033	0.03069595930715821	2
GIMAP2	2.8198113	1.9322999	0.0057918346866956145	0.03068940398522237	2
SLAMF9	2.8112714	4.666271	0.006012734332980631	0.03170462541463659	2
HACD4	2.8023999	1.5054221	0.006065542657961617	0.03195795888952098	2
PLBD2	2.7958162	1.537856	0.006197089693333201	0.03252841712114067	2
KDM6B	2.7956853	1.0747377	0.00617589042574788	0.0324374476620748	2
TET3	2.7953887	2.1250968	0.006245750820104469	0.03274796439848742	2
GBE1	2.7845669	1.574102	0.006410620192169361	0.033528553230243646	2
SNAP23	2.7818472	1.0663022	0.006423391207035655	0.033584873651626324	2
TMEM173	2.7806368	1.4208611	0.006466656108016404	0.033795280853689345	2
OSTM1	2.779072	1.4765552	0.006502260279960524	0.03396018561976891	2
HK3	2.778705	26.240248	0.006603101434243207	0.03441184356835789	2
SFMBT2	2.7782743	2.2097704	0.006566287360947325	0.03424741298692023	2
CH25H	2.7738352	3.5966632	0.006677061955584055	0.03471637498872187	2
ITGB7	2.7737305	2.0784936	0.006623983922032476	0.03448787962279035	2
IL2RG	2.7703612	1.1327766	0.006555263215217768	0.03420505343833528	2
GPR132	2.769984	2.863419	0.006722212226145116	0.034897031462178194	2
DICER1	2.7675316	1.0695564	0.006704752851995946	0.034827956544648604	2
MKNK1	2.7672226	1.3245199	0.006719870087374868	0.03489027284839635	2
ANGEL1	2.7657924	2.4626231	0.00680401490300405	0.03527801265445337	2
PLAC8	2.7623081	2.475909	0.00685150568841153	0.03549681067269248	2
STX4	2.7588854	1.0413997	0.006855129781919417	0.03551010162399369	2
BHLHE41	2.758718	1.5118451	0.006898086527325505	0.03569954022728356	2
GLA	2.7567925	1.3347715	0.0069112339344456035	0.0357455200301064	2
GAS2L3	2.7560477	3.190681	0.007013274675371884	0.03618957629025359	2
ETV6	2.753412	1.1746634	0.00696954452040582	0.035991607815078	2
HAAO	2.7523425	2.8070018	0.007076266837825321	0.036464136734905374	2
C3orf62	2.7459824	2.01853	0.007178232237533067	0.03693606490424242	2
TENT2	2.7443616	1.2321361	0.0071695361230574685	0.03689940326890756	2
GBA	2.7429812	1.3201457	0.0072028833131022735	0.03705397380441156	2
ADPRH	2.7381852	3.0507889	0.0073638450405310064	0.037795061439089596	2
HSD17B14	2.7378292	2.0699766	0.007339674959094266	0.037694080202569404	2
AC015912.3	2.7361448	2.4056113	0.007397414448544192	0.0379557408625701	2
AC004817.3	2.7359507	6.0595536	0.007445306306970221	0.03815477751597986	2
EPS15	2.7357068	1.1648241	0.007348404204274972	0.037727357326739146	2
SLC11A2	2.7350593	1.2418945	0.0073620352789905965	0.03779155575338592	2
ASCL2	2.7338324	1.8654472	0.007435461089216125	0.038115971327127934	2
MT-ATP8	2.732253	1.2348956	0.0074075685655187505	0.037996216127246435	2
RGS18	2.728673	4.3978715	0.00758929773279303	0.038827430636914434	2
CBL	2.7242863	1.6662631	0.007605751151152194	0.03889380993456255	2
DDX58	2.7205098	1.849494	0.007702884438556078	0.039312606048936306	2
GNPTAB	2.718955	1.0979073	0.007684931619783059	0.03924486776174537	2
GNGT2	2.717146	3.8168364	0.007830095131190123	0.03987083965314224	2
FAM26F	2.7012098	26.605814	0.008210305541579813	0.04150442474304876	2
LILRA2	2.7011921	4.527993	0.008201947193381878	0.0414746737242909	2
VPS13C	2.6996207	1.2150214	0.008133033374779249	0.04121318513725197	2
MOB3B	2.6995428	2.3375466	0.008190939761737686	0.0414377542305345	2
TOR4A	2.699463	3.0152822	0.00821191775223092	0.04150631906684408	2
ARHGEF40	2.697059	1.8302426	0.008209394459552448	0.04150442474304876	2
DOK1	2.6966956	1.7784684	0.008224344904330308	0.041556606272392715	2
CPQ	2.6928556	1.1979886	0.008245210284054389	0.04164948767130546	2
UBR4	2.6906679	1.093817	0.008320920931764043	0.041975035189095775	2
SETX	2.6905286	1.1877924	0.00834160587581484	0.042054081268706675	2
DTX3L	2.6842325	1.1805446	0.008480830392454274	0.042685403990592556	2
ITSN2	2.6743298	1.0861899	0.008694846512520532	0.04361206024771215	2
TBC1D1	2.6710203	1.3318125	0.008804848712839477	0.044064970259228425	2
CLN8	2.669863	1.1885343	0.008818725928131516	0.04412783624577938	2
SMPDL3A	2.668451	1.5189524	0.00888239187106342	0.04439342955555627	2
ADAM9	2.6636164	1.2696724	0.009008580760280506	0.04495712055952514	2
MAP3K3	2.6634016	1.8838122	0.009053049479236944	0.04513874425198251	2
BEST1	2.6615722	1.6800231	0.009077078009614166	0.04523165555199358	2
FMNL3	2.6580136	1.8507808	0.009155826485632401	0.04556314186269976	2
ATXN1	2.6578913	1.0151501	0.009101269040539692	0.045325265759278664	2
PARP4	2.6569343	1.7429816	0.00918907410138517	0.0457041806199378	2
APOBEC3G	2.6548533	1.2149014	0.009118404802409519	0.04539712267739612	2
KCNJ5	2.653607	26.403381	0.009366316902796936	0.04647272710602249	2
RPE	2.6528754	1.290262	0.009271315960156483	0.046069512388090164	2
CX3CR1	2.6497536	4.4437723	0.009450881104451817	0.046802303724260794	2
APOL6	2.6454086	1.1198661	0.009437243173517006	0.046748570858504486	2
KMO	2.6420255	2.6066546	0.00963009536360017	0.04754239455262192	2
PPM1M	2.6391313	1.5441288	0.009611634931509634	0.04748103006821829	2
TPST2	2.6387806	1.0828812	0.009590892864148316	0.0473976922876674	2
TMC6	2.633549	1.1653489	0.009764271021391529	0.04810812896070412	2
SCN1B	2.6331859	3.3017879	0.009880628145822185	0.04857191098329502	2
CD209	2.6317728	26.2332	0.009944358551174258	0.0488422507197153	2
PHC2	2.6290388	1.0991596	0.009874144364286516	0.04855427006634423	2
SHKBP1	2.6281443	1.177017	0.009908781452509315	0.04868890106923746	2
ACSL5	2.6263468	1.9048184	0.010004853822871808	0.04907470050788876	2
TRPM2	2.624956	2.2819178	0.0100658470938535	0.049308978731552544	2
OLFML2B	2.6206372	2.0111415	0.010156350074427035	0.049650799861005276	2
PPP4R3A	2.6205754	1.0162004	0.010109471474027416	0.04947210135838249	2
CRYAB	10.909231	3.733578	7.456808659654614e-16	5.557973761188343e-13	5
KRT7	10.78541	2.5410402	3.2182144460332224e-16	2.7677469419077e-13	5
NFIB	8.551011	2.807863	6.090374344997105e-12	1.8077632381021937e-09	5
SFRP1	8.2780695	3.4464154	1.9707939023832946e-11	5.045984601514358e-09	5
KRT17	7.9685454	3.5762255	5.738587738561433e-11	1.300526833372223e-08	5
CD59	7.780959	1.7929728	7.11182022034754e-11	1.6009232349709853e-08	5
FBXO32	7.4945073	3.099862	4.282616577690698e-10	7.560170664859141e-08	5
KRT14	7.096479	3.2018905	1.6451122765898203e-09	2.420118897767507e-07	5
CALD1	6.99431	2.1387036	2.023099531157633e-09	2.9123082135003505e-07	5
TAGLN	6.791346	3.7518573	6.589180694414867e-09	8.308560513961243e-07	5
ANXA1	6.7342863	2.1478486	6.3780132823522755e-09	8.072639377485949e-07	5
GSTP1	6.6076226	1.480601	7.516070891939962e-09	9.371618356377632e-07	5
GABRP	6.60521	3.087346	1.3413145877781806e-08	1.5841208657981676e-06	5
MGP	6.5152154	3.0451255	1.6551004898724653e-08	1.8882219568303525e-06	5
SYNM	6.4200344	4.9093494	3.046604903079387e-08	3.3503663952192044e-06	5
S100A6	6.332291	1.6121547	2.473813823878374e-08	2.7566175902559645e-06	5
TM4SF1	6.1661353	1.7024971	5.067500246777966e-08	5.262198940469961e-06	5
KRT15	6.055567	3.2285495	1.1071892959700356e-07	1.017431128113177e-05	5
SAA1	6.0379763	3.0803387	1.1415700646341821e-07	1.0433079438118555e-05	5
PERP	5.872965	1.4326301	1.4669704688497334e-07	1.3051367770739765e-05	5
NDRG2	5.8248057	2.6510146	2.643222875870948e-07	2.115903066338603e-05	5
KRT23	5.814197	2.9805846	2.796839196747643e-07	2.2177017375440355e-05	5
LMNA	5.756102	1.2215571	2.55400542826942e-07	2.0641902667369787e-05	5
DSC2	5.585964	2.5564508	6.480512144828071e-07	4.634602512786319e-05	5
ACTA2	5.583156	3.384154	6.681302697998508e-07	4.7680334849695305e-05	5
MIA	5.5220566	3.58978	8.641817786339458e-07	5.927509414552388e-05	5
KRT5	5.49935	2.7715938	8.769332102424773e-07	5.990471854326462e-05	5
CSRP1	5.4699764	1.980477	9.410835004519911e-07	6.363887437229885e-05	5
ACTG2	5.4203606	5.4150343	1.290424021509488e-06	8.244211829609474e-05	5
TUBA1A	5.3518877	1.7168115	1.4070536941279922e-06	8.887756676976833e-05	5
S100A1	5.328511	3.0160615	1.7400790378594652e-06	0.00010630963753887856	5
CLU	5.3005414	2.0405922	1.7684628539235797e-06	0.00010784729560627415	5
MFGE8	5.1404004	2.0002704	3.137062726190382e-06	0.00017565980116719803	5
ACTN1	5.1071677	1.7156768	3.5560576703407496e-06	0.00019425688977345128	5
MYL9	5.091426	2.361925	3.924151215668237e-06	0.00021297727495910737	5
PTN	5.076646	5.597686	4.523222779047257e-06	0.00023891876414491975	5
PDLIM4	5.070937	2.080781	4.1699644664255e-06	0.00022316490908427686	5
MYLK	5.0407734	3.0780041	4.96817814641283e-06	0.0002597505716383948	5
CMTM7	5.028566	2.2592614	4.971821561427789e-06	0.0002597505716383948	5
PCSK1N	5.026101	3.3652225	5.243090436179453e-06	0.0002726488315037132	5
EIF3D	5.021095	1.2745525	4.569482279700692e-06	0.00024098271248968695	5
PRNP	4.969227	2.057882	6.067857377740527e-06	0.0003083666731921137	5
BEX2	4.9372277	2.305806	6.906417119088038e-06	0.000342168591715409	5
PLPP2	4.911438	1.5529859	7.18400024806102e-06	0.00035383047330428	5
STAC2	4.9016213	4.869055	8.404530049786978e-06	0.00040913837793890426	5
NNMT	4.822833	2.15113	1.0204843937648873e-05	0.00048314448758479797	5
AARD	4.783385	2.5253022	1.2303190437993683e-05	0.0005645161566084078	5
YBX3	4.761351	1.2368052	1.1384312638430953e-05	0.0005318122983365078	5
TCP1	4.694691	1.2372317	1.5279357349980926e-05	0.0006761014840048948	5
TMEM123	4.686994	1.0834894	1.4960623762743652e-05	0.0006637490497700857	5
RARRES1	4.647863	2.3366396	1.9515521743624645e-05	0.000838117944690031	5
KRTCAP3	4.639648	1.8581692	1.9585221433240525e-05	0.000840035693212686	5
CDC42EP1	4.632427	1.982978	2.0452813574621965e-05	0.0008683643292486016	5
PROM1	4.6230483	3.691424	2.2344006229951266e-05	0.0009368003911984943	5
EPCAM	4.613522	1.5463341	2.113965702141733e-05	0.0008963909433063953	5
CD24	4.611966	1.4978589	2.02673462965656e-05	0.0008626739367171405	5
PPP1CB	4.588537	1.20286	2.2213980208886175e-05	0.0009336830954714927	5
SYCE1L	4.560586	2.9126563	2.7233619957415738e-05	0.001119415253666276	5
S100B	4.5558114	4.9274664	2.8450207029712903e-05	0.0011637175536385372	5
TACSTD2	4.5414	1.4466611	2.5886527904876784e-05	0.0010706042323766613	5
DST	4.5269895	2.3642635	3.052343697047655e-05	0.0012319935011152275	5
TPM2	4.524426	2.3494666	3.0378295761762486e-05	0.0012276125519822597	5
ELF5	4.487339	3.351335	3.567775763209127e-05	0.00141116470370044	5
SCPEP1	4.4468327	1.8710002	3.9272793154531385e-05	0.0015299056390199039	5
MPZL2	4.408377	2.2328372	4.5442388385279154e-05	0.0017280988081980137	5
DSG2	4.377215	1.7204305	4.925114073129626e-05	0.0018457346494619082	5
XRCC6	4.3301387	1.1120042	5.4948798522501096e-05	0.002029777148946266	5
CHI3L1	4.314677	2.951414	6.404653491765955e-05	0.0023223619758629397	5
CTGF	4.2731752	2.1759284	6.911688016556647e-05	0.002482065607744395	5
LY6E	4.262992	1.3505266	7.207896466713575e-05	0.0025664549404462843	5
CNN3	4.2368937	1.1761323	7.568934080172037e-05	0.002680777381024818	5
APP	4.2264524	1.169759	8.067296104720848e-05	0.002815662629016045	5
ROPN1	4.219061	4.034781	8.971985939573577e-05	0.0030769875296445537	5
MMP7	4.1847563	2.584846	9.819393731781401e-05	0.0033100732176651253	5
CCDC14	4.183888	1.7062681	9.577956775899729e-05	0.003250385112345595	5
SFN	4.1748905	2.0244722	0.00010021587465379239	0.0033647053571199707	5
TNFRSF12A	4.1584563	1.543711	0.00010276622206064975	0.0034297331881952766	5
FXYD6	4.1092396	2.994982	0.00012801193290778033	0.0041087542982391	5
S100A13	4.1082845	1.0150617	0.00011578852682057173	0.0037632393198534847	5
KLK5	4.1070623	4.693221	0.00013103817031803446	0.004193846632287399	5
LDHB	4.061887	1.190427	0.00013975744194184695	0.004426444155025013	5
MPZL1	4.044314	1.2968659	0.00014982752268299422	0.004700996200477371	5
ITGB4	4.00107	2.8858669	0.00018329469502987325	0.005558668504518064	5
SLC25A37	4.0005536	1.4138874	0.00017421006044066704	0.005311981488400375	5
PFN2	3.973079	1.6936659	0.000196213706168155	0.0059024250390906615	5
FAT1	3.9722524	2.2853343	0.00019820655334426413	0.005935755362249967	5
PART1	3.9704587	2.6463034	0.00020229923352560212	0.006031394303717529	5
MDFI	3.9296298	1.962128	0.00022757069411700708	0.006666330699893916	5
GPM6B	3.927669	2.2467625	0.00023045239629300562	0.006715555016562729	5
RPAIN	3.9270844	1.3038625	0.0002220534370617414	0.006527514752399533	5
TRIM47	3.9231532	1.8191655	0.00023070245292582795	0.006717006053459371	5
CAV2	3.9130695	2.404419	0.00024260373271365733	0.006987598523584043	5
ETHE1	3.8995652	1.3277576	0.0002445371656162773	0.007028295691461487	5
CTNND1	3.8837943	1.2489065	0.0002531503515710755	0.007226311440038675	5
MDK	3.8629625	1.1906456	0.0002685013323418426	0.007567901838720793	5
TRIM29	3.8615205	2.6165307	0.0002883192288991174	0.007992161369012643	5
HSBP1L1	3.8329523	1.38344	0.0003050499709263343	0.008372897769918312	5
IFRD1	3.8281999	1.4123089	0.000310093518867176	0.00848356175882867	5
TKT	3.8187532	1.2089568	0.0003186640868909139	0.008675578034422194	5
KRT16	3.8131497	2.611799	0.00033457168218984615	0.009042601766583103	5
COMT	3.8105743	1.0316205	0.000316844879398288	0.00864710667200812	5
FHL2	3.8004847	1.5308021	0.00034176056607933703	0.009199832381113196	5
ID4	3.7533534	2.253491	0.0004029169189410465	0.010549755174240156	5
IL34	3.7523525	2.7843907	0.00040881715165136016	0.010633159168594808	5
TAX1BP3	3.7476928	1.4140582	0.0004003527564425583	0.010496495234995315	5
ODF3B	3.7419908	1.4023836	0.00040721201485986166	0.010629025829116436	5
CRNDE	3.7412407	1.0542935	0.0003996070803160684	0.010487653427919602	5
HRCT1	3.7410471	3.9299433	0.0004307605623532212	0.011071371664283059	5
OAT	3.7333946	1.2674869	0.0004207059137535898	0.010889473633921329	5
PHF20L1	3.7242424	1.2865447	0.0004331323116626773	0.011115295229898898	5
NTRK2	3.7029603	2.6396797	0.00048122169486128184	0.012180808972219532	5
JAGN1	3.6943107	1.4589977	0.00048155250878516146	0.012180808972219532	5
NKX2-5	3.6928747	7.446659	0.0005042259382145636	0.012649395806772386	5
RCN1	3.685682	1.516727	0.0004953550576680404	0.01245480059163699	5
ITGB1	3.6825106	1.0682647	0.0004902691684007616	0.01237330186405564	5
ANXA3	3.677455	2.0407176	0.000512808448737668	0.012845487811135268	5
CAPN2	3.6689868	1.5968499	0.0005253955056883203	0.013082621125680736	5
FAIM	3.666859	2.0372427	0.0005312229725176349	0.013192507307933303	5
SNX7	3.6634607	1.9799211	0.0005315525724994182	0.013192507307933303	5
SORBS2	3.6495724	1.8275329	0.0005620080698099534	0.013725400747281652	5
PHGDH	3.6425145	1.5820035	0.0005675340976740523	0.013824009564332163	5
GDI2	3.6253755	1.03719	0.0005894171195006024	0.014274108018173073	5
ATL2	3.621285	2.3495815	0.0006207903106015889	0.014915421065822273	5
SERPINH1	3.6099489	1.3532039	0.0006196334404684023	0.014908545574588858	5
GPATCH8	3.5739925	1.3466994	0.0006985209334974602	0.016372530140068703	5
SAA2	3.5686545	2.9194515	0.0007347637184835784	0.017078801026789818	5
SYT8	3.5625334	6.8042636	0.0007579964950074427	0.017497563963554463	5
EPS8L2	3.5590768	1.7966651	0.0007433674832894669	0.017207238617675643	5
PPP1R14A	3.5360944	3.570906	0.0008168303154837909	0.01858704586949921	5
MT1X	3.5338957	1.3256872	0.000781895638664536	0.01797502509694805	5
SPEG	3.5273154	3.0913706	0.000833237257264733	0.01886612563826079	5
KRT81	3.5130987	2.959669	0.0008743050928205054	0.01960231759244156	5
PPP1R1B	3.4986076	1.960316	0.0008962891421427373	0.020031509128709848	5
ROPN1B	3.4914138	2.6216996	0.0009296547947534754	0.02052768365426354	5
CXCL16	3.4912899	1.3209883	0.0008970312963633223	0.020031509128709848	5
SLC3A2	3.4894016	1.0472273	0.000899464311049881	0.020072476684580214	5
KLF10	3.471569	1.3366884	0.0009611869114424514	0.021112750619968083	5
OFD1	3.446432	1.2998248	0.0010418698204854011	0.022618353170809607	5
ITGA2	3.444887	2.438496	0.0010741909152710376	0.023170056263090592	5
VTCN1	3.4345844	1.8983502	0.001098081069841016	0.02360944689970354	5
ST6GALNAC5	3.4223025	3.325945	0.001154738111981025	0.02459115619933686	5
CCNC	3.4221923	1.3188384	0.001128234837690575	0.024134008093736975	5
HIST1H2AC	3.4048023	1.6373287	0.0012030269091093657	0.02537427419896008	5
SLC12A2	3.4018583	1.7320156	0.0012129280353508866	0.025474526758737685	5
KCTD1	3.398841	1.6547906	0.0012126915706464538	0.025474526758737685	5
CDC5L	3.3974314	1.2875617	0.0012075581291184228	0.025409477546274165	5
TPD52L1	3.3968089	1.3245064	0.0012180637109400387	0.0255383652768902	5
CLDN3	3.3933134	1.1720248	0.0012158053875895298	0.02551897903951215	5
TTLL4	3.386449	2.46733	0.0012767163439413199	0.026531810961670264	5
ARHGEF9	3.3839357	1.7339703	0.0012659013729189694	0.026351207525626672	5
SAMM50	3.3828764	1.4855158	0.0012664543851200083	0.026351207525626672	5
EIF2A	3.3741932	1.1958383	0.0012940484991400183	0.026858713310430292	5
OBSL1	3.3694928	2.2436645	0.0013431689683409337	0.027677988583477354	5
SDC2	3.3593187	1.6095412	0.0013690860880514394	0.02813757137214052	5
TATDN1	3.3473237	1.0797753	0.0013995055897276366	0.028608068991559092	5
NCOA7	3.3420713	1.7115664	0.001452532874072137	0.029509027940189916	5
LTF	3.3305554	2.8807054	0.0015251672687368672	0.030667170192146258	5
WWTR1	3.3287632	1.5974613	0.0015018724676546054	0.030283125254124726	5
PDLIM3	3.3210213	1.6195946	0.001525998242470174	0.030667170192146258	5
SMOC1	3.3207517	3.4036353	0.0015665766255854431	0.03131770235796593	5
CLDN4	3.3044367	1.0014629	0.0015770637598167955	0.03148589021905663	5
THUMPD3-AS1	3.3004375	1.0907063	0.0016207999973576331	0.03209164858994827	5
RCN2	3.2971652	1.0349095	0.0016300489184016345	0.032255734968796	5
SYNE2	3.2844298	1.3343781	0.001700084919405726	0.0333660317623098	5
SAT2	3.2733338	1.0793375	0.0017429055254238812	0.03400744283202001	5
PRAME	3.2712522	4.1736894	0.0018261037450194358	0.035229045428580186	5
C6orf132	3.268576	1.3080887	0.0017773599137346945	0.03453906655073893	5
STMN1	3.2617033	1.10166	0.0018026785591249222	0.0349097237595895	5
CLDN23	3.2605023	3.2360833	0.0018807121553724307	0.036191030638753126	5
FMO2	3.2592173	3.2640958	0.0018862535145025576	0.03625411300665783	5
TANK	3.2497737	1.225767	0.0018938041961937904	0.036338722279482795	5
AIF1L	3.246287	2.0536325	0.0019354648718294628	0.03705332606508677	5
ARL4A	3.2366896	1.5664879	0.001987106867109612	0.03786760227771337	5
PACSIN3	3.2277386	1.6346387	0.0020249749011142385	0.03841115845707372	5
SOX10	3.2264686	2.6970706	0.0020702852437535007	0.039102695625580206	5
CHI3L2	3.21838	1.6328521	0.0020803513057426667	0.03920059727298583	5
FOLR1	3.2136638	2.377516	0.0021487512046474413	0.04021833937225437	5
OGFRL1	3.2135663	1.4896622	0.002118914195516945	0.039748602366797454	5
EHF	3.1998346	1.7184547	0.0022175591211148343	0.041275888169429883	5
RAB40B	3.19183	1.4764127	0.002258066216687935	0.041867218891061375	5
TUSC3	3.1807632	1.5358312	0.002337642683698182	0.04300243254559895	5
TCF7L1	3.1750083	1.957926	0.002382341027594122	0.043540083363400324	5
ASS1	3.1648693	1.8271712	0.0024580575599681166	0.044637633253324635	5
CRABP1	3.1593394	2.811112	0.002535378711982367	0.04557295679453407	5
ARL16	3.156525	1.1576803	0.0024814462230812098	0.04498929068560371	5
KDSR	3.1563277	1.1303234	0.002486815998420985	0.04506228817019895	5
VGLL1	3.155102	2.4788864	0.0025477476910882695	0.04569732904106505	5
NFKBIL1	3.153434	1.3437124	0.002507324589446327	0.04531151619322158	5
PLEKHS1	3.1472054	3.0303855	0.0026173450324735743	0.04669594134797667	5
NOL12	3.146109	2.6114452	0.0026235892710422953	0.04674718077575603	5
CDH3	3.1456928	2.1504848	0.0026075329647243218	0.04659523876921603	5
IRF6	3.1438437	1.3325753	0.0025943292937965754	0.04638400791217001	5
CRIM1	3.142595	1.9605708	0.0026390479404831343	0.04685881787810736	5
PTPRK	3.1394386	1.410281	0.002623724024553877	0.04674718077575603	5
PCP4	3.1389978	6.180316	0.0027032062672882654	0.04779559378551171	5
PIGR	3.1329508	3.216785	0.002729377056501912	0.048057557665173375	5
C1R	3.1319613	1.4193307	0.0026375549070736643	0.0468571128909734	5
NET1	3.1288953	1.249542	0.002706514805280451	0.04780932942922674	5
MYC	3.1276555	1.2182733	0.0027172065032233625	0.047916836658577704	5
TMEM61	3.1270623	3.0121853	0.002778573583079927	0.04866498886421317	5
BBOX1	3.1254075	3.6064773	0.0028004371387354734	0.0488867657803004	5
MT1E	3.1250198	1.2281632	0.002736947793308077	0.04816367572683432	5
CBY1	3.120291	1.3860974	0.002778092231421245	0.04866498886421317	5
RSU1	3.1114414	1.185335	0.0028324192543975235	0.04932615483475978	5
APOE	3.1098104	1.391893	0.0028241011401314215	0.04920684485254442	5
COL1A2	28.549557	9.054719	1.9907187992100547e-37	1.4206531754107329e-34	4
COL3A1	26.355892	9.0493555	2.596523014946645e-35	1.527894358672376e-32	4
CALD1	25.862368	5.150784	4.748959278451095e-37	3.12323221879467e-34	4
COL6A2	23.44834	6.6903553	8.506445846749666e-33	3.8041960019444076e-30	4
COL1A1	23.064775	9.112276	4.676156252914369e-32	1.9605369609875108e-29	4
SPARC	21.436531	7.1616683	1.5352645007702317e-30	5.658715013223554e-28	4
VIM	20.94649	3.5806222	1.6183349530676836e-37	1.1800124491487647e-34	4
COL6A1	19.821981	6.626198	1.4916106950679605e-28	4.719822105969289e-26	4
DCN	19.706827	7.748165	1.7458934305143803e-28	5.472804818026433e-26	4
LUM	18.415499	7.4109397	8.29950077709035e-27	2.3590979285117576e-24	4
COL6A3	17.58414	7.20869	1.0260137304977378e-25	2.688556760517549e-23	4
IFITM3	17.573385	2.8644125	1.5226237797000855e-29	5.158618605547532e-27	4
LGALS1	16.597626	3.4082975	6.463570563007949e-27	1.8689191401193935e-24	4
VCAN	16.018394	5.922683	7.132883715948055e-24	1.6386578953192719e-21	4
BGN	15.798304	6.0978804	1.9606231541725128e-23	4.355050411529818e-21	4
FSTL1	15.567746	5.7643285	4.047438361737711e-23	8.872884319676114e-21	4
RARRES2	15.447304	6.393425	6.520485069316457e-23	1.3841999348730586e-20	4
AEBP1	15.205589	7.6951685	1.7923803512395488e-22	3.621580081983476e-20	4
IGFBP7	15.148383	5.2671866	6.368610977373656e-23	1.3605705782935655e-20	4
FN1	15.004464	5.9146566	1.4949353201440465e-22	3.0574161934726503e-20	4
THY1	14.679899	7.944927	1.0066604973226278e-21	1.8654364497623347e-19	4
THBS2	14.649552	6.9816957	1.0064733212716197e-21	1.8654364497623347e-19	4
COL5A2	14.623408	7.8519154	1.1974296856213698e-21	2.1477534270281477e-19	4
TIMP2	14.330903	4.6983733	1.6916707030260737e-21	2.970697751319243e-19	4
FBLN1	14.22743	5.8501062	3.5100929720923274e-21	5.916182330499937e-19	4
PRRX1	14.057952	5.6883583	5.457593185559761e-21	9.152656651842998e-19	4
TIMP3	13.987213	5.3217	5.805322638840759e-21	9.687379434296413e-19	4
TAGLN	13.960227	5.86424	6.268410946048383e-21	1.0408355026802417e-18	4
MMP2	13.666824	6.8898077	2.698207904166666e-20	4.189842190446952e-18	4
IGFBP4	13.304485	4.843698	6.358865953451117e-20	9.437288625871854e-18	4
NNMT	13.289323	4.1814647	3.408584507996434e-20	5.196696953759472e-18	4
MXRA8	13.212636	5.768414	1.2132956848411008e-19	1.7317085346917174e-17	4
C1S	13.199888	5.6478453	1.1181205794003243e-19	1.6235014005916136e-17	4
CCDC80	13.098352	6.492883	1.767516971228246e-19	2.490936417309521e-17	4
SERPING1	13.061655	4.3926673	1.1948488535051438e-19	1.7126677519408558e-17	4
SERPINF1	12.869221	5.839685	3.7152370337362987e-19	5.128097339446469e-17	4
PCOLCE	12.07183	6.338338	7.336495553310549e-18	8.63415429310839e-16	4
CTSK	11.680789	6.3750296	2.843490209623847e-17	3.1791168373664487e-15	4
COL5A1	11.600742	7.1835194	4.283486841966511e-17	4.679883783921783e-15	4
C1R	11.578	5.433346	4.0272172735766904e-17	4.443318900428808e-15	4
ISLR	11.246092	6.904749	1.5607801579695935e-16	1.630845086556328e-14	4
S100A6	11.226014	1.9632118	1.2982250616119658e-18	1.694309991888208e-16	4
LRP1	11.137724	5.4582267	2.0945000353703867e-16	2.15495784313982e-14	4
CTHRC1	11.091391	4.877529	2.220906862364427e-16	2.2780255984882336e-14	4
MYL9	11.059812	4.4266124	2.2316269155162404e-16	2.2820426333332383e-14	4
SFRP2	10.976577	7.9806147	4.351257583215912e-16	4.305177893765336e-14	4
POSTN	10.6235	8.079324	1.6343824044464777e-15	1.5060115447126184e-13	4
TCF4	10.606363	3.865104	1.04518459777989e-15	9.819758149617727e-14	4
CAVIN1	10.467471	3.7406933	1.827851655816254e-15	1.6569722266954858e-13	4
ITGB1	10.451962	2.480796	1.0236732443103835e-15	9.644669743655779e-14	4
FBLN2	10.235116	5.766813	6.458854411030687e-15	5.375593940456086e-13	4
FBN1	10.139815	6.903534	1.0061526801161112e-14	8.131895673198671e-13	4
TIMP1	9.991026	2.9235053	7.108085641376021e-15	5.886723469071435e-13	4
HTRA1	9.872437	5.747477	2.630540800090446e-14	2.0098170609529307e-12	4
CDH11	9.845271	6.096638	3.044236652932476e-14	2.3048925863658733e-12	4
PALLD	9.822138	3.8072374	2.6462500129928776e-14	2.0172243564953205e-12	4
TPM2	9.771684	3.6343634	2.477496221491585e-14	1.8972077800239554e-12	4
CXCL12	9.754947	6.50749	4.3091273130384717e-14	3.1905615718901408e-12	4
PDGFRB	9.503809	6.4892435	1.1473853976984697e-13	8.101990236674605e-12	4
COL12A1	9.495069	6.342946	1.1932097654477855e-13	8.360970373921366e-12	4
MXRA5	9.398631	5.318844	1.6680257035356542e-13	1.137139230127833e-11	4
NBL1	9.337024	3.6391068	1.7001983725961697e-13	1.1567211686662906e-11	4
EMILIN1	9.237876	6.6998987	3.283219858212016e-13	2.125916549503653e-11	4
MEG3	8.992582	5.3686485	7.732486852312128e-13	4.7851539024612744e-11	4
ASPN	8.962771	8.291174	9.793748447986789e-13	5.961744404608437e-11	4
LIMA1	8.894859	2.9139614	8.58701752122453e-13	5.2653958807932725e-11	4
PPIC	8.8269615	3.078851	1.2100391621842243e-12	7.245644732564733e-11	4
LOXL1	8.816731	5.1658688	1.6423730623047896e-12	9.681341807164316e-11	4
EFEMP2	8.722365	5.5909524	2.4114328590722306e-12	1.3825960602759261e-10	4
SPON2	8.701227	4.2442727	2.3533362380050075e-12	1.3547789125038931e-10	4
PMP22	8.635902	2.8995302	2.2615977818068962e-12	1.3123918892661783e-10	4
MRC2	8.548621	5.0525117	4.713422475397401e-12	2.5916869384803977e-10	4
CRISPLD2	8.545517	5.7990737	4.803301144922421e-12	2.632475877481093e-10	4
ACTA2	8.367985	4.8056045	9.123418668608526e-12	4.788866753737067e-10	4
CD99	8.362945	2.3136714	6.064676264223279e-12	3.286192351830582e-10	4
SPARCL1	8.323138	4.0960417	9.517648877393695e-12	4.980209999947924e-10	4
CAVIN3	8.289919	3.9917414	1.1793224599887415e-11	6.076137424037232e-10	4
PRSS23	8.277648	3.1676362	1.0339658279283008e-11	5.376782610006688e-10	4
CALU	8.174475	2.4972448	1.4848409563989553e-11	7.474105699345878e-10	4
MFAP5	8.167299	4.8703337	2.0593767712754082e-11	1.0054375005145337e-09	4
ADAM12	8.159413	5.8916297	2.2723744438436107e-11	1.1030059510992555e-09	4
CST3	8.067495	1.6929431	9.118815749553637e-12	4.788866753737067e-10	4
FLNA	8.024713	2.8611093	2.936609738684797e-11	1.3991026597333349e-09	4
CTGF	7.9694986	5.242318	4.659181341027626e-11	2.1348852644727817e-09	4
SULF1	7.886566	5.507298	6.612590048264304e-11	2.9770856752863492e-09	4
GSN	7.881471	2.518737	4.555216694218043e-11	2.0901029157423718e-09	4
MFGE8	7.8185005	2.5859559	5.430202358300166e-11	2.467946033871895e-09	4
LAMB2	7.8103766	3.7810838	8.193097621805651e-11	3.644624500437445e-09	4
SDC2	7.7256837	3.1699069	1.0356479539277911e-10	4.5348130577926946e-09	4
MMP11	7.5632935	6.989456	2.463632193823189e-10	1.0277697439430794e-08	4
SERPINH1	7.5600276	2.8729968	1.997588130184745e-10	8.470430274908537e-09	4
GAS1	7.5189495	6.225784	2.8796265756574706e-10	1.185098834038371e-08	4
IFI27	7.4913955	2.116149	1.12917118453881e-10	4.931449309976071e-09	4
COL10A1	7.392722	8.407757	4.862833815313279e-10	1.9098865222414836e-08	4
S100A4	7.391684	2.2918773	2.602254585494173e-10	1.0829059683878417e-08	4
PDGFRA	7.3831983	5.3614745	4.917640721448993e-10	1.929153069451704e-08	4
C3	7.37823	4.297407	4.761487582912849e-10	1.8810960543990558e-08	4
PDLIM2	7.362793	2.961497	4.5731163030287075e-10	1.8152295138448032e-08	4
DPYSL3	7.339298	5.1268163	5.819998894879047e-10	2.2515407489404626e-08	4
THBS1	7.281998	3.4738445	6.589437158176422e-10	2.5259007053988044e-08	4
COL14A1	7.2761517	7.3101416	7.696164640494149e-10	2.9234094927159034e-08	4
LAMA4	7.271976	4.531271	7.369307723920918e-10	2.8087948905458126e-08	4
UACA	7.2204347	3.8281415	8.8724577026696e-10	3.339967495008317e-08	4
ANGPTL2	7.1937485	6.040644	1.0520109990559459e-09	3.933723625343978e-08	4
ANTXR1	7.1477637	4.779686	1.2467646323404493e-09	4.620743926334918e-08	4
PLAC9	7.132975	6.1535735	1.3419927606873816e-09	4.962709943353415e-08	4
DDR2	7.10131	4.6911454	1.4738157908327515e-09	5.426262946248224e-08	4
COL18A1	7.0542865	4.1125727	1.7622335755060057e-09	6.369297021125748e-08	4
LHFPL6	7.051803	4.3129997	1.7612531967345747e-09	6.369297021125748e-08	4
CLEC11A	7.0516615	3.4966042	1.7027681996154116e-09	6.2011452967753e-08	4
HSPG2	7.004958	4.275863	2.0923053187890246e-09	7.478584428588725e-08	4
MARCKS	6.9892664	2.1783807	1.6699639154880743e-09	6.101553343070316e-08	4
OLFML3	6.9746094	4.7032294	2.422623612548669e-09	8.499709057373945e-08	4
COL11A1	6.9468136	7.929051	2.8497546263817385e-09	9.874340901184907e-08	4
MFAP2	6.945741	4.3877172	2.739698213291574e-09	9.512651943272534e-08	4
RRBP1	6.915776	2.085648	2.381982564309494e-09	8.388594885312254e-08	4
RCN3	6.853269	4.769226	3.974795745047784e-09	1.345293885818847e-07	4
FBLN5	6.8273277	4.4242606	4.33994065228529e-09	1.4513055774506573e-07	4
MYH9	6.8130107	2.0117552	3.519450977288218e-09	1.207663758675762e-07	4
ITGB5	6.777782	3.313894	5.0814626560954075e-09	1.6775328636623628e-07	4
LAMB1	6.7039075	5.3449864	7.2722190365966764e-09	2.3252383098807353e-07	4
TSPAN4	6.702096	2.7561882	6.379182513038613e-09	2.065291126156642e-07	4
PODN	6.689087	29.773054	7.908237026000009e-09	2.5102544150200776e-07	4
CYB5R3	6.6872573	2.1133997	6.270900417918237e-09	2.036130405783113e-07	4
COL8A1	6.681301	4.859781	7.910732884160346e-09	2.5102544150200776e-07	4
NID1	6.6759796	5.849314	8.19091404545477e-09	2.586925122397349e-07	4
GPNMB	6.6387877	2.6421225	7.182442494814408e-09	2.2991141189114042e-07	4
ACTN1	6.638308	2.2243667	7.675773923344631e-09	2.444949032886062e-07	4
FAP	6.6164823	6.494251	1.0417728795348213e-08	3.2234413424794685e-07	4
TPM1	6.5807705	1.7594203	8.220763492539513e-09	2.591472070519434e-07	4
PSAP	6.577759	1.3202562	5.784879749055499e-09	1.887457701002631e-07	4
EID1	6.4661455	1.3757575	1.181509840475114e-08	3.5928396699343424e-07	4
PPIB	6.4565425	1.2885318	1.2169001943516612e-08	3.6870866683603497e-07	4
SFRP4	6.403532	6.872745	2.4073201142449893e-08	6.984768507949065e-07	4
SPATS2L	6.3988595	2.5049925	2.116131816170222e-08	6.198880108835408e-07	4
MMP14	6.397787	3.6994414	2.3501588807836956e-08	6.848538576921454e-07	4
KANK2	6.3708425	3.4610193	2.5739365219678217e-08	7.442448696838164e-07	4
DAB2	6.3550887	2.516691	2.3578447321536762e-08	6.864971368156811e-07	4
CPE	6.3471937	4.0722136	2.8966339455952024e-08	8.277170704255729e-07	4
SLIT3	6.3396463	5.736729	3.072638072678001e-08	8.726448229948588e-07	4
ITGBL1	6.311676	7.099162	3.4632329356565935e-08	9.720526853126176e-07	4
LOX	6.287042	5.1708865	3.7311493762385574e-08	1.0376988493235278e-06	4
IGFBP6	6.2693005	4.1724515	3.887402488322263e-08	1.077581544304273e-06	4
SMOC2	6.2647142	4.24803	4.022615105094566e-08	1.1141414800989004e-06	4
PLS3	6.2628865	2.9780338	3.7485257184645824e-08	1.0416677806381156e-06	4
ELN	6.261605	6.0781403	4.187783168461393e-08	1.15322196431333e-06	4
PLXDC2	6.246907	3.3302975	4.09446244887021e-08	1.13030753084408e-06	4
DPT	6.2450624	5.607438	4.42104325384719e-08	1.2104996879778662e-06	4
INHBA	6.223513	4.2184415	4.6247505835536675e-08	1.2611281245770207e-06	4
COX7A1	6.1838613	3.3581767	5.2272565198547115e-08	1.4071220781095255e-06	4
TGFB1I1	6.1804	4.3227434	5.600406279844729e-08	1.5027458162581765e-06	4
FIBIN	6.1639996	6.021236	6.108834818797778e-08	1.61973461389167e-06	4
SSPN	6.161141	3.2659733	5.78504001877872e-08	1.5448728285816644e-06	4
BMP1	6.1183043	5.2323437	7.253818115124028e-08	1.9052491260718484e-06	4
EMP3	6.106997	1.9289552	5.5419844604039026e-08	1.4882602144628286e-06	4
SELENOM	6.0731688	1.382952	5.8606058223940504e-08	1.5625642280518193e-06	4
P3H3	6.0629063	5.2355566	8.996864248433143e-08	2.310605196960898e-06	4
AHNAK	6.0247316	1.4662204	7.614401369097285e-08	1.993713007969493e-06	4
ECM2	6.013097	7.6751857	1.107590782825841e-07	2.79111212973415e-06	4
GLT8D2	5.9992647	7.2078056	1.166467521917832e-07	2.9284795772938628e-06	4
CYBRD1	5.9915776	2.5833185	1.0723455979553215e-07	2.7145316000769384e-06	4
CAV1	5.982295	2.9978166	1.103126415219597e-07	2.7840453794492476e-06	4
RUNX2	5.9749017	4.0069633	1.2322748772575264e-07	3.079860779291706e-06	4
FGF7	5.9620667	4.3681264	1.3100548872291395e-07	3.2596847902487066e-06	4
SPOCK1	5.9542813	6.0903907	1.3806378462093857e-07	3.4175626568050927e-06	4
LRRC15	5.9517727	7.7680125	1.4047331864122756e-07	3.4711456045442343e-06	4
CPQ	5.9432297	3.2181795	1.3606589981694943e-07	3.3742574949309796e-06	4
CFH	5.9385204	5.094042	1.454973612389816e-07	3.5830594664586503e-06	4
CNN3	5.9175315	1.5963709	1.1955496107806015e-07	2.9947669525909004e-06	4
DLC1	5.8766856	4.220367	1.813178425173729e-07	4.3910337587546604e-06	4
CNN2	5.874524	2.5111837	1.6728627542600918e-07	4.080690155682745e-06	4
COL16A1	5.8614984	4.591969	1.948879977340145e-07	4.7060751130284954e-06	4
CERCAM	5.860266	4.2763553	1.9575644290138516e-07	4.723645216802417e-06	4
TSHZ2	5.8541884	3.3583646	1.9101762112712606e-07	4.61926606360846e-06	4
ADAMTS2	5.851992	6.714723	2.059202221055453e-07	4.940465071274746e-06	4
CYR61	5.8290615	2.5542018	2.0152114807670265e-07	4.841848730401635e-06	4
PDGFRL	5.8234057	4.187583	2.2440598310016974e-07	5.341945407496659e-06	4
LAMC1	5.820444	3.4283142	2.2072163248785723e-07	5.269198772437879e-06	4
MAP1B	5.8013725	3.3769748	2.3600216728967698e-07	5.59812495973342e-06	4
ARID5B	5.759754	1.8606	2.3518175216151396e-07	5.582612278308096e-06	4
FILIP1L	5.73757	4.6115804	3.132187605020666e-07	7.31083538343759e-06	4
TPM4	5.732478	1.6284684	2.6693765004262374e-07	6.291887364778386e-06	4
VAMP5	5.7258387	2.1494718	2.8205020033250776e-07	6.634113442743789e-06	4
MFAP4	5.7145095	5.4379697	3.451561675335263e-07	7.98956729830366e-06	4
FKBP10	5.7098255	2.9842	3.338518839479395e-07	7.738580538699267e-06	4
FNDC1	5.673535	6.7877593	4.0886503303946614e-07	9.297452253001175e-06	4
ITM2B	5.6392694	1.2237939	3.3860506675447716e-07	7.843337392273424e-06	4
HTRA3	5.6328673	5.7588034	4.746928202636474e-07	1.0637515016836722e-05	4
VCL	5.625073	2.603546	4.5751012388254406e-07	1.0291983276421468e-05	4
FKBP9	5.609499	2.8356552	4.886447212414947e-07	1.0882890169429598e-05	4
SEC31A	5.590299	1.9825047	4.945673854826545e-07	1.099289905664262e-05	4
ID3	5.587008	2.215242	4.863155460409037e-07	1.084541870329651e-05	4
RAB31	5.5745935	2.3125713	5.414555321408913e-07	1.1917134207689524e-05	4
IFITM2	5.5616355	1.5014837	4.713373206060723e-07	1.0574665598962054e-05	4
MTRNR2L12	5.5437784	1.9661958	5.388054358263452e-07	1.1881704880375702e-05	4
GNG11	5.541106	3.0536692	6.141521353499153e-07	1.3341500499852015e-05	4
LOXL2	5.538357	5.0918174	6.771024413822557e-07	1.4567474654523566e-05	4
PLPP3	5.5353193	2.921859	6.396285375273162e-07	1.3841148888518524e-05	4
CYP1B1	5.528003	3.2407877	6.673705823714146e-07	1.4385781943007466e-05	4
MIR4435-2HG	5.5276937	2.1890714	6.188170040172969e-07	1.3417121552468175e-05	4
LTBP2	5.5112906	4.9346766	7.488743912301102e-07	1.5937814693051475e-05	4
CRTAP	5.5087504	2.1263163	6.852104314919536e-07	1.4711059186553357e-05	4
COL15A1	5.5046973	4.4542007	7.600081169331841e-07	1.615426631815965e-05	4
NEXN	5.4864974	4.974239	8.23798729341751e-07	1.7421836810120852e-05	4
DKK3	5.4797525	6.826396	8.541787055312241e-07	1.7984939084885615e-05	4
MXRA7	5.474901	3.8546708	8.507090884683198e-07	1.7934401971285926e-05	4
TMEM119	5.4674287	6.0385966	8.917233248730503e-07	1.8716703403984343e-05	4
ZBTB20	5.4583697	1.9819187	8.157954547071572e-07	1.727436574894745e-05	4
FAM114A1	5.457441	2.2696452	8.469728302232941e-07	1.786686521919466e-05	4
EHD2	5.4469237	3.773111	9.385526219334625e-07	1.9552790988987744e-05	4
ITGA11	5.4273834	9.008524	1.04369818391031e-06	2.1489675129856175e-05	4
RABAC1	5.424468	1.1269797	7.717566871464605e-07	1.6383222179480653e-05	4
PRICKLE1	5.4234176	4.4830074	1.0423170339098324e-06	2.1474419922831504e-05	4
KIAA1217	5.4086475	2.8172796	1.0636870753906218e-06	2.1847598405190965e-05	4
SRPX	5.3827486	4.5640407	1.2110442445013784e-06	2.4573281914592094e-05	4
GPX8	5.3811626	3.7090852	1.2069095378601592e-06	2.4504208722377484e-05	4
LGALS3BP	5.3491783	1.8686943	1.2281154558963055e-06	2.48895592182586e-05	4
TGFBR2	5.29323	2.4978492	1.5739504420624887e-06	3.1256288796458224e-05	4
ITGA1	5.2873445	4.368835	1.7319864918331186e-06	3.3992135121459705e-05	4
CHPF	5.2763886	2.8081	1.7617124731877474e-06	3.4493295732665885e-05	4
TMEM176B	5.2746596	2.4598038	1.7050915484585083e-06	3.356248569650635e-05	4
MIR99AHG	5.248531	4.276533	2.0083062527865782e-06	3.886935950647122e-05	4
EDIL3	5.236003	3.8629036	2.0768442055991842e-06	3.9988192594719995e-05	4
ADD3	5.232243	2.5137548	2.0219789721283092e-06	3.9066357548476735e-05	4
OGN	5.2130504	6.5096383	2.326259432960603e-06	4.418180500619003e-05	4
TMEM176A	5.2121906	2.3858232	2.1406654374577052e-06	4.111086791605209e-05	4
PLOD2	5.2000504	2.9197767	2.3172216604893807e-06	4.408504351359859e-05	4
SDC1	5.190502	2.3458354	2.3745808005140778e-06	4.5023072148130405e-05	4
OLFML2B	5.1620216	4.802439	2.7884153309840543e-06	5.2074743104975594e-05	4
OAF	5.148377	3.8727915	2.899892888593706e-06	5.394637125697254e-05	4
MEIS2	5.1244736	3.3505104	3.1202862327855566e-06	5.763079324551782e-05	4
SH3PXD2A	5.1225157	2.8946629	3.128348489659636e-06	5.774790131627619e-05	4
ITGAV	5.1192794	2.3453326	3.095216982627681e-06	5.719926876821766e-05	4
LAPTM4A	5.116397	1.0953237	2.625929833100189e-06	4.928724819922408e-05	4
PARVA	5.0800977	2.7890768	3.6448629595913125e-06	6.65499991985042e-05	4
COPZ2	5.074287	4.295768	3.838171055136138e-06	6.97378631421025e-05	4
HMCN1	5.0698695	7.4138207	3.9605675832499675e-06	7.172861625798444e-05	4
PXDN	5.0589595	2.737376	3.9577843202914915e-06	7.171693348832897e-05	4
MSRB3	5.049643	4.084309	4.1926724072418415e-06	7.540290896048183e-05	4
BICC1	5.0456676	5.520818	4.313100286315928e-06	7.71962095535339e-05	4
WSB1	5.038264	1.311392	3.6795240189908267e-06	6.703689034273293e-05	4
COLEC12	5.0370913	3.6447754	4.350756040779036e-06	7.778715797642306e-05	4
CD248	5.030637	6.456933	4.57049698037557e-06	8.136891678279035e-05	4
RUNX1T1	5.0259385	5.0786576	4.6190324923345025e-06	8.20153355348817e-05	4
GGT5	5.0254564	4.639854	4.618541753987165e-06	8.20153355348817e-05	4
IGF1	5.0146384	6.02091	4.846920398554804e-06	8.55184413929125e-05	4
PLXDC1	4.999939	4.502821	5.048808465827989e-06	8.866077735724427e-05	4
CD276	4.975512	2.8048942	5.371111897569299e-06	9.373177115315913e-05	4
AKAP12	4.975474	2.890181	5.154799995124493e-06	9.028571625925359e-05	4
HEG1	4.974554	3.9640553	5.508814669793682e-06	9.566995421048428e-05	4
PDLIM7	4.9744406	2.7923312	5.39781661508233e-06	9.414881283748124e-05	4
CPXM1	4.970606	6.3766522	5.700138495494758e-06	9.860151896719428e-05	4
CTSB	4.9664955	1.451823	4.687589514796443e-06	8.29690975808905e-05	4
CMTM3	4.9627824	2.0925229	5.335938151200271e-06	9.321494871323348e-05	4
SURF4	4.9610786	1.6260636	5.255679301826852e-06	9.195656727312179e-05	4
ZFHX4	4.9595647	6.3656216	5.944088700626704e-06	0.00010250420519677135	4
COL8A2	4.9511204	6.5076995	6.120325846286039e-06	0.0001051110339018331	4
ADAMTS12	4.9397774	5.7500963	6.3621288709455864e-06	0.00010892912938253493	4
GOLIM4	4.9318304	2.3754067	6.2050601762446465e-06	0.00010640282380952029	4
BNC2	4.928657	5.592922	6.612528167755739e-06	0.00011281322852222545	4
SEPT11	4.874549	2.3592753	7.713051813163125e-06	0.00013026358049612506	4
SORBS3	4.870557	2.8363945	7.924898082059085e-06	0.00013357236511072552	4
FERMT2	4.8676686	2.3920531	7.825367072065778e-06	0.00013209392902071375	4
PRELP	4.8655543	4.024926	8.272629014953127e-06	0.00013873612489527143	4
GALNT1	4.8612027	2.0406563	7.995330269585915e-06	0.00013462418301816322	4
CTSO	4.8515487	3.1261935	8.548097581555482e-06	0.00014292708922380477	4
PDLIM3	4.850831	2.7677107	8.483113621151157e-06	0.0001419112787865491	4
FHL1	4.8453765	4.3168364	8.876943670075653e-06	0.00014776256458461909	4
ANXA1	4.8448505	1.4266403	7.337527907278205e-06	0.00012442266104045413	4
EFEMP1	4.837595	4.009306	9.171358950313406e-06	0.00015213479255809194	4
SPRY1	4.83537	2.5787377	8.810248618960856e-06	0.00014672519807773886	4
SPON1	4.8327913	4.614166	9.355376076403735e-06	0.00015465188219746559	4
LEPROT	4.826724	1.5168945	8.654655235582049e-06	0.00014456463708000872	4
NREP	4.8260183	2.7872386	9.326566817101017e-06	0.00015425166548934183	4
SERPINE2	4.8182216	2.8393998	9.51760371705118e-06	0.00015694687624071466	4
CLMP	4.8152666	3.3197503	9.729678372012795e-06	0.00016012911789778272	4
RBMS3	4.7820215	5.9402785	1.132722475788516e-05	0.00018300888516581222	4
FKBP14	4.777099	2.9625313	1.1188856552435864e-05	0.00018103494337928187	4
PKD2	4.7764664	3.9292629	1.1396739034804218e-05	0.00018395477572972488	4
TUBA1A	4.7514963	1.4788688	1.1123421427674548e-05	0.00018006306858379923	4
CILP	4.739566	7.8852353	1.3245709987743674e-05	0.00020818854671926455	4
ECM1	4.737754	2.2307184	1.2354419923010724e-05	0.00019648155459350532	4
NID2	4.737429	6.7039385	1.3316458098185927e-05	0.0002090067014839748	4
FRMD6	4.7354765	2.5924745	1.2845908712922289e-05	0.0002030464769746119	4
LMCD1	4.7297926	2.1857786	1.2826129942970442e-05	0.00020282943159696915	4
CD63	4.7238545	1.0760951	1.2036189852772205e-05	0.00019269968680278403	4
LPP	4.7180376	1.7078019	1.3285924100965062e-05	0.00020862508439628704	4
EPB41L2	4.7036366	3.206692	1.470732225985017e-05	0.00022890872200354272	4
CD81	4.691143	1.4900955	1.4123428956295799e-05	0.000220537211649496	4
TUBB6	4.6899977	1.9940588	1.4396260139432728e-05	0.00022448394297383225	4
ZCCHC24	4.665774	4.8029	1.7136771385972347e-05	0.00026221918296391356	4
ZEB2	4.6639605	2.1460948	1.5898081011188595e-05	0.0002453923309692944	4
NOTCH2	4.658922	1.6735414	1.6124212534276674e-05	0.000248539619766624	4
COL4A2	4.651205	3.3906393	1.7708543774261713e-05	0.0002690046497882754	4
CASC4	4.65111	1.8654	1.6788481502573164e-05	0.0002574771184626459	4
MRVI1	4.6476054	6.9066687	1.839770489874332e-05	0.0002780880667006533	4
NRP2	4.6461363	2.6566439	1.772607832474653e-05	0.00026914911411965746	4
ZEB1	4.6360345	3.185738	1.8572479963567142e-05	0.00028022471905443343	4
SEC24D	4.6333404	2.402795	1.8469720661381714e-05	0.0002789813001147704	4
MTRNR2L8	4.6278267	1.6641413	1.7989126798268215e-05	0.0002727727404795272	4
WNT2	4.62312	6.0261335	2.002597673922129e-05	0.00029986218116527736	4
PLPP4	4.619068	7.38759	2.038882404025364e-05	0.0003044797627489525	4
GXYLT2	4.609019	4.3533664	2.085987719304433e-05	0.0003109605070808444	4
MARVELD1	4.6030283	3.2807353	2.1129813488238862e-05	0.000314007565001781	4
PLAGL1	4.596438	4.099088	2.1854418233310456e-05	0.0003232006357863607	4
PPFIBP1	4.594468	2.5831592	2.1512159690967884e-05	0.0003187011255277181	4
NCOR2	4.591349	2.1134145	2.12882411321473e-05	0.0003159419892979436	4
PHLDA3	4.580759	2.1585855	2.2173740253454593e-05	0.000327201681408324	4
PLAU	4.5569196	3.0057654	2.4740740853064792e-05	0.0003618967243578919	4
IKBIP	4.5526514	2.681814	2.4822285492123225e-05	0.0003626151035240876	4
RTL8C	4.550328	1.9242593	2.4575200440474475e-05	0.0003597890868502638	4
PHLDB1	4.545525	3.2268705	2.594394591687021e-05	0.0003771937104454893	4
IFI27L2	4.5228205	1.690538	2.629347449879597e-05	0.00038194431709143167	4
SH3PXD2B	4.5146203	3.4824646	2.907780618923517e-05	0.0004171508543169961	4
OMD	4.4937325	6.672913	3.176124980364099e-05	0.0004512088435679468	4
NFIC	4.49	1.3899256	2.939144879252445e-05	0.00042057106823808126	4
EXT2	4.481752	2.963766	3.2329524645016594e-05	0.00045869906350190417	4
PDPN	4.480128	3.6594062	3.2678908847842174e-05	0.00046287300746008207	4
PRRX2	4.4763465	3.0093956	3.2720715462022484e-05	0.000463269530313084	4
P3H4	4.476345	3.0276475	3.314941583801498e-05	0.0004685480643164182	4
SVEP1	4.473177	6.9124856	3.4177427567198276e-05	0.00048105123710927294	4
NEGR1	4.465477	5.9455185	3.50657352895043e-05	0.0004923147037862134	4
ABI3BP	4.4577284	5.728222	3.599480548749464e-05	0.000502205395530806	4
WWTR1	4.4543343	2.1182806	3.461649591567136e-05	0.0004864147002545174	4
HCFC1R1	4.454	1.5226526	3.383019946570223e-05	0.00047729996802624574	4
EMP1	4.4491906	1.6954902	3.393133256242902e-05	0.000478189422469089	4
LAMA2	4.4424796	7.8433757	3.8093697602924275e-05	0.0005279755005370591	4
MAF	4.4395666	2.4502332	3.6567269225335e-05	0.0005097684027792856	4
CLIC4	4.427807	1.6205186	3.7097826660414994e-05	0.0005163063087207382	4
FOSL2	4.4156013	1.7910432	3.927187048823063e-05	0.0005422881054119982	4
AXL	4.4076242	2.5491874	4.0884991098945626e-05	0.0005634032401190367	4
RECK	4.4065866	3.8431566	4.2437442492404636e-05	0.0005828805317926879	4
GPC6	4.404195	3.542908	4.286048629292905e-05	0.0005874260394257729	4
TEAD1	4.3792434	3.0569174	4.645536709915379e-05	0.0006308337926610192	4
PTK7	4.3774686	2.6643744	4.6538038723822855e-05	0.000631700670512239	4
TRIM22	4.374275	2.0817826	4.5526731524085546e-05	0.0006192841764663293	4
VMP1	4.3631983	1.1883967	4.5380207102395464e-05	0.0006182362008210585	4
F2R	4.3631954	3.6839597	4.9513822258054774e-05	0.000668038259194455	4
SOD3	4.357462	3.385752	5.019370121802898e-05	0.0006763949106283286	4
FRZB	4.3569016	4.2691755	5.0898811674616373e-05	0.0006851859061409272	4
CD55	4.3549113	2.0003219	4.965529183926132e-05	0.0006696775808526995	4
HDLBP	4.3511896	1.4403691	4.88567710493957e-05	0.000661034674371836	4
VKORC1	4.3377085	1.3538759	5.068539259037337e-05	0.0006827464870978767	4
KCNQ1OT1	4.3248425	2.00487	5.509720587947163e-05	0.0007368482385978301	4
OSMR	4.3224597	2.8205879	5.63537256502519e-05	0.0007514846543073628	4
CKAP4	4.3117676	1.8383055	5.7265198856612785e-05	0.0007618929134667392	4
IGFBP5	4.310734	1.9036766	5.415109347041207e-05	0.0007247732745774507	4
FXYD1	4.3088536	3.9645755	6.001521459824142e-05	0.0007953260817224872	4
GJA1	4.3058276	2.2630813	5.843282021482309e-05	0.0007765036540512604	4
SGCB	4.2924333	2.6446588	6.248921573910303e-05	0.0008251774744508877	4
PTMS	4.2783966	1.1041532	6.013745704440689e-05	0.0007966312980752177	4
SLC2A3	4.2626038	1.9989519	6.632428189115485e-05	0.0008723853878083235	4
OLFML1	4.2388773	27.94586	7.732549402892535e-05	0.0010002215176337004	4
PAM	4.237421	2.1553159	7.488142821258551e-05	0.0009727335335702287	4
VGLL3	4.2358217	6.133384	7.792430377772504e-05	0.0010068024164132034	4
MDK	4.234557	1.3161701	7.062634797789086e-05	0.0009233153054384498	4
TP53I3	4.2326674	2.4680686	7.677881532470562e-05	0.000993533273459086	4
WISP2	4.2325606	6.0064583	7.891482015273286e-05	0.0010172490325683372	4
FNDC3B	4.2295456	1.8180269	7.592479347374606e-05	0.0009836205090393653	4
UBE2E2	4.218286	2.0818045	7.946464286944607e-05	0.001023549764394812	4
TCEAL9	4.2114935	1.4957862	7.904035929608361e-05	0.0010184758705916023	4
GAS6	4.209185	2.1209233	8.173244118634974e-05	0.0010483318584441133	4
TLN1	4.2028856	1.5153188	8.180698111592576e-05	0.001048886832419444	4
CTDSP2	4.2018814	1.9489769	8.435861000315656e-05	0.0010799511977541503	4
MAP1A	4.2000113	3.8784726	8.68286207646925e-05	0.0011090322806810934	4
LTBP3	4.1857653	1.7192705	8.792175453511137e-05	0.0011208603454436223	4
P4HA2	4.1824093	2.2669835	9.068498554220454e-05	0.0011530193707623513	4
GAS7	4.181753	4.340415	9.320841589698334e-05	0.001181520588662403	4
SGCD	4.1752334	5.722764	9.585291970465888e-05	0.0012113800978952388	4
PDLIM5	4.159866	1.7344133	9.708057132766345e-05	0.001225509763982371	4
APOL1	4.159126	3.3072932	9.999447596223449e-05	0.001256618478175087	4
NUAK1	4.1535053	3.725702	0.00010247670318100976	0.001284923776222149	4
COMP	4.152256	7.141512	0.00010391766601255405	0.0013000755075446011	4
LRRC17	4.150334	6.399116	0.00010451881513732497	0.0013056482601568034	4
SYNPO2	4.148252	4.437827	0.00010489289965023442	0.001309346016810016	4
UNC5B	4.1424375	2.8779814	0.00010535632455566129	0.001313664119673396	4
MYADM	4.1376076	1.7835855	0.00010440542254094023	0.0013052039796666703	4
TACC1	4.1305447	1.8742762	0.00010639714308819433	0.0013231985822473584	4
MYLK	4.1234975	2.2794185	0.00011025314195702035	0.0013650795992544923	4
CCND2	4.102541	2.1872346	0.00011724360297158285	0.0014399369048955914	4
NTM	4.093026	6.6795816	0.00012693466463890442	0.0015504426754018546	4
SLIT2	4.0882583	4.7991652	0.00012828495891682628	0.0015646566571015528	4
PTGFRN	4.0806775	2.751651	0.00012976565965601945	0.001580417570995842	4
JCAD	4.0800486	5.107229	0.00013208239420516376	0.0016022334842804332	4
APOD	4.0721154	2.2216299	0.0001309722565122883	0.0015910686185000588	4
TRAM2	4.0700088	3.4416502	0.00013571862856557272	0.001639228851536865	4
NOX4	4.0655074	8.053894	0.0001394136866941179	0.0016790213520313853	4
PLEC	4.059722	1.691738	0.00013562156273097615	0.0016386465545964232	4
OSTC	4.0570717	1.1237745	0.0001333420289101688	0.001614011184293025	4
STEAP1	4.051744	2.6912644	0.00014271522949280537	0.0017147634755756368	4
ALDH1B1	4.0446653	3.5427682	0.00014806633950191852	0.0017743097867930866	4
SULF2	4.044312	2.2671213	0.00014507217295417265	0.0017415410712440604	4
KIF26B	4.0338416	4.4781413	0.0001543674329701268	0.001843888201300222	4
TMEM47	4.0314045	2.8729656	0.00015266027023694257	0.0018241461075943323	4
MAP4K4	4.0292997	1.8298066	0.00015026468708951083	0.0017987251497749047	4
PLBD2	4.019722	2.528632	0.00015823514271381758	0.0018873986208265134	4
IFI16	3.9925632	1.4271837	0.00016411705471106234	0.0019499292001642727	4
FAM20C	3.9877102	2.531356	0.00017703973743384067	0.0020894052896792575	4
COL5A3	3.9871006	6.8476696	0.00018127146315108228	0.0021318464745969327	4
MYO1D	3.982988	3.0790622	0.00018167165192667982	0.002135804022878643	4
GPX7	3.982503	2.7297292	0.0001805346236324303	0.0021246708109667876	4
C1QTNF6	3.9820466	4.5076513	0.00018347684767567555	0.002153937183386783	4
ANO6	3.9813378	2.2365677	0.0001802178160350591	0.002121686826125629	4
ADAMTS1	3.9769702	3.13802	0.00018412830665469023	0.002159471792450087	4
PRKG1	3.9709833	3.9981098	0.00019004055325013425	0.0022197909867884523	4
STEAP2	3.9669845	2.8652263	0.00019007303640489057	0.0022197909867884523	4
ILK	3.9574618	1.4830273	0.00018961356689676842	0.002216740553253576	4
PCDH7	3.956204	4.397393	0.00020026244123419576	0.0023258319049294183	4
FZD1	3.9527075	2.7430952	0.00019962052229718336	0.002319983346628492	4
MMP23B	3.9502513	4.7341623	0.00020394927472963965	0.0023637396764709206	4
VCAM1	3.9492607	4.7409196	0.00020485947608403393	0.0023690346746407047	4
GLIS2	3.9482315	4.3727055	0.0002055040177377169	0.0023751930595936467	4
CNPY4	3.9474268	3.2813222	0.0002045772855811206	0.0023690346746407047	4
NDN	3.9468868	3.4112146	0.0002046960577557191	0.0023690346746407047	4
CARMN	3.925259	5.097524	0.00022216267527721818	0.0025414591717166355	4
ARL2BP	3.9220302	1.4704216	0.00021368076090096734	0.002453634509202104	4
RAI14	3.9215624	2.5334659	0.00022067640030817837	0.0025270423840002085	4
KDELR3	3.9202251	2.2716584	0.00022055336309494714	0.0025264960217102534	4
RBFOX2	3.9183803	2.0940244	0.00022168040741856712	0.002537673223626676	4
BASP1	3.9053383	1.626327	0.0002255134751796755	0.0025762763865808907	4
FAM3C	3.8978803	1.5850773	0.00023236390516326427	0.0026383607796482893	4
TGFBI	3.896081	2.0478141	0.000236263985811158	0.0026790163448587056	4
RGS16	3.8929348	2.3699985	0.00024084951497092036	0.0027264035037595814	4
NT5E	3.880924	4.0089655	0.00025552768581169977	0.002874675647565536	4
NRP1	3.8639956	2.4176204	0.00026623961028510976	0.0029816169511094714	4
MYO1B	3.860255	2.0120704	0.0002670140001534309	0.002989291248046137	4
SEMA5A	3.8555894	4.301012	0.0002785267337907741	0.0030995571261036347	4
MIR22HG	3.8538394	2.419825	0.0002751969399984653	0.0030645353799762702	4
PLOD1	3.8499482	2.2981465	0.0002791839798524879	0.003105840752315853	4
TNS1	3.8498986	3.0534523	0.00028199406640361035	0.0031339837578672944	4
ABCA6	3.8456593	5.201837	0.0002888228297989234	0.003203507451814051	4
PTGDS	3.8409321	4.0744586	0.0002908000808609549	0.0032201140680611713	4
EDNRA	3.8397818	4.771014	0.00029418304221139	0.0032543513914288363	4
SHOX2	3.8273814	4.8377857	0.00030649644001531895	0.0033794204781570723	4
LEPR	3.826755	4.632827	0.0003068337029783159	0.0033820273518224433	4
PLSCR4	3.824193	3.4828327	0.00030721899025060515	0.0033847207527927005	4
LUZP1	3.8236964	1.8123876	0.00029982105336460096	0.0033134424879413776	4
LMOD1	3.815601	6.83823	0.00031946017827933767	0.0035050748575947877	4
LXN	3.8079185	2.6062787	0.0003225476632752305	0.003535480775789054	4
PHACTR2	3.8036036	1.994107	0.00032136271667131567	0.0035236439620374626	4
DNM3OS	3.802123	6.475824	0.0003336802416436081	0.00364203351284356	4
PJA2	3.793392	1.54149	0.0003300742963142993	0.003608546927209228	4
MBTPS1	3.7907968	1.7994199	0.00033614241405542097	0.003667713958956693	4
BDH2	3.7856648	2.2956228	0.00034371923823016095	0.003739437875276623	4
ADAM33	3.7846503	6.25798	0.0003531184258456435	0.003828036561502498	4
DNM1	3.781776	4.544895	0.00035546993451845656	0.0038485529611631867	4
CYTH3	3.779849	3.2279928	0.0003544445147905917	0.0038386901745531923	4
FMOD	3.7761354	3.1014369	0.0003586286188196615	0.0038764945226652486	4
PTPRG	3.773706	3.3921707	0.00036273317686883686	0.003910779005258006	4
AC245595.1	3.7707217	2.6454084	0.0003641695604880976	0.0039250036080756045	4
TWSG1	3.7666302	2.33631	0.0003669832636155333	0.0039527062559891624	4
RUNX1	3.7657802	1.3770847	0.00035831883343064773	0.0038743945815916682	4
ZMAT3	3.7637427	2.4949741	0.00037223228620772273	0.003996009160106092	4
FZD7	3.7539437	2.4915876	0.00038316516381729874	0.004098132257524241	4
IL1R1	3.7522693	2.4191236	0.0003836363270159782	0.004101863578081902	4
ANKH	3.7454987	2.1746018	0.0003906148975029858	0.0041671801135965796	4
LTBP4	3.7385104	2.024539	0.00040001862639056944	0.004253971067776185	4
ANXA6	3.736378	1.4276893	0.0003914038024785056	0.004173704697261112	4
NFIX	3.7358205	1.7276411	0.0003984792912420539	0.004241635641875509	4
LRRN4CL	3.7319417	5.56851	0.00041850866142263427	0.004422557975039879	4
ARFRP1	3.7261536	1.7487385	0.0004126928149735134	0.0043735651328186	4
ACVRL1	3.7219708	3.599748	0.0004277264291811614	0.004510019541391177	4
ADAMTS5	3.719821	5.7225337	0.0004354131615889969	0.004578116881773212	4
MYH10	3.718742	2.6660492	0.00043154423834118247	0.004545409663964842	4
EVA1B	3.7126637	1.5173407	0.00042628634944045146	0.004496248568107605	4
PMEPA1	3.7081904	1.5117507	0.0004344731122818716	0.004571098701081008	4
CSF1	3.7074165	2.5359733	0.0004438012565166915	0.004658393920448034	4
AFF4	3.6914365	1.1694152	0.00045093787865749653	0.004723581320440691	4
CREB3L1	3.6885567	3.0952687	0.00047714172035893693	0.004945553288800712	4
PODNL1	3.6842077	4.324872	0.00048690121726484075	0.00503116257802835	4
OSBPL8	3.6818252	1.235532	0.0004661952600982701	0.0048591221935848595	4
ARHGEF17	3.6758475	3.6297505	0.0004996177922000118	0.005140392750975643	4
PDGFC	3.6725707	3.3413694	0.0005020999435756642	0.005159599941014508	4
FUT11	3.6719673	2.7290053	0.0005005330621955271	0.00514823043210677	4
GLG1	3.6689544	1.4427903	0.000494008612738882	0.0050951853874153874	4
TWIST2	3.668442	3.0955217	0.000505602125418607	0.005193997209392189	4
GNAI2	3.6670265	1.087352	0.00048131950844931457	0.0049811594053990925	4
PKD1	3.6612332	2.378165	0.0005167616129358514	0.005291955253936789	4
HIC1	3.657219	5.514298	0.0005322436764857842	0.005417901412142546	4
TNKS1BP1	3.6559877	1.9142076	0.0005216266693372665	0.0053324840342094644	4
ISCU	3.6492226	1.0367337	0.0005168732420588808	0.005291955253936789	4
SPHK1	3.646535	1.9263123	0.0005353355117696038	0.005439469372997358	4
SNAI2	3.6346095	2.6950605	0.0005632644502132773	0.005697362160616264	4
MICAL2	3.6323116	2.559452	0.0005675684314131091	0.005733979746393702	4
C11orf24	3.6221814	1.9910651	0.0005812443606131151	0.0058580279745566385	4
GPC3	3.6202679	4.1855655	0.0005973073834902306	0.006000085938797792	4
NCKAP1	3.6161227	1.407684	0.0005854606939313321	0.005896978118663907	4
RECQL	3.6128988	2.0315957	0.0006006573275153262	0.006024715138215178	4
MMP19	3.6123154	2.9810686	0.0006045041499526052	0.006061486903904434	4
INAFM1	3.6122315	1.9947749	0.0005997666458256178	0.006019381528317489	4
COL4A1	3.6115072	3.0879357	0.0006097156910084855	0.006106441920607827	4
FKBP7	3.6053903	3.0749743	0.0006227408861892889	0.006216473828474685	4
SNX9	3.6019127	1.564233	0.0006139337027830566	0.006143183271195256	4
RCN1	3.6016407	1.5081978	0.0006146547743079355	0.006148564206699215	4
FXYD6	3.5838308	2.6956518	0.0006634164958925663	0.006578388771658042	4
ST5	3.5764642	2.6226857	0.0006796315579463647	0.006713342195915818	4
ANTXR2	3.5723376	3.1773853	0.0006894383670142592	0.006794429811604345	4
NORAD	3.5661705	1.1526183	0.0006797206433120694	0.006713342195915818	4
CAV2	3.563398	2.1052122	0.0007006546648845384	0.006893710212640745	4
GOLGA2	3.5628107	1.3798162	0.0006931447721587265	0.00682382412767122	4
GEM	3.5593286	2.2289228	0.000703765989438845	0.006920262401573819	4
PLEKHH2	3.5558176	3.3785114	0.000728670156936892	0.007129616608465663	4
SGIP1	3.5548794	5.8553324	0.0007364212015994641	0.007186588164925117	4
ADGRA2	3.554298	4.6972632	0.0007358039855921972	0.007186588164925117	4
SH3D19	3.5442076	3.11632	0.0007553843771721103	0.007354527545639986	4
HOXC6	3.538246	3.6493163	0.0007726092643515058	0.007498289159610491	4
SYNE1	3.5355911	2.3968608	0.0007673637231274403	0.007460332358671731	4
BAG2	3.5266385	2.6022875	0.0007938528926353199	0.0076733774846920065	4
SEC23A	3.5256958	1.9139557	0.0007897746821068015	0.007642767632009299	4
PCSK5	3.5218365	3.7050762	0.000810852112145804	0.007821912767754504	4
HSPB6	3.5203595	8.366655	0.0008215802539901785	0.007914021625239683	4
CNTN1	3.5194154	6.490671	0.0008231871467262808	0.00792494836060453	4
LIX1L	3.5184464	2.3743706	0.0008095282929699381	0.007811389089328163	4
CXCL14	3.5098052	1.9724159	0.0008165423997276546	0.007872276122237787	4
GREM1	3.5085838	6.3138165	0.0008516442390994359	0.008156767396811588	4
TWIST1	3.507887	5.7572036	0.0008536889022549959	0.00817168363885126	4
ARHGAP1	3.507435	1.8530716	0.0008380724741528052	0.008049767713504937	4
P4HA3	3.5048246	5.028676	0.0008603814051011835	0.008228700515682577	4
C1RL	3.5039308	2.395906	0.0008498349278297054	0.008144089518381756	4
CHD3	3.499721	1.8804424	0.0008577500341829684	0.008205873900893024	4
HOXC8	3.4978292	2.7024753	0.0008670183636007323	0.0082874502517903	4
DIO2	3.496246	5.275149	0.00088436177549142	0.008422026777898273	4
P3H1	3.4909039	2.9548695	0.0008912174147711024	0.008475283047586489	4
SMIM3	3.485092	2.2696123	0.000900519989381849	0.008556470528004703	4
ARHGAP21	3.4837837	2.1127045	0.0009035517971701582	0.00858284645394627	4
FST	3.4732254	3.4220517	0.0009442197658243737	0.008903591556231464	4
ANK2	3.471682	5.106678	0.0009544292612371815	0.008992278609875367	4
PCDH18	3.470763	5.7139153	0.000957722289681126	0.009018237877090019	4
MBNL1	3.46697	1.2152534	0.00092584228157408	0.008752445311802767	4
FBLIM1	3.4651856	2.201249	0.0009600371366083176	0.009034962289275977	4
RASSF8-AS1	3.4559398	3.4661548	0.0009976258226918183	0.009349362313189795	4
MAP1LC3A	3.4504952	1.3550072	0.0009814220243562345	0.009218111486679491	4
PEAK1	3.4500597	2.823476	0.0010127203432250128	0.009467015895236944	4
KIRREL1	3.443463	7.134332	0.0010432742929929477	0.00970395536918371	4
DSEL	3.4399915	3.3283644	0.0010455277719427039	0.009716832086098706	4
RIN2	3.4390552	1.9457349	0.0010380605855587486	0.009671948463148327	4
C11orf96	3.437023	3.161059	0.0010543807620357723	0.009785552058506319	4
LRRC32	3.4349287	3.281079	0.0010628131639250642	0.009855630724691894	4
SVIL	3.4318893	1.6560973	0.0010566014175544265	0.00980344900309627	4
MAP4K5	3.4269645	1.7945081	0.0010739726864576738	0.00994536661415705	4
TFPI	3.4196572	2.0606525	0.0010889531704147241	0.010059096196331663	4
FHL3	3.4156797	2.144063	0.0011139736181271888	0.01027606961650276	4
PTTG1IP	3.4121988	1.1159137	0.0011069071979907825	0.010219315807269154	4
PDZRN3	3.4064353	4.0213065	0.001165631038899734	0.010702554250133035	4
EGR1	3.3900378	1.2131788	0.0011843960824162456	0.010854051639432594	4
ZNF521	3.384836	3.0476444	0.0012366620688785705	0.01125308802285842	4
SELENOP	3.3807356	1.309202	0.0012203903595579847	0.011123128546177816	4
DACT1	3.3776047	6.3392835	0.0012765935380014046	0.011564287883214019	4
LIMS2	3.3758032	3.5750113	0.0012762091746371226	0.011564287883214019	4
CEMIP	3.3750935	7.143815	0.0012873763090208146	0.011648203070101738	4
PLPP1	3.3738592	1.9690574	0.0012638007353366685	0.011465821061381444	4
CCNL2	3.373723	1.6869574	0.0012625879290463482	0.011457917134237978	4
DCHS1	3.372089	3.6099916	0.001289366435586304	0.011663063542610631	4
TGFB3	3.3697069	3.3730285	0.0013017210124544138	0.01176212943931398	4
CAMSAP2	3.3646853	2.1461146	0.001306495036626738	0.011798909537829139	4
NPTN	3.3615525	1.6984917	0.001312720835286783	0.011842380187292627	4
TCF12	3.3599324	1.7227852	0.0013141100156784612	0.011845354484243823	4
MAP4	3.3597708	1.3538985	0.001313201235745527	0.011842985261048	4
RAB34	3.347496	1.2500032	0.0013529312605358368	0.012136578606481012	4
MPRIP	3.3458483	1.9644457	0.0013849364537451133	0.012377339087414028	4
FSTL3	3.3453097	2.54556	0.001394695958578232	0.012454285203178775	4
UCHL1	3.3450973	3.5420234	0.0014011059590017143	0.01249521270164225	4
SNTB2	3.3421698	1.9495883	0.001396385849378532	0.012463059546036544	4
MGP	3.3391533	1.206019	0.0013435095560629165	0.01206654904356307	4
PDIA4	3.3371108	1.0262185	0.001383862068520791	0.012374331548988498	4
IGFBP3	3.336685	2.1842222	0.0014211174719683682	0.012650132995565562	4
SNHG18	3.3339443	2.8763094	0.0014474661513020257	0.012867601956220843	4
PTPN14	3.3325362	2.3011444	0.001447881303477593	0.01286788203496077	4
GRP	3.3291981	5.090276	0.0014779037562963316	0.013108812306683324	4
SEPTIN11	3.3290691	4.0861626	0.001476380780999289	0.013100340681348452	4
CHRDL1	3.3254528	4.911088	0.0014939522954965508	0.013228261336655178	4
SPSB1	3.3232057	2.0146527	0.0014781171743202745	0.013108812306683324	4
ROR2	3.321215	3.4858184	0.0015073305712313006	0.013318591857130942	4
RAB23	3.320647	2.9096398	0.001504794168548795	0.013307946598991037	4
LHFPL2	3.3198216	1.8723675	0.0014877032186620103	0.013183369526325624	4
SHC1	3.317315	1.4500823	0.001492005478770759	0.01321800205056789	4
KIFAP3	3.3096116	1.9701741	0.0015451865116806432	0.0136064848485903	4
CDC42BPA	3.3056157	2.3492851	0.0015728425497301946	0.013820988200288304	4
CTSZ	3.3034878	1.0973791	0.0015197063329797712	0.013413807924861711	4
SNED1	3.3031592	4.238157	0.001597198377366447	0.01400565510464	4
CNN1	3.2956398	4.531298	0.0016349991310653953	0.014288563276462853	4
ATM	3.2950878	1.6504295	0.001601439720238566	0.014028176980026572	4
SDF4	3.293806	1.2179763	0.0016003883381923846	0.0140226293759955	4
FOXP1	3.2924137	1.0991704	0.0016000286879391582	0.0140226293759955	4
CCN1	3.2921138	5.608024	0.0016547933398602525	0.014435220653381722	4
MT1M	3.2915792	2.6225836	0.0016384595809427823	0.014310534994354805	4
DEPP1	3.2915766	2.062314	0.0016342051912164696	0.014285346968619132	4
BCL9L	3.2823951	2.0196161	0.0016793144088297098	0.014622503786749038	4
SLC7A6	3.2808778	2.7426682	0.0016955741459145648	0.014744944886730728	4
C1QTNF1	3.279955	3.2202005	0.0017056810549576644	0.014809797635085432	4
TENM4	3.2764757	6.519761	0.0017353423391792853	0.015016800154389167	4
FGFR1	3.275684	1.4131595	0.001686756828125225	0.014683496177562464	4
DSE	3.274665	1.6952317	0.0016955637837836003	0.014744944886730728	4
TMEM204	3.272925	2.6087348	0.0017329276554354177	0.01500364648708295	4
DENND2B	3.2683394	5.3060355	0.0017756804385224817	0.015298766398274483	4
GNPTAB	3.268087	1.551863	0.0017382504073300122	0.015034207558601326	4
MYOF	3.2658818	1.4704462	0.0017435319624751495	0.015076000400458622	4
CNRIP1	3.2598464	3.5149412	0.0018147053103379017	0.015582957197655801	4
NLRP1	3.2585032	2.7129855	0.001811399549056547	0.015566526332284305	4
FAM198B	3.2566733	2.1213205	0.0018164670777850067	0.015590102931419374	4
ARHGEF40	3.255216	2.8406622	0.0018350329259488832	0.01571727256620314	4
SLC39A13	3.2502139	2.068145	0.0018520420970180196	0.015842729909737667	4
SRPX2	3.246691	4.4968615	0.0018942790047911536	0.01615459244843633	4
LMO7	3.2403095	2.09248	0.0019044643613000882	0.016224952792066615	4
F13A1	3.2356355	3.396573	0.0019467691032724378	0.01654753737781572	4
TLN2	3.2354987	2.8439267	0.0019486950247488714	0.016559711128731162	4
AKT3	3.2328079	3.0538635	0.0019624233981545202	0.01665948954631758	4
RNF144A	3.2274628	3.6066656	0.0020013694521155228	0.01695149818015322	4
DST	3.2269096	1.4894886	0.001964076125324762	0.01666615206759145	4
FAT1	3.2233567	2.0262892	0.0020032160942442096	0.016958574209249126	4
GADD45B	3.2214487	1.133894	0.0019817969412486173	0.016802692418205225	4
STON1	3.2193038	4.1856713	0.0020544193710635462	0.01731826346977837	4
DIP2C	3.211144	2.5907013	0.0020936497639973363	0.017608602491031758	4
RASAL2	3.2107954	1.9907434	0.002080281597804592	0.017513736212842326	4
PLA2G5	3.2026207	27.303488	0.002165123753965417	0.018136966990947564	4
SGCE	3.1999443	1.7393852	0.0021425320935595034	0.017973362341585013	4
CPXM2	3.1956003	4.467132	0.002205604064249419	0.018416272322377338	4
KLF9	3.192267	1.547619	0.0021828022837341626	0.01825767332528415	4
WIPF1	3.1894658	1.4384813	0.002175875189064285	0.018213384007088888	4
SETBP1	3.185797	2.749453	0.0022583314864266465	0.018805038824785538	4
STMN3	3.1846483	2.083206	0.0022433354841305776	0.01869409080080092	4
PTGIS	3.1842246	5.7016582	0.002284774268354259	0.01899225581270185	4
SMARCA1	3.1813612	2.0261557	0.0022716286079640085	0.018906375965191267	4
CILP2	3.1753716	5.5779076	0.0023441070318577085	0.019384539929866718	4
TNFAIP6	3.1739933	1.6459416	0.00228100083223172	0.01897496252824507	4
CDK14	3.1729221	2.84208	0.0023410214412410407	0.019363797820139517	4
BOC	3.1709309	2.7579978	0.0023577796060642747	0.019483194325450072	4
GPSM1	3.164058	3.7888277	0.0024105875221087807	0.019855971532183353	4
PDGFD	3.163434	5.474156	0.002429065749846712	0.01996894468519818	4
MYO1E	3.1630957	1.9640594	0.0023990016102557977	0.01977024889670509	4
GLS	3.1590526	1.6216985	0.0024128088450214007	0.01986451189760992	4
NFATC4	3.154561	2.2383103	0.002462131126102778	0.020208291958153036	4
GLMP	3.150427	1.8982766	0.002487517912471995	0.02039947146753623	4
MX2	3.1439452	1.9610435	0.00253311166692581	0.020702509361685818	4
SYDE1	3.1433036	4.107555	0.002570875763951629	0.02092947090427384	4
PLXNC1	3.1421454	2.6304667	0.0025627237110351702	0.020883458695780042	4
CHN1	3.1421044	3.0725706	0.0025698579198192837	0.02092947090427384	4
TNFRSF1A	3.1410828	1.1657495	0.002529130051639586	0.020681613374716284	4
ATP2B4	3.1407065	1.6100016	0.002543673902683957	0.02075343380440832	4
LAMP5	3.1381884	4.913955	0.0026110314131394152	0.02118447136625765	4
VAT1	3.1346195	1.6884996	0.002603301261677719	0.02113197667423339	4
HNMT	3.1314304	1.3479573	0.0026020494525679522	0.021126928271261603	4
SFXN3	3.131108	2.0189297	0.0026309135875568317	0.0212967446250907	4
GULP1	3.1299279	2.7209835	0.002656889353974156	0.021452750558894357	4
CTSL	3.1286309	1.0929521	0.0025434562990773236	0.02075343380440832	4
TCTN1	3.1279573	1.9650837	0.002661678278924856	0.021470743423140596	4
GBP2	3.1272988	1.3159616	0.002622915106342561	0.02126031792697821	4
RFLNB	3.1252437	3.0572445	0.0027010486386694382	0.02176216007437224	4
GOPC	3.1231875	1.3283676	0.002678222599814065	0.021588623941447622	4
FOXN3	3.113079	1.7117252	0.0027699271733925826	0.02222103021352801	4
ZNF469	3.112324	4.628886	0.0028184301481092577	0.022556183631050494	4
ADAMTS7	3.1077435	5.1064954	0.0028565692145753004	0.022817858543955738	4
AOPEP	3.1029773	5.921813	0.002900724772754532	0.02312650572925119	4
SUGCT	3.099997	4.749323	0.002919765813891519	0.02325068023830376	4
LINC01116	3.094653	2.4932656	0.0029489134911423968	0.023454946029501333	4
LPAR1	3.092865	3.3973649	0.0029758949774300616	0.02364711998056899	4
OLFML2A	3.0831566	4.0850754	0.0030643240504515837	0.024258155902029517	4
GUCY1A1	3.0829713	2.1026642	0.003039144896363681	0.024086946826307704	4
FAM20A	3.0818713	3.3931992	0.003070957835998976	0.02429889048767201	4
BHMT2	3.080362	6.3827896	0.003095569222389244	0.02448207670081529	4
DCLK1	3.0775855	2.4354389	0.0030903958251327873	0.02444692603084406	4
DTWD1	3.073293	1.4521431	0.0031010932676785808	0.024502654721132458	4
SSH1	3.0657384	2.338684	0.00320172077839014	0.02513349915563355	4
CCDC28B	3.06505	2.2177916	0.003201535792517778	0.02513349915563355	4
SYNDIG1	3.0615962	5.380973	0.0032657749640812254	0.025568944460842295	4
TPST2	3.0594006	1.4605515	0.0032171192239554788	0.025229225132263434	4
CHST15	3.0555646	2.0550942	0.0032877011461327965	0.025710604836194945	4
TENM3	3.0537305	5.255206	0.003343146654813424	0.026119842056626378	4
TNC	3.043476	2.743954	0.00342277691920325	0.026624155994201346	4
GJB2	3.041027	2.160273	0.0034277075862473466	0.026650148389040854	4
MPHOSPH8	3.0389502	1.0089254	0.0033958096546907435	0.026457340680135246	4
NR2F2	3.038337	1.3415203	0.003427632447689173	0.026650148389040854	4
DZIP1	3.0309968	4.4104533	0.0035679755844902268	0.027621806380840754	4
PI16	3.0291047	6.265408	0.0035904245586196293	0.02777362318280927	4
PLAUR	3.027183	1.1544641	0.0034826115429206685	0.027051939268434955	4
CALCOCO1	3.0207658	1.891635	0.0036322639720011507	0.028058444469113448	4
TAX1BP3	3.0204031	1.3183718	0.003610683955756818	0.027917462093139563	4
STAT2	3.020337	1.5574045	0.003619341181593099	0.027971502896731365	4
CASC15	3.017625	3.1441166	0.00369744407334735	0.028479020657605186	4
HEPH	3.0165756	4.9949183	0.0037178726082534594	0.02859734185818727	4
TLE4	3.0136786	1.8488861	0.0037021794494299337	0.028506611779919516	4
EBF1	3.0100152	4.065555	0.0037851311261833053	0.0290373383776236	4
RSRP1	3.0091052	1.0266693	0.003718225689262535	0.02859734185818727	4
SLC22A17	3.007726	2.3774126	0.003785822746052533	0.0290373383776236	4
ABCA10	3.0051913	4.9968195	0.0038435570495710357	0.02941290143729457	4
MITF	2.9977808	2.3476841	0.0038926164502033726	0.02975438658985217	4
DPYSL2	2.9920945	1.4690558	0.003923936067624223	0.02993920374071521	4
ZYX	2.989704	1.1562581	0.0039195547546472375	0.029918101385514866	4
USP9X	2.9892468	1.2523974	0.003938721687791991	0.03003152173908415	4
TCF7L2	2.9890883	1.6427214	0.003973957540229549	0.03024150123087187	4
ALDH1L2	2.9885125	3.8901715	0.004026006815279121	0.030565028200832272	4
PTGIR	2.9884467	3.9223247	0.004023275964135498	0.030551211028541712	4
FAM229B	2.9880064	1.8852186	0.003985144553433552	0.030309690128506747	4
DCTN2	2.984796	1.0705266	0.003983829361770063	0.030306559451832544	4
EPAS1	2.9787917	1.9322244	0.004099469659570281	0.031016486441396103	4
C1QTNF3	2.9760182	4.213146	0.0041756865038803	0.031501732124752393	4
WDR81	2.975883	2.980218	0.004158103047148653	0.03137613820121776	4
TRIO	2.9683976	1.6751258	0.004212208485806445	0.031715191808472744	4
C12orf75	2.9674487	1.3855258	0.004200868339273538	0.03164188748429682	4
PTPRD	2.9657588	5.012019	0.004300349105170416	0.03225357990530432	4
LATS2	2.9641254	2.3690102	0.00429060584811031	0.03220210578462025	4
ITM2C	2.9544833	1.577936	0.004332122059511289	0.03243386294599735	4
HAPLN3	2.951702	1.8999186	0.004429848914676934	0.033032806235477774	4
CLEC2B	2.9516473	1.4604692	0.0043936551871013715	0.03281398099099691	4
GFPT2	2.944018	2.614226	0.004530230667953588	0.033691456060716475	4
SNX29	2.9393249	2.1436508	0.004589472747130554	0.03410935196355106	4
NBPF1	2.937965	2.2603326	0.004611675454064241	0.03425159574950591	4
GLIS3	2.9348316	2.662191	0.004665396124499632	0.03457402815109195	4
IGSF10	2.9342887	4.312035	0.004696458125595833	0.03475047473871825	4
HOOK3	2.9334023	1.2783979	0.004622885179009785	0.034304467209992744	4
F3	2.9313352	2.4917243	0.004701018592700939	0.03477654711464098	4
CNP	2.9302123	1.5017359	0.004677865674902146	0.034643473747381956	4
MACF1	2.926984	1.1178334	0.004712501829375354	0.03483076770803851	4
ITGA5	2.924948	1.7748659	0.004751385747232944	0.0350332445258167	4
CSRP1	2.9201336	1.3129457	0.004822983066223587	0.03546247621245894	4
CACNA2D1	2.919309	4.3327374	0.004900820551098646	0.035945423595976314	4
ITIH5	2.9159787	3.5014143	0.004926739763000767	0.03610394983412907	4
CNTN4	2.915973	5.423933	0.004951702691929395	0.03623937595243375	4
JAM3	2.9091198	2.9456358	0.00500093288287607	0.036535894102493194	4
GALNT10	2.9090734	1.7220348	0.00498718209594464	0.036451312852490564	4
RFTN1	2.9081168	2.4108033	0.00501589526084432	0.03662127621767073	4
TMEM98	2.907333	1.4302704	0.004986750709509332	0.036451312852490564	4
CDKN1C	2.9064314	2.4473503	0.0050539304616841	0.03683482868651595	4
RNF24	2.8981166	1.5269268	0.0051298980810072226	0.03732362506183585	4
SSC5D	2.897265	3.6776636	0.0052067370679761875	0.03782524756270073	4
SEPTIN2	2.8933468	2.2037463	0.0052268308304044215	0.03793835379411268	4
TNXB	2.8870454	6.0897903	0.00537090822440922	0.038757666255359216	4
PRCP	2.8865762	1.4435984	0.005302357406548385	0.03838687022944946	4
ANGPTL4	2.8857105	2.152626	0.005326241899005073	0.03851821464737585	4
NXN	2.8853056	2.399464	0.005348715769110135	0.03866406801976789	4
GPC1	2.884812	2.0459216	0.005358136057046245	0.038700828169281234	4
SLC44A1	2.8797455	1.0578344	0.005359570282529183	0.038700828169281234	4
NINJ2	2.878341	2.207165	0.0054525514041086215	0.039228662944059904	4
SASH1	2.8773756	1.9436358	0.0054677170598183555	0.0393040501293115	4
SLC38A10	2.8770442	1.4585906	0.00544148330466416	0.03918265167920579	4
FLRT2	2.8761446	3.9960155	0.0055256166319059075	0.03961836414082002	4
RAB3IL1	2.8758078	4.060845	0.0055310008683171225	0.039640021394065084	4
GINM1	2.8755074	1.0750933	0.005422456722386424	0.03908760389545735	4
ALDH1A1	2.8748543	2.6138113	0.005513355086251822	0.039555816673363074	4
NUCB1	2.8700187	1.0963858	0.005510236353980282	0.03955036112750966	4
SNX19	2.8658817	1.9994016	0.0056257500869254465	0.04019882481158211	4
ZNF503	2.8634222	1.957395	0.005676745609879464	0.04051143074488662	4
CCDC3	2.8594866	3.970184	0.005787477831849294	0.04115280770787729	4
RUFY3	2.858026	1.5306447	0.005739686852362685	0.04086496215561384	4
WISP1	2.8553858	6.696743	0.005864051665909269	0.04160028699794052	4
AMOTL1	2.844904	2.542331	0.005995788973640587	0.04235567775165942	4
MINDY2	2.8413038	1.4024315	0.006021582695621008	0.0425199800408051	4
SCT	2.8396652	4.067438	0.006104929928661306	0.04304243615210862	4
GABARAPL1	2.8302963	1.3128384	0.006168904836556536	0.043359437787708045	4
ARNT	2.824944	1.8409312	0.006313027196048862	0.044187238143296094	4
ABCA9	2.824223	4.9947057	0.006385939229958354	0.04456737155889162	4
CHSY1	2.8240767	1.3845923	0.006287679780514894	0.04407420428803554	4
PRICKLE2	2.8219807	3.3087883	0.006411348984388759	0.04471679273973453	4
ARAP1	2.8215425	2.0531144	0.006379774071154046	0.04453361126338769	4
MMP16	2.8196335	5.5881214	0.006468560205987555	0.04505024457413384	4
CCN2	2.8183641	6.176064	0.006495043854983697	0.045215912399337525	4
HAS2	2.8171554	4.624099	0.006507010572320388	0.04528042356975065	4
EPHX1	2.8171024	1.3040158	0.0064221608109248955	0.04476427592668992	4
PLXNA1	2.8131819	1.9833366	0.006523976988675154	0.04537965826983686	4
SKI	2.806553	1.9086862	0.00664359481984352	0.0460588701637808	4
MIR503HG	2.8044724	3.8113716	0.006729064397366201	0.04652639640322814	4
PDIA5	2.8032212	2.117544	0.006723541417551592	0.04649779436826762	4
RARRES1	2.8025784	1.2504036	0.006625154405684936	0.0459595251129428	4
ANXA4	2.802192	1.0296258	0.006657869458766686	0.046129229398160186	4
AMOTL2	2.801836	2.1552737	0.006749833041416075	0.046641151636204484	4
MAP7D3	2.7999356	2.2091653	0.006779829285083959	0.04679160802022112	4
SKAP2	2.7950058	1.3040941	0.006795983833342834	0.046863506117218755	4
MATN3	2.7943873	2.8253171	0.006904973745078588	0.04754664840560068	4
ENG	2.7904716	1.4841378	0.006873173122561805	0.04733739213631325	4
SHISA4	2.7876394	2.4865966	0.007027367238842681	0.04825075221249179	4
XYLT1	2.7833934	3.2069123	0.007122729406725502	0.0487975200028713	4
ZNF362	2.7817729	2.2560241	0.007124006148108337	0.0487975200028713	4
TMEM43	2.7800906	1.443577	0.007110674357109235	0.04873296457127112	4
CYGB	2.7781253	5.404432	0.0072489622126466514	0.04952891455986583	4
MRGPRF	2.7773001	5.3744245	0.007266803313265317	0.04964070263344847	4
NRN1	2.7764835	2.4573538	0.007220042327999583	0.04936280947353569	4
ABCA8	2.776472	6.1712747	0.007284743853773516	0.0497531243330111	4
EVA1A	2.776342	2.4471052	0.007233930785808034	0.049446356732583505	4
RPS17	20.406385	2.8280487	2.3600633833746416e-25	4.797508238895082e-23	10
CD59	17.514069	3.3077064	9.465074206678854e-21	1.0547111427449018e-18	10
RPL14	14.449831	1.2160836	3.0294998209406587e-19	2.806973853430128e-17	10
RPL37A	14.141566	1.3365661	4.7689146126635876e-18	3.7459991808746933e-16	10
S100A6	13.864841	3.405545	5.208380481597878e-17	3.572480362643649e-15	10
RPL27A	13.561617	1.2540848	4.2570275518129614e-19	3.8963866280923393e-17	10
RPS27A	13.46386	1.0774447	6.753574343390026e-18	5.21939255879366e-16	10
RPL26	13.339054	1.3334743	1.5629576685212632e-17	1.1322497442736867e-15	10
RPL3	13.143577	1.127496	1.1114052402764915e-17	8.339517486378927e-16	10
KRT7	12.798927	3.3307061	1.317028032723099e-15	7.461898183372543e-14	10
RPL31	12.194099	1.475417	2.883785764028918e-16	1.794527983511947e-14	10
SOD2	12.126281	3.8902931	1.4842048031973918e-14	7.021398209315052e-13	10
RPS29	12.002903	1.1960169	8.320988551088786e-16	4.870755270367696e-14	10
PFN1	11.864454	1.5385071	1.5675651827082558e-15	8.762950632202936e-14	10
TNFRSF12A	11.796744	3.4736269	3.6080639118895324e-14	1.5902506132547544e-12	10
S100A16	11.750262	2.5557346	1.4242241377450296e-14	6.756704639901844e-13	10
RPS23	11.744697	1.0399939	1.1952860182349137e-15	6.87668753646951e-14	10
RPL9	11.388506	1.05148	6.12546247665069e-15	3.0802719179811214e-13	10
RPL6	11.384001	1.0071423	1.3531736259423543e-15	7.640874846419614e-14	10
RPS20	11.072659	1.0076349	5.5326368640291676e-17	3.7794332598045275e-15	10
TXN	10.962661	1.659587	3.434351092238278e-14	1.5196777042844865e-12	10
S100A10	10.8316765	2.0510266	6.054823781611721e-14	2.5837766470615614e-12	10
RPL34	10.666018	1.2840636	1.995594667876112e-13	7.747018605929707e-12	10
MT2A	10.635061	3.6945925	5.283323031211954e-13	1.9240818435383297e-11	10
RPL23	10.550392	1.1286433	5.88547667811465e-15	2.986456478980991e-13	10
RPL23A	10.500389	1.0311705	7.09413759701019e-15	3.525103246538056e-13	10
RPL21	10.289004	1.1994138	2.9204212006109283e-13	1.1043274801543535e-11	10
RPL13A	10.191833	1.0686338	3.9179455813068036e-14	1.7133222000340482e-12	10
RPL7	10.044047	1.1073271	8.335615809648541e-14	3.4431636683672625e-12	10
HMGA1	9.713584	3.2783644	1.1618187447517098e-11	3.4303312075455193e-10	10
RPS7	9.712738	1.0153575	1.4504930696078262e-12	4.91424121694102e-11	10
ANXA2	9.387011	1.7923831	6.073314594018217e-12	1.868853621999679e-10	10
RPL5	9.087495	1.0401993	8.145552724886702e-12	2.4547168368861173e-10	10
DDX21	8.822498	2.2340868	8.992890856678803e-11	2.313117731778096e-09	10
NFKBIA	8.752312	1.7263415	3.413187666866832e-11	9.304806665617679e-10	10
MYL6	8.656957	1.1549633	8.594954807038892e-11	2.214158058240334e-09	10
CXCL1	8.5757	5.1447372	3.303852396457575e-10	7.809338493980517e-09	10
CXCL3	8.459273	3.736939	3.312340388836604e-10	7.823887956476658e-09	10
MT1X	8.029173	3.316605	1.2447633612547172e-09	2.6814777071191052e-08	10
BIRC3	7.770313	3.5924869	3.324607324261687e-09	6.645450194461336e-08	10
RAN	7.696427	1.4334841	1.8023911240654619e-09	3.7619166578892135e-08	10
YBX1	7.037695	1.4082496	1.5928963061247584e-08	2.85097838867292e-07	10
PRELID1	6.868743	1.801049	3.977236829670187e-08	6.620372233447531e-07	10
ANXA3	6.8588796	4.175454	5.499595969811799e-08	8.984995052287265e-07	10
RPL17	6.768447	1.8407849	5.3076030528640424e-08	8.684015316883554e-07	10
SAA1	6.693679	4.3186593	8.67310889592342e-08	1.3657499787707391e-06	10
ALDH1A3	6.6871743	5.4135003	9.524630186042301e-08	1.4865780412752204e-06	10
ENO1	6.672206	1.6942503	6.477299761466845e-08	1.0449981303480492e-06	10
MGST1	6.670944	1.993503	6.660302960527068e-08	1.0724590571245241e-06	10
SLC25A3	6.608241	1.1265631	5.3169263249790776e-08	8.695028077334142e-07	10
CXCL8	6.524637	3.1689332	1.193085940120903e-07	1.8303956977865218e-06	10
S100A14	6.515794	2.1250465	1.1701421739649975e-07	1.7987047963776342e-06	10
KRT18	6.3993573	1.4559243	9.410273704292286e-08	1.4714684863201285e-06	10
TM4SF1	6.355081	2.4274585	2.0179697101310804e-07	2.9803928686704785e-06	10
EIF4EBP1	6.2163825	1.5980563	2.596783910429259e-07	3.7510219267746666e-06	10
PDZK1IP1	6.137809	2.546865	4.245103443543925e-07	5.922837545753194e-06	10
PI3	6.0957093	5.688022	5.693001247014413e-07	7.75269812529884e-06	10
C1QBP	6.062432	1.6430302	4.765508970238758e-07	6.588620625341228e-06	10
MYL12A	6.033479	1.2466412	4.15602542251446e-07	5.813062914785551e-06	10
TACSTD2	6.014592	2.0818796	5.354217690230565e-07	7.342020259526712e-06	10
GLIPR1	5.94358	3.2545156	8.494995234230869e-07	1.1257630784327836e-05	10
CLDN7	5.803304	1.9492893	1.139504291490178e-06	1.4772659143842482e-05	10
LRRC59	5.7951093	2.0745747	1.1979460487326085e-06	1.5465861593741504e-05	10
WFDC2	5.7927637	3.0936265	1.32223768459123e-06	1.6920707431848318e-05	10
UCHL3	5.772579	2.306966	1.3401941250177846e-06	1.7117841259414133e-05	10
YBX3	5.741876	1.5799978	1.1903334513869568e-06	1.5379419989587795e-05	10
ACTN1	5.7149816	1.9726843	1.5025114696384486e-06	1.9010085704693775e-05	10
SAT1	5.620472	1.7366887	1.9119171299698998e-06	2.372356352904529e-05	10
SVIL	5.464875	2.5972407	3.595491570552842e-06	4.218131611329586e-05	10
NCL	5.445516	1.2597755	3.129463622092281e-06	3.720855701829039e-05	10
SLC25A37	5.4442315	2.209884	3.668109626973595e-06	4.295812325360382e-05	10
EEF1B2	5.437875	1.1682452	3.1999925880860836e-06	3.800671083463007e-05	10
TYMP	5.4368043	1.3267852	2.956950997033963e-06	3.5320189954243646e-05	10
GPAT3	5.4177175	5.973169	4.497696148095745e-06	5.162807204082115e-05	10
SMS	5.40741	1.897358	4.125758146170381e-06	4.788306366114213e-05	10
PRMT1	5.394732	1.8965932	4.212382255996136e-06	4.8696999197156136e-05	10
CARHSP1	5.3914957	1.9245454	4.197933627967685e-06	4.8569469408645785e-05	10
SLPI	5.379368	2.4502833	4.258873619142195e-06	4.9146878164919566e-05	10
TUBA1B	5.342416	1.1742057	3.507467041719077e-06	4.126410103342672e-05	10
TUBB4B	5.2971816	1.5746964	5.354990347368304e-06	6.070014573879022e-05	10
SERBP1	5.2945294	1.0852469	4.657903840730593e-06	5.324838197748631e-05	10
MT-ND6	5.2907605	2.6602228	6.24720459546479e-06	6.996243383522021e-05	10
TUBA1C	5.269084	1.7602603	5.923162571754253e-06	6.65334212388511e-05	10
CLTB	5.2527447	1.5073072	6.022334726994045e-06	6.755689935722651e-05	10
TPM4	5.192066	1.6285183	7.599333771987711e-06	8.392797301489622e-05	10
CDCP1	5.1753373	3.4760325	9.155239675734166e-06	9.966760596033744e-05	10
CXCL2	5.1669574	2.5701501	8.136167347533253e-06	8.935664341965057e-05	10
YWHAE	5.086623	1.232327	9.948396322152532e-06	0.00010770792803141321	10
ATF4	5.07289	1.4008453	1.0598959576122457e-05	0.00011397874419452495	10
TMEM165	5.027501	1.618438	1.2889524020277631e-05	0.0001355039928570477	10
CCL2	4.9736447	3.0017636	1.5935791639907994e-05	0.00016405843689200553	10
KRT23	4.958415	3.2026944	1.7536895873469673e-05	0.00017884008041716215	10
SDC4	4.9303284	2.2471962	1.8376989982545947e-05	0.00018644362401832232	10
FOSL1	4.9254684	3.5379763	1.924692008514297e-05	0.0001942705225927717	10
S100A9	4.9222784	2.8720155	1.897297328972951e-05	0.00019185182306626997	10
SLC34A2	4.916957	3.9924393	2.006183339635452e-05	0.00020158596583197335	10
LAMC2	4.8616757	4.245366	2.393941619447338e-05	0.00023651014980230681	10
LAMB3	4.8488393	3.9711454	2.47818881130679e-05	0.0002436849338025243	10
SFN	4.8463826	2.6206672	2.405501886966681e-05	0.00023724390656508645	10
C15orf48	4.821674	2.5595229	2.5450921255247762e-05	0.0002498242170975315	10
BACE2	4.7949066	2.290623	2.7823201575798206e-05	0.00027104792450010094	10
SQOR	4.7645926	2.2707329	3.06482913300402e-05	0.00029599030794727276	10
MMP7	4.7281404	3.5711892	3.535331010612256e-05	0.0003368708449629139	10
PDLIM4	4.725381	2.1727312	3.372852290893404e-05	0.00032294844044777524	10
IL32	4.6998205	1.7188404	3.2797042230664486e-05	0.00031483846406946695	10
PA2G4	4.687711	1.3683895	3.582193209269772e-05	0.0003406587537060318	10
SNORC	4.6045303	3.460594	5.05785676142546e-05	0.00046554767737368646	10
NUDC	4.593694	1.3125042	4.742401394879536e-05	0.00043946971954908357	10
TBCA	4.588785	1.0106649	4.647876381370658e-05	0.0004314819311031089	10
EIF3J	4.572793	1.205343	4.802563528771128e-05	0.00044447091430012626	10
SNU13	4.567097	1.0447348	4.946908620408339e-05	0.00045608648168531086	10
EIF2S2	4.5169873	1.1644585	5.896153901679783e-05	0.0005363788934533268	10
CAST	4.486384	1.2889218	6.480481234798684e-05	0.0005844630844215721	10
ORMDL2	4.4766006	1.7673266	7.12562938583394e-05	0.0006373352939473499	10
MYO1B	4.4614067	2.642476	7.754225473229083e-05	0.0006880541708930599	10
GCLM	4.444375	2.4443345	8.09051879100356e-05	0.0007152453631234855	10
LCN2	4.4404984	3.175894	8.33043908533344e-05	0.0007347127461508517	10
MYDGF	4.439375	1.1575629	7.412748427996645e-05	0.0006601991370776299	10
ITGB1	4.4329057	1.2184718	7.49228274921235e-05	0.0006663979201573361	10
GARS	4.428853	2.402384	8.521591769408146e-05	0.000749011293337837	10
LGALS3	4.42784	1.116798	7.242901985299806e-05	0.0006469618521676187	10
EIF4A1	4.4124703	1.4254236	8.369409943016132e-05	0.0007378435146355065	10
HNRNPAB	4.4004436	1.4263812	8.74552226352234e-05	0.0007666846895995891	10
CXCL5	4.3350635	5.6802983	0.000116686641885127	0.0009943563657187613	10
IFRD2	4.323553	1.9770924	0.00011449297969488417	0.000977649957216423	10
DEFB1	4.317856	3.856956	0.00012149702036125032	0.0010319401265983027	10
TPM1	4.2899866	1.0923741	0.0001109966631618114	0.0009509422935147679	10
ITGA2	4.2754364	3.1146026	0.00013637995564037448	0.0011452979699884329	10
CAV2	4.2700186	2.658988	0.00013650592695811173	0.0011460689101632105	10
WTAP	4.2533846	1.6528546	0.00013841930874743694	0.0011603904110716776	10
TSC22D1	4.2353983	1.4353564	0.0001420937204835948	0.0011891131433982667	10
CCL20	4.2282624	4.1850843	0.00015862096390993822	0.0013129627450757593	10
G3BP1	4.215817	1.5000378	0.00015310137202542639	0.001272342199976419	10
MALL	4.2115283	2.8842587	0.00016419194393613596	0.001355442281949775	10
NME1	4.210879	1.4406815	0.00015590569032715768	0.0012937240869033142	10
PHLDA2	4.2082367	1.916265	0.0001612998623466366	0.001333208152530443	10
EIF5A	4.2017493	1.3804927	0.00015889484179764456	0.0013145835400473753	10
PIGR	4.1913414	5.2547307	0.00017807061924778714	0.0014578146546717179	10
WDR1	4.189071	1.3133757	0.00016248872055300685	0.0013420423974558982	10
SAA2	4.177839	3.956181	0.00018390499898618583	0.0015019132142672653	10
CMPK1	4.1507273	1.4646059	0.00018687352631708266	0.0015239302081695282	10
CEBPB	4.081255	1.1175997	0.0002115177514850477	0.0017045463658070653	10
MYH9	4.0807877	1.4206427	0.00022708799007462282	0.0018174083214251787	10
PPA1	4.0702505	1.053791	0.00022524217332181337	0.001804358188532826	10
USP53	4.05184	2.923545	0.0002641697639053472	0.002083357171678639	10
MARS	4.0359707	2.6805382	0.0002739215769162544	0.002150152963105099	10
VCL	3.9957976	2.0467017	0.0003031190526921848	0.0023611045393285117	10
NME2	3.9830823	2.1646502	0.0003162790051634332	0.00245505996579188	10
DRAP1	3.9725897	1.2567818	0.0003145777814207399	0.002443551034421731	10
KTN1	3.9636567	1.0608662	0.00031755032675131057	0.0024637879966610474	10
GNL3	3.9361112	1.4759426	0.0003514569228091404	0.0026981498393090814	10
LTF	3.9213147	3.200678	0.00038361537391442706	0.002910392050772178	10
LDLR	3.9186866	1.9055318	0.00037457292522470717	0.002854055085179896	10
WDR43	3.9181507	1.9443063	0.0003795289995631418	0.0028839560884339234	10
MSMO1	3.9172556	1.8805641	0.00037885289900470813	0.0028794709008649255	10
MTHFD2	3.9168715	1.4273163	0.000368293956873599	0.0028132424521743076	10
ERRFI1	3.9117215	1.9555116	0.0003860417862463189	0.002927476272323713	10
MGLL	3.9061995	2.3426497	0.0003978111944630174	0.0030032069462656583	10
TNFAIP2	3.875448	2.496237	0.0004372525974806478	0.0032743669060277757	10
PSMB7	3.8706264	1.1122348	0.00041196218026277626	0.0031009029372068625	10
CAPN2	3.8635948	1.5691999	0.0004326590016050543	0.0032428638151586874	10
TUBB6	3.8464408	1.7353733	0.00045224951070011154	0.003373865844838176	10
SLC39A14	3.825519	2.7242017	0.0005035562668582489	0.0037120397245478083	10
LRRFIP1	3.8148022	1.1231629	0.0004925489509242768	0.0036421041364530795	10
RSL24D1	3.8038204	1.0375761	0.0005015485309322081	0.0036996787499444014	10
NUTM2B-AS1	3.8002865	1.675501	0.000527537358058063	0.0038650350647936853	10
POLD2	3.7966425	1.2799003	0.0005158946193866625	0.0037921589806811417	10
PHLDA1	3.7947614	1.7161	0.0005302164843643967	0.0038812726106648254	10
MT1E	3.7730682	1.7859813	0.0005738528943366011	0.004167951478766552	10
KDSR	3.7701888	1.6499888	0.000578366447037647	0.004195283088254697	10
CHMP4B	3.764726	1.1155584	0.0005665356142710388	0.004123735034345684	10
RAB7A	3.7615716	1.110172	0.0005764910593169636	0.004184394421240051	10
PDCD5	3.751979	1.103445	0.0005890114237823583	0.004261439207308905	10
KCNN4	3.7483225	2.9842231	0.000632606274869904	0.00454839165389313	10
YWHAH	3.7417955	1.3016329	0.000614303006040696	0.004431993358918259	10
ISG20	3.7392826	1.7209707	0.0006295353520619159	0.0045321410696520115	10
EMP1	3.7301087	1.7360159	0.000643603734309136	0.0046175642465160925	10
EBNA1BP2	3.7071729	1.2315122	0.0006730745207412103	0.004801274457716065	10
RPL22L1	3.7047138	1.3554758	0.000691364250365318	0.004915016600572941	10
PAWR	3.69295	1.634788	0.0007214310372939883	0.005104961692379254	10
NOC2L	3.6883442	1.6648542	0.0007315849405916916	0.0051724474056462745	10
BZW2	3.6831934	1.6162173	0.0007406090828755565	0.005225235433051965	10
S100A2	3.6782176	2.9915771	0.000770147079238464	0.005412005695524265	10
LIF	3.6683474	2.7827857	0.000787236789125563	0.005512465374542904	10
CAVIN1	3.6681676	1.63982	0.0007586492467213906	0.0053367983188511246	10
CD47	3.6653225	1.3711785	0.00077235710137285	0.005425649985360064	10
SRPK1	3.6386025	1.6727651	0.0008439376902314654	0.005879200079255315	10
SPTSSA	3.6225314	1.1679567	0.0008594227319384725	0.005973041411510217	10
CORO1C	3.615843	1.8411204	0.0009007888299539227	0.006233414100574482	10
ABCF1	3.6134195	1.555916	0.0009020015816023817	0.006239231810378529	10
S100A8	3.5825691	2.9275002	0.0010100583678648882	0.006891025997323679	10
TOMM5	3.5798533	1.3950202	0.0009833845802827295	0.006732741826344771	10
NOP53	3.564535	1.0367919	0.0010072921655206667	0.006878076468339168	10
ABCC3	3.5599537	3.1668365	0.0010777868420652425	0.0073030400948909694	10
NARS	3.5411465	1.474277	0.0011056587238863415	0.007473780584012855	10
PDE4B	3.5345094	1.8610276	0.0011313629508074858	0.007619888500609213	10
TNIP1	3.5244114	1.7055078	0.0011626257357071536	0.007814755471213155	10
PLRG1	3.509513	2.0780551	0.0012257920897995678	0.008185206546678737	10
HIGD1A	3.4902446	1.665541	0.001286794392868388	0.008565265078626434	10
CALD1	3.478597	1.4586039	0.00128946948741928	0.008579665954677657	10
FSTL3	3.469037	2.8675182	0.0013862440928629706	0.009163581615829109	10
NPM3	3.4673436	1.7015496	0.0013678876468563173	0.009061884172073422	10
AREG	3.459706	2.5698721	0.0014162915617213455	0.009340117041229975	10
KATNBL1	3.4448972	1.6565112	0.0014508622144374895	0.009543708479005262	10
MFGE8	3.4312057	1.4966089	0.0014793440965509927	0.009712014159799734	10
IARS	3.4173298	1.9195497	0.0015844270201827446	0.01033111716250961	10
ELL2	3.4061878	1.7409092	0.0016163921538011766	0.010512974448447792	10
SMTN	3.399352	2.2116873	0.0016686532025670772	0.010821403145263406	10
ZFAND6	3.3986306	1.0953848	0.0016223574174725698	0.010545637623923926	10
REEP3	3.3898976	1.6183864	0.001699864235310747	0.010996170938583946	10
ANKRD36C	3.3694062	2.6573415	0.0018209329458758303	0.011686933015235596	10
ANXA11	3.3611324	1.1195056	0.0017899544431420565	0.011510134581562062	10
NUTF2	3.3543687	1.2637087	0.001852298312885365	0.011870068343998477	10
MTRNR2L1	3.3354084	3.5290904	0.00201009034941561	0.012766604887284412	10
CD3EAP	3.332784	2.324139	0.002008393330672931	0.012758242557594847	10
PALLD	3.323246	1.4374318	0.0019949394886607102	0.012689600870314599	10
CYP27B1	3.300213	5.1037855	0.0022237038355730956	0.013951599391873775	10
KRT17	3.2964804	1.7023841	0.002142086608886189	0.013495065166914287	10
DEF8	3.2957108	1.988479	0.002211461046082423	0.01388257812963701	10
CEACAM1	3.286697	2.44339	0.0022740297431195666	0.014235392238516869	10
SCGB3A1	3.2819588	2.864873	0.0023172209743106474	0.014465272417523437	10
SFRP1	3.2813175	1.5841235	0.0022457814680086163	0.014082212790891193	10
TXNRD1	3.281306	1.9213141	0.0022923807608415973	0.014331545778077914	10
MTHFD2L	3.26988	1.7213567	0.002369700770333875	0.014743486094930163	10
MRPS24	3.2663023	3.0758274	0.0024226797390173743	0.015028500300791892	10
SH2D3A	3.2637677	2.6179898	0.002431942915965562	0.015069240226196365	10
S100A1	3.2535362	1.7953626	0.0024582892768319053	0.015212819305206446	10
SLC7A5	3.2232382	1.7611576	0.0026736370969093182	0.016361332214456386	10
NOP16	3.2226174	1.6876826	0.0026725266976040584	0.016359563054829353	10
C6orf132	3.218306	1.6384159	0.002705442990917088	0.01653485119503463	10
LETM1	3.2143686	1.8700757	0.0027516781279640166	0.016781815638264818	10
TAP2	3.214214	2.163289	0.0027518555204214695	0.016781815638264818	10
CSF3	3.2112184	2.8306952	0.0027557044900751626	0.01680223310336503	10
CDC42EP1	3.2096055	1.6821933	0.002778039006656823	0.016926104690695096	10
MAP4	3.2006912	1.2509845	0.0027993706613054672	0.017040597341351483	10
PSME3	3.1932013	1.5567187	0.0028861582219379843	0.017511691917876618	10
THOC6	3.1913998	1.6102943	0.0029139277519398135	0.01765782307638903	10
C12orf29	3.169107	2.2041252	0.003119096222524642	0.01876885654820578	10
MGP	3.1689682	1.1935248	0.0029310670861481393	0.01775526840102849	10
ACAT2	3.1535716	1.9417769	0.0032510317357965003	0.019458039873367312	10
PPM1G	3.1459568	1.1508878	0.0032609435862010782	0.01950344308572938	10
CYP24A1	3.1447253	7.458977	0.003381200036511438	0.020145468909802112	10
BCL10	3.1384122	1.9200712	0.003379012449800534	0.020141364240049708	10
CTSV	3.1368825	2.7561061	0.00342396468929576	0.02035144420408809	10
BZW1	3.1273327	1.0920469	0.003430393237919537	0.020386041742214596	10
NAMPT	3.1248207	1.2771704	0.003450820763339537	0.020500173436622634	10
CYSTM1	3.119322	1.3040253	0.003529845868831911	0.020917766835069105	10
WWTR1	3.1161137	1.8322005	0.0035793331916727155	0.02116988442636123	10
PPP1CB	3.1139235	1.0016074	0.0035243680805987832	0.020889252677825196	10
PSTPIP2	3.1123924	2.027698	0.00361174689974729	0.021335259380842526	10
SESTD1	3.112087	1.6395351	0.003604665018664582	0.021308436621612397	10
ARHGDIA	3.106114	1.0583656	0.003606840039259952	0.021313781141088454	10
EIF6	3.0978062	1.0829083	0.003705306364488456	0.021791983302000228	10
ACTR3	3.097789	1.065356	0.0036916948766978924	0.021734796885961735	10
MXD1	3.0948825	2.1670482	0.003810803258707244	0.022314621525890307	10
RELB	3.0901067	1.7277719	0.003808136612344055	0.022302900316855587	10
TGM2	3.089482	3.078858	0.0038887579338203583	0.022708755992071793	10
EVA1C	3.0859475	2.2525072	0.0038949125947472163	0.022735688016083604	10
TCP1	3.078157	1.0142184	0.003889156322700098	0.022708755992071793	10
MMP3	3.0749273	2.9805617	0.003984677888181774	0.023178994285033797	10
TRIO	3.0658822	2.07719	0.004111310408065617	0.023800045287699145	10
CCT2	3.0552595	1.0008134	0.0041008691301804515	0.02375600198538558	10
MET	3.0458264	3.7033195	0.004367525605903891	0.0250846640941522	10
TFCP2L1	3.0436816	3.20067	0.00438631712489541	0.02516187150438121	10
TARS	3.027457	1.7094051	0.004526309930415295	0.02586319614583636	10
SARS	3.0230932	1.1963279	0.004507034069133003	0.02577140543584105	10
SMIM12	3.0213065	1.4376694	0.004578915043665182	0.026150415371968987	10
GNG12	3.0158877	1.5520874	0.004647221407050728	0.026490899594474586	10
WBP4	3.0081625	1.5805932	0.004727316626206777	0.026897188627582953	10
CLIC4	2.9960585	1.2733502	0.0048578423020548865	0.027495256269528003	10
RRP7A	2.988379	1.4763988	0.004996817732185763	0.02814905015755887	10
LARS	2.9830341	1.5139903	0.005076231335827813	0.02853391574241674	10
G0S2	2.975716	2.434837	0.005195664463596916	0.02911255960132044	10
TSFM	2.9737432	1.8290695	0.005225941114338494	0.02924800449124436	10
TNFRSF1A	2.9500008	1.2159506	0.005489377647198971	0.030533866611061476	10
PTPN14	2.948127	2.353346	0.005609414850931989	0.031098410498365262	10
AZGP1	2.9431667	1.0378722	0.00546041124706277	0.03039290634545841	10
SQLE	2.940037	1.2487816	0.005629719832246688	0.03117081826780611	10
NPAS2	2.9322114	2.9330904	0.005851047337085899	0.032169951691397185	10
GLIS3	2.927911	2.7998269	0.005912285238244197	0.032450328780223955	10
COL6A2	2.9208148	1.5048834	0.005848639949966639	0.03216943794060857	10
CCDC50	2.9164982	1.4099803	0.006005780043619114	0.032872041195011206	10
RPL26L1	2.9112635	1.1912394	0.006080262847337068	0.03322008407925275	10
GAL	2.9086192	3.2524529	0.0062302205356281	0.03391645311578232	10
CNN3	2.9059756	1.0247542	0.006108946410767673	0.03334963729875627	10
KLK10	2.8821592	2.9006603	0.006672968434906764	0.03601835118686961	10
PKP3	2.869983	1.5800318	0.0067821884987613835	0.03651386588073123	10
HMGXB3	2.8673477	1.9582303	0.0068688531987588725	0.03689753445540861	10
VNN1	2.8634658	4.6804333	0.007022721683849071	0.037646650083665655	10
SGMS2	2.8561466	2.7348363	0.007112593430296725	0.0380544737989444	10
ANXA1	2.8393233	1.439665	0.007344290766233101	0.03913804521611446	10
IL6	2.8327765	1.7401965	0.007306078278332074	0.03895297592330887	10
MYC	2.832537	1.048778	0.007349674717577519	0.03916051464690509	10
TIAM1	2.8238616	2.334273	0.007694387255481898	0.04084150070202854	10
GMFB	2.8225858	1.678011	0.007707254618391531	0.040883920157436394	10
VPS37B	2.8167636	1.6867456	0.007799350501289849	0.04132017298432519	10
ITGB6	2.811239	2.262445	0.007964640326165966	0.04204974046591101	10
NDFIP2	2.8105292	1.6856712	0.007935769455520195	0.04192155560523656	10
KIAA1143	2.7949736	1.7117983	0.008265083671133324	0.04343085875191647	10
HMOX1	2.7884119	1.4473968	0.008261824547176168	0.043420535433537424	10
ARID5B	2.7787232	1.1242024	0.008475039993310582	0.04440889180059838	10
SMARCD1	2.7759824	1.737107	0.008669579537507285	0.045315001911723836	10
MRPL19	2.7748764	1.4722506	0.008677444764902694	0.045341980816264414	10
KRT81	2.763229	2.6557207	0.009002161041023351	0.046790869901900546	10
MRTO4	2.7603722	1.4115826	0.008962537589564248	0.046621041143234246	10
MIR22HG	2.757257	1.8872939	0.009067607109289604	0.047050836951219456	10
FAM3B	2.7502987	1.9423072	0.00920446699626922	0.04767248726403117	10
EMC8	2.7455244	1.4059148	0.009323395258350228	0.048176860323574947	10
HYPK	2.7425056	2.4620373	0.009476607768714687	0.04884064246626603	10
MELTF	2.7350702	2.4787805	0.009650332921805787	0.049598807313865755	10
NFKBIA	13.255091	3.4147012	1.578996481205523e-13	2.5923211442053085e-12	14
VIM	12.662435	3.469743	1.9284076771586222e-13	3.144420121515671e-12	14
HSP90AB1	12.345664	1.8120072	3.211713475832972e-13	5.105406715303968e-12	14
GEM	11.932868	7.1593757	7.524679427703454e-12	1.0437769755359865e-10	14
SOD2	11.357945	3.822696	9.965528425088336e-12	1.365415804354117e-10	14
RPL9	10.625747	1.1469686	1.0153405931230526e-11	1.3900219932220533e-10	14
CXCL3	9.535703	6.8893466	7.58718815923656e-10	8.608994521277181e-09	14
TUBB4B	9.433418	2.423122	4.680404584013578e-10	5.454671652272391e-09	14
CXCL2	9.055811	6.652845	2.081673521652541e-09	2.267665202655014e-08	14
CXCL1	8.965913	7.461935	2.634265717198427e-09	2.8419397369106606e-08	14
CCL2	8.862126	5.6015096	2.98034712400901e-09	3.1968323276822655e-08	14
CD63	8.711818	1.8799237	1.8823904292552304e-09	2.0606154499885664e-08	14
YBX1	8.651158	1.8126047	1.9644088349269464e-09	2.1461966362307722e-08	14
ANXA5	8.595444	3.1369693	4.538800606971194e-09	4.7752795219078046e-08	14
RPL21	8.586391	1.1273102	1.5033233321840303e-09	1.659742195022533e-08	14
CTSL	8.25681	4.9123135	1.1780712051713172e-08	1.1826904008575622e-07	14
EIF1	8.053191	1.4466368	1.2304512465175114e-08	1.2323250301416496e-07	14
NCL	7.9707937	2.296611	1.7247831220100908e-08	1.6970310791273773e-07	14
DCN	7.873167	5.2709455	2.7288188210069312e-08	2.627829804059531e-07	14
PLPP3	7.86989	4.83483	2.9592894492922322e-08	2.8407992964714015e-07	14
SON	7.8597717	1.5674587	1.535373137485722e-08	1.5209081631544182e-07	14
PRRX1	7.800019	4.600212	3.3491843848198504e-08	3.1886174695215044e-07	14
EIF4A1	7.7760296	3.0049922	3.191699114311923e-08	3.051675598436038e-07	14
TXN	7.504427	2.220497	5.226722547102592e-08	4.872415257153086e-07	14
TNFRSF12A	7.4374833	3.372243	7.249154740821098e-08	6.665174061757474e-07	14
GNL3	7.3609347	3.0277896	8.850057060405065e-08	8.053167766224804e-07	14
RPS17	7.324356	1.6105243	4.916860765632928e-08	4.6001792730849105e-07	14
MEG3	7.135855	5.48931	1.6927130404822465e-07	1.4917311637103266e-06	14
YWHAE	7.001089	1.612108	1.4628815050944014e-07	1.2980557820733154e-06	14
NOP16	6.923527	3.904592	2.759546676039781e-07	2.373889588639402e-06	14
PPP1R15A	6.900543	2.7092335	2.5460512345616135e-07	2.196427583807384e-06	14
TNFAIP6	6.7896113	5.7567377	3.974943664692219e-07	3.3557408874261695e-06	14
CD59	6.746272	2.5386183	3.566836788221357e-07	3.026442517423034e-06	14
CDKN1A	6.6293216	2.7150676	4.985986115888268e-07	4.154905846285923e-06	14
FGFR1	6.615727	3.8088007	5.839302573063685e-07	4.813370548123103e-06	14
APOD	6.436483	4.459002	9.076604295534088e-07	7.323511779564803e-06	14
MT2A	6.422786	3.400441	8.324188667074858e-07	6.750522535840372e-06	14
IL1R1	6.422298	4.6728	9.72002988820624e-07	7.795780068874354e-06	14
RAN	6.4171343	1.9421598	8.00975052330416e-07	6.504964704652416e-06	14
SQSTM1	6.399703	2.0186176	8.296067776971052e-07	6.729344844193133e-06	14
NPM1	6.373571	1.735018	8.829223450957429e-07	7.144535193451463e-06	14
CEBPB	6.3637633	2.6268768	9.881893048901955e-07	7.914244860392083e-06	14
RPL36AL	6.219002	1.4828932	1.2863817993718932e-06	1.019048935586506e-05	14
CD44	6.1887064	2.0511231	1.4381673200787803e-06	1.1306586538509652e-05	14
EIF4E	6.1521797	2.4415805	1.7220786826534588e-06	1.3401448049856071e-05	14
SRSF7	6.1246862	2.1644888	1.7955954844334733e-06	1.3944447358968077e-05	14
DDX21	6.095467	2.7285771	2.042954996246353e-06	1.5745117998414275e-05	14
BTG3	6.092939	3.0907326	2.1032611210197386e-06	1.6172737565365212e-05	14
IL6	6.0308943	5.818253	2.6083860122562134e-06	1.982503404420704e-05	14
RND3	6.013018	3.4008222	2.6170028622464554e-06	1.988602016370828e-05	14
WTAP	5.9968243	3.1207173	2.7156041865023393e-06	2.0593280583195788e-05	14
GRPEL1	5.946922	2.9854045	3.049550364239653e-06	2.2918433512651178e-05	14
KDM6B	5.933313	3.2323477	3.1870484114216857e-06	2.389823178347748e-05	14
IER3	5.8994446	2.5932536	3.1994820234316007e-06	2.39861033857665e-05	14
NNMT	5.8237205	3.4680827	4.161524755656438e-06	3.0684040850620487e-05	14
ELOC	5.7919965	1.7334574	3.9875400939918874e-06	2.9477007355253653e-05	14
SERBP1	5.643829	1.5648563	5.715077770791597e-06	4.139266324986417e-05	14
TWIST2	5.596723	5.783866	7.95386999968536e-06	5.681021159698608e-05	14
ATF4	5.4539886	2.1622038	1.0444634290785145e-05	7.332010856995073e-05	14
GCLM	5.439402	3.1987677	1.1383441375553435e-05	7.949448410939783e-05	14
UAP1	5.4299946	3.0345402	1.1759860583186148e-05	8.185048429563117e-05	14
HSPA9	5.416862	2.4617712	1.181911952926002e-05	8.217767166892834e-05	14
ADAMTS4	5.388434	4.7817416	1.3460755008994126e-05	9.253682798865997e-05	14
TUBA1B	5.356718	1.5214599	1.092575684633567e-05	7.645750268786662e-05	14
SLC3A2	5.3245044	2.3571918	1.479544996230485e-05	0.00010111128508265422	14
SBDS	5.2660656	2.2764688	1.7174215110322714e-05	0.00011602021128204112	14
ERRFI1	5.2583036	3.2368145	1.8385708800076098e-05	0.0001236317279196777	14
HNRNPC	5.2510004	1.2564822	1.580686480723447e-05	0.0001074540033440315	14
HNRNPDL	5.23956	1.4779041	1.6896941803945235e-05	0.00011430825434572955	14
NAP1L1	5.227067	1.5967125	1.8012367070991217e-05	0.00012119414321526909	14
FOSL1	5.190799	4.5319037	2.232066376504527e-05	0.00014798525071029522	14
PLIN2	5.188942	3.0328908	2.1535816746528275e-05	0.000143092874305726	14
EIF5B	5.1848307	1.3483889	1.8591064335299104e-05	0.00012491243767433238	14
HNRNPH3	5.175201	2.2433605	2.1888643690696364e-05	0.00014535082122938957	14
TFPI	5.171413	4.248851	2.3349444666300867e-05	0.0001542268065286328	14
NFE2L2	5.166717	2.1338074	2.1947907086581752e-05	0.00014571550902435442	14
EIF5	5.148158	2.1925733	2.361398930286983e-05	0.00015569821411589484	14
LUM	5.1402755	3.0693834	2.322003240765023e-05	0.00015355345169262545	14
CFD	5.124387	4.5243587	2.6449556559883562e-05	0.00017333813532142528	14
PRNP	5.1079845	2.5762868	2.6083716915270514e-05	0.00017117471122189167	14
MEDAG	5.0785494	6.5252557	3.0288157369688297e-05	0.00019657412661314147	14
EMP1	5.0653687	2.8002174	2.952213702272213e-05	0.00019193680904809517	14
VASN	5.0222917	5.1686406	3.4930358297507135e-05	0.0002248380116228074	14
IGFBP7	5.004565	3.0462878	3.385879561145774e-05	0.00021852181327764171	14
EIF4A3	4.9748535	2.2738228	3.7158673045422874e-05	0.00023794178171373205	14
SRGAP1	4.9607525	3.2947214	4.0052123591414726e-05	0.00025544557470614967	14
MYC	4.957163	2.9662125	3.985799384510312e-05	0.0002542557952755047	14
AKR1C1	4.7999115	7.0143228	6.243057952157408e-05	0.0003877030305004844	14
SPAG9	4.7808633	2.7120812	6.298245756011443e-05	0.00039105786912695264	14
BRIX1	4.751009	2.6184168	6.780222555941622e-05	0.0004187358584953746	14
GPATCH4	4.7489767	2.7385223	6.876454870481605e-05	0.0004242103601449761	14
FTL	4.703944	1.2127256	6.430764940317489e-05	0.0003986955394883344	14
HSPD1	4.678828	2.0037522	8.023286046716392e-05	0.0004902696981106113	14
MRPL32	4.5927815	2.2799494	0.00010208457791678013	0.0006138434614389965	14
MAP1B	4.5791574	3.674127	0.00010864925007239824	0.000649513193352719	14
GFPT2	4.5625596	5.287492	0.0001151554835322407	0.0006853140654994474	14
HSP90AA1	4.558592	1.4179983	0.0001064193541004272	0.0006377365652818347	14
NAMPT	4.540826	2.0493667	0.000113905237830722	0.0006784755073841673	14
ATP13A3	4.5107565	2.8250864	0.00012867513234374306	0.0007605097117077508	14
EIF1B	4.4950047	2.1253157	0.00013218167726161705	0.0007794489516582099	14
SPSB1	4.4112253	3.6858315	0.00016898017234168628	0.0009824517178908822	14
REL	4.3567896	2.0896006	0.0001870582972114413	0.0010800692626560429	14
ARID5B	4.303894	2.8425684	0.00022108572834233687	0.0012600571647120341	14
EPB41L4A-AS1	4.301971	2.2429636	0.00021807948918369752	0.001244810893687119	14
SLC25A5	4.3006015	1.216408	0.00020028881704276983	0.0011511115854063645	14
PEA15	4.293932	2.3620965	0.00022401969098676306	0.0012750457246541694	14
SNRPB	4.2819824	1.3850219	0.00021923414296703863	0.001250141514664645	14
MTHFD2	4.272768	2.3715792	0.000237038105196862	0.001342476690900922	14
MT1A	4.268758	5.495609	0.0002468326677754104	0.0013937734865075825	14
SERPINE1	4.2669506	3.9837859	0.0002449031259392003	0.0013833438442449845	14
ABL2	4.252217	2.6753013	0.00025172657874270434	0.0014189722034795046	14
CXCL8	4.249464	4.5398407	0.0002571145625422415	0.0014472024739435008	14
SOD3	4.225275	4.1177487	0.00027366228297576336	0.0015331395746267045	14
SERPINE2	4.217338	3.6664455	0.0002789007076421572	0.0015609225154389447	14
TIMP3	4.192623	2.9526284	0.0002914608681196972	0.0016263332186995116	14
PNRC1	4.1776304	1.9335201	0.0003003955612917482	0.0016736823125060674	14
ZFAS1	4.176489	1.3504767	0.0002918823241407011	0.0016281431954104863	14
CHIC2	4.1613793	2.6014116	0.00031846012520673903	0.0017690412486848681	14
H3F3B	4.1497045	1.0233816	0.00028493088502451236	0.0015928111357678615	14
PDLIM4	4.126389	2.7625582	0.00034961221172955366	0.0019286748673718684	14
RELB	4.1201715	3.2196884	0.00035806422843186084	0.001972381718809828	14
SFPQ	4.118108	1.5640241	0.0003450088380415417	0.0019061013732089196	14
UBE2D3	4.1086135	1.3773769	0.00035027175090729824	0.001931677868658614	14
PQBP1	4.0776873	1.9081606	0.0003872220701074828	0.002121152287028431	14
AKAP12	4.0651817	3.7153683	0.000411573091801987	0.002242822594984638	14
COPS8	4.064648	2.5673952	0.0004109437514332293	0.002239756965684424	14
CCT2	4.0636377	1.906399	0.00040281901936037795	0.002199048295632558	14
PDPN	4.0571184	4.7867627	0.0004256269144492891	0.002314894168565527	14
SPHK1	4.0224676	3.2172747	0.0004609588553300441	0.002493713059133066	14
LHFPL6	4.018441	3.3965485	0.0004643478407551935	0.0025112368472702262	14
BAZ1A	4.014146	2.1260178	0.0004627932809046851	0.0025032332583170528	14
SAP18	4.000951	1.3063253	0.00046541958899760233	0.002516627185969463	14
S100A6	3.9865425	1.1626574	0.000430389450694961	0.002338400110988561	14
PSMC4	3.97708	2.08072	0.0005089864625748078	0.0027284505260063334	14
RBM8A	3.9699163	1.5576289	0.000511125126299186	0.0027386018947605432	14
SLC39A14	3.9679527	3.654597	0.0005327342238887314	0.0028452927712503094	14
TCEAL9	3.940859	2.235526	0.0005607053029941697	0.0029851772329726103	14
SURF4	3.9291172	1.8763415	0.0005706845867375296	0.003033491556856336	14
SLC25A33	3.914704	2.754064	0.0006054822290547544	0.0032062645160602335	14
PNPLA8	3.8902063	2.7230136	0.00064580431057086	0.0034084850323929526	14
ATP1B3	3.8778791	1.7804791	0.0006464511260959976	0.0034113620548121234	14
HMOX1	3.8736396	2.9443185	0.0006687958745381867	0.003519310076543037	14
HNRNPA2B1	3.8675148	1.1458976	0.0006475847252985799	0.003416269152444113	14
ID3	3.8537567	2.4850059	0.0006997693723984073	0.003670205554279121	14
CYCS	3.8505695	1.5944135	0.000698240293142666	0.003663331405020829	14
TIMP1	3.8505173	2.7016428	0.0007121771987225468	0.0037282870957316906	14
CRISPLD2	3.847993	3.9499636	0.0007241957973265276	0.003784117656664443	14
CYP1B1	3.8465557	3.239162	0.0007213907042421731	0.0037706351271601566	14
NOP56	3.8435292	2.1526308	0.0007221394105629885	0.003773960419085883	14
TUBA1C	3.8402302	1.9691349	0.0007207066417421338	0.0037676467379477727	14
TCP1	3.8361485	1.7109221	0.0007268582123277085	0.0037956642222767662	14
RRP9	3.8177254	3.6240735	0.0007836563770724929	0.00407134735802176	14
SEC62	3.799434	1.21832	0.0007791529511314177	0.0040517161447905245	14
UGDH	3.77892	2.2715883	0.0008490903115269865	0.004385089772173981	14
CCT5	3.7668052	1.4477082	0.0008491182118262973	0.004385089772173981	14
NDUFAF4	3.7647202	2.8023431	0.0008929544187064117	0.004589424480207134	14
THAP2	3.7603054	4.1544747	0.0009107809737972124	0.004673883819175688	14
CAVIN1	3.744266	2.5675364	0.0009327508347407934	0.004767661650112915	14
PFDN2	3.742799	1.5948241	0.0009207715196069828	0.004718875484012038	14
MMP3	3.730764	6.93644	0.0009852364201090686	0.005023687255530294	14
SPRY2	3.7236328	4.0337477	0.0009977266582907227	0.005080423538140144	14
HSPH1	3.714133	2.3943408	0.001010589935678408	0.005142800338733042	14
PHLDA1	3.675555	2.2270076	0.0011022280001181813	0.005571941123129453	14
CREB5	3.648405	3.7158144	0.0012067666073614842	0.006053867600585035	14
ICAM1	3.6472492	2.3331525	0.0011893032177842458	0.005973408090401526	14
ZNF622	3.644837	2.7539988	0.00121062542075367	0.006069594504857825	14
UTP11	3.6423576	2.587845	0.0012145323122589047	0.0060864527544413445	14
AXL	3.6181924	3.53007	0.0013003274579127544	0.006491186674483063	14
GLA	3.6126695	3.2556584	0.0013187915493807672	0.006576507189678904	14
EMP3	3.6087484	2.2570841	0.001310301217426385	0.006538056104388334	14
COL6A2	3.6057863	2.1415293	0.0012872800924921153	0.006430840271414662	14
HNRNPA0	3.5874317	1.3441954	0.001363090867855492	0.006779275029469315	14
UBE2N	3.5849195	1.5847329	0.001380436942280394	0.006857410468161537	14
GADD45A	3.5781968	2.1492658	0.0014113218943820054	0.006995292989429118	14
DDX5	3.5746636	1.0490707	0.0013895761396711549	0.006896681459116634	14
CCT4	3.5742304	1.449802	0.0014081610457469403	0.006982721708367553	14
DPT	3.567867	4.2188153	0.001478801956240554	0.007307085505931706	14
MCL1	3.5631735	1.4929719	0.0014556536173061633	0.007199067823365677	14
PLAUR	3.5595238	2.0888188	0.0014748022868576367	0.007289470012303565	14
PRPF38B	3.5559146	1.5168484	0.0014801668112883323	0.0073120106880222935	14
NOP58	3.545837	1.8852329	0.0015335925788843908	0.007556666473976988	14
TXNRD1	3.5412948	2.9500268	0.0015763558503917648	0.0077468940041011255	14
RTN4	3.5378988	1.1968035	0.0015326321875194942	0.0075530438145153325	14
PUM3	3.5349042	2.294091	0.001588570947898345	0.007802351466314012	14
RAB7A	3.5304375	1.6341184	0.00159637486147416	0.007833797985179927	14
CAV1	3.5290852	2.5932906	0.0016046204524833272	0.007869655592446744	14
STAT3	3.5247903	1.1890876	0.001567001501702332	0.0077054386993986096	14
EBNA1BP2	3.5074444	1.6289923	0.0016801481325684226	0.008213649397242015	14
ANXA2	3.504871	1.0124346	0.0015930599939879854	0.00782210880666828	14
HLA-E	3.496104	1.1205791	0.0016400930355221258	0.008031882100225964	14
JAK1	3.4844866	1.4467322	0.0017558970287420235	0.00855155252519765	14
FAM180A	3.4805067	6.0030766	0.0018515392706501639	0.008982134607589985	14
EIF1AX	3.4727983	1.2281998	0.0018158509296684266	0.008816655476550188	14
AMD1	3.4644084	1.6489415	0.0018744487106141035	0.009078828043712295	14
RPL7L1	3.4598434	1.7090503	0.0019052994575451427	0.009214945797479687	14
VEGFA	3.4506347	2.1834385	0.0019574378667648823	0.009453480703982853	14
PIM1	3.4368856	2.7032902	0.002040453600611908	0.009824968350856536	14
CYR61	3.4299846	1.9738177	0.0020441265031880557	0.009836735587292766	14
BAG3	3.4248142	2.5345654	0.00210628759635803	0.010116997317692207	14
GSTO1	3.4247751	2.0851622	0.0020966807349330394	0.01007229569326684	14
RPL17	3.4230318	1.1365161	0.0020299610099324544	0.009779793483789781	14
C11orf96	3.4199638	3.9351037	0.002142701271415637	0.010280123493713614	14
ODC1	3.4076495	2.5004318	0.0021942151726931747	0.010500238423070591	14
JMJD6	3.4047632	2.623177	0.002215300482450228	0.01059358333074752	14
PTGS2	3.383652	4.2523346	0.0023524817263805196	0.011193728129455101	14
GAR1	3.379349	2.1988058	0.0023497230643611507	0.011182188039406548	14
SRPX	3.3776658	3.8961108	0.0023824859711468823	0.01131562757834007	14
CREM	3.3699136	2.6233983	0.002419947132656652	0.011475674646746327	14
NXT1	3.3540885	1.79158	0.0024843007228442008	0.011753191150485441	14
FGF7	3.3384879	3.6008534	0.0026244849868120846	0.0123461221518463	14
PRPS1	3.3367455	2.6568854	0.0026215108313938714	0.012333860961675108	14
TUBB2A	3.322025	2.68304	0.0027252068034597635	0.012764440915353153	14
TLE4	3.3161724	3.0038965	0.002769328587700047	0.012947595506000458	14
GTPBP4	3.3141615	2.1767385	0.0027643424107083427	0.012926085152316816	14
SERTAD1	3.3131533	1.8690645	0.0027529809395579873	0.012878345006096855	14
IWS1	3.3129132	2.40201	0.002779004445310966	0.012985593215404724	14
DNAJB6	3.3086693	1.1053034	0.0027215646426541474	0.012750942824313837	14
MFAP4	3.3000314	4.1322737	0.0028899173494295865	0.013455124627598245	14
CEBPZ	3.2985451	1.9128098	0.002862222207701932	0.01334099431191363	14
MEIS2	3.2962654	3.4514015	0.0029166113705163524	0.013566226872623627	14
SNRPD1	3.293008	1.3452904	0.0028710690250001903	0.013376653169541796	14
SERPING1	3.289558	2.054653	0.0029119022149492156	0.01354620141353837	14
RRP15	3.2859638	2.2218044	0.0029675545795793366	0.013785976198569326	14
RSPO3	3.2845213	6.084429	0.0030152214843518934	0.013991912535507313	14
KLF9	3.2648435	2.556506	0.0031382504213162657	0.01451062274350274	14
CLMP	3.248518	3.9651573	0.0032889744339554337	0.015146984963517672	14
LGALS1	3.244526	1.1115459	0.0030901349520866877	0.014311822207669096	14
MAP1LC3B	3.2339542	1.6948684	0.0033602232161143385	0.01545601301312274	14
TMEM38B	3.2333155	3.2493575	0.003402942897143251	0.01563321568457496	14
ZFAND5	3.2238934	1.4402162	0.003414618414992895	0.01567482219736234	14
FNDC3A	3.2230835	2.442174	0.0034697805416762984	0.015898894692399555	14
HNRNPU	3.2157962	1.1233634	0.0034334188454316628	0.015747340557175356	14
MAFF	3.212718	2.1644077	0.0035565556175682087	0.016265398414078987	14
CEBPD	3.2092633	1.7625573	0.0035518789068614103	0.01624838699652502	14
CCDC47	3.1987808	1.8225611	0.0036686187027406693	0.01673454915117976	14
ETS2	3.1960127	2.4970684	0.0037121926907873366	0.016905723698804897	14
DNAJA1	3.1955483	1.329959	0.003653184403630187	0.016677753924344643	14
UBAP1	3.1940553	2.822772	0.0037415967779853647	0.01702627389475525	14
AKR1C2	3.1917555	4.4773374	0.0037780510634990616	0.017177661748789756	14
SDCBP	3.1912487	1.574369	0.0037119666970423307	0.016905723698804897	14
CCDC80	3.1776435	3.1199002	0.003887111785499655	0.017637664555931267	14
GULP1	3.1707573	3.676459	0.00397267041456806	0.017979670540416583	14
ABCF2.1	3.1635659	2.91255	0.0040338288713476275	0.01823677775628397	14
TUBB6	3.1583135	2.2595258	0.004056660537581075	0.01832242310709145	14
DAB2	3.1581461	2.00365	0.004030961314402345	0.018226270348661238	14
EDNRB	3.1575835	4.308921	0.004109118158819775	0.01851974363947515	14
NIP7	3.1521978	2.486649	0.004136134232407757	0.018626487417989872	14
RASD1	3.1286898	2.3913193	0.004374787034587428	0.019580295159740718	14
SAT1	3.126372	1.103437	0.004250426653074778	0.019072048210137943	14
TWISTNB	3.1219542	1.9517785	0.004429282039794793	0.019797781036348234	14
NUDT4	3.110547	2.0184872	0.004557976548718302	0.020332370184939563	14
SERPINF1	3.1066036	2.2665982	0.004570193523597159	0.020384157044544188	14
ACSL4	3.1001904	2.9468403	0.004709340798798324	0.0209574100746311	14
HNRNPM	3.0999894	1.3181101	0.004634904785433163	0.02063984883274213	14
CD55	3.0928621	2.0227895	0.004762863477591834	0.021156297695922092	14
TERF2IP	3.0802474	1.5879687	0.004878883931166656	0.021611548591555837	14
GSN	3.0789056	2.1605368	0.00493932336453648	0.021822687036468336	14
SOCS3	3.0781832	1.9767468	0.004928226141235809	0.021789827709358063	14
ITPRIP	3.0781803	3.5429964	0.004980804169711462	0.021978838660214727	14
EIF4A2	3.0774932	1.2034119	0.004894862953915021	0.021662303514614553	14
NIFK	3.0738204	1.9347094	0.004990637358225201	0.022019332758778147	14
EIF3J	3.0720923	1.351882	0.004955460629369747	0.02188716157093636	14
TSR1	3.071628	2.7267637	0.005044286921898674	0.02224141286281102	14
WBP11	3.0616698	1.6204159	0.005107195509964987	0.022489227333561197	14
YBX3	3.0603266	1.4364855	0.005092837543393867	0.022431892848716176	14
GPRC5A	3.0579646	1.6231146	0.005139598135464743	0.022623000139320597	14
DCAF13	3.0472324	1.7410004	0.005303635963545868	0.023259578171194034	14
JMJD1C	3.0462794	1.559548	0.0052903556066602525	0.02321955213334095	14
MIR4435-2HG	3.0453038	2.1557193	0.005348757465244946	0.023442136958288347	14
MRTO4	3.032997	2.3398137	0.0055338338259092665	0.02417115774903278	14
MFSD2A	3.0329096	3.8281438	0.005561220196703007	0.02427813179976774	14
IGFBP6	3.0269341	3.4176917	0.00563337371269772	0.02455158364053979	14
WDR43	3.022355	2.1875498	0.005669207761230098	0.024676034857897905	14
GNL2	3.0204468	2.472503	0.005711073209639891	0.024835356738562374	14
LMCD1	3.0161753	2.4695659	0.005762585339556029	0.025043129680493492	14
CFH	3.0135	3.0620563	0.005790277142806823	0.025147181878400055	14
MTRNR2L8	3.0088365	1.3641982	0.005729299428374961	0.024908157113042718	14
COQ10B	3.008606	2.1563911	0.005859556019744171	0.025418438755592247	14
IST1	2.989765	1.692205	0.006080627400634538	0.02626533466125989	14
CSRNP1	2.9863892	2.413665	0.0061908456606147655	0.026672723738301846	14
HNRNPAB	2.9839945	1.3802662	0.00615624661008399	0.02654411460969625	14
RPF2	2.9810596	1.8560697	0.0062405648492982945	0.02687312692390732	14
SDC2	2.9802682	2.1246865	0.006253165205235966	0.026917019269612364	14
DNAJB9	2.9678392	2.0462503	0.006462509403255501	0.027729183560776863	14
EXOSC4	2.9677947	1.624956	0.006421518911529962	0.027581529749215832	14
NOP53	2.966919	1.2789211	0.0064047660457737954	0.027513096560104876	14
IMP4	2.961921	1.6300628	0.006510421336640653	0.027920475904905272	14
ANXA1	2.9611526	1.6639955	0.0064950420025977704	0.0278616451987635	14
EIF2S1	2.9588966	1.7622006	0.006571557319405052	0.02815746091596383	14
FBL	2.9564595	1.3173369	0.006569611096918873	0.028152718257538765	14
ARC	2.9484897	3.8972552	0.006810107855356411	0.029064490084808423	14
RSL1D1	2.941547	1.1845565	0.006798660527767296	0.02901932715218158	14
S1PR2	2.93724	3.8506794	0.0069963588356284825	0.02977224964549796	14
RBM7	2.9323986	2.3096313	0.007044015281867082	0.029952472471407716	14
COL6A3	2.9104807	2.053352	0.007304207929978628	0.030983993699179608	14
WWTR1	2.9097803	2.2798676	0.007428808858985514	0.03147273941382255	14
C1R	2.9067767	2.2166831	0.0074385667805706174	0.031502142473121095	14
EIF3A	2.9038556	1.2263093	0.007453243251564132	0.03155234531120946	14
PNO1	2.9031203	2.2859037	0.007557686177617955	0.031966248686441844	14
PSMD11	2.8965547	1.4363743	0.007591554450906914	0.03210545049021168	14
PAK1IP1	2.8861425	2.2516532	0.007858277358253502	0.033129019717594355	14
PTGES	2.882931	3.6210566	0.00796256694084684	0.03352233685991513	14
MIR22HG	2.8723912	2.697034	0.008135954219592739	0.03418792789768981	14
NFKBIE	2.8697715	2.98864	0.008202632794072408	0.03442498830655438	14
AKR1C3	2.864828	3.022819	0.00829169992968341	0.03476204057465282	14
LRRC59	2.861974	1.7389312	0.008295207241335704	0.0347700007600151	14
PDGFRB	2.8592217	2.9476883	0.008382898938153218	0.035102473568613866	14
SRSF3	2.844705	1.1929544	0.008609517721424586	0.03596610211661502	14
WNT9A	2.840814	4.796563	0.008808259156248057	0.03667756925632726	14
C11orf53	2.83858	6.759902	0.00886559724494416	0.036884271544613254	14
EIF4H	2.8372042	1.4485462	0.008770376675522546	0.03654975860773127	14
IL6ST	2.8310425	1.1357843	0.008758993512898938	0.03651322413822313	14
MAPRE1	2.8272483	1.5141217	0.008980440107610545	0.037334276357135016	14
SMIM3	2.8260024	2.9354453	0.009095892057141479	0.03773006622416304	14
PA2G4	2.8222013	1.2781279	0.009072292439989567	0.037660118902189364	14
MMP2	2.8168662	2.3145256	0.009197632706036539	0.03812775190457315	14
CCDC59	2.8083875	1.6630685	0.009413938725190427	0.038921399038391855	14
CYTOR	2.8051293	1.672111	0.00947969585501134	0.03916227105221522	14
SNX9	2.7998939	1.838663	0.009605407336859708	0.03962304359680377	14
GPC3	2.7879765	3.6287086	0.009947065064136989	0.040851537812687494	14
RSL24D1	2.7795813	1.1835979	0.010016533320352171	0.041101608037427476	14
INPP1	2.7777734	3.3437662	0.010201491760580198	0.041768583391311086	14
FAM3C	2.7769983	1.8036971	0.010138390571724847	0.04154572488286171	14
DNTTIP2	2.7764504	2.0851238	0.010182304678374183	0.04171039096450274	14
BZW1	2.7742152	1.1388693	0.010110309004220185	0.04144077652579118	14
NGDN	2.7716455	2.1264377	0.010299598265065145	0.04211885215905267	14
GPBP1	2.7679741	1.4305732	0.010329781336068957	0.042228331111202326	14
MPP5	2.765993	2.8453946	0.01046735562831649	0.04267479945658969	14
RBMS1	2.7646313	1.4175075	0.010363045102934757	0.04233701532247682	14
ID2	2.751708	1.4829711	0.010727963139561666	0.0436365039611979	14
DDX39A	2.7474368	1.6343385	0.010842449735003203	0.04405631042147126	14
PSMD6	2.7432294	1.7974864	0.010987107837864859	0.0445608928645496	14
AK6	2.7404692	1.782368	0.011055525553399908	0.044805870298040874	14
CXCL12	2.7388728	2.5829945	0.011088299122323083	0.044922411023292495	14
DDX10	2.728417	2.5586762	0.011419430475538254	0.046074716417662524	14
UBA2	2.7186496	1.5630898	0.011604531552377069	0.046748449771592517	14
PPP2CA	2.7153633	1.2421072	0.011634821607306185	0.04685359005050507	14
HIVEP2	2.7113233	3.048923	0.01189664383720901	0.04775315114215264	14
CKB	2.7091322	2.123718	0.011902675476570264	0.04777164510705316	14
ITGB1	2.6976407	1.1619567	0.012103849159115153	0.048486230102219204	14
LYAR	2.6932573	2.1742892	0.012361082390021498	0.04938102244446297	14
KPNB1	2.6894794	1.2296821	0.01237175390375559	0.0494118835062951	14
TP53RK	2.6889796	2.1430507	0.012491834920002274	0.04983214022975693	14
PITPNB	2.6874554	1.8460325	0.012510791609902344	0.049895893149552256	14
RPL13A	10.158274	1.2856599	1.246102849853727e-13	9.145631441344389e-12	8
TOMM7	9.137088	1.2836066	9.648383913267884e-12	5.194485470865459e-10	8
RPL27A	8.915247	1.1277657	1.2818323038345656e-11	6.738861646224947e-10	8
RPS15	8.810968	1.0405223	4.006992972797858e-11	1.9148223818715715e-09	8
RPS2	8.2520275	1.1188062	2.222123276023787e-10	9.304898477042926e-09	8
POLR2L	7.7703085	1.6782603	1.3487975286751082e-09	4.859293008516842e-08	8
ATP5MC2	7.7263327	1.0857723	6.371820124533013e-10	2.412158225699343e-08	8
IFITM2	7.4664555	1.9681667	3.3892886528078972e-09	1.1425138764203988e-07	8
STC2	7.3983045	3.6045675	7.014201884364759e-09	2.2173736607302393e-07	8
MUC1	7.3387346	3.0625381	8.162970524086939e-09	2.551670031205965e-07	8
CRIP1	7.2920017	2.7219203	8.327153494114226e-09	2.593324562173494e-07	8
EEF1D	7.216555	1.0002651	5.9684993441655465e-09	1.901134249787812e-07	8
CA12	6.8419175	2.9404273	3.8667311391583445e-08	1.0433952464884152e-06	8
POLR2J3.1	6.840417	2.4602842	3.742592583493031e-08	1.0139765576974132e-06	8
FASN	6.6224737	3.2355812	8.121075952655713e-08	2.075824642443425e-06	8
ZFAS1	6.543297	1.4581841	7.516144893644109e-08	1.9317932251166057e-06	8
SMIM22	6.459746	1.8925506	9.695777510338116e-08	2.4341771966635535e-06	8
SLC7A2	6.3807926	3.4791894	1.7452351834997472e-07	4.181209520697502e-06	8
RPL17	6.121851	1.476712	2.9168290072247216e-07	6.621382629461244e-06	8
KRT19	6.0206647	1.9047905	3.5850563222734553e-07	7.974761994071203e-06	8
COL1A1	5.8956285	2.551687	5.704390295539731e-07	1.2040966324902337e-05	8
CLIC6	5.84495	4.5949244	9.911826050166055e-07	1.969505672681396e-05	8
HSPB1	5.6369095	1.4714626	1.242744719210335e-06	2.422016306044965e-05	8
ZNHIT1	5.631161	1.5897274	1.617008597664747e-06	3.081595759901891e-05	8
SLC40A1	5.5925403	2.6634905	2.0039783517251366e-06	3.729822642308018e-05	8
FXYD3	5.4136786	1.3469329	2.664495412002559e-06	4.812592386320831e-05	8
ADIRF	5.3962975	1.5960774	2.8757847143985653e-06	5.1416148776994824e-05	8
COL1A2	5.370499	2.1801004	3.0012537277325026e-06	5.345993164199462e-05	8
H2AFJ	5.3644395	1.5489815	3.471845070781261e-06	6.103955820231604e-05	8
ZNF552	5.280287	3.1027021	5.643002069356022e-06	9.511152382325142e-05	8
MALAT1	5.1451335	1.1987939	7.40946226805919e-06	0.00012224337133938677	8
MTA1	5.110533	2.3161361	9.253089069854771e-06	0.00014913880850168134	8
KRT7	5.1087694	1.6874056	8.05564934677106e-06	0.000131481525420948	8
DEGS2	5.045425	2.242188	1.1158076360293328e-05	0.0001762019958571556	8
MS4A7	5.037843	2.9637613	1.1833952064008085e-05	0.00018539121260107203	8
FKBP5	5.036984	2.5759315	1.1683830408624828e-05	0.00018346786317213735	8
C19orf70	5.008325	1.4555997	1.1571588205246581e-05	0.00018204626641284033	8
KRT18	4.9808564	1.3034081	1.0562623046052857e-05	0.00016825615127140066	8
MIDN	4.953638	1.7249669	1.4432398527932663e-05	0.00022063677257310368	8
ZG16B	4.925304	2.03646	1.585813516401327e-05	0.0002395935637550311	8
UQCR11	4.8892145	1.037084	1.6072206527406777e-05	0.00024228219287000032	8
AZGP1	4.7706413	2.067881	2.562736110678083e-05	0.0003653069778506315	8
C1orf21	4.6643734	2.0450625	3.700934791006093e-05	0.0005079093855365604	8
KDM4B	4.6384063	2.4436405	4.098162959426924e-05	0.0005574066659454114	8
SREBF1	4.6190867	2.238661	4.2714447469373564e-05	0.0005779316398960506	8
CYB5A	4.51746	1.3718275	5.418021221526908e-05	0.0007148931935139025	8
RPL36A	4.4849234	1.0577837	5.9348440124048265e-05	0.0007757271020401334	8
PGR	4.465115	3.157051	7.036880827285139e-05	0.0008994817828809864	8
SIM2	4.447304	5.254298	7.629162592833606e-05	0.0009667160654561088	8
DLG5	4.4323025	2.6990123	7.744852639694456e-05	0.0009795252729562281	8
EVL	4.416419	1.7230749	7.71635950259918e-05	0.0009762897550987516	8
NPDC1	4.400869	1.8877468	8.279655987006341e-05	0.001039715243205465	8
TMSB4X	4.3934956	1.0876565	7.477639481969728e-05	0.0009496687083102866	8
GNMT	4.3576617	4.3075843	9.933907573866553e-05	0.0012213826757150224	8
SCGB3A1	4.3353405	3.0035806	0.00010358709216189926	0.0012689607955450194	8
NINJ1	4.283272	1.1792614	0.00010914284868880893	0.00132636242314179	8
MAPT	4.2716804	2.711921	0.00012641200029792386	0.001507459536135113	8
SPDEF	4.264264	1.5882102	0.00012037024070752825	0.0014465561603623093	8
TCEAL4	4.260837	1.3479956	0.00012096197663467863	0.0014520490104635204	8
S100A14	4.203275	1.3443409	0.00014131591437690577	0.001664282684029423	8
TMC5	4.20201	2.9229474	0.00015681522619037777	0.001826932789736527	8
ZNF652	4.1886864	2.1014793	0.0001598066271888519	0.001857911293775141	8
IL6ST	4.184817	1.5497364	0.000156036365206297	0.0018184905230661597	8
TIMM13	4.1600604	1.101142	0.0001623340427077714	0.0018827268763697653	8
SERINC2	4.127703	1.505362	0.0001844818200292685	0.0021075288574937652	8
TMEM141	4.1245613	1.423732	0.00018622806289308568	0.0021253063822718565	8
ADAM15	4.1033382	1.8873911	0.00020440328526368632	0.002307603699437665	8
NFIC	4.0796614	1.3620653	0.0002122684366825633	0.0023827629299765242	8
GJA1	3.9876854	2.6437728	0.000294440093731053	0.003157774579930454	8
TSTD1	3.9487	1.1137356	0.00030716340111340947	0.0032842102762973757	8
UQCC3	3.9390574	1.3941766	0.0003253645786076592	0.0034622631126521248	8
GREB1	3.9388182	3.1063085	0.0003427023910811937	0.003622622407580939	8
PAFAH1B3	3.9346268	1.3790882	0.000330084909312009	0.003509153072340442	8
TRPS1	3.881043	1.2298387	0.00037535234282557513	0.003908628665232107	8
MCCC2	3.8729568	1.9225515	0.000405775254572419	0.00419159464539991	8
ELOVL5	3.8702378	1.4413692	0.0003977206806050224	0.0041192713532092985	8
AP2A1	3.8523161	2.1279507	0.00043615356616022476	0.004468242749719028	8
CRACR2B	3.8448126	1.79557	0.00043963296044408366	0.004499764762360393	8
RUNX1	3.7954288	1.5676843	0.0005038736738488688	0.00504394134256822	8
COL3A1	3.7800045	1.8476921	0.0004942083384412541	0.004964433027750256	8
ATP5F1D	3.7582796	1.0095531	0.0005471036506528203	0.005414695646664575	8
FN1	3.746409	1.514261	0.0005409400173225647	0.00535843742499	8
AC004951.1	3.7435136	2.8719776	0.0006046150536874838	0.0059261816235335755	8
GATA3-AS1	3.7431414	1.9016093	0.0005896450603259908	0.005787908975239701	8
TBC1D9	3.733346	1.5383046	0.0006013904071518613	0.005898022118795492	8
UFC1	3.722896	1.029093	0.0006057903382406966	0.0059342329833327115	8
LGALS1	3.6833913	1.0992634	0.0006527503850244659	0.006349739171724365	8
PGGHG	3.6737285	2.4333916	0.0007360030819958261	0.00705322267806343	8
S100A16	3.665019	1.0012857	0.0006950422843939296	0.00670667815329597	8
NME4	3.6602757	1.3506488	0.0007425229318290635	0.007105552541078065	8
LAMA5	3.6258693	2.8490267	0.0008514315617571695	0.008020153826343251	8
SEMA3C	3.6128826	2.120381	0.0008719434643909649	0.0081953281631791	8
RARRES3	3.612512	1.4240892	0.0008435410772805998	0.007965431101652196	8
THSD4	3.5959995	1.8070353	0.0009050628360433523	0.008453554047265409	8
WASF2	3.5706694	1.1681492	0.0009545814464446721	0.00884464538541457	8
CRIP2	3.5494256	1.3422749	0.0010161683664912983	0.009340450309806696	8
HILPDA	3.544293	1.7592489	0.0010522793718361926	0.009638039981091681	8
LUM	3.5317543	1.5879823	0.0010200635188112107	0.009373685064232005	8
GATA3	3.5103068	1.1313789	0.0010938243884471332	0.009972265238626064	8
PTPRF	3.4939137	1.2703725	0.0011943649789634423	0.010763083223915318	8
ANKRD30A	3.4650292	1.4068924	0.001279362638730844	0.011449066773124664	8
SLC38A1	3.4615293	1.614411	0.00133419088039803	0.011888973517383189	8
GREB1L	3.444451	3.687762	0.001428644810913101	0.012603412836095822	8
CENPP	3.4351687	2.777364	0.0014561852517464557	0.012812001434781325	8
NOS1AP	3.432648	3.1893864	0.0014726897261406913	0.012934141425631037	8
ELF3	3.4270716	1.0380559	0.0013943785608798965	0.012349841909287724	8
CLDN7	3.379504	1.2340876	0.0016454450918810188	0.014272012885125744	8
KHDC4	3.356487	1.6864079	0.0017865164386170137	0.01530563163924732	8
HIST3H2A	3.341132	1.7117662	0.0018682321174074835	0.015908193310475858	8
BATF	3.3405778	1.8479462	0.0018591371181571324	0.015846840681094886	8
CITED4	3.3403993	1.7974293	0.0018596735684690334	0.015847385965452196	8
CIRBP	3.3370223	1.0050315	0.0018626107422132954	0.01586435421649978	8
LAMTOR2	3.3357754	1.0415907	0.0018585207983572917	0.015845614158033025	8
SBSPON	3.3346941	3.9474242	0.0019403241908456533	0.016446755222033763	8
RAB25	3.3030238	1.3614973	0.0020614493034531887	0.01730740202431124	8
C9orf116	3.295241	2.56679	0.0021448274087841	0.017940063869832292	8
HAGHL	3.2823992	2.3374033	0.0022204184863550444	0.018466416179229988	8
SUGP2	3.2648816	1.7019147	0.0023078063373533474	0.019098478253434154	8
GTF2I	3.2625873	1.1948164	0.0023006565935494976	0.019053413038084863	8
ARHGEF12	3.2118928	1.6361235	0.0026676373162832375	0.021581095809323703	8
NFIX	3.2026236	1.7201444	0.002731025649519729	0.022019550795803183	8
TSC2	3.177202	1.9130455	0.0029533147068938545	0.02354578763582761	8
ARHGAP35	3.170414	1.8184431	0.0029949153257132935	0.02384911085938974	8
TIMP1	3.1599643	1.1639359	0.003004175851661944	0.0239171759412754	8
BNIP3	3.1593518	1.3729606	0.003041719511345265	0.02417590382228236	8
METRN	3.1563907	1.5817571	0.003076612613436864	0.02443008136062639	8
DCXR	3.1509335	1.0574062	0.0030965601508770994	0.024571025318327132	8
RAB11FIP1	3.1423256	1.3264624	0.0031880726936407504	0.025166191154955147	8
LINC00504	3.1153069	3.082975	0.0035184244482656174	0.027389727143772236	8
SPINT1-AS1	3.0985913	1.2627907	0.0035784194578961735	0.02777042272959175	8
PPP1R13L	3.079326	2.3927104	0.003862108178724165	0.029642784993727054	8
TMEM101	3.0642283	1.8202659	0.003996861104625737	0.030537293464749853	8
CYB561D2	3.0628562	1.8561965	0.004009178167020904	0.030610481425005266	8
HIST1H2AC	3.0460718	1.4255415	0.004150646545956954	0.031468543353965234	8
EPPK1	3.0337198	2.0992992	0.004343162691648347	0.03269165615811877	8
MKNK2	3.0285516	1.5526155	0.004373711389432884	0.03288470157206195	8
AL391421.1	3.0241914	3.978253	0.0044989271374144555	0.033639336161400996	8
LTBP3	3.020078	1.3382978	0.004436207925010385	0.033272551433983305	8
PILRB	3.0131648	1.5845938	0.004552769927514837	0.0339871925525874	8
FSTL3	3.011868	2.3715475	0.0046051430436420395	0.03434758790900548	8
ZBTB16	3.011446	2.8048708	0.004631426565099877	0.03448228155827192	8
KLHDC9	2.982928	2.4121735	0.004984841668784156	0.03664984094973463	8
LAGE3	2.9800842	1.0770247	0.004922357457432228	0.03626994540415957	8
TCEA3	2.9733918	1.3967514	0.005042385127402214	0.036991828424802635	8
HOOK2	2.959094	1.1723534	0.005230706306259401	0.038131519282383515	8
SLC4A7	2.9401133	1.3165945	0.005484920041581094	0.039725697066437374	8
TSPAN1	2.938854	1.7844336	0.0055307788083885905	0.039961623511405295	8
HIST1H2AE	2.9376497	2.1844347	0.005587966038076842	0.040246074486393675	8
TMEM134	2.9336884	1.035973	0.005562048552140282	0.040128343834660615	8
KCNMA1	2.93276	1.9619296	0.0056553179618098245	0.040609081515106685	8
PCBD1	2.9322941	1.1275222	0.005618061091818008	0.04041943094823419	8
UGDH	2.9265356	1.3939013	0.005699361482233104	0.040846641768286444	8
WWC3	2.9166281	2.0067132	0.005902266248971424	0.04202248190548727	8
GEMIN7	2.9041283	1.9774293	0.006103197087462643	0.043178091860490306	8
GNA11	2.8839467	1.9186727	0.0064256115658924496	0.045173221029469426	8
HSBP1L1	2.8786228	1.436157	0.0065010062768269565	0.04563630212035432	8
DNAJC1	2.8761585	1.156754	0.006495303439114306	0.045605813826948484	8
SIGIRR	2.8719068	1.3232715	0.0065838721808503435	0.04610222480540739	8
EPHX2	2.8676374	2.0155644	0.006705394060842396	0.04677737566445815	8
RDH13	2.8674397	2.1113737	0.006722137036673405	0.04686493418147219	8
PLIN5	2.8619905	2.1306348	0.0067814461485405765	0.04719993468939603	8
PLOD3	2.853583	2.2091384	0.006978601433755153	0.048371413657694075	8
HIST1H1C	2.845962	1.4053408	0.007025969056040691	0.04866956383904602	8
QTRT1	2.837324	1.3887169	0.007207554691747359	0.049783482684493036	8
COX6C	23.193645	3.980764	3.0643862506747548e-27	6.046034072581291e-25	9
ADIRF	21.350685	3.8304846	1.3417257771812752e-25	2.0643497381851904e-23	9
RPS4X	19.51208	1.4335426	5.538206578927735e-26	8.905788120786442e-24	9
SMIM22	16.799953	3.1840281	2.9425179208046425e-20	2.2278779589550454e-18	9
NUPR1	15.991815	2.425903	9.407610537931017e-21	7.69611378177425e-19	9
RPL41	15.859994	1.2643522	1.0262601989189137e-20	8.334574656643896e-19	9
RPS15	15.283563	1.0608275	4.075651326375608e-21	3.505164644563186e-19	9
XBP1	14.742299	1.958394	3.1361083119757876e-22	3.112077186153251e-20	9
RPL13A	14.40854	1.1320758	6.446466903723308e-24	7.891275416707427e-22	9
RPL7	14.3455	1.4936059	3.5938512674182944e-20	2.696674840279128e-18	9
MZT2B	14.342711	1.9857242	1.5056428425216366e-18	9.33470731626954e-17	9
AGR3	14.2743435	2.770149	9.64260992226298e-19	6.21966883466582e-17	9
COX7A2	14.254937	1.6225039	5.359548727118831e-19	3.609731402736801e-17	9
MIF	14.094248	2.0366104	3.620505115094201e-18	2.1417171440101343e-16	9
MT-ND5	13.903422	2.401699	1.3474840258023185e-17	7.39704774295181e-16	9
RPS20	13.311509	1.1988465	7.779872147481726e-21	6.459027022244668e-19	9
CD24	13.309699	2.4915445	1.0432966039743793e-17	5.851707590953956e-16	9
FABP3	13.269296	8.613136	3.101285472891713e-15	1.205332746770115e-13	9
RPS15A	13.246309	1.0178056	9.01155892589787e-18	5.088496598207751e-16	9
MGP	13.056084	3.569353	1.1559785640083347e-16	5.491880597082656e-15	9
MALAT1	12.934416	1.8328065	1.5523872572661442e-16	7.201745642595262e-15	9
UQCR11	12.854594	1.7822689	1.9208923248392683e-16	8.813768736995062e-15	9
COX6A1	12.708533	1.7538519	2.652586629808539e-16	1.1878559165608572e-14	9
TSTD1	12.646215	2.3387246	7.914204751572725e-16	3.3181292696562593e-14	9
GSTM3	12.552033	3.155606	2.8555869803620478e-15	1.1176107690586165e-13	9
EEF1D	12.431019	1.4005929	4.813719777925859e-16	2.0860074298631943e-14	9
RPS2	12.429937	1.0895816	5.879474577628981e-17	2.9345752501228226e-15	9
AZGP1	12.23924	2.6746945	1.1838994264801552e-15	4.8782764942961774e-14	9
S100A14	12.1570635	2.3929207	1.853505952023866e-15	7.445322531357185e-14	9
NDUFA4	12.097724	1.5492532	1.2980261287281103e-15	5.3223831764877196e-14	9
MAGED2	12.075448	2.7081356	7.355280691848901e-15	2.664184337854255e-13	9
CD9	11.921105	2.1719716	3.522091481734143e-15	1.3516529792774013e-13	9
ELF3	11.32696	2.323524	1.9958670694277386e-14	6.810109600780852e-13	9
STC2	11.27432	3.633272	1.2533364842861946e-13	3.797485006273103e-12	9
GPX4	11.123373	1.522359	1.219994452946785e-14	4.271381414017549e-13	9
HSPB1	11.1120405	1.7700238	1.8631294963801844e-15	7.475027085895666e-14	9
CRABP2	11.11173	2.4994478	4.483370762428628e-14	1.4628087426324768e-12	9
MT-CO1	11.08868	1.5330824	3.18851370176808e-17	1.6427947476344575e-15	9
TCEAL4	10.860004	3.3555174	5.197643212504206e-13	1.464992865467257e-11	9
UQCR10	10.827594	1.3945088	2.5782334040529283e-14	8.673673681578663e-13	9
KIF22	10.826917	3.455005	5.900664296361263e-13	1.649284843035443e-11	9
MT-CO2	10.67242	1.5132854	3.191925543004344e-16	1.4180182071246185e-14	9
KRT18	10.609641	2.1973038	9.704973837765099e-14	3.0001338939399002e-12	9
HEBP1	10.47174	3.2000237	1.4743704651915764e-12	3.909237926718629e-11	9
SCGB2A2	10.463521	2.9945664	9.113294703495524e-14	2.8302686819439198e-12	9
KRT19	10.444568	2.0410755	2.7974060334829623e-14	9.36405147395729e-13	9
MT-ND1	10.027157	1.3284038	2.2391723514084347e-14	7.593941338583448e-13	9
POLR2J	10.01615	2.0259109	2.1426101978181334e-12	5.575274526378434e-11	9
C4orf48	9.920195	2.8592153	5.207842657291786e-12	1.2815572308747163e-10	9
MT-ND4	9.7480135	1.2968421	2.2415032749718794e-14	7.594167812710284e-13	9
STUB1	9.642525	2.3166509	8.882135196399154e-12	2.1143768390519802e-10	9
SMIM14	9.511867	2.169915	9.21746493598035e-12	2.1895395992756156e-10	9
TBC1D9	9.486848	2.9273896	1.8013540298153522e-11	4.0768701426475524e-10	9
GATA3	9.397884	2.4212883	1.063158144972038e-11	2.4936634503851135e-10	9
NME3	9.389532	2.4185734	1.9453341230702758e-11	4.3761537103890084e-10	9
SUSD3	9.366237	3.5241292	3.106048184593187e-11	6.735981355710529e-10	9
H2AFJ	9.202114	2.4709282	2.8625050462580525e-11	6.271148383836795e-10	9
NENF	9.129429	2.489347	4.904374958863287e-11	1.032628000597825e-09	9
DHRS2	9.126248	5.238732	7.88748201237585e-11	1.623030884522076e-09	9
CIRBP	8.995093	1.1910638	6.7594085169624045e-12	1.6369481665518846e-10	9
ATP5MC2	8.897336	1.2815585	2.2373937882134632e-11	4.973122932436565e-10	9
UQCRQ	8.807739	1.2613144	2.946789529818686e-11	6.430596461915975e-10	9
NME4	8.758506	2.381917	1.2592326739382953e-10	2.524562051199304e-09	9
SLC25A6	8.722172	1.2819358	4.631173415763567e-11	9.80026419798901e-10	9
KRT8	8.720123	1.6887963	2.8317025277846666e-11	6.211781195842087e-10	9
PLA2G16	8.690906	2.4196835	1.3775732578377028e-10	2.7421474564471446e-09	9
SRARP	8.618461	3.924496	2.8594442814063817e-10	5.464878669096949e-09	9
CRIP1	8.497799	2.5033462	2.242793832697032e-10	4.358374735949661e-09	9
MINOS1	8.35737	1.692585	2.37591288406987e-10	4.609051130398352e-09	9
SRP9	8.261105	1.5038441	2.652008455085201e-10	5.100402270184216e-09	9
ATP5ME	8.051398	1.583265	7.146259475064737e-10	1.2879779100115331e-08	9
CLDN3	8.0364065	2.5340543	1.0965028309452037e-09	1.926548006953016e-08	9
MT-CYB	8.013323	1.0913764	3.4476457335986525e-11	7.417414082785914e-10	9
ANKRD30A	7.982262	2.8163838	1.3000705959795685e-09	2.2652294992078288e-08	9
MRPS30-DT	7.8506265	3.508404	2.3246092771677125e-09	3.931907199469604e-08	9
SPINT2	7.7886076	1.881873	1.8127233997835663e-09	3.0989070108124665e-08	9
SELENOM	7.726706	1.8494793	2.168305073542336e-09	3.674942924289212e-08	9
MT-ATP6	7.6311836	1.0090338	1.0590847439761693e-10	2.1412152741232484e-09	9
MESP1	7.5877137	4.5967746	6.332879754661697e-09	1.0114815231005143e-07	9
MT-ND2	7.3801656	1.0227362	7.479181862114861e-10	1.3414932558138745e-08	9
HCFC1R1	7.35284	2.3162808	9.499029680261534e-09	1.4805155878515435e-07	9
PVALB	7.256272	6.258148	1.7581314780502302e-08	2.642002146294031e-07	9
SNRPD2	7.196028	1.1541545	8.840077659751246e-09	1.3861853426167207e-07	9
TCEAL3	7.168242	3.1023736	2.010971414207729e-08	2.997777431286286e-07	9
IER3	7.150498	1.7962207	1.109877818699429e-08	1.7107726064796666e-07	9
SELENOW	7.126117	1.7130611	1.5541341862388556e-08	2.3554999882800476e-07	9
NDUFB4	7.0652	1.1886939	1.2693605740829074e-08	1.9440923751285298e-07	9
RMND1	7.013033	3.756938	3.388609564238245e-08	4.903250793533865e-07	9
CTHRC1	7.0000916	2.589998	2.500995550902484e-08	3.6759812345670556e-07	9
SNRNP25	6.997119	2.4463902	3.02247277442966e-08	4.4038557483555705e-07	9
S100A13	6.987606	1.7310876	2.2152551120804417e-08	3.280435837275501e-07	9
LAMTOR4	6.9080076	1.4256109	2.7818030775794374e-08	4.0726519871275384e-07	9
PDCD4	6.850438	1.8849165	3.720800507668608e-08	5.353728592181702e-07	9
CLDN4	6.7118993	1.6355833	4.3142450240874605e-08	6.149770180744476e-07	9
ABHD11	6.6187644	2.920001	1.0389419535542609e-07	1.3966794414494373e-06	9
TMCO1	6.574829	1.4118887	7.850386019801584e-08	1.0786964256049363e-06	9
NDP	6.5506234	6.2899733	1.449482298394316e-07	1.9050582198449748e-06	9
MTDH	6.5447536	1.2775275	8.3344787922853e-08	1.1388466190342972e-06	9
GTF2H5	6.538924	2.139578	1.1996385155546985e-07	1.596075979778665e-06	9
FAM173A	6.526217	2.5738811	1.3390412209330078e-07	1.7703106657987392e-06	9
C15orf48	6.4703555	2.0345101	1.046630472394318e-07	1.4053255674370624e-06	9
RAMP1	6.446007	4.2048635	1.8942672786206218e-07	2.4473533882940093e-06	9
AR	6.409264	2.4976277	1.8092215769949815e-07	2.342976869265972e-06	9
SNHG8	6.303045	1.7933213	2.3132769205839052e-07	2.93233640186337e-06	9
FSIP1	6.291271	3.6828294	2.946787145914595e-07	3.662029924458e-06	9
ESR1	6.2151666	2.5736775	3.3320121041614013e-07	4.102753964231922e-06	9
ELOC	6.2134113	1.484245	2.7887060125813236e-07	3.475882139278713e-06	9
DYNLT1	6.2116694	1.409191	2.6293998426784764e-07	3.290772392659656e-06	9
COPS9	6.1761785	1.8377454	3.556194739690965e-07	4.359588003069249e-06	9
COX17	6.174207	1.407412	2.98423516533209e-07	3.705821239555854e-06	9
TCEAL1	6.1528583	3.1770227	4.516260162419082e-07	5.437181698050912e-06	9
TUFM	6.123257	1.3836918	3.550620325998369e-07	4.354345753356903e-06	9
SEM1	6.101847	1.0659553	2.9988980931930084e-07	3.7226514042852217e-06	9
MRPL51	6.0910025	1.4821442	4.2184988157887034e-07	5.108038584128842e-06	9
ELOB	6.075665	1.3121843	4.451062889884569e-07	5.368324357771245e-06	9
NDUFA1	5.9169865	1.1904457	6.48338946485953e-07	7.587556386631315e-06	9
SCOC	5.9114604	2.1569123	8.563309449693795e-07	9.819554265031782e-06	9
MSI2	5.890019	2.5151613	9.630073591199528e-07	1.0901191303490496e-05	9
RBM3	5.8594875	1.3467185	8.347527810886824e-07	9.585225275760185e-06	9
NDUFB10	5.8307133	1.4799147	9.871963099339073e-07	1.115618309686428e-05	9
SNCG	5.819416	3.3259225	1.2406054742296808e-06	1.376030033437094e-05	9
IRX3	5.806273	2.5895524	1.2518570970167602e-06	1.3880508724310462e-05	9
POLR3K	5.8009453	2.308665	1.2404617135682273e-06	1.376030033437094e-05	9
NDUFB9	5.7100916	1.1465895	1.1789498257563679e-06	1.3150367843596387e-05	9
MRPS34	5.7100754	1.670725	1.504956629053876e-06	1.6463715034277903e-05	9
NUDT16L1	5.6459503	2.2279408	1.9585256104937837e-06	2.098751038388882e-05	9
CYHR1	5.566776	2.2257218	2.5543650220127157e-06	2.688294860474694e-05	9
ARL6IP1	5.473485	1.5872372	3.05884770749217e-06	3.1704824152346994e-05	9
KNOP1	5.4734187	2.1923747	3.407391653685792e-06	3.499305678391768e-05	9
MARCKSL1	5.4594913	1.26911	2.6632655900755654e-06	2.7923910958650998e-05	9
FLYWCH2	5.4345675	2.0348594	3.7769335594103045e-06	3.857555679542662e-05	9
COA3	5.4040084	1.8925077	4.130356160194123e-06	4.192986560807236e-05	9
CYB5R1	5.4012303	2.65598	4.4432673238583455e-06	4.479459853006696e-05	9
TP53TG1	5.3780217	2.3915648	4.645174080480169e-06	4.673178879225715e-05	9
TRPS1	5.3107896	1.510398	4.7258511055741155e-06	4.745801554852138e-05	9
NDUFAB1	5.2847137	1.3572035	5.4979540527422926e-06	5.472014150831728e-05	9
BEX3	5.28285	1.7077912	5.639138094324718e-06	5.599240107215671e-05	9
UBE2I	5.277646	1.0754801	4.929169529995649e-06	4.939625790426772e-05	9
BST2	5.2065563	1.3605834	6.049386381638282e-06	5.967719665486165e-05	9
GADD45B	5.2000866	1.4970529	6.60205736983224e-06	6.478630960840936e-05	9
GATA3-AS1	5.174474	2.6669178	8.764533637056789e-06	8.442596861588793e-05	9
ARL6IP4	5.1688585	1.1110755	7.333759241966894e-06	7.154788212181838e-05	9
MZT2A	5.1293035	1.371834	8.832968955617796e-06	8.498755356866796e-05	9
ZG16B	5.1099424	2.3635716	1.0525510349692492e-05	9.992531634277834e-05	9
LSM4	5.0849175	1.2675409	9.69977935384326e-06	9.263675948384303e-05	9
BCL7C	5.056859	1.9011489	1.2151922914163708e-05	0.00011378772933109016	9
FKBP4	5.0311775	1.623919	1.2592649665802221e-05	0.0001173902341413764	9
AURKAIP1	5.025156	1.0933831	1.1504451629269088e-05	0.00010832981810705066	9
AKAP1	5.0114994	2.802548	1.4815216758303363e-05	0.00013618351681470394	9
NAA38	4.9945545	1.521601	1.401329571226783e-05	0.00012941077959393593	9
PEG10	4.9892416	3.1534646	1.567113309930616e-05	0.00014353508336532712	9
VSTM2A	4.9796734	6.124288	1.6975247421282206e-05	0.00015450930088391492	9
GSPT1	4.97499	1.5092018	1.4746988991593355e-05	0.0001357378588822812	9
VPS28	4.9444494	1.2370912	1.5310539534770943e-05	0.0001403856770190684	9
MT1G	4.942669	2.2428308	1.697428127843149e-05	0.00015450930088391492	9
SELENOH	4.901384	1.238814	1.778657882702886e-05	0.00016106361782866496	9
YWHAZ	4.9009466	1.246568	1.8710409987479647e-05	0.0001687458621645751	9
SNHG25	4.8822775	2.4065175	2.150936619865289e-05	0.00019156814967313237	9
RNASET2	4.8704796	1.7703904	2.080501331490567e-05	0.00018588730729761618	9
MRPS30	4.863776	2.1127512	2.1973977615451406e-05	0.00019555032719550426	9
ATP6AP1	4.8028655	1.4554864	2.4709736137484896e-05	0.00021730185101923987	9
TSPAN5	4.779264	2.7282424	2.9745943933490078e-05	0.0002578058670473361	9
HES1	4.773791	1.3830421	2.461212147861356e-05	0.00021650017480046615	9
MCRIP2	4.769524	2.0008974	2.9699865771034103e-05	0.00025753732648628176	9
GALNT6	4.766162	2.6191287	3.106949720811155e-05	0.00026816829795606525	9
TPSAB1	4.7421584	6.0987015	3.462793337829771e-05	0.00029606309289867026	9
ATOX1	4.6706285	1.2258569	3.6888605577228835e-05	0.00031339430589306797	9
QPRT	4.6691794	2.613735	4.1429725058218705e-05	0.0003493198612814765	9
TIMM10	4.6494083	1.8426399	4.272634100449274e-05	0.0003585399558748289	9
PLIN5	4.621089	3.7957234	4.914540809813787e-05	0.00040821845790481483	9
RWDD1	4.615466	1.2588723	4.443497622712024e-05	0.0003718546750583433	9
FXYD3	4.614677	1.0152427	3.6235770414575174e-05	0.00030839481742584774	9
SH3BGRL	4.6114397	1.1742172	4.184412592076763e-05	0.00035237103377064197	9
SMS	4.6098857	1.2686648	4.418717198926525e-05	0.0003699655356195571	9
RSL1D1	4.6024833	1.2647725	4.6138375101150184e-05	0.0003849570246934523	9
TMEM141	4.5953865	1.4729596	4.755363907678452e-05	0.00039587902910757743	9
DSCAM-AS1	4.5701823	5.093638	5.787844989718685e-05	0.0004747618214726202	9
ARMT1	4.5396037	2.162019	5.9570107124539166e-05	0.0004869707441053298	9
CLU	4.527642	1.5368104	5.6166150674014224e-05	0.00046183073709381083	9
COX7B	4.506197	1.0098412	6.016431480261843e-05	0.0004913492288275201	9
ZCRB1	4.5050135	1.3848377	6.293660492303428e-05	0.000512616965935768	9
MRPL20	4.4679856	1.1543663	6.907568376437204e-05	0.0005589547669820995	9
CHCHD5	4.46611	1.8059489	7.410074989423786e-05	0.0005963979206375436	9
LURAP1L	4.4495654	2.3124187	7.923148005979742e-05	0.000634400351560197	9
SNHG9	4.4173427	1.9687011	8.609123957450796e-05	0.0006834523707854607	9
TMEM219	4.395926	1.4100888	8.877431920186908e-05	0.0007039194894444186	9
POLR2K	4.394614	1.2290934	8.652000215507781e-05	0.0006865312023381747	9
TBX3	4.337811	2.1188626	0.00011030945472880343	0.0008554657620945194	9
NFATC4	4.3348	3.2096882	0.00011432045262818645	0.0008831004840170432	9
PMVK	4.31815	1.5141078	0.0001132551435550276	0.0008756779091699357	9
SNHG19	4.3104386	1.9215646	0.00011887377665227168	0.0009151125413573202	9
CETN2	4.30088	1.6264707	0.00012015031994684547	0.000924303183792923	9
MRPL33	4.2832017	1.3058434	0.00012319753231295057	0.0009455763000706351	9
MORF4L2	4.264187	1.4346493	0.0001337946533671942	0.0010175978386823268	9
NDUFA13	4.2142982	1.2958437	0.00015221903435729103	0.0011455191006008298	9
NDUFA11	4.206546	1.1317838	0.0001534845116360509	0.0011547833119750523	9
TPSB2	4.192497	5.4685593	0.0001772999191091872	0.0013200480769902882	9
GP2	4.1801915	4.0711794	0.00018242931002685636	0.0013543296785327112	9
CUTA	4.1710854	1.0538361	0.00016862475865651907	0.0012610575317944942	9
DSP	4.1601195	1.4048593	0.0001788493769128208	0.0013298131126209096	9
SEPHS2	4.1593213	1.8064253	0.00018680645237451816	0.0013843736674975064	9
TSPAN6	4.123039	2.282797	0.000209692538144112	0.0015369968142245761	9
CHPT1	4.1228757	1.706406	0.0002049135949348637	0.001506907890311393	9
BCKDK	4.117684	2.0129943	0.00021248693843504317	0.0015547297706437928	9
UQCC2	4.1015277	1.4578172	0.0002169431811563581	0.0015828782334490771	9
HAGH	4.0917287	1.7567992	0.00022638055297361827	0.0016460069645107588	9
WWP1	4.058842	1.9704336	0.0002519742528951372	0.0018136198318360079	9
KDM4B	4.0452957	1.9305426	0.00026044895229502055	0.001870203020536777	9
C16orf91	4.0384107	2.1197233	0.0002697527278617952	0.0019299864004292818	9
PRR34-AS1	4.037265	2.4955542	0.0002725489262813135	0.0019479146678886715	9
TMC5	4.023952	2.3136346	0.00027950628678377924	0.001990428952232429	9
PEBP1	4.02059	1.0229834	0.00026736917576514115	0.0019157935322235845	9
MB	4.017313	2.3019848	0.0002867204084220513	0.0020387723593139756	9
ECI1	4.015742	1.9176105	0.00028688056609265267	0.0020394788188456262	9
IL6ST	3.9695303	1.2444621	0.00030643442577658794	0.0021642697567851206	9
ECM1	3.965117	2.2135668	0.0003308028721862406	0.002319769838176604	9
NUPR2	3.9615695	2.7071338	0.00034226153081249374	0.00239311945069457	9
TNNT1	3.9517808	2.2651274	0.0003463403369509479	0.002417606918141882	9
MAOB	3.9097772	3.1112077	0.0003985804488808057	0.0027417528375535487	9
HEBP2	3.9067688	1.1066895	0.000368504025365423	0.0025537176683433165	9
CXorf40A	3.906348	3.1304526	0.0004029402221589977	0.0027700385307306706	9
SWI5	3.8940265	2.0539784	0.0004117310614031085	0.00282352719904348	9
AC093001.1	3.887407	3.5524282	0.00042690260577596574	0.0029174287490488318	9
METTL26	3.8706892	1.3113904	0.00042554994827023225	0.0029093703250982184	9
EI24	3.8704333	1.3660495	0.0004295762333030487	0.002935102147324823	9
DUSP23	3.862387	1.2712952	0.00043206388903008566	0.002950896946030972	9
CSAD	3.8566706	2.182647	0.00045843822641193567	0.0031170639675821474	9
MFSD3	3.8425734	2.471918	0.00047990520213235847	0.003245916593006944	9
PKIB	3.7954857	1.5741718	0.0005277927886537392	0.0035348837708137114	9
COX14	3.793004	1.1412761	0.0005261678417688587	0.0035247045298121217	9
C19orf70	3.7592945	1.2209744	0.0005826647256746055	0.0038699321908617704	9
CST6	3.7468553	2.8365965	0.0006329309515176177	0.0041756760513085005	9
MRPL54	3.7286022	1.3829509	0.0006476503145184901	0.00426356019612653	9
METRN	3.7258384	1.965753	0.000658211693197159	0.004326294023422675	9
C19orf33	3.7248185	2.2911184	0.0006676790004155399	0.0043799376790411935	9
TCIM	3.7211738	2.3231552	0.0006731080078558868	0.004412099998337756	9
SPDEF	3.7098851	1.4321566	0.0006695007591530689	0.004391029519505883	9
NDUFA7	3.7069776	2.4732335	0.0007075307499026759	0.004616084202000711	9
S100A1	3.6976798	1.7484965	0.0006992550875717606	0.004567422569083626	9
TIMM13	3.6951256	1.0488214	0.0006952727886510777	0.004543666892772882	9
PCBD1	3.690333	1.2242553	0.0007118782181080552	0.0046372319505850225	9
SGK3	3.6768742	1.999986	0.0007607465845328704	0.0049126301871037755	9
CA12	3.6713703	1.4005257	0.0007384453421860983	0.004787049714391945	9
TMBIM4	3.6600592	1.0978749	0.0007648797484679291	0.004937307147745268	9
CAMK2N1	3.6468062	2.0476341	0.0008305215997419188	0.005316130720790782	9
MRPL57	3.6322846	1.0997947	0.0008395969892263858	0.0053711467891745576	9
MSRB2	3.6217031	1.4177394	0.0008741446047300956	0.005569848819766744	9
PPP1R35	3.6048172	1.7063154	0.0009304108060424829	0.005869270048047944	9
CYP4Z1	3.604134	3.6024942	0.0009547565599038691	0.006010414747698136	9
BEX4	3.602277	1.7264189	0.0009381874834957946	0.005913878290534194	9
IFITM1	3.5992851	1.0575749	0.0008429980094935689	0.00539084770951836	9
HSD17B10	3.598308	1.0888088	0.0009134708520118989	0.005783073961368648	9
RARRES3	3.596221	1.3453512	0.0009194155939267988	0.005814124893646071	9
ISOC1	3.5586398	1.9535685	0.0010623994215588003	0.0066369787667170275	9
SRD5A3	3.5373712	1.7735529	0.0011258762588537289	0.006990561939691395	9
ALDOA	3.5358777	1.3141643	0.0010797244484759706	0.006733922968823454	9
STARD10	3.5288568	1.2459545	0.001108442899374134	0.006897349397750691	9
LSM10	3.4949453	1.584519	0.00126581814195897	0.007770279337380272	9
PRLR	3.4799469	1.6741009	0.001316079033136074	0.008053750565666313	9
NAXE	3.4740748	1.2606031	0.001321899257190198	0.008084942192818459	9
NUCB2	3.4540648	1.5735216	0.0014235869424799599	0.008648529186328623	9
PGGHG	3.4377737	2.1225746	0.0014919034666533175	0.009012956443627327	9
MRPL23	3.4364424	1.414951	0.0014760277134228568	0.008934749239472305	9
SLC38A1	3.4335566	1.3795105	0.0014849481485392562	0.00897740552454131	9
NSMCE1	3.4281836	1.6325935	0.0015287062664106528	0.009213717319259606	9
CXorf40B	3.4208384	2.401371	0.0015806059895891547	0.009500914963585991	9
GAMT	3.412402	1.7132709	0.001590286901615435	0.00955568129112922	9
LCMT1	3.4039037	1.5766395	0.0016327289822495148	0.00979141119142338	9
THOC6	3.385439	1.8318086	0.0017273311953181322	0.010301638624140377	9
TSPAN13	3.385399	1.0467287	0.0016485214048326592	0.009875523564831616	9
CLDN7	3.3555186	1.2553095	0.00183418289385022	0.010866381144987313	9
RHPN1	3.3508112	2.296587	0.0019134068908380011	0.011267131412499543	9
FIS1	3.349409	1.0186092	0.0018491822751133889	0.010944666082508941	9
MT1A	3.3447452	2.2770126	0.0018942552526040235	0.011164156638128897	9
AFF3	3.342039	1.9486966	0.0019355787393317422	0.011385697386167305	9
TMEM191B	3.337454	3.4327033	0.00200128508785105	0.01173515789014197	9
AIG1	3.3346968	1.6387161	0.001978424167323657	0.011615320321407803	9
SGCE	3.3322291	2.0741627	0.002003080365554778	0.011741579612211254	9
BBX	3.3221257	1.3336	0.002029525307873487	0.01187169660819404	9
SPACA6	3.3049936	3.062152	0.0021818227441776257	0.01267414559446861	9
LINC00504	3.3019893	3.1609156	0.0021994444300829927	0.01275883182798576	9
KIAA0040	3.2999341	1.6614234	0.002164807214549185	0.012584020586342153	9
SYT17	3.2897482	2.9369154	0.0022730536950114908	0.013135853546585185	9
ISCU	3.2793767	1.0721294	0.002255300464819079	0.013044496101137565	9
NPNT	3.2756567	2.592394	0.0023524895627199715	0.013536601891094626	9
YTHDF3-AS1	3.2717655	2.8517704	0.0023842684064241263	0.01368893300579795	9
SYNPO2L	3.266125	3.726931	0.0024253598504951936	0.013898683537580605	9
HIST3H2A	3.2588663	1.5507588	0.0024160734574423547	0.013847833191400209	9
SCUBE2	3.2546463	1.9515411	0.00246274678713655	0.014086458046955496	9
MRPS26	3.2427914	1.2319896	0.0025155817389037726	0.014356836328836385	9
ZNF771	3.21841	2.7547057	0.002752774094958236	0.015512133198671042	9
SLC50A1	3.2038352	1.4082202	0.0028021669491343857	0.01576254632255561	9
C1orf35	3.1932988	1.422135	0.0028905750122832567	0.01620200141828087	9
CCDC57	3.1851962	1.7152625	0.0029758096626132987	0.016626958503033924	9
SYAP1	3.1783607	1.0215173	0.002961138951494553	0.016556019598612904	9
BLVRB	3.1661503	1.2449698	0.003105050092008426	0.01728572367403396	9
MYO6	3.1650054	1.1837115	0.003074638703479666	0.01713064065671287	9
ZNF703	3.1362576	1.3882669	0.003343583969003731	0.01850307703421121	9
ROGDI	3.135219	1.7284503	0.003394235503180747	0.018727759995424482	9
ECI2	3.1323075	1.952115	0.003445864105056893	0.01897516466059978	9
BEX1	3.1184983	5.55573	0.003621490001079317	0.019838052609211395	9
CCDC74B	3.1062813	3.7502666	0.00372960318956617	0.020357139232097463	9
RBP7	3.0991254	1.5561023	0.003677533403728668	0.02012204696483903	9
MINCR	3.0938594	2.2186525	0.0038205920916193803	0.020779386953949347	9
CISD3	3.0878477	1.0931803	0.003765321852134556	0.020512044866403303	9
DGCR6L	3.0873659	1.2864468	0.003829026323695423	0.020811760156063553	9
LAGE3	3.0672452	1.031818	0.003991400794217385	0.02158935236878654	9
FAM213A	3.0622144	1.425442	0.004120788963023313	0.022178334821688857	9
PNKD	3.0607684	1.0606568	0.004079254807167758	0.02199715200759064	9
NMRAL1	3.0543404	1.3381237	0.004181935103002474	0.02244978957903425	9
TBL1X	3.0478811	2.2280502	0.004319084617032043	0.023067900818450917	9
PDZD11	3.040087	1.5871823	0.004365433648724468	0.023289487833921964	9
PON3	3.036922	4.0057125	0.004481931037777532	0.023827619105737233	9
SEPT1	3.0354023	2.5442808	0.0044713467635653535	0.023782658071161675	9
NDUFA10	3.0302672	1.1513243	0.004447540106234848	0.023678562333844924	9
CRNDE	3.027524	1.1025167	0.004456659404312974	0.023715819939720998	9
ANAPC13	3.024605	1.1394206	0.004492640120138903	0.02387698340509887	9
NUBP2	3.0135043	1.4904505	0.004692411307381134	0.024840304239405087	9
SHARPIN	3.0122628	1.4074858	0.004702146643296134	0.024883985573176972	9
MUC1	3.0014014	1.1570053	0.004732071638908964	0.025010780781696433	9
SIGLEC15	2.9996884	4.5456333	0.004941441073212717	0.02592131295536874	9
PSMD10	2.9960177	1.5383958	0.004908781723201965	0.025790327032881755	9
EMP2	2.9889402	1.0248852	0.004911425392944939	0.025795751280351557	9
SYBU	2.9883227	2.9806075	0.005068678375380485	0.02653067125290837	9
SLC1A2	2.9752822	3.0145934	0.005234818025103319	0.027268369526322476	9
SPINT1-AS1	2.9707603	1.4990058	0.005244365754020523	0.027307686127846655	9
AC027644.3	2.9695396	2.0318644	0.005290497715211957	0.027524210309589618	9
ARL3	2.9634428	1.3337494	0.00533139234248814	0.027698300892099553	9
C8orf59	2.955982	1.1613519	0.0054140153177697405	0.028088397180713823	9
MIR200CHG	2.9464843	2.3545952	0.005631547208478617	0.02905071130722567	9
TMEM205	2.945971	1.1546569	0.0055603990970559585	0.028741153662252102	9
AP004609.3	2.9427407	3.7476208	0.005722834166422416	0.029428696615471407	9
MAPK3	2.9423723	1.8088938	0.005670542311431755	0.02920246578653961	9
ABCC6	2.9335196	3.739171	0.005854710520018207	0.030012661707463043	9
SPR	2.933081	1.7069006	0.005789863731930818	0.029730223428152413	9
KCNE4	2.9322853	1.4945052	0.0057222543621633015	0.029428696615471407	9
NBDY	2.9195926	1.0376953	0.0059143275266958	0.030276626918941365	9
MRPL13	2.9040234	1.1139208	0.006180134164731339	0.03144937099183728	9
KCNK6	2.8930817	1.4628025	0.006384584660933254	0.03237758604662266	9
SCML1	2.8797283	2.337179	0.006689803345751502	0.03370247992492993	9
TEX264	2.8769317	1.3131695	0.006662312148222468	0.03360309951331275	9
TP53INP1	2.8763626	1.535761	0.006672582027029348	0.03363972249640634	9
PTGES	2.8601499	2.5678306	0.0070263572822976345	0.03521683347363194	9
FAM25A	2.8565128	5.298449	0.007153238577236383	0.03578860010726216	9
DCTPP1	2.8391032	1.082567	0.007295795953138565	0.03642966377665118	9
ZFX	2.8389218	1.6793729	0.007377680782432626	0.03679078072012678	9
AL390294.1	2.8363876	3.3394945	0.0075031147512881705	0.03734668040787397	9
ITPRIPL2	2.8310652	1.6417354	0.007527092220027323	0.03742457754994611	9
PXMP2	2.830848	1.7481768	0.0075485730882259025	0.037525817393239215	9
FMC1	2.8235965	1.4328121	0.0076453073639439545	0.0379616956763944	9
ZNF688	2.818321	1.8562351	0.007794180919264008	0.038603754018463395	9
HPN	2.8116813	2.214872	0.007961290874787936	0.03931830363797444	9
THSD4	2.8045764	1.4873694	0.008018794687388281	0.039552704795542695	9
SMIM7	2.8028655	1.0709497	0.0080182872491611	0.039552704795542695	9
C8orf33	2.802604	1.3218389	0.008077246097891703	0.03981174303738216	9
PNPLA4	2.7782269	1.5127426	0.008594324521416282	0.042063656613574134	9
YIPF6	2.7774012	1.1387222	0.008567874832358017	0.041952567847024856	9
LINC00623	2.7746985	1.7323982	0.008693795076541529	0.04248850075218992	9
SRGAP1	2.7706673	1.592311	0.008758392499439582	0.04273570596795214	9
ATP6V0E2	2.7576113	1.5658416	0.00907160804676037	0.044007926742318425	9
GPR160	2.7547305	1.4711221	0.009115254972862287	0.04417494105545065	9
SPESP1	2.748401	3.0432847	0.009351728688863841	0.045164338654165886	9
CAPS	2.7449126	1.9595666	0.009375433380043954	0.0452527573751697	9
CGN	2.7445488	2.6830015	0.009442661151462202	0.045537929213687094	9
TRAPPC6A	2.7428184	1.1436254	0.009350878187788122	0.045164338654165886	9
COPRS	2.7391207	1.094831	0.009406201307659115	0.04536862209666298	9
LINC02562	2.7371662	3.9647083	0.009653096157692055	0.046419282899662975	9
SEC14L2	2.7312615	2.3553076	0.009742921174668868	0.04681766749564019	9
CXCL14	2.7114806	1.9274094	0.01014573501156185	0.04844790689390603	9
UGDH	2.7107878	1.2618318	0.010119078277845127	0.048341262571884834	9
PGRMC2	2.7092578	1.214415	0.010186572945113917	0.048608314575624686	9
RXYLT1	2.7061133	1.7120094	0.010333372504296565	0.04921778573794534	9
FTH1	36.80494	3.199082	3.9200181498504134e-71	2.191355479402212e-67	3
LINC01238	29.623003	10.186011	2.7630614380597267e-44	2.0146922542165497e-41	3
KCNE4	25.420553	5.4884505	2.8561738019234024e-41	1.5704741883657843e-38	3
RHOBTB3	24.683249	4.7886677	1.68579138154892e-40	8.698942881312666e-38	3
MRPS30-DT	23.21828	5.5754743	2.2402241051950119e-38	1.0153967123289985e-35	3
COX6C	23.028572	3.079113	3.6424963585538464e-48	3.817905323820455e-45	3
BTF3	22.965727	1.5333056	6.150624990184733e-53	1.0314905639789307e-49	3
PIP	22.8161	6.381599	3.483698731206527e-38	1.5174901187454302e-35	3
SLC39A6	22.65758	3.6102374	1.8071460253551649e-41	1.0102247472739597e-38	3
RPL13A	21.503511	1.4420259	1.7167103872907202e-60	4.1128702214370034e-57	3
CST5	20.799446	12.235623	1.4417668532951186e-33	4.396209275124688e-31	3
RPL10A	20.344574	1.2597646	3.359911026070915e-51	4.695615655226856e-48	3
XBP1	20.26955	2.6008382	3.112482055219081e-44	2.221186396044749e-41	3
AGR3	20.229315	4.2904034	1.1666326789691233e-35	3.952527948010441e-33	3
BST2	19.542	2.8327699	3.990244096186556e-38	1.6941364206353578e-35	3
RPS14	19.307724	1.0798	7.303145568556061e-43	4.536200102128498e-40	3
RPS18	19.305513	1.2326936	1.5048154296449086e-46	1.402028175714441e-43	3
IFI27	18.864632	3.3833961	2.882747879080625e-38	1.2722400870032005e-35	3
HSPB1	17.536448	2.3593888	2.592835351576788e-37	1.0231328297322005e-34	3
TMSB4X	17.12907	1.6233424	1.1413236031413899e-42	6.8359169594581e-40	3
RPS27L	17.083744	2.0298028	2.3874290573198915e-33	7.214122343384367e-31	3
RPL27A	16.03774	1.1351626	5.677354513437699e-37	2.139597165564201e-34	3
H3F3A	15.980571	1.4886678	2.1783581450922384e-37	8.698132207683187e-35	3
KCNJ3	15.975396	6.8701706	2.041891945591821e-26	3.2768946290476207e-24	3
GATA3	15.780598	2.7581291	1.2271318362405807e-29	2.5886307496443594e-27	3
RPS5	15.6679535	1.0369061	5.7201002006750254e-36	1.957733477865725e-33	3
EIF3H	15.662405	2.057983	1.6672750457064415e-29	3.4519797721012194e-27	3
MT-CO3	15.447231	1.4922866	8.174183221858094e-45	6.854256986108558e-42	3
MGST1	15.40725	2.5327997	1.107953787031411e-28	2.1605743006291022e-26	3
MT-CYB	15.355659	1.4041597	1.8627415900682836e-42	1.0772106150427639e-39	3
CRABP2	15.096859	2.6522949	3.3341563331658227e-28	6.24753841177178e-26	3
MT-CO2	14.9718075	1.4850119	1.1331531078165188e-41	6.441879388012519e-39	3
RPL23A	14.937602	1.0896884	4.485057153105014e-35	1.4605174948766532e-32	3
AGR2	14.86339	3.6559231	5.860658165922503e-26	9.017079612073701e-24	3
ADIRF	14.63663	2.3186054	5.427289796145549e-29	1.0835519467411779e-26	3
S100A13	14.452718	2.2280805	1.5752309736900232e-26	2.5524068641805346e-24	3
GLRX	14.278315	3.055244	1.1599345800443297e-24	1.6278395710990318e-22	3
CST3	14.201372	1.8548931	6.837708814826993e-29	1.341190592737498e-26	3
ENSA	14.05198	2.1521602	2.9994624265538293e-25	4.393230098211441e-23	3
KRT19	13.994901	2.0773473	6.836500666408385e-30	1.4987128683137492e-27	3
PKIB	13.88573	3.1943402	6.932028409680065e-24	8.648707355203751e-22	3
H2AFJ	13.795847	2.2655017	2.471647356582536e-25	3.636031753821703e-23	3
MRPS30	13.65601	3.5138867	4.3822919671270793e-23	5.051080923347401e-21	3
SLITRK6	13.34772	7.660062	7.276364330611942e-22	7.373309245107405e-20	3
TSTD1	13.189552	1.8250153	1.4263744214389313e-24	1.968807591336757e-22	3
COX7C	12.52767	1.0777191	3.432307417540847e-24	4.568373932211808e-22	3
SELENOM	12.21383	1.8243986	5.211011566335495e-22	5.3287359434895984e-20	3
CLEC3A	12.116564	6.268278	9.767216269995801e-20	8.12908687126375e-18	3
CAST	12.044705	2.2727253	1.4169694982812622e-20	1.2985402716352956e-18	3
C6orf48	11.950458	2.3898227	2.0923577321358833e-20	1.8814951928570954e-18	3
AC105999.2	11.853477	6.516856	3.334213878148819e-19	2.6500679546679987e-17	3
SELENOH	11.745114	1.826161	2.2090661772566682e-20	1.9758476973697578e-18	3
TRPA1	11.741319	8.145836	6.134543362331869e-19	4.697687646483407e-17	3
SSFA2	11.738126	4.1355085	3.9907620391792124e-19	3.134757600845667e-17	3
BEX3	11.650421	2.3871975	9.473881085149571e-20	7.924275448304285e-18	3
ASAH1	11.58685	2.1009014	3.4880230360193984e-20	3.038747549379913e-18	3
ATP5MC2	11.555793	1.2023196	1.4896560941849164e-21	1.4652362186233514e-19	3
BMPR1B	11.549705	4.8016095	1.0185089816026954e-18	7.491624945600002e-17	3
H3F3B	11.533994	1.2145752	1.0641640703627184e-22	1.1664420615698019e-20	3
AZGP1	11.478104	2.513538	8.094755141256419e-20	6.804666220372971e-18	3
PBX1	11.405803	2.2917764	2.3086051193563617e-19	1.8703604905394135e-17	3
TFF3	10.970469	3.2381923	2.2663374040151647e-18	1.610492009916793e-16	3
ESR1	10.896469	2.897959	5.8668325002857346e-18	3.9593446457159724e-16	3
MZT2B	10.793838	1.411948	5.398013099449413e-19	4.181403172485745e-17	3
CCND1	10.782923	2.1377141	4.113496015473147e-18	2.838904729526437e-16	3
NDUFA4	10.751652	1.2881309	1.460926118182172e-18	1.0515219512864427e-16	3
GPX4	10.621093	1.2570151	6.831783533484479e-19	5.1842726582941836e-17	3
DNPH1	10.453125	2.161077	3.3651479059189564e-17	2.1018701287230487e-15	3
TCIM	10.450206	4.0108347	1.0462237772397587e-16	6.167204167381151e-15	3
PI15	10.342926	4.798111	1.9043091432843524e-16	1.0937060440907614e-14	3
CA12	10.169859	2.6683412	1.6425245846653053e-16	9.531473545719552e-15	3
MT-CO1	10.137261	1.0619682	1.4729280460002028e-21	1.4530435173792002e-19	3
TPM1	9.834683	1.486687	6.408069515949096e-17	3.90078148156894e-15	3
CALM2	9.663503	1.1207556	2.2879288685870986e-16	1.3028764377127315e-14	3
ISG15	9.558821	2.4667926	1.9250179363321757e-15	9.768082693270425e-14	3
IFI6	9.535006	2.337177	1.9879142431117518e-15	1.0056807183742272e-13	3
DYNLT1	9.488221	1.6381267	2.215181642807248e-15	1.1089463803193717e-13	3
PLAT	9.43147	3.4987	9.596359981421359e-15	4.379204219549031e-13	3
TIMP1	9.326086	1.77718	2.021010226166512e-15	1.0132541703415691e-13	3
CST2	9.321537	8.962602	2.5493924185346723e-14	1.1019223081194774e-12	3
SDHC	9.308773	1.5915943	4.597289672350733e-15	2.1903081377885785e-13	3
GATA3-AS1	9.12589	3.2352686	3.883280149090589e-14	1.657113224944624e-12	3
COX20	8.805633	1.7890522	8.295889542021911e-14	3.356482884547128e-12	3
TPRG1	8.7225	3.7823508	2.827331020650446e-13	1.0619429984729744e-11	3
JTB	8.600505	1.4154985	1.8691123112627052e-13	7.2560064851924075e-12	3
PLA2G16	8.57328	2.0485854	2.64791644593046e-13	9.990299832728184e-12	3
SKP1	8.487774	1.1105717	2.055836752126594e-13	7.88210057110788e-12	3
MPC2	8.452646	1.7103378	4.78311384937435e-13	1.7381410793268155e-11	3
NAXE	8.449261	2.0397346	6.187226425551718e-13	2.2195268613842797e-11	3
NAT1	8.44598	3.8033335	1.015728219155172e-12	3.5525067986114315e-11	3
ZNF385D	8.428668	5.302016	1.2921033443706995e-12	4.4586870651787685e-11	3
TRPS1	8.405562	1.7829012	4.3615414234636607e-13	1.5970574332357496e-11	3
CUTA	8.380226	1.1855334	2.468789882803691e-13	9.356574176171594e-12	3
TFF1	8.363701	4.0253205	1.3678563840502638e-12	4.710397430947628e-11	3
ANKRD30A	8.317505	2.082277	6.640034642908556e-13	2.374343304454114e-11	3
IFITM3	8.231138	1.539824	6.112561855815161e-13	2.195090334110239e-11	3
FOXA1	8.153869	2.267697	2.5547121957959605e-12	8.492329213002212e-11	3
SRP9	8.093639	1.4719527	2.157819568896536e-12	7.237542616035872e-11	3
TSPAN13	8.089822	1.9866511	3.073626770637974e-12	1.0057806391606661e-10	3
C1orf21	8.06716	2.2632306	4.095123314323634e-12	1.3131408325595506e-10	3
CXCL14	8.039135	4.327501	6.270757142684968e-12	1.9786214988033536e-10	3
MYO6	8.028417	2.2914724	5.1511889895935535e-12	1.6376874872033875e-10	3
DNAJC1	7.8986263	2.1651785	9.362036948487664e-12	2.891455628814224e-10	3
CIRBP	7.87066	1.1638687	3.90625332001122e-12	1.257386205436625e-10	3
PRDX2	7.8640056	1.3551613	4.768231553893958e-12	1.5217055618378424e-10	3
AC123023.1	7.805444	29.507513	2.2390005714209796e-11	6.558805080002714e-10	3
FGF10	7.7702374	7.2623053	2.5923451411114614e-11	7.515112219362103e-10	3
S100A14	7.711518	1.5422504	9.606468606207619e-12	2.9614941500074424e-10	3
ATP1B1	7.6842356	1.8028796	1.789872200191665e-11	5.284692206569422e-10	3
AC018816.1	7.6562824	4.384292	3.9780333513674174e-11	1.1156121792492856e-09	3
NOVA1	7.607243	3.3050249	4.2729005390328325e-11	1.1943113081641688e-09	3
HIST3H2A	7.400962	2.4178388	9.522714336220255e-11	2.530914116887192e-09	3
ANAPC11	7.3696327	1.1791946	5.6737632358232154e-11	1.5509673406091807e-09	3
PRSS23	7.2726007	2.219264	1.374282728217811e-10	3.573241626911132e-09	3
PMVK	7.270612	1.7037059	1.3675426389548888e-10	3.5584753803868058e-09	3
KTN1	7.2567554	1.1029917	8.428895566297108e-11	2.2617086895133703e-09	3
ELOVL5	7.191988	1.8864837	2.000376983521264e-10	5.098377234368292e-09	3
KRT18	7.139622	1.3837078	1.1675286739660055e-10	3.0689717283302347e-09	3
TMEM230	6.994238	1.5391817	4.921927647850298e-10	1.1928206303218703e-08	3
HOXB2	6.907171	2.615641	9.700010943272383e-10	2.271983708437842e-08	3
RARRES3	6.8329477	1.7805812	9.120115100058488e-10	2.145145726304781e-08	3
FHL2	6.8325357	2.0313776	1.1208800671673461e-09	2.5922195062311917e-08	3
SEC11A	6.8200107	1.2627897	9.951372681707382e-10	2.3179096605357453e-08	3
IFITM1	6.8175735	1.8835968	9.583239609884423e-10	2.2524978258944177e-08	3
ELL2	6.796261	2.3476827	1.4309624200739897e-09	3.267250546746201e-08	3
EVL	6.7701774	1.45785	9.76815731286597e-10	2.2815721757022112e-08	3
RAB13	6.7306232	1.3895909	1.5116016369130518e-09	3.4373308816068253e-08	3
RABAC1	6.701377	1.2664185	1.5701852468092685e-09	3.558485362380383e-08	3
ECM1	6.6373525	2.7108104	3.1110038810583425e-09	6.745066656404516e-08	3
RNASEH2C	6.4475617	1.7151212	6.099080796324612e-09	1.2581135854214258e-07	3
MRPL24	6.4432797	1.7605364	6.503363115459908e-09	1.3357581277136605e-07	3
C11orf58	6.4416456	1.0539954	4.671712168094655e-09	9.830231984320127e-08	3
TOMM20	6.3709335	1.0875596	6.660256087439155e-09	1.365474629760371e-07	3
MGST3	6.342754	1.108931	7.579735470330614e-09	1.5398661866163486e-07	3
SLC7A2	6.331283	2.4041142	1.0854010974351228e-08	2.1654463102339854e-07	3
NME1	6.3027043	1.4270972	1.0720106302864171e-08	2.1428074225528435e-07	3
DSP	6.274797	1.5177099	1.230662273754357e-08	2.4352591931560403e-07	3
TMEM147	6.265191	1.3416166	1.2796836257532459e-08	2.524815793611154e-07	3
SCUBE2	6.2649894	2.5698316	1.57712243479333e-08	3.0604163034034e-07	3
RWDD1	6.254335	1.1603113	1.1928046011415547e-08	2.3673289424194609e-07	3
ATP5PO	6.222215	1.1189147	1.266452063463155e-08	2.500180615692624e-07	3
PRDX5	6.2178936	1.204066	1.5138558829452473e-08	2.9469669280247555e-07	3
IL6ST	6.2042403	1.6192758	1.747682513456881e-08	3.3650412849516214e-07	3
MRPL55	6.203049	1.4102664	1.7404268678567502e-08	3.3529958400220135e-07	3
LDLRAD4	6.200846	1.9960387	1.9133855235587353e-08	3.6609734081964373e-07	3
MRPS14	6.1919866	1.6225271	1.89418512677329e-08	3.626304984994459e-07	3
ZG16B	6.1898193	2.0317962	2.030721839987553e-08	3.870025070171734e-07	3
HSPA1B	6.183169	1.4819721	1.73772949474396e-08	3.35164951024768e-07	3
POLR2J3.1	6.165515	1.5224323	2.0052513743186633e-08	3.823657552360562e-07	3
RAB30	6.131181	3.2079027	3.094824064398282e-08	5.734999665413414e-07	3
ENPP1	6.1253037	2.7712793	3.011212817919414e-08	5.595517403093355e-07	3
CAMLG	6.084377	1.5012136	3.055293763706161e-08	5.664876071225447e-07	3
BASP1	6.0627413	2.1165926	3.5879132393650365e-08	6.576076391341131e-07	3
LTBP1	6.050067	3.175625	4.3641731864286577e-08	7.887744010268433e-07	3
SQSTM1	6.0455356	1.0657378	2.6737790556457272e-08	5.010124207006332e-07	3
TMEM98	6.040977	2.3659751	4.157692486792181e-08	7.538008848621435e-07	3
IFITM2	6.034113	1.2940248	2.9080779198930654e-08	5.421892246310912e-07	3
MRPL14	6.029352	1.201781	3.460336340417994e-08	6.359624175011503e-07	3
NDUFA2	6.0052443	1.1551092	3.769923821739246e-08	6.887092315084752e-07	3
LAMTOR2	5.9822235	1.2205999	4.204167618777753e-08	7.614038126426816e-07	3
NPY1R	5.976797	3.610638	6.056868551657834e-08	1.0709194944183207e-06	3
DENND1B	5.9600444	2.3897111	6.044705970270408e-08	1.0693327159748933e-06	3
NME3	5.9469213	1.2782086	4.794614432507891e-08	8.59979479576188e-07	3
THSD4	5.9201503	2.1489217	6.766003395362206e-08	1.1850575450853461e-06	3
SNCG	5.874113	2.6898158	8.69651067843008e-08	1.4875936824612195e-06	3
PAFAH1B3	5.8689747	1.5204473	7.755569223805294e-08	1.3443387459206893e-06	3
EID1	5.829808	1.0726528	7.57031778760936e-08	1.3169918512147589e-06	3
RABEP1	5.8093567	1.7177199	1.0181376847083633e-07	1.7169108136150435e-06	3
GALNT6	5.785837	2.126544	1.225268735269427e-07	2.034492012359993e-06	3
GLI3	5.7132196	3.2411041	1.8327064484389033e-07	2.9482401432656715e-06	3
PCBD1	5.706183	1.326316	1.485989290026981e-07	2.433477706363511e-06	3
TMEM14B	5.664289	1.1376332	1.6052556369763142e-07	2.614952856717948e-06	3
ZNF703	5.623586	1.7971964	2.2613414316452278e-07	3.582789464280235e-06	3
ATP5MC1	5.5998	1.1285794	2.2416593925166446e-07	3.5532843896219644e-06	3
H2AFV	5.585717	1.2586693	2.465773440994682e-07	3.871933847584393e-06	3
PSD3	5.578096	2.6589386	3.1000669932549094e-07	4.771883754968468e-06	3
SNAPIN	5.566978	1.7155751	2.9992607045521213e-07	4.6358619028286956e-06	3
PAPSS2	5.5071363	2.462036	4.0694236781027926e-07	6.1480674704403474e-06	3
LSM8	5.4883766	1.521848	4.0937632025483857e-07	6.179518972847678e-06	3
CHMP2A	5.481638	1.1576113	3.790328305520099e-07	5.757762757946089e-06	3
SORBS2	5.4754386	2.0876644	4.4804774597234826e-07	6.714910387693714e-06	3
IRX2	5.4635215	2.395899	4.927472596904778e-07	7.296792864140538e-06	3
GABPB1-AS1	5.461652	1.5150591	4.3644155361676453e-07	6.552679565738541e-06	3
PARD6B	5.428265	1.9993721	5.326389744619668e-07	7.845956891712267e-06	3
IGHG4	5.414364	2.0297515	4.880640904502975e-07	7.233830162524715e-06	3
HNRNPU	5.4122787	1.1216706	4.99243190651877e-07	7.3864648688374974e-06	3
NHP2	5.386295	1.0406563	5.372149031323135e-07	7.909888088657125e-06	3
CLU	5.372076	1.4224559	5.713726185638088e-07	8.350505010565887e-06	3
CYB5A	5.361909	1.0511158	5.485762572452891e-07	8.04538532761882e-06	3
ALKBH7	5.361192	1.2449247	6.454826560755689e-07	9.327933549086882e-06	3
SEMA6D	5.3515506	4.930445	8.352825897062804e-07	1.1841172164555516e-05	3
COA3	5.346037	1.3542857	7.066596701033204e-07	1.0142093279818344e-05	3
GAMT	5.3294935	1.9824669	8.175729340479708e-07	1.1604830207745657e-05	3
H1F0	5.313799	1.4251547	7.911002237201322e-07	1.1262433193462204e-05	3
ZNF552	5.3021517	2.1921964	9.233399770877099e-07	1.2958052791422125e-05	3
PTRHD1	5.3015695	1.6047205	8.911777885130982e-07	1.2589829404892872e-05	3
HIGD2A	5.2968807	1.0920871	8.215983548303315e-07	1.1657034864367236e-05	3
PMP22	5.295144	1.5715646	8.456171452938798e-07	1.1972496694935425e-05	3
MAST4	5.271638	1.9492154	1.0342770340314233e-06	1.4406431062478392e-05	3
CAPN8	5.271251	3.040802	1.1038620040977116e-06	1.5280493388130972e-05	3
IER3	5.239371	1.2425295	9.882248970655185e-07	1.3787874905355471e-05	3
EDIL3	5.225552	3.5503576	1.3526836298860085e-06	1.840582621906962e-05	3
DUSP4	5.223471	1.5501423	1.1441656276394672e-06	1.579691318927535e-05	3
DEGS2	5.159977	1.7811565	1.5880998402458426e-06	2.128104544214375e-05	3
KRT10	5.125832	1.0229676	1.523014981951195e-06	2.050720413874951e-05	3
PYCARD	5.0825605	1.2818285	2.0462058777624406e-06	2.6830254630973427e-05	3
UQCC3	5.0766892	1.4333593	2.1906289922918765e-06	2.8523248070831456e-05	3
OCIAD2	5.0758862	1.1027424	2.0026476613675218e-06	2.6300236965516073e-05	3
GTF2H2	5.0691433	2.392459	2.4426601194466475e-06	3.142664482790947e-05	3
TCEAL3	5.0635357	1.4991627	2.2840691517763738e-06	2.9574474046387754e-05	3
SPTSSA	5.059106	1.186615	2.216900047674555e-06	2.884291873508621e-05	3
SMIM29	5.057933	1.6854165	2.3993523508870095e-06	3.090502196662872e-05	3
SMIM22	5.057745	1.2163321	2.0722764530611584e-06	2.7140267283141086e-05	3
PHPT1	5.0495257	1.0604872	2.2789111221992334e-06	2.9523738103393003e-05	3
AAMDC	5.0388346	1.5063555	2.512699599644086e-06	3.219192409154403e-05	3
CNPY2	5.0244327	1.1167693	2.497520812292036e-06	3.2034166564086876e-05	3
TMEM99	5.019998	1.760731	2.817772231632243e-06	3.558392259833473e-05	3
ARFGEF3	5.011332	1.9389077	2.9965504651542113e-06	3.7572822112799026e-05	3
TNNT1	5.0074863	1.9813691	2.9688151884119616e-06	3.7252910675093754e-05	3
EGOT	5.004721	4.037136	3.313484964908055e-06	4.1192586807998915e-05	3
TMEM219	5.000799	1.1269463	2.8002865684604197e-06	3.5443174261407895e-05	3
UFC1	4.9960527	1.0006952	2.779755282095706e-06	3.5263151254452374e-05	3
C1orf43	4.988572	1.0611447	2.951949045945583e-06	3.706900896670191e-05	3
CP	4.9564605	2.6763463	3.846893807330241e-06	4.729789779753065e-05	3
MAP3K20	4.951758	1.879377	3.762827083218858e-06	4.638330878289001e-05	3
BCAM	4.9301066	1.7495493	4.020785277517311e-06	4.923737093581896e-05	3
MSI2	4.9211936	1.5210001	4.096640459732452e-06	5.0093116172032866e-05	3
CALM3	4.8896155	1.0256549	4.151503596004245e-06	5.069005537443698e-05	3
BMPR1B-DT	4.886995	5.237501	5.3117650050932885e-06	6.358383655811349e-05	3
SUSD4	4.8309445	2.8939965	6.4317902827101635e-06	7.55352513558759e-05	3
CGA	4.8183007	5.618949	6.9496322575155355e-06	8.102106901262725e-05	3
ATP5PD	4.8166256	1.0283769	5.847139964469899e-06	6.92021600382092e-05	3
RNF213	4.7984786	1.1561282	6.210711464563046e-06	7.306680927145182e-05	3
TMBIM4	4.796549	1.1414182	6.446342236254395e-06	7.565317177963914e-05	3
ELP2	4.7868857	1.69854	7.195555356246945e-06	8.359754839067503e-05	3
EPHA4	4.7844944	3.9602337	7.790904193651238e-06	8.989154370803446e-05	3
NR4A2	4.7734985	1.3432606	6.924965538894422e-06	8.07615678512023e-05	3
AC100810.1	4.7683735	2.0417798	7.757816055034942e-06	8.957139700582684e-05	3
SNRPN	4.6904855	1.6777769	1.0418055467425201e-05	0.00011681076635866025	3
NTN4	4.6868186	2.4281049	1.0907552186383717e-05	0.00012182824105344531	3
ERGIC3	4.650294	1.0509429	1.132577436402675e-05	0.0001258290155494605	3
RTN1	4.6238313	3.4312704	1.4354675609500814e-05	0.0001551628020039532	3
CYBRD1	4.6235113	1.8116542	1.3502072458939865e-05	0.0001471322327307674	3
QDPR	4.6145234	1.8044299	1.4084296443973313e-05	0.0001525844273344021	3
SMIM19	4.6078506	1.2137369	1.3668953790132585e-05	0.0001487574234506285	3
AUTS2	4.6077175	1.7041839	1.4300455591662888e-05	0.00015472631645160157	3
LRP1B	4.6050596	7.718627	1.576630267509146e-05	0.0001687356598676588	3
TMEM181	4.577569	1.958353	1.643243835928325e-05	0.00017452831380896755	3
RETREG1	4.576448	2.3991342	1.6737885737115288e-05	0.00017743534308109477	3
NPEPPS	4.571995	1.4291782	1.6073437908374174e-05	0.00017134892445261557	3
PCM1	4.5652976	1.4766471	1.6653660338975342e-05	0.000176598299535116	3
MAGED2	4.5216484	1.10241	1.8197241139243487e-05	0.00019169399027995154	3
WWOX	4.4914584	2.9433107	2.35870484862281e-05	0.0002418618412773986	3
SCUBE3	4.4791336	4.39969	2.5057946659918187e-05	0.0002553063757352114	3
LSM4	4.470485	1.0289314	2.289176754861515e-05	0.00023538098569837547	3
FAM173A	4.4328747	1.3286034	2.701663294964442e-05	0.00027325021931071613	3
NTPCR	4.4321275	1.7171992	2.827592328256544e-05	0.00028497678570328346	3
C5orf38	4.43091	2.052553	2.8940875725252318e-05	0.0002911535431015861	3
CHCHD10	4.418468	1.0713389	2.7956209021636142e-05	0.0002820936241861305	3
CYSTM1	4.4180937	1.1443774	2.8027129009868466e-05	0.00028272419071278144	3
MRPS33	4.3863816	1.1320146	3.204108446439568e-05	0.00031965794587159296	3
RCOR3	4.3702383	1.8090755	3.544470384389586e-05	0.00035069345475755487	3
AC027644.3	4.3629503	2.0776138	3.688781288093338e-05	0.0003629375570077403	3
BCAS4	4.351941	1.706809	3.755888525690049e-05	0.00036889094301660304	3
PTPRT	4.351235	2.78691	3.921663036570426e-05	0.0003836001747145193	3
SUCO	4.3507404	1.7006873	3.79381302545544e-05	0.0003721798265188678	3
METTL26	4.2893267	1.036941	4.5449550467770885e-05	0.0004374242101117656	3
LINC00467	4.261774	1.9313903	5.370981244554573e-05	0.0005081751253134131	3
AGTR1	4.2529683	3.433363	5.68072557974082e-05	0.0005350666011516058	3
OLMALINC	4.2256474	2.9321933	6.280651203390197e-05	0.0005859786425950225	3
MB	4.1972504	1.8521775	6.723659280045575e-05	0.000622119326653817	3
DNAJC12	4.1830797	1.867568	7.029640484283468e-05	0.0006466845076339874	3
TCEAL1	4.1802363	1.4176985	6.882519347183932e-05	0.0006352410055693347	3
C1orf53	4.1797585	2.57759	7.351163777217003e-05	0.0006736759132558348	3
TMEM14A	4.1796794	1.1722239	6.92939789174714e-05	0.0006392159919886986	3
HPN	4.1749506	2.2219977	7.415605940137839e-05	0.0006784692821553826	3
COA1	4.1670876	1.3356061	7.336582065128643e-05	0.0006727072144518311	3
SAYSD1	4.163064	1.6645588	7.5776770340749e-05	0.0006914114945590484	3
BTG2	4.1591783	1.1460634	7.339407708867893e-05	0.0006727823830640558	3
YIPF6	4.1561737	1.2265021	7.594154287521415e-05	0.0006925381428976503	3
CNIH4	4.1499896	1.1246212	7.720280802868057e-05	0.0007025120412615234	3
JARID2	4.1488423	1.6624877	7.964634267815689e-05	0.0007225907437836246	3
ABHD12	4.131951	1.6137892	8.447418177834007e-05	0.0007616705102556639	3
CYHR1	4.127135	1.219758	8.347004550951712e-05	0.000754017989882767	3
TMEM9	4.109857	1.3469238	9.02872586193605e-05	0.0008081998775959356	3
CPNE3	4.103773	1.0391103	8.946366542013377e-05	0.0008016833560931624	3
RRNAD1	4.094356	2.159865	9.884295816695465e-05	0.0008768293202533261	3
PARP1	4.0884585	1.1163422	9.678096234417226e-05	0.0008623339239661226	3
RAMP2	4.0831337	2.0501533	0.00010117577636520795	0.0008953922731043378	3
SPINT1-AS1	4.0751667	1.3995353	0.00010285095112746678	0.0009092577100069486	3
CHST8	4.062481	4.1457295	0.00011348778718473132	0.0009915326569322931	3
AC004556.1	4.059552	2.5710886	0.00011237451025933703	0.000982830103939615	3
RTN3	4.058986	1.0294123	0.00010641986422886103	0.0009363663866999548	3
HMOX1	4.0454135	1.7452081	0.00011340705382122079	0.0009913437561161237	3
ZNF90	4.041948	2.066488	0.0001190506217366155	0.0010344758817792282	3
SEMA6A	4.0248375	3.3524225	0.00012919026396627134	0.001114212045176834	3
AL390294.1	4.016553	3.637542	0.00013320350052326656	0.001144410504879837	3
AL024508.2	4.011812	3.3679678	0.00013515315411808852	0.001158194160008893	3
KCNS3	3.9989889	2.293275	0.00013891821659165577	0.0011880305718257843	3
TMEM160	3.967552	1.0200828	0.000146962027169327	0.0012507682038554351	3
LDLRAD3	3.9654062	2.0268345	0.00015601524327835765	0.0013207741733466415	3
QPRT	3.953707	1.7381524	0.000160549929889994	0.001354349863269035	3
TULP4	3.9415648	1.5376471	0.00016708610195083844	0.0014052745600634585	3
MUC1	3.9054136	1.0562879	0.00017663848577707277	0.001475624271842789	3
CMBL	3.9041984	1.7810894	0.0001911616166112351	0.0015839307763728845	3
ST3GAL1	3.8818378	1.4881523	0.00020442409209715372	0.0016825983982897258	3
COL4A5	3.878923	2.7420669	0.00021275395521476922	0.0017430338084656997	3
AC008915.2	3.8778946	2.9814794	0.00021519371215707463	0.0017608715051135497	3
MAP7	3.8747492	1.682631	0.00021196661813839202	0.0017387068571728555	3
RAB34	3.8684442	1.2658845	0.00021221959066359378	0.0017395164436519947	3
TSPAN15	3.8505402	1.2901151	0.00022599064738443214	0.0018362287557948736	3
VIPR2	3.8425536	5.4149747	0.0002459526994329853	0.001980196709477139	3
BLVRA	3.8415115	1.3307326	0.0002351289672036402	0.001902644315796694	3
ACOX2	3.8278432	3.3125155	0.00025606398831932715	0.0020512639675707074	3
HIGD1A	3.8060813	1.1782838	0.00026151032103637626	0.0020933932405444145	3
AL160408.3	3.7883058	27.633121	0.00029680092606926896	0.0023423529085386703	3
SVIP	3.7534688	1.1463951	0.00031528348233021594	0.002478884969722872	3
HMGB3	3.7532566	1.4945596	0.00032007032456393393	0.0025118106589141105	3
SCAMP3	3.7509584	1.2904365	0.0003179285463505159	0.0024973399000334084	3
NFE2L2	3.7468584	1.0732254	0.0003204972288516143	0.0025139844604565005	3
GSTO2	3.7398133	1.5094854	0.0003335301696905999	0.0026070695459315804	3
CD320	3.7331614	1.518049	0.00034230385286207406	0.00266880835166128	3
SCCPDH	3.7271502	1.169584	0.00034292810795696357	0.0026724330085930565	3
NFIA	3.7252975	1.117588	0.00034250374806833685	0.0026697462732884233	3
ADCY1	3.7239573	3.5582702	0.000365081040467286	0.0028260288895253266	3
POTEC	3.7009254	5.046893	0.0003970024056556295	0.003045713103407015	3
OLFM1	3.7002316	2.655347	0.0003917228086387878	0.0030086500399710515	3
MRPL23	3.6742253	1.1656622	0.000412912814341296	0.00315910326318919	3
POLR3K	3.6709275	1.1093776	0.0004133001921544644	0.0031606251128711562	3
KIAA0040	3.6697066	1.4161819	0.00042201474067999104	0.003221391992978511	3
CRB3	3.6577203	1.6431328	0.00044490227160798844	0.003376123776471389	3
LYRM2	3.6508877	1.2743164	0.0004502026023750595	0.0034109431864156026	3
SYNPO2L	3.6254578	4.029994	0.0005096764129226203	0.0038133072866021875	3
RSBN1L	3.6246653	1.1097783	0.0004881673047984914	0.0036729812209151183	3
CHID1	3.624622	1.2186548	0.0004898137039899895	0.003682771003256722	3
TSEN15	3.623478	1.442013	0.000495801148229121	0.003719451199452683	3
WRB	3.6167629	1.5236226	0.0005069061078928582	0.0037942731008333754	3
LONRF2	3.5936103	2.8353994	0.0005618692818309115	0.0041583533940623574	3
PDLIM2	3.573244	1.3825036	0.0005836918651809607	0.004306557160148395	3
SNRNP25	3.5696445	1.0642028	0.0005827348129937959	0.0043004418839658765	3
CREB3L4	3.5655527	1.2802237	0.0005974994571921724	0.004398755332239389	3
GTF2H2C	3.5642023	2.9998171	0.0006200249265946484	0.004547617770153314	3
GPR160	3.5260708	1.340543	0.0006812161767527333	0.004946670661282405	3
SLC27A5	3.5231688	1.7451528	0.0006944592813498278	0.005030855022841161	3
MAN2A1	3.5221078	1.6750897	0.0006983184728781283	0.005053354886473636	3
AC092279.1	3.5140302	2.4742086	0.0007252134320740966	0.0052243092193293116	3
PIAS3	3.4672208	1.7544515	0.0008362478932437693	0.005926175911111191	3
KLHDC9	3.4612675	2.0663903	0.0008572113163459207	0.006059372973984937	3
NPNT	3.4354708	2.1133916	0.0009327552708506049	0.0065232578272727566	3
SELENBP1	3.4121614	1.300045	0.0009863494971443997	0.0068637237518091926	3
FLYWCH2	3.4008214	1.0999497	0.0010222343419449096	0.007086970248692479	3
KANSL1	3.3957243	1.0710917	0.0010336991253054612	0.0071594162554500795	3
POU2F1	3.391071	1.9966176	0.0010762921223880216	0.007418806838679949	3
GFRA1	3.380677	1.3725164	0.0010778666126226204	0.007425081958097209	3
GOLT1A	3.3754287	3.1844246	0.0011425735757238074	0.00782103271496984	3
LACTB	3.3634963	1.5160581	0.0011640839562410915	0.007954446315057906	3
LINC01811	3.3605359	27.05014	0.0012065675122447932	0.008205490861354948	3
IGFBP2	3.3600307	1.4607823	0.0011602550125006373	0.007933968068151658	3
DLG5	3.3596277	1.7139373	0.001183462089834746	0.008064709864922229	3
SLC39A3	3.3591125	1.494592	0.001182085957720843	0.008056969133898556	3
CERS2	3.3556018	1.0547764	0.0011748863107065	0.008012781973852525	3
PYGL	3.3488936	2.119686	0.0012284914191765868	0.008329256254417201	3
FAM215B	3.3356884	1.9241426	0.0012823679008657114	0.008664766672630305	3
SULF2	3.335302	1.7056035	0.00127574954747007	0.008623521880631525	3
CERS6	3.3340433	1.0178219	0.0012510632517076703	0.008468599904243587	3
C5AR2	3.3332071	2.8592405	0.0013020867364300496	0.0087820814853409	3
AC016831.5	3.330171	1.8163619	0.0012981635023856177	0.008757381744472244	3
FKBP10	3.3203285	1.5612974	0.0013306480201087003	0.00894952180518667	3
KCTD3	3.3166895	1.4943664	0.001349036351662836	0.009049605654224637	3
AHI1	3.3150196	1.2775588	0.001348469754864315	0.00904761433244729	3
PHLDB3	3.3067307	2.3389199	0.0014099661488664221	0.009403792920884602	3
UHMK1	3.2851338	1.0681881	0.0014714568490786896	0.009769226875484625	3
SETD9	3.2774801	2.0342457	0.001542171662034481	0.010172267397502169	3
CBX1	3.2702432	1.0762197	0.0015462767803263195	0.01019132825484871	3
MRPL32	3.2671645	1.0027596	0.0015574138483971057	0.010260698858591105	3
RAB30-AS1	3.254637	1.372654	0.0016285165121146723	0.010685068922699183	3
KRTCAP3	3.252383	1.2329532	0.001634201283080172	0.01072027092426991	3
AL035661.1	3.2311888	2.3320787	0.0017841093286714946	0.011599304321180578	3
AC068888.1	3.2168357	2.2227333	0.001864559940132546	0.012070875304378639	3
SPAG6	3.2161183	5.630048	0.0018893223693263383	0.012202919620561277	3
GCLC	3.2107234	1.7776265	0.001887796294249513	0.012195411306899637	3
CLSTN2	3.185078	2.0054061	0.0020443938238934476	0.013076089482686903	3
ARHGAP35	3.1795197	1.4432964	0.0020693116713086782	0.013222226537225922	3
PIGP	3.1647964	1.0898626	0.0021517710116823905	0.013676814762713485	3
PGM2L1	3.1627326	1.549535	0.00218067503426308	0.01384216906211544	3
CERS4	3.160318	1.3250548	0.0021854678138568486	0.013863108146153687	3
ACBD6	3.1592727	1.108399	0.0021845703309711926	0.01386164840543034	3
SFXN5	3.1456475	1.9902786	0.002307100235672202	0.014542839504732443	3
CTSF	3.144255	1.2270613	0.0022933955753336194	0.014470049095610407	3
DCLK1	3.143207	2.220448	0.002329101104708015	0.014656731736024676	3
BPIFB2	3.1352572	3.3826528	0.002402905401490805	0.015051270758723787	3
TOLLIP-AS1	3.120379	3.019091	0.00251213059052978	0.01565902861088728	3
TMEM50B	3.1194198	1.1105098	0.0024717810773976106	0.015432987549700905	3
POGZ	3.1179338	1.0606482	0.002477903189736864	0.015465454203007845	3
IMMP1L	3.1087546	1.0805157	0.002535894918185503	0.015774564438215864	3
ZNF281	3.1031644	1.1362832	0.0025843549427194655	0.016004772735183456	3
FGF12	3.0840209	4.3186703	0.0028155171389239435	0.01723444699308365	3
NTRK2	3.0800815	1.7155949	0.002800857871158366	0.01715551020024155	3
NT5C3B	3.066082	1.2223874	0.0029122756665558706	0.017756887498991177	3
TM7SF2	3.0590365	1.6274048	0.0029927851577285546	0.018175087266951558	3
LRRC61	3.0572412	1.9689732	0.0030179423963183176	0.018304666530725624	3
AC093297.2	3.0534987	2.7216494	0.003059790018598738	0.018541719424357773	3
EDEM3	3.0428865	1.4277903	0.0031363884512899706	0.01895110881727921	3
DUSP14	3.041836	1.5406586	0.003149392363884175	0.019019403902959867	3
EFR3B	3.041326	3.888984	0.003194865394005994	0.019259342232270854	3
LOXL1-AS1	3.0388126	2.9009588	0.0032062042273082294	0.01931727968172181	3
SLC25A48	3.0330234	5.41831	0.003282497709956041	0.019734406827323102	3
MIRLET7BHG	3.0233815	1.5844648	0.003324801081483762	0.019974413948423225	3
LYRM4	3.0122724	1.0897038	0.0034041946178986135	0.020382022791670368	3
MARCH6	2.9971576	1.0106156	0.0035596724407519265	0.021188105294633604	3
GADD45G	2.9970102	1.115198	0.0035437280082195773	0.021108183470732168	3
ITGB8	2.9969606	2.0153377	0.003610144730190841	0.021465673532233824	3
AL021395.1	2.9956126	5.1336284	0.0036643358307050975	0.02173010751373403	3
MINDY2	2.9948304	1.1164095	0.003579265977979237	0.02129717228444236	3
SLC4A8	2.9917786	2.459534	0.0036814051693499442	0.021819758046504063	3
ZDHHC4	2.9899201	1.0632837	0.003633480688591402	0.021585295036493837	3
CCDC57	2.9876146	1.1314427	0.00366509258656631	0.021730753128163444	3
AL353194.1	2.9799154	2.9252303	0.0038241705880658903	0.022531885015005863	3
CPSF4	2.972858	1.6667792	0.003861678210339519	0.022715634663801793	3
C16orf45	2.9380345	1.9649048	0.00428839175966008	0.024885285122968646	3
TPMT	2.9301465	1.173436	0.004339454428079613	0.02514679353355534	3
NET1	2.923577	1.036222	0.004416753418792176	0.02553297594272809	3
FAM104B	2.9220874	1.1986263	0.004439453252664404	0.025646521107064547	3
WIPF2	2.918325	1.242756	0.004507147656204286	0.02598835130423723	3
MOCS2	2.9050617	1.1724474	0.0046718750137162155	0.02680912914201122	3
NAV1	2.9006414	1.443727	0.004744265802379348	0.02715484970607606	3
ITPK1	2.8981686	1.7951001	0.004805013155897631	0.02742766274029313	3
HDDC3	2.8938391	1.2121656	0.004829259924500196	0.02755668716020093	3
MLLT3	2.8782632	1.5521376	0.005081412489015609	0.028799536379532364	3
HDGFL3	2.8767211	1.3360751	0.005080396287782932	0.028798643212527855	3
AIG1	2.874395	1.0428206	0.005105418289627088	0.02891604776298247	3
HIST1H2AC	2.8705668	1.0007244	0.005134370478430534	0.02904569408281979	3
LINC02224	2.8691704	26.817474	0.0052930951396927516	0.02977288346141784	3
SYT1	2.8568377	2.3832567	0.005429715684099536	0.03042908834759942	3
COQ7	2.846142	1.170929	0.005535398757562079	0.030933490457745697	3
SLC16A6	2.845027	2.329191	0.005616078542536465	0.03129051335468697	3
LRRN2	2.8447533	3.3319595	0.005654680427669237	0.031448124063083054	3
MIF4GD	2.842397	1.3512604	0.00562404428012397	0.03132448840910629	3
ISG20L2	2.8387764	1.1189518	0.005669721851594123	0.031505656167050776	3
B3GALNT2	2.8335688	1.6375111	0.00578748481726415	0.032069722163531614	3
ABHD14A	2.8326018	1.6876376	0.005806183822996405	0.03214239162208646	3
AP002387.2	2.8301473	1.6124223	0.0058362582530791605	0.03227067887677681	3
CCDC170	2.8301454	1.672699	0.005832439817991161	0.03225488275931435	3
PPP1R9A	2.8238993	2.1358418	0.005969933313108482	0.03289052780140795	3
HIPK2	2.8215039	1.0798595	0.005935408058838024	0.03272181487532646	3
ANKRD30B	2.8173542	2.3125484	0.006077113014076877	0.03339325812666326	3
NXNL2	2.8116355	3.0796375	0.006206722869352351	0.03394972142220274	3
SLC25A45	2.8110306	1.6231058	0.006159107210527632	0.03374981456433709	3
HIST2H2BE	2.8107488	1.2379832	0.00612835955009631	0.0336142776238398	3
ZBTB18	2.8041723	1.5630546	0.0062689696516899235	0.034228798809593314	3
SMYD3	2.803134	1.3732667	0.006281850958025257	0.03428796793866967	3
ENC1	2.8031085	1.6140187	0.006297953150798509	0.03437026466497442	3
PAM	2.802118	1.1927418	0.006279186740448897	0.03427900430686791	3
TCEA2	2.7945936	1.1687528	0.006422953149318537	0.03498412984431521	3
HPX	2.787465	2.79851	0.006629766798686602	0.03595876587884012	3
KHDC4	2.780407	1.2076788	0.0067049396202292135	0.03629605871564042	3
LRP5	2.769492	1.874701	0.006945690861845015	0.037442207842678175	3
KCNK15	2.769119	1.5120653	0.006871185475222328	0.03706439884600066	3
GPD2	2.758432	1.3067726	0.007110724728049634	0.03822741114016875	3
ZSWIM7	2.7467349	1.0146931	0.007335059029754849	0.039307431685094645	3
RND1	2.7457266	1.6166145	0.00739818656174251	0.0395951133664282	3
ARHGEF35	2.7334125	1.3493758	0.007644771069156259	0.04076522518768999	3
IFT22	2.7321603	1.0586188	0.007633413604710688	0.040717609051463294	3
CELSR1	2.7164774	1.6931581	0.008042779969407998	0.04260310848924726	3
CDK7	2.7143116	1.5973873	0.008068395587313194	0.04271855665257645	3
LINC02197	2.711547	5.1912622	0.008224366067601106	0.043414142630375935	3
DHRS11	2.7005067	2.4147003	0.00844446221392109	0.04441285680254497	3
CYP2B6	2.697032	4.5613227	0.00855865311953202	0.044876199245298426	3
SLC30A1	2.695151	1.6099	0.008517975006041458	0.044710704174904	3
INSM1	2.6829274	6.0317225	0.00890358514699385	0.04640794862708947	3
FAH	2.6755083	1.1514874	0.00893139547803975	0.04652398442754019	3
RAB17	2.6728413	1.4009199	0.00904609538277273	0.047019229076953384	3
CCDC88C	2.6717124	1.513321	0.00907884275146237	0.04714560531456872	3
KDELR3	2.671004	1.3331563	0.009063602959226655	0.04708833749309498	3
GSTA4	2.669996	1.4256592	0.009125953029322568	0.047331620621077514	3
SKAP1	2.6683657	1.4390994	0.009097708406445233	0.04721433353869404	3
NAV2	2.6639729	1.6980742	0.009302457522351192	0.04811314229100715	3
STC1	2.6624963	1.1430511	0.00915834959404056	0.04749230113384576	3
RARA-AS1	2.6617308	2.1146574	0.009362805772086763	0.04838796123290633	3
JPT2	2.6561663	1.0220643	0.00940062397384736	0.04854600903877049	3
MAP2K7	2.654562	1.1340244	0.009481346541896994	0.0488876009779811	3
MFSD3	2.6478522	1.3921719	0.009694345990809993	0.04986156386420974	3
OCEL1	2.6470287	1.160648	0.009666155711191445	0.049741105969480254	3
MALAT1	17.308563	1.6853733	4.989342148991531e-12	4.443025944324666e-11	22
YWHAB	16.312845	2.574233	2.4384702670075905e-09	1.7642090428322174e-08	22
ENSA	15.55191	2.8587177	4.8004596236917465e-09	3.39854208643213e-08	22
SMIM22	13.930455	3.8228643	3.070809265944439e-08	2.037950407381132e-07	22
RPL13A	13.741173	1.3283327	2.224687870739611e-10	1.7479094840121175e-09	22
EIF2S2	12.166755	2.2549462	6.807791783039422e-08	4.397075759578764e-07	22
SERF2	11.520173	1.5240338	1.0074268391744752e-07	6.41787343072195e-07	22
IGFBP5	11.367505	8.16847	4.3615009424432625e-07	2.63536485517005e-06	22
NEAT1	10.646237	1.7887439	1.5201354836056014e-07	9.546314221234877e-07	22
SUB1	10.639108	2.2240322	3.870484527290401e-07	2.349681837644296e-06	22
TMCO1	10.391335	3.0277743	7.566808787749698e-07	4.461996018809997e-06	22
RPL34	10.38081	1.1816708	2.3395972466057944e-07	1.4454306732069432e-06	22
FOS	10.254345	2.3376124	3.239320529505371e-07	1.979053731878682e-06	22
CRIP1	10.035738	3.9526095	1.0956659797712007e-06	6.3735228282181485e-06	22
MGST3	9.954513	2.1319227	7.268999390143377e-07	4.29317676606443e-06	22
HSPB1	9.76721	2.813345	8.489176224660494e-07	4.990106199637884e-06	22
RPL37A	9.737099	1.0741936	5.11018142117824e-07	3.0640077770421763e-06	22
RPL31	9.666871	1.4671888	4.947402825176115e-07	2.9701241839848227e-06	22
CPB1	9.627189	8.250983	2.143781829944776e-06	1.2164538378984561e-05	22
JUND	8.875758	3.314308	3.5865662707902868e-06	1.9896959855867847e-05	22
ATP5F1E	8.830042	1.6934655	2.894798598635217e-06	1.6209422336698467e-05	22
DSTN	8.541387	1.1390331	7.67609784529427e-07	4.524850576959844e-06	22
MT-CO2	8.479477	1.5821036	6.371407056005362e-07	3.7810220110664512e-06	22
COMMD6	8.421377	1.1136073	1.4445520410627015e-06	8.325037802282486e-06	22
GDF15	8.399442	6.1420536	7.388184976152764e-06	3.989810212286908e-05	22
PPDPF	8.176712	1.7972494	4.2930110187562236e-06	2.365175469449778e-05	22
RPS21	7.8750157	1.2687219	6.22527264679177e-06	3.3797648081262994e-05	22
ELF3	7.8567605	3.060232	1.0446751614380309e-05	5.565350951364834e-05	22
MCL1	7.6997957	3.1557443	1.4141249108925627e-05	7.407646983640082e-05	22
UBL5	7.6440163	1.4177395	9.541697197769192e-06	5.1034614209914916e-05	22
ZFAS1	7.431811	1.7259904	1.3896697009349191e-05	7.288649169516517e-05	22
ELOB	7.2968903	1.7990619	1.8730099296279043e-05	9.678420281874831e-05	22
AGR3	7.231082	4.2278924	2.50969218749052e-05	0.00012767721167999323	22
RHOB	7.057495	2.117562	2.286550780455149e-05	0.0001168569247710592	22
ATP5ME	7.0339246	1.9317747	2.6233245503718972e-05	0.0001331753121598665	22
SELENOW	6.7150254	1.7278699	3.5589553310953195e-05	0.00017813896546824072	22
GATA3	6.69375	3.8377635	4.868666454966563e-05	0.0002399705239765371	22
TMA7	6.64034	1.4507172	4.164736698440307e-05	0.0002068247462279928	22
NME3	6.5055428	2.065149	5.267302494225818e-05	0.0002583658861638318	22
ASH1L	6.3981323	3.2863903	7.337052754475325e-05	0.0003553163246287278	22
KRTCAP2	6.298881	3.3830907	8.386648857783102e-05	0.0004035240128229853	22
PFN1	6.1397476	1.1669896	6.59495035435247e-05	0.00032072093640037145	22
COX6C	6.0159945	2.4654849	0.00010412537658533877	0.0004959484885045225	22
NDUFB4	5.911003	1.6086481	0.00011863713710751819	0.0005606887721182566	22
SLC39A6	5.864122	2.711339	0.000137986145028876	0.000646666660669768	22
DPM3	5.827305	3.088797	0.00015770862100259497	0.0007347832833793635	22
MT-ND3	5.715156	1.183666	6.781821176917593e-05	0.00032947431068220306	22
AZGP1	5.6928506	1.2155141	7.05386787267197e-05	0.00034214574449355103	22
HSPA1A	5.677868	1.6463928	0.0001417164159989953	0.0006635921135030436	22
RPS18	5.4620843	1.0730907	0.00021250794654319996	0.0009765350095911042	22
SDC4	5.399613	2.6939106	0.000276996360241174	0.001254656977562352	22
PFDN5	5.36802	1.0039129	0.00022723021809938974	0.001040254095790429	22
PARD6B	5.343188	4.3229504	0.00032068757603041326	0.00144417051391462	22
ZMYND8	5.1914196	3.6441667	0.0003964139641390451	0.00176458138967322	22
MT-CO3	5.1760283	1.0220016	0.00015228186567730581	0.0007102887020835092	22
ATP5MC2	5.0749254	1.1250033	0.0003631393974843361	0.0016259589548821409	22
MRPS21	4.9883804	2.8930864	0.0005286738569511809	0.002317941155032622	22
SCGB3A1	4.9242463	4.7498217	0.0005918286422106114	0.0025796653006349727	22
GADD45G	4.89743	4.111797	0.0006142529476756009	0.002674975086729074	22
SUCO	4.8706336	3.8719182	0.0006404693618669849	0.0027819195631158433	22
PTPRF	4.784166	2.6156433	0.0007080278550882865	0.00305833384256487	22
KRT19	4.7760906	1.6489692	0.0005481503203085969	0.0023992574570625928	22
RHOBTB3	4.769135	3.2713723	0.000731264215458322	0.00315139831050849	22
POLR2I	4.7558823	2.052629	0.0007228305142878068	0.003116654875913013	22
OCIAD2	4.7363887	2.0883906	0.0007385828822674623	0.0031796699337867996	22
ESR1	4.732861	3.2677827	0.0007728669816633443	0.0033211357345522205	22
IFITM2	4.682423	2.072527	0.0007807007816740904	0.003351956594742789	22
COX5B	4.5760026	1.0510311	0.0008333239485798164	0.0035655719555192783	22
GRIA2	4.5546117	6.1053166	0.0010466506561469689	0.004420260596553196	22
PFDN4	4.5345783	3.1037314	0.0010593716287045358	0.00446948223878979	22
DRAIC	4.4702826	5.671101	0.0011924102189885787	0.00499620626547107	22
NAA38	4.415941	1.9214985	0.0012172944556725857	0.005090931837620224	22
RPRD2	4.3914347	4.0013747	0.0013399909480141935	0.0055824911672269365	22
SMG7	4.3852134	4.272686	0.0013553595177905231	0.005643713666817124	22
MINOS1	4.3688993	1.8008484	0.0012987856212365312	0.0054209268942128535	22
H3F3A	4.3377523	1.1469789	0.0011963381309572907	0.005010786369934876	22
NDUFA1	4.336203	1.3498849	0.0013235880619555298	0.005518954150428944	22
NHP2	4.24593	1.9198676	0.0016124041123240403	0.006643936895756835	22
SERP1	4.2083893	1.1216818	0.0016013108478821702	0.006602380812458708	22
Z93930.2	4.1456366	3.8694139	0.0019750987364251502	0.00805351244767001	22
SLC7A2	4.141191	3.8488948	0.001981415736782872	0.00807811659504489	22
FXYD3	4.1374083	2.067184	0.001899885000376419	0.0077598688258189805	22
KLF6	4.111457	2.3423727	0.0020129744884025843	0.008197811718736169	22
UQCR11	4.101298	1.8502098	0.0020552041684127635	0.008353563137752363	22
GFRA1	4.0034447	3.8420122	0.002477194631874765	0.009954185353745237	22
UGCG	3.9733186	2.5050442	0.0025515181634938877	0.010226215402127497	22
PSMB6	3.971347	2.1300766	0.002557041321423569	0.010244352957700422	22
PLAT	3.952779	3.3166573	0.002667194932482924	0.010643710318906574	22
FASN	3.9052317	2.2383008	0.0028035367124938566	0.01115329437477837	22
PET100	3.856656	2.148758	0.0030872060496814754	0.012222377019873271	22
ACTN4	3.8058047	1.9993819	0.0033331222653932625	0.013137045112051167	22
ALDH9A1	3.7946148	2.677195	0.0034561166507226476	0.013577138508068439	22
H2AFJ	3.7942927	2.500022	0.0034241212300780153	0.013456709619711037	22
COX7C	3.7562118	1.1690067	0.0035385461678839715	0.013884695486312154	22
NDUFB2	3.742394	1.6688198	0.0036984294614990387	0.014464671474829672	22
GATA3-AS1	3.6998665	3.1493754	0.004051019881705774	0.015740877879088663	22
ASCL1	3.694131	6.3182244	0.004136480790505739	0.0160413576360681	22
SUDS3	3.665725	2.752344	0.004290739389342566	0.01658970488275954	22
FLVCR1	3.6484954	4.4168887	0.0044560022162626325	0.017184482201360086	22
TCEAL3	3.6449833	2.5120142	0.004409472670512395	0.01701543060764568	22
TMEM256	3.6294422	2.3695948	0.0045334139406465	0.01745955184099486	22
AARD	3.615341	3.2446423	0.004663642395453895	0.01793638683475738	22
COX17	3.6004286	2.2775555	0.004760400800941781	0.01827499178944584	22
BLOC1S1	3.5956554	1.8140277	0.004713196614213297	0.018114509870210634	22
NDUFA2	3.5916948	1.5501485	0.0047121322192093095	0.018112494472209424	22
MESP1	3.5488248	3.831183	0.005239430048149638	0.019958354244015417	22
FKBP4	3.5299494	2.1360116	0.0053277782541257005	0.020260658777962598	22
CCND1	3.4999893	2.2695906	0.005598588545688485	0.02121418007721933	22
RC3H1	3.4945614	3.7124417	0.005746922962797405	0.021724055347141637	22
SEZ6L2	3.4902596	3.762739	0.005788635069719338	0.02186694547510489	22
RAMP1	3.484561	4.0610523	0.005840278875964363	0.02204465381259517	22
VMP1	3.4666834	1.5425674	0.005783415818598253	0.021852151624603355	22
AURKAIP1	3.4657602	1.4312313	0.005829266177568353	0.022010516364045947	22
COX4I1	3.4053981	1.0362651	0.006403393686433118	0.024002707603559815	22
KIF22	3.35869	2.5378544	0.007155560071573411	0.02663462882706068	22
CXCL14	3.342219	3.796097	0.007359964371010512	0.027352971187597074	22
CTSK	3.3283305	3.7113314	0.007558980459653677	0.028052197786816106	22
TP53I11	3.310351	3.4070988	0.007832678888512214	0.029003740627024526	22
TCEAL4	3.30833	1.9339722	0.00771610005380687	0.02860363747841912	22
MMP24OS	3.3048217	2.3478992	0.007839685846570448	0.029023278474593753	22
GOLPH3L	3.2889855	4.0366774	0.008138165117209295	0.030058605461547955	22
WFDC2	3.2819438	2.413669	0.008083787649528882	0.029874209073694168	22
PCAT18	3.277441	5.6762695	0.008316948754147594	0.030661549589235487	22
MAPT	3.2567174	3.4212089	0.008570689530468347	0.031517322392439304	22
C4orf48	3.254177	2.6459534	0.008568694066214508	0.03151343943803737	22
BMPR1B	3.2395644	3.0757663	0.008775330375779253	0.03220210839951212	22
ATP5PF	3.2353253	1.1356854	0.00852710469652534	0.031377687177855884	22
TMEM101	3.2067573	2.9509983	0.009307893938186543	0.03397128080312458	22
PTRHD1	3.189835	2.1703734	0.009512052896114643	0.03466359910784238	22
NDUFB11	3.1103494	1.2321128	0.010709675082144004	0.03857115987653732	22
SELENOH	3.0900378	1.0907004	0.010870964384208082	0.03911844398784715	22
ANKRD30A	3.0675626	2.1362157	0.011621921689884726	0.04156481301710538	22
NDUFA3	3.0532653	1.7960621	0.011983900028283697	0.04275175397241687	22
TFF3	3.0495462	2.7559354	0.012041095940774203	0.04292840124888473	22
ATP6V1F	3.040174	1.1914537	0.012014075045045789	0.04284573004634565	22
FAAP20	3.039362	2.074734	0.01232662240279449	0.04381130041455229	22
PGR	3.0071118	3.8783088	0.013134689428448854	0.04644219039844013	22
HSPA1B	3.0040224	1.8600041	0.012980874806705936	0.045941914307452134	22
JUN	2.9819148	1.3280663	0.01322487105881333	0.04672657749748845	22
MRPS30-DT	2.9725375	3.1466587	0.013866222561945942	0.04883828320384636	22
KRT8	20.573652	4.2777996	4.834636743578109e-19	7.648988255488365e-17	15
KRT19	19.970137	3.8817382	1.1992553162961744e-20	2.4231459375837337e-18	15
KRT18	15.046027	4.296567	8.504454643588596e-15	6.68027899767225e-13	15
XBP1	12.981489	2.2759674	9.418510413570934e-15	7.329611549456675e-13	15
PPDPF	12.783611	2.3502908	1.2095092399501767e-13	7.697941065876448e-12	15
IFI27	10.358353	4.3742805	7.552356795427465e-11	3.0013459629790595e-09	15
AGR2	9.761883	4.060222	3.344788057631239e-10	1.1859147594187039e-08	15
STARD10	9.487386	3.4365933	6.240433190923395e-10	2.1015097355096545e-08	15
MDK	8.816996	2.8104784	2.099803606037766e-09	6.461423188083735e-08	15
PBX1	8.808264	2.756009	2.3456027113255753e-09	7.165196770543818e-08	15
AREG	8.332539	4.5320377	9.130331436850112e-09	2.560538852202254e-07	15
SMIM22	7.97948	2.3337789	1.2930558246392448e-08	3.5346687379156403e-07	15
ATP6V1G1	7.4462724	1.195191	2.9208418330413064e-08	7.484183034533113e-07	15
CLDN3	7.381455	2.9610164	7.72379800745582e-08	1.839942535284628e-06	15
CXXC5	7.2462835	3.0486856	1.1562457756530748e-07	2.6418010600258704e-06	15
ADIRF	6.9570446	2.5366218	1.8023952506764458e-07	3.974631104729695e-06	15
ZFAS1	6.8602037	1.5717871	2.127894845636662e-07	4.6075998074563775e-06	15
PSMA7	6.773502	2.0215194	3.413210391848419e-07	7.0991635357415105e-06	15
LY6E	6.557466	2.1123238	5.273176295496646e-07	1.0465538824097811e-05	15
HMGN1	6.3912983	1.1313912	5.36920956172935e-07	1.0630971541320196e-05	15
HSPB1	6.3849797	2.516313	8.46132783200574e-07	1.618946929910465e-05	15
ADRM1	6.343932	2.441506	1.0568638558669614e-06	1.98256546921889e-05	15
CRACR2B	6.28521	2.8782125	1.250543334114738e-06	2.309717729600354e-05	15
MT-CO2	6.2402573	1.5621594	6.929599090472793e-07	1.3442780977070443e-05	15
LYPLA1	6.22264	2.9277089	1.500544460845078e-06	2.7264226306178094e-05	15
SLC9A3R1	6.1428227	2.310972	1.6872775249130186e-06	3.0328497032747887e-05	15
RAB11FIP1	6.023419	3.3762085	2.553068766353908e-06	4.423165263030807e-05	15
EFHD1	5.777236	2.327151	4.364601439370071e-06	7.211482604823229e-05	15
MT-CYB	5.764484	1.5835034	3.323604653626647e-06	5.6074961613325635e-05	15
NPW	5.7409716	5.2834806	5.491376215001631e-06	8.859367466443949e-05	15
SPINT2	5.730818	1.5580658	4.1369497835088246e-06	6.88280916114432e-05	15
COX6A1	5.5479302	1.544181	7.589880181585765e-06	0.00011883577234468942	15
TFF3	5.3444858	2.6518912	1.2834735730076246e-05	0.00019022972652341466	15
ATP5F1D	5.1969175	1.1397021	1.6207620431519917e-05	0.00023291336627832455	15
BST2	5.166336	2.0241952	2.091504612055396e-05	0.00029266231202732597	15
C19orf70	5.085345	2.390406	2.8199378672829908e-05	0.0003823101697919919	15
SLC39A6	5.0031714	2.634828	3.44187319799523e-05	0.00045756586973427673	15
PFDN4	4.994246	2.435408	3.5675146477786626e-05	0.00047295655652626134	15
EMP2	4.98729	1.7692742	3.332875383737809e-05	0.0004450158170619023	15
CRIP1	4.9479127	2.4889662	3.924558915118065e-05	0.0005129915454870421	15
LSM1	4.8988404	2.5234697	4.6227077076632826e-05	0.000594289916530219	15
CST6	4.8697186	4.1447396	5.1379213762379736e-05	0.0006516558475827437	15
ISG15	4.829071	2.5812185	5.3440366670836296e-05	0.0006733446049986927	15
IFI6	4.7983136	2.442187	5.765361859964629e-05	0.0007218215832216261	15
ZNF703	4.704324	2.669502	7.674138352580057e-05	0.0009342950072010443	15
PPP4C	4.6163206	1.43545	8.830225250525769e-05	0.0010585224629302533	15
POLR2J3.1	4.6162906	1.4687998	8.570240275952027e-05	0.0010299334614679576	15
ATP5F1E	4.5726433	1.3105915	0.00010508147203463903	0.0012375483333967093	15
PLPP5	4.5324087	2.134909	0.00011811208594210406	0.0013726948976382925	15
COX6C	4.52415	1.5588641	0.00010899581027275121	0.001276922274662364	15
H3F3B	4.501493	1.2570881	0.0001156448929211039	0.0013477572458188833	15
ELF3	4.4819627	1.9551985	0.00013103765744487003	0.0015005578929185338	15
MLPH	4.4767766	2.2145357	0.00013550802488514386	0.0015448928153203978	15
ZNF217	4.4332757	2.5876884	0.00015603999052641633	0.0017604229136382544	15
TFAP2C	4.406523	3.285479	0.00016987565316828172	0.0019024371562328338	15
ABHD11	4.4013567	2.5163312	0.00016912536644644112	0.0018959337954478882	15
KCNK15	4.391377	4.594107	0.00017926243486362497	0.0019935813420957713	15
NELFCD	4.386029	2.1432571	0.0001739444050888162	0.0019428136167445836	15
GPX4	4.3648214	1.1169082	0.0001676502443650407	0.0018806544636280366	15
RAMP1	4.346232	2.9989104	0.00019517032055881733	0.002150528160927494	15
GID8	4.3007317	2.1717384	0.00021941906735631757	0.0023879088053855445	15
NSD3	4.2856674	2.0587173	0.00022703109007396284	0.002460371499893631	15
CLDN4	4.285629	1.6122396	0.00021277539208410196	0.002325415257703768	15
EIF4A1	4.2777014	1.4725373	0.0002190027040240238	0.0023841511508178458	15
TMEM205	4.25878	1.838732	0.00024087898569726888	0.002591187318560646	15
FAM210B	4.198281	2.6379018	0.00029081354749361897	0.003065423380415925	15
TMBIM4	4.1940436	1.5858489	0.000279835527608067	0.002959938010565177	15
NHP2	4.190695	1.3920835	0.00027888417858468824	0.0029526686344409814	15
ARFRP1	4.164838	2.5239718	0.00031388144866340993	0.0032838108763628923	15
VPS28	4.138409	1.4162333	0.00032123031371605784	0.0033565065272119303	15
WDR34	4.106433	2.036941	0.00035946085625308556	0.0037143181083132294	15
PARD6B	4.0761013	2.8453379	0.0003991620581425288	0.0040681539325914794	15
TSPAN13	4.0548687	1.5144463	0.0003956262426818636	0.004038253136272789	15
EEF1D	4.024626	1.002021	0.00043363219544171266	0.004380860682924845	15
RARRES3	4.0231123	2.0237892	0.0004433044444386297	0.004461108422117036	15
GRINA	4.018652	1.7221001	0.0004470702065983751	0.004493611567130986	15
PRLR	4.0181036	2.2187493	0.00045586306438933277	0.0045751355603478785	15
TFF1	4.0048833	3.2663255	0.0004756919235237643	0.0047412228364352264	15
HSPA1A	3.9940562	1.5875673	0.0004662064447947165	0.004669164038477034	15
SNRPE	3.9770787	1.2077717	0.000487126163270506	0.0048396619200995385	15
CRIP2	3.9486916	1.6238947	0.000527240516014056	0.005192065222439065	15
PSMB6	3.9344738	1.3085107	0.0005448356708937923	0.005344935138183295	15
HSPA1B	3.9319916	1.3510548	0.0005326182742109019	0.005235799981039819	15
KAT6B	3.904161	2.201739	0.0006092257978342931	0.005904086242461724	15
PQLC3	3.8868904	2.642556	0.0006477662343141303	0.006237934902420398	15
TRPS1	3.8632703	1.3821795	0.0006439135552845148	0.006204396598045938	15
MRPL57	3.859539	1.3524591	0.0006690692836185722	0.006408124740676908	15
ERGIC3	3.8174233	1.6209736	0.0007597289871827184	0.007135835888853418	15
COX14	3.8078203	1.11555	0.000737708656330886	0.006960192979463923	15
GSDMD	3.7928262	2.1990888	0.0008200075919808226	0.007637843555298187	15
DSP	3.7648613	1.3425664	0.0008387857456367583	0.007797592210200252	15
PPP1CA	3.758229	1.3387725	0.0008678743799498517	0.008041263695551927	15
SCD	3.7447321	2.1303139	0.0009217037042982119	0.008460951486241956	15
TSTD1	3.7248726	1.3312207	0.0009408286314016723	0.008605490353379736	15
IFITM3	3.7162337	1.4519583	0.0009559870528673502	0.008722731702998855	15
ERLIN2	3.7097766	2.8057258	0.0010246110958859976	0.009263202363103032	15
MT-ND4	3.693488	1.1901661	0.0009728901078140676	0.008857683796468958	15
NAA38	3.6864822	1.2539024	0.0010321495487145896	0.009325828925085442	15
SERINC3	3.6856186	1.7556478	0.00106783678305591	0.009597765158696042	15
YWHAZ	3.6818705	1.1604841	0.0010608831602908991	0.009548076826104672	15
SLC2A4RG	3.6642282	2.5733294	0.0011503357250658615	0.010226188856197737	15
ERGIC1	3.6621716	1.8433446	0.0011316762088535567	0.010092409391427052	15
H2AFJ	3.652658	1.6101959	0.0011468985178814549	0.010206453485874735	15
SNRPB2	3.647073	1.8203295	0.0011901738074693983	0.010538442364395747	15
ESF1	3.5902636	2.4924927	0.001386416342594324	0.012094093770339718	15
CISD3	3.5796323	1.6763086	0.0013913062458696084	0.012120987738366892	15
OSBPL2	3.5660274	2.617464	0.00146969306798434	0.012727281812733764	15
CAPS	3.5357945	2.93535	0.0015930126111609467	0.013658291408729374	15
ZMAT2	3.5327137	1.496205	0.0015595880024652454	0.013388825490321679	15
RTF2	3.5301802	2.0400245	0.0016076720875269105	0.013752341108834507	15
DCXR	3.5256066	1.5054439	0.0015954761010704862	0.013665440221145348	15
SMIM26	3.5207856	1.3221366	0.0016110251211068924	0.01377399785547955	15
ASAH1	3.5062928	1.5862167	0.0016703391735286713	0.014259314385168023	15
ZFAND2A	3.499785	2.4914737	0.0017373677775240014	0.014752671550868996	15
MZT2A	3.4992757	1.0718918	0.0016517664891883437	0.014107944948781826	15
SUDS3	3.4983919	1.6261618	0.0017139424635646055	0.014581259220014285	15
ELOC	3.490651	1.1117831	0.0017097695579354193	0.014551479508427277	15
EIF4EBP1	3.4624352	1.5029688	0.001870236323763667	0.0157177641030712	15
RHOB	3.4612894	1.2484078	0.001825228540322308	0.015393510301973985	15
TMBIM6	3.460156	1.0138029	0.0018554551385481061	0.015624860859161946	15
ARL6IP4	3.446854	1.158522	0.001935576431947369	0.016197896483020634	15
SCAND1	3.445292	1.1880214	0.0019295372966820446	0.016155419487771456	15
STAU1	3.4444497	1.4361825	0.0019555586493130144	0.01633658596677654	15
S100P	3.4371288	2.0849874	0.0020065498995114404	0.01670017126042512	15
SPDEF	3.431397	1.8272154	0.002037266167745183	0.016897117836879617	15
TMEM64	3.422675	4.3662605	0.0021369526848682694	0.017619353491437225	15
TCEA1	3.411691	1.6854331	0.0021543702929323464	0.017746264878872885	15
PIGT	3.386443	1.7139034	0.0022866935541385716	0.01871139021697044	15
C20orf204	3.383668	4.435748	0.0023549459016224167	0.019162358196583573	15
CYC1	3.3641903	1.4257107	0.0024093067419089357	0.019500617140532726	15
METRN	3.348391	2.025594	0.0025122461189848897	0.020231271807172196	15
SQSTM1	3.348286	1.0549748	0.002433062978959955	0.019669094490811948	15
MRPL15	3.3298886	2.54321	0.002674292369008818	0.021265633084145273	15
DDX18	3.3274639	1.1757699	0.002593225634322644	0.020748898139507588	15
UQCC3	3.324393	1.5960542	0.002664668781112165	0.021194132223685828	15
PKP3	3.3150456	2.358296	0.002759623205158813	0.021830311774582955	15
VAPB	3.3043456	2.1332564	0.002822103298841896	0.02224586762548908	15
FBP1	3.3023462	2.1397195	0.002835570958451578	0.022336281239413898	15
NEAT1	3.296731	1.0538492	0.0027929548270669833	0.02204199949521263	15
LURAP1L	3.288214	2.545071	0.002961187305450783	0.023173397902968903	15
SNRPD3	3.27589	1.1167558	0.002948716346717964	0.0230919670757103	15
RAB22A	3.2716053	2.196344	0.003073695027406257	0.02394907879843626	15
UBE2V2	3.2702365	1.5708547	0.0030487296318274554	0.023786331840224394	15
CLDN7	3.2639143	1.5302999	0.003085270590306666	0.024021137620584006	15
PUF60	3.2584882	1.388482	0.0031131051152994186	0.024204139701496936	15
COA3	3.2499814	1.3546343	0.0031821490008025217	0.02464952878427653	15
NDUFB10	3.2438104	1.0929618	0.003211537694863593	0.02483702693645833	15
FCGRT	3.2392619	1.3947393	0.003252128563127774	0.025110415316728515	15
LINC00992	3.1919246	6.1267037	0.003788280099704046	0.028643530844042697	15
KRT7	3.1889071	1.4369851	0.0036691135111971943	0.02790606264831408	15
TSC22D1	3.1829233	1.4763477	0.0037690003520289956	0.028523474911417993	15
TMED9	3.1766856	1.1670113	0.003802642201961626	0.02872262324877832	15
HIST1H1C	3.175174	1.9592003	0.0038704680445226657	0.029192572224271355	15
GPATCH2	3.169827	2.2844634	0.003956010486854089	0.029721323853887215	15
DEGS2	3.162384	1.7132113	0.003971742958018559	0.029815629040935654	15
GDPD3	3.1603215	4.915541	0.004086470042908048	0.030520918836777995	15
COMMD4	3.1489866	1.8683271	0.004134615649087449	0.030783383681696367	15
GSE1	3.145486	2.1043506	0.004187575019813931	0.031115519215679895	15
ATP5PD	3.1417377	1.087987	0.004126252092250266	0.03074158627857978	15
RRBP1	3.1186457	1.7819024	0.004466130761335951	0.032872172891369136	15
DSTN	3.1167426	1.258387	0.004452211798604779	0.03279851437228264	15
GNAS	3.1157556	1.1612651	0.00444504113991947	0.03276728019209647	15
ATF3	3.1138482	1.9417394	0.004511408805125791	0.03313272667675152	15
TOP1	3.1130188	1.3972032	0.004491397035456531	0.033021908804525976	15
NDUFA2	3.1101255	1.2253875	0.004512669966377476	0.03313473365636316	15
BABAM1	3.10181	1.5475175	0.0046193129829811075	0.033851076417340906	15
CHMP4B	3.0954022	1.218012	0.00465681725672807	0.034088674728921034	15
CTSA	3.092148	1.8214812	0.0047538254995295815	0.03470033973443345	15
CELSR2	3.0850356	2.835724	0.004879835677203178	0.0354811550940975	15
MT-ND1	3.0717998	1.2065066	0.0048980323982748784	0.035574903566595435	15
NSD1	3.0669904	1.8013617	0.005041924526127825	0.03646995698314716	15
GATA3	3.050712	1.2154982	0.005093541298186106	0.03679570723292272	15
PRPF6	3.0495784	1.7777166	0.005283416876017652	0.03794669923736789	15
PRDX5	3.0490723	1.0243536	0.005190698288398854	0.03738484245032982	15
SDC4	3.0374322	1.5883826	0.005402061787952168	0.03866635817962093	15
FLNB	3.017317	1.7432181	0.005699751078061429	0.040443272881163186	15
BCAS4	3.0031817	2.3037674	0.005941519463334649	0.041857698869923854	15
PPIC	3.0016036	1.6329867	0.005897346618397123	0.04161643234329011	15
SPINT1	3.0001047	1.5344704	0.005915411915183018	0.041726357738623265	15
SPCS2	2.9963038	1.0721151	0.005934398720104536	0.041833588090354895	15
PLPBP	2.9928644	1.8762025	0.006044914405167127	0.04246125111281897	15
ERP29	2.9928553	1.0445857	0.005948484854998906	0.04189796945012984	15
FASN	2.9844997	1.7022729	0.006146938573710353	0.04303370208741786	15
MT-ND3	2.9833734	1.147177	0.005984887167082256	0.04209249328393918	15
MNAT1	2.9797993	1.9762778	0.006252210874119839	0.04366133769078774	15
FAM217B	2.972478	2.5796032	0.006402863555427353	0.044555694297217605	15
PAFAH1B3	2.9699342	1.4060575	0.006360965008509321	0.04431930356261137	15
HIST1H2BD	2.9572525	2.9375043	0.006657598043445247	0.04608926645514902	15
CHMP2A	2.9477859	1.0291444	0.006631288882945698	0.045916610326771606	15
RAB27B	2.946181	2.0041664	0.006775054581902502	0.0467865154893127	15
EPCAM	2.9454906	1.343823	0.006707069691695794	0.046364761856794855	15
RHOD	2.9306064	1.8948611	0.0070386929007937435	0.04832888850809188	15
NDUFS8	2.922767	1.0559641	0.007068661644087172	0.048464836509470116	15
TEX264	2.9161506	1.661455	0.007274981179903942	0.04971681820602244	15
PLEC	2.9115715	1.4808785	0.007290629819859957	0.04980912410526825	15
MT-CO3	21.608242	2.1189384	4.01950104708504e-33	3.2802453678900083e-31	20
RPS11	18.350769	1.6027418	1.4679437350769655e-13	2.200996907385628e-12	20
MT-ND3	18.12185	3.152727	1.8883105472829581e-13	2.814925514063009e-12	20
RPS21	16.351788	2.0483065	2.1396665666645725e-11	2.6030669681717965e-10	20
RPL18	16.289553	2.0924072	1.0703543071046687e-10	1.2223613828599826e-09	20
RPS28	15.300914	1.2176955	3.549171579426088e-11	4.2228720803664564e-10	20
PRDX1	14.372813	2.2241857	1.8858196481326165e-10	2.1105197470142173e-09	20
METRN	13.79319	5.4926157	3.0931401063903813e-09	3.0639991821748314e-08	20
ADIRF	13.174528	3.839512	1.9634169909663904e-09	1.978815183113092e-08	20
MT-CO2	12.490089	2.3517523	2.2683192707576508e-10	2.5150974102638797e-09	20
PPDPF	12.453523	2.3857384	2.0555381766187167e-09	2.0679305933403832e-08	20
XBP1	12.121216	2.2680829	8.752725533100833e-10	9.114410652149489e-09	20
RPL36	12.00602	1.4841644	4.729048910362859e-09	4.5922706862327926e-08	20
H2AFJ	11.296978	2.7811062	1.4126755372745841e-08	1.3110832926321757e-07	20
ATP5MPL	10.838088	1.8772011	1.9296897674217038e-08	1.7621487745464573e-07	20
MT-CYB	10.715603	1.9893395	5.104412427053615e-09	4.936767509106266e-08	20
FASN	10.367963	3.7647254	8.196940978949387e-08	7.02256953703554e-07	20
UBL5	10.064518	1.6148884	4.8422953695856364e-08	4.248376379578128e-07	20
RPSA	9.921634	1.6296751	7.471057052280429e-08	6.435200939664557e-07	20
TRPS1	9.527241	3.1919599	2.035713676331403e-07	1.6747577242539021e-06	20
KRT19	9.524996	2.3237243	4.6977547103724515e-08	4.1280427230967353e-07	20
BST2	9.483762	2.7812333	1.6603297326145395e-07	1.3774207163399523e-06	20
RHOC	9.406619	1.9983293	1.326331275873904e-07	1.1118839621116376e-06	20
RUNX1	9.066858	3.5579035	4.4244842485175076e-07	3.5025165489621365e-06	20
DBI	9.050631	1.6658945	1.4416555845672274e-07	1.2049481675048435e-06	20
STARD10	8.580486	4.533204	9.275728060823604e-07	7.064423135515088e-06	20
TFF3	8.440497	4.0162296	8.564331342957168e-07	6.556864587403021e-06	20
TUBA3D	8.424485	8.086205	1.2531286797521465e-06	9.407159589876175e-06	20
ATP5ME	8.320947	1.8951449	7.865713291360772e-07	6.042691010204573e-06	20
UGDH	8.121697	4.0878806	1.68940413830108e-06	1.2483874025722962e-05	20
SERF2	8.024863	1.3538116	1.1567726033795717e-06	8.716987169165179e-06	20
S100A14	7.8627677	2.459989	1.6781668421455036e-06	1.2409037489506688e-05	20
MT-ATP6	7.8059196	1.9536765	1.0858253845319924e-06	8.20817426697939e-06	20
ELOVL5	7.745495	3.6833463	2.8177048389483268e-06	2.0289531559288497e-05	20
TMED2	7.7211313	1.796838	1.9284735879832645e-06	1.41693171116203e-05	20
IL6ST	7.611722	3.022088	3.1359884865959293e-06	2.2393908841582725e-05	20
YWHAZ	7.554827	1.445559	2.050820893215276e-06	1.502218466462843e-05	20
MT-ND4	7.437664	1.5577267	1.2945203139828586e-06	9.704851553710118e-06	20
MT-CO1	7.3708158	1.2486256	3.8664128107608845e-07	3.082561257088919e-06	20
PLA2G16	7.3662744	3.3155928	4.690426217580779e-06	3.269359637653302e-05	20
RPL29	7.252524	1.2697039	4.4610366651648145e-06	3.119191802924599e-05	20
SMIM22	7.1371274	3.0570643	6.271708285394773e-06	4.313294394103467e-05	20
CRISP3	6.946046	8.012775	1.0076446317295127e-05	6.785265728335592e-05	20
CRIP1	6.943314	2.4721265	7.138940448197601e-06	4.885680505468185e-05	20
RPS10	6.694404	1.7688801	1.0530570468450696e-05	7.068358296624071e-05	20
PREX1	6.6151724	4.471329	1.6139592237427135e-05	0.00010527772525000846	20
CCDC74A	6.5667677	5.230171	1.7693905965525515e-05	0.00011483577786178237	20
SCD	6.5085635	3.526953	1.8126544100511054e-05	0.00011734846857271592	20
LY6E	6.372082	2.0680878	1.8269354100081987e-05	0.00011822735980529613	20
POLR2L	6.2520385	1.864975	2.3316440515245394e-05	0.0001486517261588758	20
S100P	6.2270365	4.3331156	2.9110373288335502e-05	0.00018305043690739801	20
HSPB1	6.1857123	1.3566856	1.3064753977952606e-05	8.648212219745577e-05	20
MT1G	6.15564	3.824526	3.233026120246644e-05	0.00020163430475863276	20
NDUFC2	6.131454	2.3134208	3.086013517931505e-05	0.00019307588025543854	20
SNHG9	6.0011015	3.487805	4.2130528712186416e-05	0.00025904675775168554	20
RPL36A	5.935623	1.4116927	3.5494622168485516e-05	0.00022038599077252365	20
HSPA1A	5.9278393	1.6810098	3.287176677140861e-05	0.0002048210903362096	20
CRIP2	5.9176497	3.1521275	4.693762051563347e-05	0.00028681631075147795	20
GAMT	5.8158574	3.18703	5.628819459015286e-05	0.00033986720697539466	20
PRSS23	5.7953978	3.699903	5.8621475551901873e-05	0.00035319254741985646	20
MRPL52	5.7873063	1.920591	5.231807345408886e-05	0.0003170371276826729	20
CLIC6	5.773854	5.3805523	6.354280066541604e-05	0.0003810636647807473	20
SLC40A1	5.584826	3.1350493	8.172640596361744e-05	0.00048294316110389227	20
COX6A1	5.5717607	1.2247794	6.482791898730141e-05	0.0003881458819623486	20
AKR7A2	5.4042134	2.7067647	0.00011278919216219747	0.0006529633654667804	20
COPS9	5.333078	2.1417508	0.00012209003689680011	0.0007037329313551423	20
NDUFB8	5.2967057	1.5713077	0.00011660922908848375	0.0006738783860883586	20
GLUL	5.2602034	1.9726318	0.00013133918963262716	0.0007527764455686855	20
GPX4	5.248503	1.4458392	0.00012770077108406158	0.0007336778970418824	20
ECHS1	5.121749	2.3556106	0.0001821331681050138	0.001026020925665144	20
S100A13	5.0799866	1.9522454	0.00018532842945648558	0.0010433200490768684	20
ETFB	5.0769672	2.195361	0.0001936201501714808	0.0010874436465006091	20
EEF1A2	5.0684795	6.5938168	0.00021458662960666187	0.0011965835650269401	20
C1orf122	5.058264	2.3509269	0.00020463725690866115	0.0011460574777046927	20
KDELR1	5.050669	2.454815	0.00020970810270565365	0.001171717386781664	20
TMEM238	5.027795	5.4680147	0.00022980440528281768	0.001275292779217569	20
PGR	4.9742904	4.5377173	0.00025047781240918656	0.0013822435514999221	20
GNAS	4.9664793	1.8960934	0.00023538473591043542	0.0013038876015147671	20
SIAH2	4.926041	3.312677	0.00026877058124179383	0.0014763894637129067	20
SMIM14	4.923194	2.4370422	0.00026085847729758496	0.0014359846031574424	20
PTMS	4.909287	2.1053982	0.00026140216280620774	0.0014385053228356051	20
GRINA	4.8529377	2.4420576	0.00029750401354148816	0.0016233255438742565	20
ATP5F1D	4.84494	1.8120828	0.0002919154179301516	0.001594387727209773	20
SELENOM	4.820438	2.061272	0.00030554582109235546	0.0016647680937717177	20
NEAT1	4.7871647	1.3031354	0.000287979251261045	0.0015746840669296886	20
PTP4A2	4.7794647	1.7832956	0.00032512934141181734	0.0017663043797042056	20
TMEM141	4.755856	2.3925748	0.0003550523216376431	0.0019176827568515597	20
SLC38A2	4.7369757	1.8215604	0.0003457988041933607	0.0018713194081073753	20
HSP90AA1	4.7363553	1.0331422	0.0002998982987995329	0.0016358576744243184	20
CXCL13	4.7345185	6.2650633	0.00038648690966925335	0.0020744370998906107	20
MZT2B	4.719253	1.8051462	0.00036690188621173604	0.0019769086209522634	20
NQO1	4.7177463	3.040802	0.0003887240238295114	0.0020854434554167696	20
NDUFB11	4.7084823	1.0127836	0.00031364323625440233	0.0017063921795959299	20
ARMT1	4.6743903	3.241085	0.0004224953733688126	0.002255079140382454	20
APRT	4.6558275	2.0647597	0.0004247219902463943	0.002265521672209655	20
ATP5F1E	4.6084447	1.0656393	0.00042727374682889385	0.002278408385117318	20
FIS1	4.601488	2.1080198	0.00046779727631796064	0.002485409226196851	20
LGALS1	4.5846963	1.2739183	0.0003612781008367671	0.0019491119157416768	20
AGR2	4.5677505	2.691138	0.0004915639173217455	0.0026005592036101996	20
MMP24OS	4.5416846	2.5297763	0.0005318867406109024	0.0027971171475118027	20
GJA1	4.53711	4.187864	0.0005502423111773204	0.0028877605005787053	20
POLR2E	4.5125756	1.8253411	0.0005365744491742228	0.002819117105224406	20
PET100	4.4957886	2.276848	0.00057572753465494	0.003010206896315096	20
MZT2A	4.4615226	2.2731843	0.000614135369970144	0.003203034433862323	20
DEGS2	4.4282174	3.420422	0.0006685020093170827	0.0034634269222280304	20
CIB1	4.422421	2.2932546	0.0006609639568473082	0.003428609971638658	20
DHCR24	4.3722854	2.8746397	0.0007359293805923481	0.0037829589815245894	20
MORF4L2	4.3341384	1.4038105	0.0007150409605299088	0.003683487767951723	20
POLD2	4.314639	2.4826226	0.0008109540429375548	0.004140692579413689	20
DYNLRB1	4.300545	1.4608939	0.0007861791356668835	0.004023994260552867	20
DCAF10	4.2804136	3.4496126	0.0008832442484898113	0.004482507994945795	20
MT-ND4L	4.27471	1.8772764	0.0008469210013882518	0.004314486225328577	20
CHPT1	4.244187	2.5040164	0.0009231141145907287	0.004666491411829334	20
PSME1	4.2279367	1.4773715	0.0009015734022085334	0.004570688253246133	20
PPP1CB	4.20121	1.8407438	0.0009759473574202853	0.004916529035030608	20
CD9	4.15572	1.1192793	0.0009241679496340686	0.004670410908343573	20
FAM214A	4.1085434	3.0765274	0.001209528407303119	0.0059977516719920045	20
PRDX2	4.0735006	1.8139538	0.0012451926895571267	0.006160939371652985	20
GNB2	4.0398235	1.8191046	0.0013336722089742437	0.006577370910337467	20
BEX5	4.0279865	4.8656588	0.0014282801892598507	0.007010968217176152	20
COPE	4.014427	1.2303747	0.0013251258120674533	0.006539067950942247	20
NDUFAF6	4.008438	2.5045464	0.0014461006289949558	0.007092215411188743	20
SSR3	3.9460046	1.761165	0.0015985485481824658	0.007786113107042016	20
SLC9A3R1	3.9140553	1.7548649	0.0016743359904041796	0.00813425600436654	20
VPS28	3.9095178	1.6941874	0.0017074855228418312	0.008282107291632373	20
SMS	3.903696	1.7162865	0.00172266049601122	0.008349675678715654	20
SLC38A1	3.8820264	2.397505	0.0018387847343471918	0.008866400053872795	20
TNNT1	3.8731775	2.9093835	0.0018806747265277411	0.009055370514278922	20
TYMP	3.8314939	1.1115783	0.0017803800675057142	0.008605811765990656	20
KRT18	3.8031833	1.5986592	0.001996658097518322	0.009578076265569514	20
YWHAE	3.7741904	1.2512746	0.002148520938543478	0.010246486677049168	20
MCCC2	3.7358	3.5005643	0.0024743001674191463	0.01167729026528853	20
MAZ	3.719761	2.9932857	0.0025414247511676823	0.011958744048669364	20
ATP5IF1	3.7077954	1.3469917	0.0024727292163002445	0.01167151852574254	20
TSTA3	3.697913	2.0895152	0.0026060490100470648	0.012218268080233241	20
PRKAG1	3.6672797	2.7863922	0.0027985812169450167	0.013035302402104265	20
KRT8	3.6606653	1.3511368	0.0025870479713543415	0.01214446130261665	20
ABCD3	3.651778	3.5548296	0.0029065704248222727	0.01349519360727628	20
SEC22B	3.6437378	2.1206625	0.0028934813525855795	0.013441863995439464	20
RNF187	3.6190627	2.8921084	0.0030764273133832612	0.014244402059385418	20
NORAD	3.610651	1.8189279	0.00305414365818415	0.014149037629717483	20
NUPR1	3.596738	1.647272	0.003092558409791422	0.014315139611208129	20
AP1M2	3.5784268	2.384417	0.003301860177256447	0.015197981639269727	20
SEMA3C	3.5744503	2.957194	0.003348710225575938	0.015409396306220681	20
SERPINA5	3.5139642	4.7907267	0.0037994092841176982	0.017307617384027123	20
RTN3	3.5047393	1.6552992	0.0037434998282348877	0.017071478958372042	20
MSI2	3.4954896	2.3327408	0.0038744166366730813	0.017620584191274824	20
STUB1	3.4781806	1.7970092	0.003967461065175953	0.017997377818104766	20
MINOS1	3.4773152	1.5466151	0.003928925231445291	0.017839458669000476	20
IDH2	3.4654515	1.4732356	0.003978587791893364	0.01803875126933882	20
METTL26	3.46533	1.8400126	0.004078628226068447	0.018451749302746397	20
C1orf21	3.4649744	1.9532337	0.004062099948007021	0.018379454250115137	20
ATP6V0B	3.462197	1.5890715	0.004094033152147504	0.018503970618000194	20
CHMP4A	3.4511127	2.1336448	0.004215088309826291	0.01898459473611973	20
S100A16	3.436474	1.4863776	0.00419470351190066	0.018902935710420534	20
NAA38	3.4302394	1.4482518	0.004279012255900815	0.019246660865652306	20
CRNDE	3.428706	1.6574506	0.004323600263950028	0.019426373269008427	20
FAM198B	3.393647	3.9037883	0.004778688914666888	0.021285790821625773	20
COPG1	3.3926985	2.6322396	0.0047521127118588385	0.02119511453289109	20
FLNB	3.364271	2.4058642	0.0050036432261541235	0.022184692326296822	20
ZNHIT1	3.317099	1.891991	0.0054649578044732245	0.024020462550103056	20
AZGP1	3.3136172	1.7890805	0.005355636725075645	0.023589417123540672	20
SUSD3	3.2970445	2.827331	0.0057164942261148065	0.024998296328307267	20
HMG20B	3.2879992	2.1519618	0.005787548668654767	0.025282647811324502	20
PRKDC	3.2794578	2.0455763	0.0058810051584888435	0.025647483294873787	20
ERGIC1	3.2581933	2.2534335	0.0061328390070688665	0.026628032768426776	20
BLOC1S1	3.235895	1.7446812	0.006356002916776787	0.0275115103667067	20
BCL6	3.2062948	3.5684562	0.00685048355585744	0.02945795755730954	20
NUMA1	3.186437	2.092664	0.007031448512137663	0.030178095271351166	20
PLOD2	3.180688	3.5355074	0.007195794638277964	0.030836099139195244	20
UQCR10	3.1724644	1.1818829	0.007095730276925566	0.030426730915157303	20
ROMO1	3.161375	1.3664515	0.007290038501402628	0.0312160323471908	20
MXD4	3.1545043	2.7108183	0.007540376164042505	0.03220985187444596	20
SERINC2	3.1527991	1.9346861	0.007488651072125029	0.03200520458844872	20
TP53INP1	3.1325908	2.909188	0.007876236580333854	0.03354200750901191	20
PRMT7	3.1280572	4.0385537	0.007979578931485409	0.03394762264598581	20
RBBP8	3.1243033	3.113376	0.008011616817995084	0.03407095723245507	20
BEX2	3.1219888	2.7464073	0.008020066736826684	0.034102568258101394	20
MT-ATP8	3.1206102	3.2271173	0.008074210493961153	0.034311047026219565	20
FAM89B	3.1148915	2.6489103	0.008134923813658945	0.034547161260310794	20
EIF2S3	3.108788	1.7739203	0.008161302047402053	0.03463725572211974	20
PLEKHF2	3.086546	2.5749116	0.008591636817497132	0.03627543938767262	20
CA12	3.0860014	2.3738265	0.008564534154515276	0.03618378134230972	20
NDUFA10	3.0856898	1.9165623	0.008558233235413555	0.03617082925264693	20
C19orf70	3.0783412	1.4903227	0.008577758725153976	0.03622596391342099	20
ARPC4	3.0753362	1.7867146	0.008691027329075847	0.03666738964082176	20
ARL8B	3.0739667	2.087866	0.008760205948667107	0.036908185871654745	20
IFI6	3.071055	1.4587044	0.008503814256481317	0.03595895536770548	20
EMC9	3.0686586	2.9743066	0.008916302509209443	0.037476403817217285	20
TPD52	3.0592136	1.4855917	0.008878055442691438	0.03732968003050188	20
AC093323.1	3.0458312	3.3640232	0.009321128896276043	0.03902633682561413	20
NDUFA3	3.0407286	1.5593688	0.009273968149555056	0.03884342728574253	20
CTXN1	3.03686	3.3730435	0.009500600169455413	0.03970836514438679	20
COMTD1	3.0197794	2.8757846	0.009799638912486426	0.04084298163158799	20
DHCR7	3.0039341	2.3677928	0.010042844799292329	0.04172514027165416	20
SCAND1	3.0014935	1.2358162	0.009888168559024873	0.04116408857369409	20
ATP5MF	2.996295	1.3317109	0.010095989376881652	0.04191478892065695	20
C19orf33	2.9873154	2.2902596	0.01032476773962718	0.042748183527321966	20
BEX3	2.9538503	1.9486179	0.01103587803594097	0.0453120804509115	20
SSR4	2.9461458	1.0853103	0.011010453197673775	0.04522983597099523	20
NFIA	2.944721	1.9933201	0.01122619163974782	0.04600900461739756	20
MCTS1	2.9380133	1.8609204	0.01138062924882699	0.04656797433633111	20
TGM2	2.9317856	3.547529	0.011613291410179001	0.04742164684548501	20
BEX4	2.9308848	2.0140655	0.011537887285897082	0.04713095572479284	20
TUFM	2.9196358	1.0810632	0.011536617192563183	0.04713095572479284	20
NUCB1	2.8968177	1.9520332	0.01231299578086832	0.04990818024001261	20
SEC61G	2.8912985	1.1112194	0.012287273981230307	0.0498581486334921	20
CD24	25.199144	5.1941514	9.543552322185637e-13	3.060232203044249e-11	21
TFG	18.879568	2.8835888	5.115313410595878e-11	1.3037441269361423e-09	21
KRT7	17.829304	4.4253674	3.4643629056888986e-10	7.964235518828742e-09	21
SCOC	16.749836	3.7518015	1.3412170801402537e-09	2.8544265282350412e-08	21
CDC42	16.182453	2.1518564	1.0977354157257038e-10	2.7053007772855133e-09	21
GUK1	15.531679	1.8864827	2.1192349331750087e-10	5.0198629162163115e-09	21
RAC1	15.140302	1.9986621	1.7924543051867046e-10	4.294336417876233e-09	21
TCAF1	14.82087	4.423635	8.692453742357825e-09	1.6717522418143565e-07	21
TMSB10	14.412881	2.1027606	2.5760956991026266e-09	5.284698828354813e-08	21
KRT19	13.71126	2.916531	9.114883889263038e-10	1.969860312691827e-08	21
ENAH	13.002065	3.1770642	2.1999654066852705e-08	3.986441907381451e-07	21
RAD21	12.701722	3.4187684	3.479352420536947e-08	6.155113899642919e-07	21
VAV3	12.331562	3.0844178	3.66605734641044e-08	6.45137615193875e-07	21
SSBP1	12.11915	2.375318	3.365642249267917e-08	5.966543693588542e-07	21
CREB3L2	12.0280285	3.762331	7.797778843315078e-08	1.3136378713391815e-06	21
GDI2	11.737926	2.0133417	2.4107269898599312e-08	4.3448787730731837e-07	21
SNRPF	11.549701	1.8835828	2.900048740979808e-08	5.173964618149136e-07	21
PDSS2	11.32775	6.5608687	2.0227715287195824e-07	3.1972563546080826e-06	21
GTF2H5	10.998511	2.6539404	1.326943667605552e-07	2.1584392606769073e-06	21
LSM5	10.971248	1.5092078	1.737583755828661e-08	3.1890328539274523e-07	21
ATP5MD	10.756218	1.7398405	8.228508403441153e-08	1.3799620017990988e-06	21
PCBD1	10.708685	1.9696047	8.102496861048812e-08	1.362917990052348e-06	21
PERP	10.663727	3.4898293	2.1207584407369972e-07	3.337980237482854e-06	21
COX20	10.632776	3.158858	2.6471119953165124e-07	4.0840286768588385e-06	21
S100A10	10.568735	3.227542	2.2062144126998348e-07	3.45788026244697e-06	21
PGAM1	10.562971	2.185921	1.4221624071267902e-07	2.303271332565894e-06	21
NDUFB4	10.485785	1.9000602	1.520847824628008e-07	2.4524402348965395e-06	21
UBE2H	10.264612	2.834438	3.4191686984481886e-07	5.189671572808748e-06	21
TSPAN13	10.150153	2.8375692	3.4992324700389474e-07	5.303558801517232e-06	21
DYNLL1	10.134285	1.6483109	2.1342079964966122e-07	3.3575736590287463e-06	21
ARPC2	9.981178	1.7638608	1.8991714580058467e-07	3.013250230509655e-06	21
UQCRH	9.952567	1.6527348	1.6569684737890333e-07	2.6528104811149386e-06	21
CLIC3	9.851163	5.5858855	7.979101688894028e-07	1.1354562993092685e-05	21
ATP5MPL	9.77297	1.6071677	2.672538413560413e-07	4.121361422033555e-06	21
SET	9.724217	1.0845443	1.5703191234804997e-08	2.9083420055582244e-07	21
HEBP2	9.650956	2.782065	6.581606040852917e-07	9.502955153519056e-06	21
NDUFC1	9.5933275	2.377873	6.296378746955669e-07	9.106806362727042e-06	21
KRT18	9.571966	2.0998104	2.1893616550908132e-07	3.434676299036528e-06	21
PGLS	9.490989	2.2590518	6.672147944606928e-07	9.619272518897892e-06	21
SPINT2	9.488726	2.1418328	4.840484529208112e-07	7.155341189694547e-06	21
TFAP2A	9.467613	2.9977086	8.387951832025444e-07	1.1885943912039096e-05	21
ITGB1	9.425524	2.2065475	5.840547949068962e-07	8.491452915462595e-06	21
DSP	9.39675	2.726668	8.358676733431318e-07	1.184946645460777e-05	21
AP3S1	9.367308	2.3919332	8.060629940819622e-07	1.1460855822171723e-05	21
MT-ATP6	9.321519	2.060175	3.13579520699216e-07	4.787333046778517e-06	21
RHOC	9.298565	2.4801738	8.941793059043179e-07	1.2606838209052849e-05	21
SEC61G	9.292392	2.6154242	1.050767844818508e-06	1.4642211999608465e-05	21
COMMD3	9.137474	3.0421686	1.3548599889789188e-06	1.8563463598995877e-05	21
DSTN	9.13054	1.8073107	7.006380257343836e-07	1.0068594696296898e-05	21
MT-ND4	9.033662	1.7634667	2.8955343013520197e-07	4.446845970771433e-06	21
TOMM20	8.972057	1.7158504	8.43119646910861e-07	1.1932099610564214e-05	21
MT-CO1	8.893772	1.7043674	1.9476930856402923e-07	3.081489329502879e-06	21
EPCAM	8.836275	2.4425752	1.3869177652445344e-06	1.8963966067699522e-05	21
UBL5	8.712747	1.4934926	1.2121990618441385e-06	1.6745621389338655e-05	21
CYB5A	8.6012745	2.5783098	2.092356622281528e-06	2.773902508614416e-05	21
ATP5PO	8.576934	1.1685115	2.7832709441179086e-07	4.284244641425368e-06	21
SUMO3	8.54741	1.9990357	1.884118000549712e-06	2.5197448906075716e-05	21
GNAS	8.539835	1.8824296	1.8200297132031456e-06	2.4379239860441975e-05	21
KRT8	8.488528	1.4917502	3.7862931094364826e-07	5.702562064823039e-06	21
S100A11	8.458437	1.9090829	1.921606550292039e-06	2.5637472276589213e-05	21
QRSL1	8.390233	5.0395503	3.963139757680331e-06	4.969258714480598e-05	21
SOX4	8.268562	2.5581882	3.021424047415994e-06	3.866523615962604e-05	21
PFDN5	8.040206	1.2391188	2.5347634683591033e-06	3.310689310445198e-05	21
MZT2B	8.028442	1.4068302	2.0633362042924168e-06	2.740845925868196e-05	21
ATP6V1G1	8.008337	1.6449897	3.5547740236242948e-06	4.487417219660612e-05	21
NAMPT	7.990547	3.1224148	5.2977962062344125e-06	6.525647541436226e-05	21
MZT2A	7.9185934	1.5796571	2.9469209749059845e-06	3.779834662306754e-05	21
VDAC1	7.8750978	1.7121948	4.010671787319827e-06	5.0251005759616854e-05	21
LSM7	7.867896	1.7406445	4.437826195650989e-06	5.502740422489088e-05	21
PPDPF	7.8475065	1.5330541	2.756628118962252e-06	3.571265497802738e-05	21
POP7	7.70882	2.676727	7.391180261755662e-06	8.888762178542368e-05	21
PRLR	7.7010603	3.3816974	8.110223310413737e-06	9.675191568525238e-05	21
HSP90AA1	7.6188254	1.310566	4.09466241774197e-06	5.1226807964745775e-05	21
VDAC2	7.603191	1.2384762	2.7985424815879597e-06	3.6185780021180323e-05	21
MAGED1	7.5575404	2.56138	8.332082867166131e-06	9.920709671551976e-05	21
DYNLT1	7.528294	2.0521076	7.911653538887127e-06	9.467169866136752e-05	21
MT-CYB	7.5159154	1.6381521	3.6494045815943695e-06	4.599950359686462e-05	21
LMO4	7.50827	2.6198854	8.979206746938015e-06	0.00010642105070637737	21
PEBP1	7.5018954	1.5299176	6.255874627345749e-06	7.60051250379245e-05	21
ENO1	7.472717	1.971473	7.699287024038406e-06	9.226216008334126e-05	21
PTGES3	7.3874807	1.442496	6.847414601831935e-06	8.285322264070885e-05	21
C6orf203	7.385924	4.6805196	1.3318516344885746e-05	0.00015241528912396222	21
MT-CO2	7.365494	1.9594226	5.601601799549237e-06	6.862064498125673e-05	21
BNIP3	7.3631377	3.8503644	1.3048677855480591e-05	0.00014988551505160086	21
ARHGEF35	7.357306	3.7603076	1.3091213061256352e-05	0.00015027117634756993	21
MPC2	7.277682	1.6428132	8.631876084985992e-06	0.0001026308953443868	21
PRKAR2B	7.2748713	5.2320547	1.5563120799584054e-05	0.00017546307050045337	21
SYPL1	7.2577662	3.4096513	1.4768802850277145e-05	0.0001676914070416878	21
LMBR1	7.242898	3.9944453	1.545377615799842e-05	0.0001744648623747644	21
NDUFB2	7.2237515	2.4406796	1.4222305659815077e-05	0.00016181490981541979	21
SF3B5	7.170273	1.563248	1.045695640877351e-05	0.00012259237151578898	21
MT-CO3	7.167817	1.5967164	4.857078530607144e-06	6.000415137940856e-05	21
DAAM1	7.151306	2.8612564	1.5811388097596156e-05	0.00017796300945687	21
BNIP3L	7.120031	2.0124059	1.3097445229190133e-05	0.00015029127965523993	21
JPT1	7.11364	2.425276	1.533496139446057e-05	0.00017324012803354735	21
NR2F1	7.076094	6.397732	2.028794087314416e-05	0.0002228882492060689	21
LDHA	7.0611563	2.595616	1.7362655248628005e-05	0.00019334688568865602	21
CBX3	7.0427904	1.6547625	1.3410006590815501e-05	0.0001533532325477473	21
PCBP2	7.013274	1.1317692	9.156776975283833e-06	0.00010829600018617597	21
HIST1H4H	6.8491735	5.1176844	2.700303710658382e-05	0.0002895488707135319	21
UQCRB	6.774644	1.2196789	1.5839350624398644e-05	0.00017821793334215193	21
HSPH1	6.7487397	1.6727043	1.623351722455565e-05	0.00018210314422368597	21
CTNND1	6.7229414	2.6459835	2.7810856215667793e-05	0.0002975451127048528	21
CRIP2	6.713928	2.5325418	2.6477820637749216e-05	0.0002846450583367777	21
COPS9	6.622086	1.8525015	2.6875347054735877e-05	0.00028836404848461166	21
RNF7	6.6092987	1.5501574	2.547612152078434e-05	0.0002744923199256754	21
NAA50	6.5890603	3.1028855	3.563374710223564e-05	0.00037326405732544837	21
P4HA1	6.5838895	3.2558582	3.584576806763193e-05	0.000375016502419352	21
TPM1	6.57971	1.8084311	2.5288539923785134e-05	0.0002726463894515195	21
PPIA	6.5450916	1.4362396	2.940843752894963e-05	0.00031294048323556457	21
EFHD1	6.529876	2.7964165	3.671494424528591e-05	0.00038315368541727904	21
TOP1	6.5259194	1.4801912	2.3853332477146844e-05	0.00025825197695803176	21
RAB4A	6.5224056	2.3591614	3.580998376486629e-05	0.000374759021983582	21
ZNHIT1	6.482146	1.8931965	3.482983950700378e-05	0.00036564245599512166	21
IGFBP5	6.4653673	3.8685346	4.0176569256104104e-05	0.0004154014517321171	21
LUC7L2	6.386599	2.6499205	4.53364069521988e-05	0.00046278774696965734	21
CKB	6.380182	4.445811	5.040549894597534e-05	0.0005103081316471351	21
TRAPPC3	6.3607464	1.7268004	3.768937126178252e-05	0.00039149557184622093	21
NDUFA6	6.3497987	1.264158	2.8092920361301017e-05	0.0003002755391454422	21
PGK1	6.3055825	2.2430525	4.825417133823262e-05	0.0004908987445725387	21
SEC62	6.302439	1.6505427	4.3309329051590386e-05	0.00044423186719247496	21
P4HB	6.2952533	1.5168167	3.878623797190693e-05	0.0004018934840332809	21
TAGLN2	6.286176	1.6376839	4.194984300628034e-05	0.0004322702563052685	21
CDH1	6.2758684	2.6515841	5.2392194120676066e-05	0.0005277136885890679	21
SLC25A3	6.2475076	1.731663	4.851978664705471e-05	0.0004933016562379091	21
GSTK1	6.212939	1.6102192	4.5263659977683984e-05	0.0004622985442483248	21
ANKRD30A	6.196161	3.3908007	6.0437793793178254e-05	0.000602062382422629	21
TMED10	6.170056	1.8070278	5.456639204999335e-05	0.0005478511420056128	21
MT-ND5	6.1683273	1.601327	4.585656162132148e-05	0.000467642120200895	21
TPI1	6.1652365	1.3725114	4.730541985650905e-05	0.00048183148721748256	21
GNG5	6.142341	1.0791354	3.527375172244543e-05	0.00037007097482719494	21
NREP	6.1398644	3.6594806	6.884972515400731e-05	0.0006770122050397418	21
HSBP1	6.119988	1.4018092	5.001359794041244e-05	0.0005067994225134059	21
PHPT1	6.100334	2.029909	6.422570005985107e-05	0.0006371470587718028	21
UBA52	6.0986905	1.4421849	6.785909745862055e-05	0.0006688398436260922	21
CALM1	6.09844	1.4925992	5.290392392168435e-05	0.0005320691191176057	21
TXNDC17	6.0939083	2.2474008	6.805768336895184e-05	0.0006706001051345516	21
PKM	6.080015	1.1056714	3.471521503395986e-05	0.00036466740603008065	21
TNNT1	6.073336	3.8045282	7.63882303909384e-05	0.0007422183185233096	21
RBM3	6.047545	1.4003537	5.5779316595128534e-05	0.0005589764140774443	21
IFI27	6.0447664	3.6378767	7.248761444862188e-05	0.0007094563980803112	21
GGCT	6.0445848	2.6567192	7.494915349078412e-05	0.0007305636609225197	21
TTC3	6.0274377	1.65596	6.196876169297416e-05	0.000616215308610746	21
PSMB1	6.017383	1.6409111	6.752519343536538e-05	0.0006659401684844429	21
NQO1	6.011131	2.6191506	7.682407438823973e-05	0.0007460209261887518	21
TPM3	6.009747	1.1899259	5.1125686139403015e-05	0.0005171310732212655	21
LSM6	6.004509	2.2237036	7.409742688863037e-05	0.0007237337784716223	21
UQCR10	5.917274	1.4882022	7.62179990287674e-05	0.0007407788772598921	21
METTL26	5.8932986	1.6098403	7.612674278058667e-05	0.000740126647711576	21
PIK3R1	5.8689146	3.26029	0.00010167401203931912	0.0009660759313911622	21
WDR83OS	5.860791	1.1484853	6.966433645445459e-05	0.0006844204771584246	21
HINT1	5.834109	1.1385299	7.612882545555998e-05	0.000740126647711576	21
YWHAB	5.7891393	1.3546278	9.018116217240084e-05	0.0008654553248711006	21
HNRNPU	5.784711	1.9001632	0.00010054754266479339	0.0009572708284189143	21
MT-ND3	5.779084	1.5228491	6.476823234777901e-05	0.0006410124760037934	21
LAPTM4A	5.778319	1.3404186	8.195525240027039e-05	0.0007917226730292249	21
NDUFB7	5.7406178	1.1535192	8.303759002259903e-05	0.0008017166974519268	21
SEPT2	5.6994333	2.3437827	0.00012334472449422923	0.0011472838059514538	21
SELENOP	5.6719055	3.6045167	0.0001369492860422023	0.001259160088580457	21
KCNK1	5.6671677	3.9823353	0.0001411094033021398	0.0012949248963494038	21
GNB1	5.6567745	1.9038627	0.00011805680429509375	0.001102819439834051	21
C19orf53	5.651303	1.3718636	0.00011259495884276455	0.001056672499872738	21
DBI	5.6382084	2.2137709	0.00013317657543179421	0.0012281758362820484	21
SUB1	5.6086802	1.0779842	9.734818089529205e-05	0.0009299787340954117	21
COPS8	5.6045465	1.7477895	0.00011761642205930694	0.00109949063887715	21
PTPRK	5.588486	2.718236	0.00014762834974496985	0.0013499461501624956	21
RPS3A	5.5797305	1.5213084	0.0001503973068581937	0.0013726465494777345	21
CALU	5.545843	2.874488	0.0001627909957884378	0.0014777192935696867	21
THOC7	5.486544	1.3394469	0.00012661599529008928	0.0011741296925697775	21
ABRACL	5.4495397	1.9139361	0.0001683466626627137	0.0015232035102158295	21
NAA15	5.415707	3.116384	0.00020057024362020134	0.0017858578553929315	21
SSU72	5.3795967	1.384014	0.00016231340060097302	0.0014741819034815153	21
NDUFS5	5.378203	1.158939	0.00016318137434785977	0.0014804615842579293	21
HES4	5.3609295	2.147826	0.0001977829812655771	0.0017629122972704547	21
PDXDC1	5.3515296	2.0782948	0.00020110312223431423	0.0017896523807007518	21
GPI	5.3393526	2.6410494	0.00022192800938867333	0.0019552632946954274	21
GAPDH	5.3353214	1.796327	0.00021454245183194712	0.0018971706767454096	21
RRAS	5.332576	3.376773	0.00023095433669262857	0.0020246835878221263	21
HSPD1	5.332384	1.6435573	0.00019441976150541326	0.0017380152507071073	21
NFIC	5.304683	1.5149249	0.00018958912843445845	0.0016966405968036743	21
H3F3A	5.2917724	1.7138026	0.0002108624397889291	0.0018670900456601032	21
UTP23	5.280392	2.9466085	0.00024505533091455443	0.0021376855277516434	21
POLR2I	5.2583084	1.2110523	0.00018856613442000145	0.0016883867364071727	21
DICER1	5.253557	2.3033125	0.00024017659120010142	0.0021005901031141074	21
CD46	5.240729	2.2747154	0.0002511140573877759	0.0021865567494401324	21
TMBIM6	5.2127824	1.3514647	0.00023580821513241904	0.002064537547313095	21
PSMB2	5.198665	1.148647	0.00018845709484390611	0.0016878609928329654	21
SERP1	5.1984615	1.0750438	0.00021878450407607268	0.001928581090989633	21
NIFK	5.1966734	2.022963	0.0002551747565220976	0.002219034614598827	21
UBL3	5.184159	2.7314208	0.0002810070468114301	0.0024173524896389273	21
ALCAM	5.1502223	2.7384596	0.00029669408500389917	0.0025384994729236027	21
NORAD	5.120651	1.6213256	0.0002697761383139886	0.0023321374773900934	21
PCMT1	5.098927	2.5043938	0.00032333890250415686	0.0027471823162068024	21
DDT	5.089718	1.2133206	0.00025826533898607243	0.002243003038563401	21
PLRG1	5.0860224	2.96737	0.0003328827158493506	0.002820924500329224	21
SMARCA5	5.073962	2.8519819	0.00034169812934073553	0.0028876031635720863	21
MINOS1	5.072387	1.1743234	0.0002473001913402196	0.0021561465343754365	21
PLIN3	5.0541024	2.5784438	0.0003445911962029113	0.002910585069715902	21
ZDHHC9	5.048491	3.1757786	0.00035935847861212096	0.0030216201381622334	21
DYNC1LI2	5.019193	1.8256062	0.00033385660431097376	0.0028277485770692857	21
HMGN1	5.015597	1.1956396	0.0003072042089914392	0.002620294658846107	21
PPIC	5.004075	1.6639568	0.00031390691136453806	0.0026729504224620388	21
STMP1	4.943613	2.131727	0.0004097467586940364	0.003401810899345712	21
FAM162A	4.9421782	2.5426316	0.00041657642974857217	0.0034537386949879192	21
TWF1	4.937267	2.0229018	0.00038660855315020016	0.0032272865806896125	21
YIF1A	4.917359	1.4743081	0.00037493500829829273	0.0031360835694097347	21
UBE2V2	4.9118347	1.946154	0.00041370631904610536	0.0034321354556332974	21
SLC39A7	4.903164	2.039212	0.00041369733866408645	0.0034321354556332974	21
GUCY1A1	4.90137	3.8469741	0.0004593267718510556	0.003777900749057444	21
PBX1	4.874973	1.2187502	0.00032966610083640357	0.002796492333878051	21
CERS6	4.8512316	2.0058894	0.0004556284057340231	0.003748485394830708	21
TMEM209	4.833401	3.5491977	0.0005099820216235051	0.004148752604238173	21
SUMF1	4.8330684	2.804779	0.0004977518775536283	0.004062067086381082	21
MKRN1	4.7978687	2.0020654	0.0005038559641947629	0.0041038933693677854	21
ECHS1	4.7837844	2.18097	0.0005293173573094379	0.004290438250728819	21
PRDX2	4.768345	1.5678111	0.0004999004875102047	0.004076625881735904	21
TMA16	4.7344956	3.2330515	0.0005987058456517941	0.004802964068167143	21
NDUFV3	4.728038	1.918006	0.0005615646270656087	0.004528838460304781	21
TSTA3	4.7122364	1.7546654	0.0005610780200746944	0.0045260023740561145	21
MYL6	4.710569	1.0305779	0.0005487489743547556	0.004438290173338041	21
ZKSCAN1	4.698952	1.831675	0.0005829471272634236	0.004685509129054036	21
LRBA	4.6959753	3.1638315	0.0006335852628155044	0.005058577314947591	21
LINC01133	4.680523	5.1461043	0.0006659810880102148	0.005283271445825596	21
CRACR2B	4.659909	2.4829564	0.0006527241462086249	0.005196539422735221	21
FBXW7	4.641815	3.6949267	0.0006994390663116022	0.005517376698767039	21
FKBP3	4.633722	1.7294415	0.0006408687572612854	0.005109431658497926	21
ARL1	4.61571	2.2988238	0.0007065984029860638	0.005566811890383033	21
PTBP3	4.611128	1.9365231	0.0006832031605551168	0.005405830905444485	21
GNG12	4.602964	2.546169	0.0007210605578319829	0.005662629868939952	21
CALR	4.575075	1.2216763	0.0006504044250125592	0.005179300764327219	21
FLAD1	4.5725026	2.122376	0.0007307577716496515	0.005730733322165293	21
RAN	4.5719037	1.1375779	0.0006434404983127701	0.005127497684463915	21
TMBIM4	4.5551453	1.1736261	0.0006334417951758786	0.005058577314947591	21
ECH1	4.5500607	1.7870587	0.0007543962729431721	0.005889945388916885	21
RNF11	4.5480227	2.2066553	0.0007789540770239707	0.006061925451847101	21
KDELR2	4.541343	1.8273993	0.0007784790459703609	0.006059634643975835	21
CFAP298	4.5382953	2.4087386	0.0008017197833171602	0.006217452775084594	21
STARD10	4.535267	1.8009647	0.000744825617779407	0.005824713463730261	21
SPTSSA	4.5284452	2.0927463	0.0008070493990700545	0.006257337932087077	21
MSRB2	4.5177345	2.3053057	0.0008299620461954977	0.006418666587835645	21
GNB2	4.5118365	1.8140148	0.0008137361578781948	0.006303354381383956	21
SHOC2	4.5110593	1.8435887	0.0007841153961829818	0.00609643358909907	21
AARD	4.502977	3.39583	0.0008722010910267429	0.0067082083912240265	21
BRWD1	4.5000625	2.1177983	0.0008399031085155955	0.00648657383438213	21
BUB3	4.4979568	2.1996212	0.0008570618340506103	0.006602368161665485	21
NFIA	4.494572	2.0640242	0.0008366218296129037	0.006465698798858618	21
SLC35A3	4.4630694	2.365868	0.0009018192368634212	0.006905917585305026	21
PPP1R14B	4.457453	1.9890429	0.0008990961893586997	0.006886637425731935	21
CBR3	4.4573355	2.707539	0.000920534261118766	0.007029972598402672	21
BCAS2	4.4528246	1.9626203	0.0008894669713446893	0.006823790413054031	21
NDUFA11	4.446057	1.4536868	0.0008794294491877213	0.006752963176558004	21
GSTM3	4.4217587	2.5519788	0.0009720078290717471	0.007382725225293358	21
MTPN	4.3988757	1.9289074	0.0009985721189196355	0.007565644328141744	21
PLCG2	4.3847814	3.3445325	0.0010653378060000013	0.008006384797455982	21
NOL3	4.3543024	3.1315188	0.0011198137791158358	0.00837077645761628	21
GOLGA2	4.3542376	1.7895256	0.0010350348823552535	0.007817181938544823	21
FXR1	4.354	1.9003576	0.0010615857561379082	0.007984038058680688	21
CD151	4.350876	1.5705136	0.0010309589581452767	0.0077899063787228474	21
RTN4	4.3466983	1.2241771	0.0010030061792374947	0.007592378753736135	21
TRPS1	4.3390985	1.7755637	0.0010600357634921735	0.007977262630309848	21
MACO1	4.3357387	2.6412618	0.001135390352887564	0.008460814891402308	21
HDAC2	4.33437	1.7192796	0.001081158249872356	0.00811255679171559	21
AREG	4.329572	3.8177235	0.0011650956905486563	0.00864950742733344	21
LSM3	4.32876	1.9343798	0.001137090323355417	0.008469719417202764	21
JUND	4.3268414	1.9330697	0.001111162859510302	0.008315375607058242	21
HSPE1	4.322255	1.1906548	0.001049456598630118	0.007908295613267308	21
RPL36	4.3141146	1.0411929	0.0011323770021935099	0.008445267452905372	21
SLC38A1	4.312239	2.0092494	0.001146626681188963	0.008529386895932361	21
ARF1	4.310603	1.3718302	0.0011168903276497987	0.0083526462608031	21
HACD3	4.3069506	1.463928	0.0010784721943065026	0.008096024142621845	21
XRN2	4.291226	1.5891944	0.001141194165578112	0.008494627942222693	21
PET100	4.290123	1.4778644	0.0011415834062347117	0.008495639899826596	21
EXOC5	4.2765617	2.4801993	0.0012391139929322206	0.009122283239012208	21
DYNC1I2	4.274557	1.728313	0.0012124553323165676	0.00895550854464435	21
HIST1H2AC	4.2650633	2.6680748	0.0012853506371502442	0.009444018777799856	21
MUC15	4.2587223	7.4124804	0.0013446644034234279	0.009840403224271332	21
AP2S1	4.25735	1.2656074	0.0011701503478039638	0.008675511232469662	21
MT-ND4L	4.2570367	1.5838915	0.0012201637055103917	0.008999328948444778	21
RAB25	4.2559056	2.0396564	0.0012740460714244367	0.009363010359694791	21
RAB2A	4.2453275	1.1619198	0.0011654945143023733	0.00865055355260365	21
C21orf2	4.2411356	3.001499	0.0013457029980263587	0.009842177116616243	21
GART	4.240109	2.3024714	0.0013135804142434774	0.009640875421037302	21
KDM7A	4.239154	2.957645	0.001343119097494148	0.00983185457203213	21
ELFN1-AS1	4.2348886	6.1372194	0.001397423258967432	0.010178278725087217	21
BCLAF1	4.2314944	1.9975436	0.0013317496549240487	0.00975714617208552	21
RABAC1	4.2255893	1.6693133	0.0013236462453377774	0.00970837933848117	21
CLTC	4.225506	2.070735	0.0013515684811610518	0.009880766875898613	21
HDGF	4.224726	1.8932265	0.0013264702721339585	0.009724839212600023	21
LSM4	4.207412	1.8670704	0.0013847714307472915	0.010097884815308761	21
MRPL55	4.20245	1.1548401	0.001231209602647935	0.009068072306195519	21
CLDN7	4.199828	1.7783366	0.001366046311339234	0.009975736844900773	21
DPCD	4.193442	2.1782548	0.001416921368036811	0.010304631310781152	21
ZNF827	4.1919966	2.9236493	0.0014610474953994617	0.01058880597303227	21
KIF5B	4.1892257	1.7983123	0.0014254256611371079	0.010359740433412727	21
NME4	4.1640735	1.5711548	0.0014235807616285012	0.010348574409575545	21
CNFN	4.162322	2.7370262	0.0015326713048747947	0.011033983309037453	21
TUBA1C	4.1551747	1.7652586	0.0014707413294134928	0.01064985641836312	21
TXNL4A	4.152336	1.4873229	0.0014604126681458	0.01058878108566327	21
KMT2A	4.135033	1.9389045	0.0015474156725071334	0.011123418146498448	21
ZYX	4.1328993	1.9831443	0.0015498970250682152	0.01113886782040133	21
BAMBI	4.126215	2.5187225	0.0016138506406032794	0.011556397168333604	21
ITGB6	4.1160126	3.505942	0.0016827294034803275	0.012006046994710416	21
MAGED2	4.113986	1.1676209	0.0013722906880831544	0.010019155848715081	21
HNRNPA3	4.1009793	1.0275265	0.0014742218277322753	0.010670451947338854	21
SUCO	4.0958834	2.51512	0.0017088606343631993	0.01216919204610957	21
C1orf21	4.0956683	1.5584044	0.001576515172401114	0.011313199699937047	21
MUC1	4.0905256	2.470483	0.0017157475965558534	0.012207868081476428	21
C3orf14	4.0896845	1.7966586	0.0016522279300585057	0.01181355297422561	21
DEGS2	4.08612	2.4579754	0.0017313690293468637	0.012300291733005158	21
TGFBR1	4.082251	2.8714163	0.0017618515281940974	0.012488221070828026	21
RHOB	4.0810184	1.3480464	0.0015605014511944214	0.011207875626233852	21
TIA1	4.072293	1.9483982	0.0017209186473332912	0.012239468267643326	21
IBTK	4.071699	2.3005867	0.0017527183860878202	0.01243399479436793	21
MGST3	4.0713286	1.0131993	0.0015406161877676637	0.011088799904273649	21
ATP6V1A	4.057628	2.2997255	0.0018122599675239673	0.012810329098149924	21
GNAI3	4.0558534	1.7153733	0.0017561078109621317	0.012455405389613207	21
YWHAG	4.046203	1.8796687	0.00182655882981748	0.012900528471448326	21
ZNF292	4.0117836	2.2391396	0.0019623005386867945	0.013772237365158773	21
MAP1LC3B	4.0107946	1.4066739	0.001845735780847756	0.013027740704001386	21
KDM5B	4.001243	2.184334	0.0020015491379019325	0.014018367014902635	21
DST	3.9723487	2.7431598	0.0021310202765323985	0.014804588047881768	21
KLHDC10	3.9669607	3.27304	0.002173099907905526	0.015062604672671885	21
SERINC2	3.9638643	1.9207588	0.00210201010993182	0.014612128724813092	21
C19orf70	3.9625182	1.2832028	0.0019741243452146505	0.013849425781812297	21
AC016831.5	3.9588156	2.970349	0.0021796501845293007	0.015098646600433143	21
SNRPB2	3.953283	1.2913258	0.002026973738641746	0.014166852712603208	21
THUMPD3-AS1	3.9526916	1.4320027	0.0020379250095950963	0.014231530865465152	21
MMADHC	3.9390264	1.2085937	0.00201741081446892	0.014111778128905537	21
PNKD	3.933267	1.5120989	0.002159837681105666	0.014979966017776085	21
ODF2L	3.9309258	1.7716299	0.0021745601779634936	0.015069612175428418	21
TUBA1A	3.9238572	2.2723439	0.0022886513841235347	0.015785246982292302	21
GAB1	3.9149835	3.3781898	0.0023754999813638935	0.016267179435468834	21
UBXN4	3.911838	1.389567	0.0022508715017262935	0.015540650687402555	21
WDR1	3.89776	1.5715743	0.0023139178748737637	0.015916964610570326	21
ALKBH7	3.8914542	1.4899651	0.0023324825431673404	0.016024948172956938	21
USP38	3.8759935	2.7771702	0.002499629652705997	0.017024230319376537	21
MKLN1	3.871259	2.2963471	0.002503853379357512	0.017041750445825954	21
CSNK1A1	3.8706694	1.1023175	0.00230295859360868	0.015857839086066257	21
CTNNB1	3.8645556	1.2519279	0.00230273459803698	0.015857839086066257	21
RBMS1	3.8640828	1.9469857	0.0025046628949575373	0.017043801614885525	21
CNOT2	3.8621788	1.4982874	0.002396723648462064	0.016399124417190145	21
PEX3	3.8399746	3.7076468	0.0027152755369169203	0.01826209279802094	21
PNRC1	3.8285952	1.229732	0.002503720688071179	0.017041750445825954	21
AKR1A1	3.825023	1.861277	0.002706347507273279	0.018213001954545154	21
MAP3K13	3.8234122	1.1662568	0.002444211116684181	0.016688403925903796	21
RBM8A	3.8174982	1.0240796	0.002491827691562584	0.016980575498313822	21
MAD2L2	3.8159134	2.2587214	0.002754012252119676	0.018489256394785037	21
ACTR2	3.8134809	1.3749462	0.0026271337421170525	0.017759058111877866	21
SETMAR	3.808009	3.387567	0.0028554450835580917	0.019089990741004974	21
BLOC1S4	3.8069701	2.140726	0.0027821642998022674	0.01865585221504755	21
RAP2C	3.8040633	3.0135598	0.0028711026957562173	0.019180491712704483	21
C4orf48	3.799872	1.5352858	0.0027170808630900046	0.01827057121670045	21
WDR33	3.7943733	1.8862115	0.002830415431942717	0.018941533121067573	21
SNX3	3.789949	1.3066599	0.0027880556637796955	0.018687884696010144	21
SF3B1	3.787399	1.5813131	0.0028284442247207458	0.018933550987824836	21
PRMT2	3.7872193	1.8250356	0.0028759414605697216	0.019204051867204665	21
DDAH2	3.7830584	1.5808846	0.00284255507941017	0.019015185464398985	21
PSMA1	3.778488	1.3537016	0.0028262367992674727	0.018924896882457635	21
MUCL1	3.7713103	4.5082526	0.0030461490241380142	0.02022785278531244	21
HOXB-AS3	3.7628498	6.4393454	0.003131687640947077	0.020726111911011424	21
GADD45GIP1	3.757814	1.4480367	0.002998105307217787	0.01993644926831717	21
BAZ2B	3.7566798	1.6919627	0.0029389624598006084	0.019585881157196942	21
ZFP36L1	3.7532914	1.3315789	0.002937019861272044	0.019576824953681564	21
LNPK	3.747401	2.5312078	0.0031343017166609827	0.020739320157531275	21
GRSF1	3.7441077	1.9945564	0.0031202753051977126	0.02065465838003483	21
CD99	3.7410052	1.2985928	0.00294118670769868	0.01959681036212186	21
ATP6V0E2	3.7386606	1.8189889	0.003068507187258512	0.02035214545537626	21
CITED2	3.738048	1.7372663	0.003058467909423494	0.020293584995049144	21
CRLF1	3.7317958	5.5038366	0.003302722363039314	0.02171664590839083	21
ZMYND8	3.729617	2.0307949	0.00318913266038093	0.02104639985707886	21
HMGCS1	3.714578	2.4402318	0.0033168498411674744	0.021805264704546894	21
NDUFA5	3.7131171	1.2983338	0.0031119810524011388	0.02060382086036056	21
LIMCH1	3.7037244	2.3124607	0.003368742531891827	0.022092678597021038	21
UQCC2	3.6981928	1.5158111	0.003301213182171604	0.0217119731603503	21
MARCH7	3.6870155	2.035457	0.00342674645046447	0.022404776353806784	21
CCDC124	3.6837108	1.7926702	0.0034465542123472822	0.022529891802054218	21
IRS1	3.6830664	4.132992	0.003583330404621987	0.023323983136314005	21
SPATA6	3.6769497	3.4594328	0.00358803140367749	0.02334203972008555	21
H2AFV	3.6764739	1.3697063	0.003389828706990004	0.022215366287837383	21
CYP4Z1	3.6718745	3.7978728	0.003629281123412596	0.02357732290536159	21
C1orf122	3.664319	1.6569906	0.0035526845226502473	0.023149151257163485	21
C1D	3.660631	1.5920448	0.0035026613743082548	0.02286546616498115	21
ZC3HAV1	3.6595278	1.9047569	0.003570019659753405	0.023250879496658047	21
BMI1	3.6493766	2.8893127	0.003767110651078962	0.024317293754395588	21
TMEM181	3.6482093	2.91487	0.0037781978580361	0.024379479483722363	21
PPCS	3.6427836	1.4511516	0.00360493141122417	0.02344638442192552	21
APOPT1	3.6390285	2.4743621	0.0038146642841765306	0.02458640560252979	21
XRCC5	3.6368556	1.3457885	0.003639792683993287	0.023636454291155636	21
PHGDH	3.6264198	2.4580686	0.003883843710151177	0.0249699064370674	21
MRPL3	3.622105	1.8289486	0.003854095187725974	0.02481193986401476	21
PSENEN	3.618232	1.9119513	0.0039026507829345437	0.025066796229492056	21
PDCD10	3.6168551	1.7825199	0.003889321009832717	0.025000328859869518	21
NUP133	3.6028333	2.9180791	0.004071862397945425	0.025984462840465655	21
VEGFA	3.5974636	2.3551357	0.004073588452251029	0.025990532675851576	21
AC058791.1	3.5918489	3.2925806	0.004168073095294845	0.026482542089275318	21
TSFM	3.584569	2.4228456	0.004180557062927969	0.026541749848129282	21
PAPOLA	3.5834823	1.3179785	0.004019360337441396	0.0257052131535149	21
BZW1	3.579464	1.7281154	0.004169699034501243	0.0264878551735239	21
TMED4	3.577975	1.2689973	0.003981985586135105	0.025488507355831594	21
ZNF791	3.5769384	1.8969982	0.004145874952092129	0.026361477112440208	21
SRSF9	3.5767527	1.3770868	0.004113532253851164	0.0261905818766936	21
KXD1	3.5753188	1.6410377	0.004132498178730746	0.026293215784352477	21
EGLN1	3.569127	2.6205013	0.004311563528499374	0.027244565242915877	21
SINHCAF	3.567588	1.6227638	0.0041145511613905296	0.026192097267830658	21
STX16	3.5651677	1.6665213	0.004172528305937902	0.02650080892055731	21
LINC01006	3.5634975	3.4678655	0.004402315937084114	0.027760496116890066	21
TNKS2	3.5557144	1.9132226	0.004303315586381645	0.02721295401259931	21
EPHX1	3.5536077	2.4910126	0.004434554380564934	0.027932279526484218	21
SCD	3.550226	2.4945407	0.004450932470052445	0.028030177615101213	21
MRPL42	3.5481977	1.6880019	0.004352723927847961	0.02748911942458077	21
RUNX1	3.5467775	1.9587817	0.004420760939958194	0.027866330142292388	21
HIPK2	3.5444996	2.5411906	0.00451635105007861	0.028383535801140464	21
UBN2	3.537132	2.8095665	0.004573374202592305	0.028715002644917352	21
SLC38A2	3.5341675	1.7811446	0.004508086028426304	0.028339263601950302	21
CLCA2	3.526658	4.7934513	0.00472475821202228	0.02954383206365386	21
CLIP1	3.5233374	1.3149652	0.004308658018192514	0.027236467883187922	21
CAPRIN1	3.5180423	1.5557919	0.004572689029641165	0.028715002644917352	21
RAB18	3.5140193	1.6743131	0.004662656934248726	0.02920451470245313	21
ZCRB1	3.5119512	1.4019202	0.004597427477104281	0.02884442854649358	21
COPA	3.5097995	1.4273221	0.004590587006330724	0.028817682721193862	21
ARMT1	3.507967	2.9397292	0.004840586907345397	0.030144471863956915	21
MRPS33	3.5070724	1.4390938	0.004650322622006647	0.029138141428119733	21
TMEM263	3.5041924	2.9263465	0.004877602913698488	0.030324314982087305	21
RNF114	3.5034568	1.5808595	0.004700164605458145	0.029417469869690547	21
SLC40A1	3.5033705	2.0121162	0.00472381179955952	0.02954342188495727	21
IGFBP2	3.5005305	3.6723433	0.004930712246685483	0.0305864655938742	21
MIS18A	3.4927797	2.1942806	0.0048574884450359014	0.030227276425779066	21
EIF3B	3.4849255	1.740521	0.004868430454371932	0.03027851397554033	21
CTTN	3.4837937	1.5365609	0.004834141681740319	0.03011551748648812	21
PTPRS	3.468267	4.8935666	0.005240008620063457	0.03224864754597219	21
SRP9	3.4648924	1.2798531	0.004992524629671461	0.030929861212377254	21
TTC26	3.4594772	4.432087	0.0053146886993428654	0.032630418023917085	21
DARS	3.4581249	1.640959	0.005118850046930807	0.031617309115769245	21
GOLM1	3.454021	2.330655	0.005262652160419494	0.03237612181082727	21
BLVRB	3.4488332	2.1570973	0.005335146993684199	0.03273804707558758	21
DLG1	3.446672	2.0376842	0.005299082212692953	0.03256089463527416	21
ADK	3.4395409	2.253978	0.0054024281052980384	0.03310850376024146	21
AES	3.4359543	1.942173	0.00541332143145265	0.033163144133763166	21
NOM1	3.424869	2.7821379	0.005586414222596863	0.033993817024695464	21
ATOX1	3.4245522	1.6507256	0.005508646816981441	0.03364619428278173	21
NCBP2	3.4170287	2.0821679	0.005630492858611342	0.0341938006465115	21
PPP1CC	3.4163284	1.5642579	0.005532835406102113	0.03375031250538783	21
RINT1	3.4159591	3.9718158	0.005730689193767819	0.034714294066853245	21
HBS1L	3.4146473	2.8534563	0.0057034689104001795	0.034574381117609326	21
PDIA4	3.4100752	1.4637146	0.005527037683232733	0.03373041683648273	21
DNAJC1	3.4074156	1.6332787	0.005616880106304086	0.03414203980528187	21
CCDC71L	3.4056818	4.078783	0.005843592102209996	0.035302579737072314	21
GATA3	3.405108	1.5362113	0.005485257426406438	0.03353034797504982	21
ERO1A	3.4031444	2.834655	0.005828846686415588	0.03522618859622797	21
SEPT7	3.3988378	1.2632983	0.005558100115633587	0.033864529696360786	21
PIN1	3.3946588	1.2374214	0.005553689450395993	0.033849954180580046	21
AP001453.2	3.3938277	3.8184376	0.005952211709815504	0.03582327883705757	21
MVB12A	3.3881965	1.9341755	0.00585652950476068	0.03534768616152046	21
LLPH	3.3832552	1.8579905	0.005907638134622623	0.035599728831005636	21
ORAI3	3.3819723	3.025684	0.006044946523065478	0.03631623702850425	21
CFDP1	3.3800788	1.5157477	0.0058555063267543075	0.03534768616152046	21
RALA	3.3753078	1.5003386	0.005904432407404936	0.03559308870588696	21
ATP6AP2	3.3733468	1.4392294	0.005923175487296653	0.03568053682101599	21
THUMPD1	3.3724632	1.4129727	0.005816496363401276	0.035157885118911915	21
MORN2	3.372017	2.4937615	0.006123610165031828	0.036729615262040875	21
AHCY	3.3620675	1.5310802	0.00599669335078374	0.036039256706439246	21
CCDC186	3.3444538	2.0206988	0.006361228214856955	0.038005335866497535	21
ZNRF1	3.3399074	2.2978213	0.006414479901611372	0.038282574800702324	21
ACSL3	3.3382714	1.7565645	0.0063764991550143875	0.038085349978216096	21
ELMOD2	3.3374999	3.8185701	0.00659129284782741	0.03920527636264926	21
C2orf69	3.3338375	2.2766128	0.006483674799962076	0.03866114426053831	21
AL355338.1	3.3299973	2.4156563	0.006574239039527044	0.03911771361092364	21
TMEM144	3.3219059	3.9462583	0.006766062133208708	0.04003183806843416	21
TNRC6B	3.3213902	1.7918664	0.006629340499573016	0.03936785587974989	21
GALNT2	3.3204327	2.4180377	0.0067017560462572035	0.03972845520457986	21
SEZ6L2	3.3197353	2.326217	0.006659947173438969	0.03952252090309916	21
YWHAH	3.31711	1.374988	0.0065045890099958625	0.03877206681789074	21
TRA2A	3.3140547	1.5449686	0.0066140215057410145	0.039319548976260076	21
PON2	3.3137987	1.709214	0.006643568846014806	0.03943928188746595	21
AP1S1	3.3135314	1.7781236	0.006709747106638185	0.039768797968501746	21
ZC3H15	3.312811	1.2784296	0.00656740311463687	0.039083972297380275	21
LRRFIP1	3.3020878	1.3033308	0.006727246509313532	0.03984435372927515	21
TUBA1B	3.2970304	1.2115799	0.006596491743596224	0.03922924283190797	21
SETD7	3.2963588	3.070301	0.0070605341800613584	0.04153233548464364	21
TSNAX	3.2956705	2.235968	0.007013054649909006	0.04128925153810742	21
CLU	3.2903209	1.8729876	0.00694365128056104	0.04095252463536097	21
GCHFR	3.284911	2.1819336	0.007100236759837329	0.041743916066906896	21
YWHAQ	3.2787168	1.2026182	0.006985166106873736	0.041146725744757986	21
TPBG	3.274937	1.7962341	0.007160457575202517	0.04206847215446972	21
TBL1XR1	3.2697089	1.3668168	0.0071068713603283035	0.04177559977160386	21
TSPYL1	3.265159	1.5341709	0.007200179453619753	0.04226482657575431	21
CSNK2A1	3.2615254	1.6913223	0.007326249654424345	0.04292972390968675	21
FUCA2	3.2557805	2.1647403	0.007496811893024719	0.04382962658252434	21
RFX1	3.247841	2.5712235	0.007622317702901025	0.04449358824799918	21
CAMK2N1	3.237558	1.9557923	0.007648072740008483	0.0445973587921809	21
DUSP10	3.2360733	2.8639822	0.007833701583020295	0.045513629793189625	21
SCP2	3.2336528	1.1622357	0.007505597356286494	0.04386569801833165	21
TROVE2	3.233049	1.5921806	0.007677681567376424	0.04474667549111601	21
AIG1	3.231849	2.0171783	0.007816186211864001	0.04544335270101065	21
DNAJC22	3.227926	4.036328	0.008001854025408648	0.04637010813169169	21
HNRNPH1	3.2238014	1.2179725	0.007667119134337158	0.04469288197511342	21
ZNF644	3.2157059	1.729935	0.007944665131114326	0.04607054169479696	21
MLPH	3.2153533	1.5781947	0.007823364822507655	0.0454772061545458	21
C4orf3	3.2149477	1.5998734	0.008032271582503917	0.04653833497128414	21
PPA1	3.2117712	1.1503797	0.007826288092760784	0.04548631587580826	21
TMX2	3.2112803	1.8584355	0.008054731493818119	0.0466442936868359	21
MAGOHB	3.210629	1.9803462	0.008093138194156989	0.046818204237706024	21
METRN	3.2054906	2.2216763	0.008182377566508654	0.04726108592358649	21
PRKDC	3.2031353	1.2394054	0.00792254363860013	0.04597405470281782	21
SHTN1	3.1956527	1.7568183	0.008207806777321192	0.04739164178311759	21
DENR	3.1914089	1.2423187	0.008090923581802904	0.0468134669410473	21
SPATS2	3.1809838	1.9242014	0.008526116860625755	0.04897141114337376	21
ADAMTS4	3.180329	2.7126732	0.008570444736418513	0.04917230361002623	21
CARHSP1	3.1755755	1.47104	0.008463768221483483	0.048693524857080187	21
TIMM10	3.1716573	1.6503005	0.008647301829590165	0.04957934199423654	21
ATP6V1F	3.1707137	1.0194119	0.008388671934932859	0.04832779892984937	21
HSD17B10	3.1692605	1.2486933	0.008502454672254245	0.04887417860532641	21
TFDP2	3.1683042	1.8547637	0.008680872180735669	0.04973642850325101	21
B2M	16.626348	1.8747995	1.1048925273977984e-31	1.890775523543345e-29	6
HLA-C	15.310642	1.975006	3.890171084504292e-26	4.710477557594168e-24	6
CYBA	12.887309	2.548765	8.730402086131675e-20	6.2838286774880364e-18	6
HLA-B	12.642543	1.9297335	5.5242362375817666e-21	4.39072056030166e-19	6
ISG20	11.301675	3.1440573	1.8300774124730114e-16	9.385722705161662e-15	6
HLA-A	10.40053	1.8375626	4.443088943456683e-16	2.211063000778644e-14	6
SRGN	9.147802	3.0274413	4.44751162437486e-13	1.5315604455149606e-11	6
IGKC	8.427935	5.881706	1.612109898481885e-11	4.665382062552279e-10	6
CYTIP	8.239058	3.7781186	2.884693921758165e-11	8.036172660273306e-10	6
CXCR4	8.207425	3.4977279	3.14386858814565e-11	8.664625827033136e-10	6
HLA-E	8.107983	1.8307593	2.0303343409409488e-11	5.785849118904024e-10	6
PTPRC	7.818696	3.7364588	1.416140378907288e-10	3.568652475501829e-09	6
GMFG	7.779761	3.2686298	1.5462628723539218e-10	3.870388283703201e-09	6
CD74	7.708396	2.2498062	9.095874208667399e-11	2.355866539250295e-09	6
CD52	7.4508452	3.5992873	5.479070643551678e-10	1.260449303534752e-08	6
IFI16	7.4155912	2.6718493	5.690137765949025e-10	1.3045311743519908e-08	6
CORO1A	7.28996	3.1188931	9.878510942671927e-10	2.1812714649648393e-08	6
RGS1	7.257538	3.5277884	1.158872467471609e-09	2.527291380459378e-08	6
HCLS1	7.2244534	3.1357872	1.2960880931356163e-09	2.818228305955809e-08	6
RAC2	7.2124424	3.3132446	1.3580116678493318e-09	2.9386496355699636e-08	6
SEPT6	7.0260797	3.7167645	3.1543922685642397e-09	6.431700369599585e-08	6
LTB	6.832888	3.9384232	6.2892959955480405e-09	1.2329005083967086e-07	6
PSMB9	6.6942825	2.3678508	9.264009107159939e-09	1.7755664540757229e-07	6
CD38	6.4350863	5.073033	3.059049223309003e-08	5.371914659633889e-07	6
CD3D	6.4060054	4.041911	3.270140890940305e-08	5.712697688699414e-07	6
CD2	6.401937	4.0271144	3.311802701395141e-08	5.776452127274802e-07	6
TRAC	6.3536305	4.5605483	4.121262571235082e-08	7.088782969322866e-07	6
HCST	6.2723002	2.9817798	5.050538821832543e-08	8.546928487542145e-07	6
IKZF1	6.2453628	3.674414	5.962190516580726e-08	1.000389355260801e-06	6
LCP1	6.2377176	2.7410946	5.658528683915592e-08	9.532531923014208e-07	6
TRBC2	6.081194	4.1666875	1.130881008082655e-07	1.81054319294035e-06	6
MZB1	5.9527926	5.5901885	1.8995362826781624e-07	2.953748097232649e-06	6
SH3BGRL3	5.908159	1.4524704	1.5936630525572078e-07	2.507178820160474e-06	6
IGHG1	5.8123045	5.3379617	3.183837376736598e-07	4.784457412774294e-06	6
CD79A	5.8082294	6.8434258	3.261217494100701e-07	4.888933125249763e-06	6
CD3G	5.798446	4.245522	3.27004210082743e-07	4.898636985433355e-06	6
ACAP1	5.7447815	3.6709704	3.9255149597591634e-07	5.818192543759704e-06	6
TSC22D3	5.690195	1.883439	4.247845832041231e-07	6.270994588578122e-06	6
GPSM3	5.644728	2.884999	5.50463919157046e-07	7.91389211849399e-06	6
HLA-DPA1	5.628953	2.1851466	4.86768859764975e-07	7.1047494888498805e-06	6
HERPUD1	5.611796	1.9997882	5.913684406456417e-07	8.433286083203856e-06	6
PTPN7	5.5784163	3.7444305	7.286606685505959e-07	1.0235031426254215e-05	6
PSME1	5.561006	1.1345735	5.713463919676749e-07	8.185701076273977e-06	6
EMP3	5.4881234	1.8443773	8.449950724370849e-07	1.1769925134805757e-05	6
CD27	5.475201	3.8155274	1.0658923942106554e-06	1.4610174415292026e-05	6
CD37	5.4666214	2.7018733	1.0352580328902736e-06	1.4219324193764403e-05	6
ISG15	5.445659	1.9029176	9.933368749927965e-07	1.3671527338585717e-05	6
JCHAIN	5.425015	5.914025	1.3324774603705125e-06	1.795605725122031e-05	6
TENT5C	5.3306074	4.3135133	1.8485806040251515e-06	2.422001642172172e-05	6
CD7	5.318108	3.6744285	1.8781697482816266e-06	2.4569302467673183e-05	6
GYPC	5.307474	2.3665137	1.8525310426352747e-06	2.426229742328378e-05	6
SLA	5.2798824	3.673497	2.1897643380809626e-06	2.8281434602839264e-05	6
STK17A	5.279139	2.643811	2.126856109946521e-06	2.753256687908771e-05	6
STK4	5.2293777	2.4182725	2.5326292420753725e-06	3.229920814009508e-05	6
SP100	5.191782	2.0381842	2.823638531465504e-06	3.5630505396036927e-05	6
MX1	5.178824	2.135488	2.8974887370148293e-06	3.641239030656215e-05	6
WIPF1	5.1786065	2.402458	2.957355242313495e-06	3.705366162959916e-05	6
GZMB	5.174329	5.609875	3.2867129329085522e-06	4.0844623372614206e-05	6
IGHG3	5.1707287	5.6586213	3.34614348956356e-06	4.155238755403605e-05	6
PSMB8	5.1494393	1.726087	3.1962577982619854e-06	3.985341368457444e-05	6
STK17B	5.124384	2.6001372	3.690432823652639e-06	4.5390835107492914e-05	6
CD79B	5.0960417	6.081812	4.3670291879347804e-06	5.285980728708787e-05	6
FNBP1	5.0772157	2.2273707	4.334803861231298e-06	5.256459013360773e-05	6
BTG1	5.03735	1.4424992	4.634592172834255e-06	5.591685470109127e-05	6
ARHGDIB	5.0288124	1.5904913	4.748349130167705e-06	5.716596488691852e-05	6
ETS1	5.022187	2.8281567	5.416747334689291e-06	6.449525110146023e-05	6
COTL1	5.012596	2.0602539	5.280711789165718e-06	6.307704918817927e-05	6
ITM2C	4.9908113	3.4266121	6.213759279529691e-06	7.28471513438327e-05	6
PRDM1	4.9885244	3.049906	6.165790849618885e-06	7.236066860989048e-05	6
SPCS3	4.9627576	1.8979126	6.512593609576778e-06	7.621734203029125e-05	6
CD3E	4.9459915	2.8480206	6.880810132085228e-06	8.01908452537424e-05	6
IFI35	4.9417667	2.1240678	6.905199504743522e-06	8.041920020437585e-05	6
HLA-DRB1	4.9414773	1.9414356	6.4621880882413025e-06	7.565383967459041e-05	6
IL32	4.9380054	2.4169493	7.1740598768805824e-06	8.349241579821362e-05	6
TRBC1	4.93409	3.9829469	7.651555584740166e-06	8.86496807833402e-05	6
IL2RG	4.9168153	2.8007643	7.82217103125902e-06	9.043896537726947e-05	6
IFI44L	4.902247	2.5885265	8.25948122279406e-06	9.497129231873006e-05	6
FYB1	4.8771114	2.6029952	8.93821026678172e-06	0.00010207576117062501	6
NKG7	4.8716354	4.0854106	9.520814524270487e-06	0.00010803032474917335	6
CELF2	4.871263	2.4085429	9.150839599336472e-06	0.00010414940990883766	6
PPP2R5C	4.826271	2.2104619	1.0822372911624671e-05	0.00012124021704368841	6
CFLAR	4.7866483	1.8427294	1.2000325953524326e-05	0.00013297090611402688	6
CD247	4.7523694	3.7605972	1.4459634179748993e-05	0.00015741336904347971	6
KIAA1551	4.7363834	3.2795913	1.5342897630374713e-05	0.00016573788387130379	6
CD69	4.7054663	3.347387	1.7000835900761274e-05	0.00018171607295966663	6
LSP1	4.6979375	2.1593077	1.6488749322419667e-05	0.00017674948578564334	6
TIGIT	4.6384125	3.942205	2.1588330907536396e-05	0.00022599694349865115	6
CCL5	4.634546	3.288519	2.1545661455488724e-05	0.00022562067776414214	6
CD48	4.632067	3.0510895	2.1906884742265422e-05	0.0002291171877581305	6
JAK1	4.612382	1.5870744	2.213538032691642e-05	0.0002310746316666989	6
ALOX5AP	4.6046925	2.434607	2.3210050102677266e-05	0.0002408689017617259	6
IL2RB	4.59853	3.6649232	2.477071174654128e-05	0.0002556413669817665	6
LAT	4.5856247	2.926526	2.5458908459968285e-05	0.0002620755261098812	6
SAMSN1	4.580928	3.0220256	2.6128600470725685e-05	0.0002684985871288634	6
FKBP11	4.5679364	2.624741	2.737633608233707e-05	0.000279862751763995	6
TNFAIP3	4.56674	2.1732616	2.6464782143144118e-05	0.00027162033594345066	6
DOCK8	4.54452	2.9327712	2.959676466387606e-05	0.00030060733261240685	6
TNFRSF17	4.5231547	8.525538	3.2917108667488714e-05	0.00033085787887810576	6
KLRD1	4.52215	4.8610787	3.271266755684462e-05	0.0003290988549862404	6
CD53	4.52044	2.3032036	3.1058738589590536e-05	0.0003138719948880555	6
RHOH	4.5186553	2.5726395	3.213688306762263e-05	0.0003236946531444837	6
ITM2A	4.5038686	2.82885	3.388842183731383e-05	0.0003399077622145165	6
PTPN22	4.500089	4.7522364	3.535877271622844e-05	0.00035254714496879254	6
SAMD9L	4.4868135	2.7007315	3.586021821462029e-05	0.0003566985703252014	6
IKZF3	4.4785185	3.8468747	3.775081680836243e-05	0.00037340022016198296	6
LCK	4.47739	3.2152736	3.7451696667314296e-05	0.00037087905459651276	6
APOBEC3G	4.4766583	2.7570813	3.6971145055114264e-05	0.00036633653657122233	6
LPXN	4.435751	2.7120018	4.286508030937912e-05	0.00041904332808419845	6
CCND2	4.4346304	2.787532	4.319634676189022e-05	0.0004217900048735254	6
TBC1D10C	4.4213014	3.1304731	4.518938833765963e-05	0.00043933254325607	6
GZMA	4.4131603	4.0688386	4.725954258309748e-05	0.00045826317368594175	6
IGHG4	4.4100533	3.8244753	4.807457122317455e-05	0.0004656278352285584	6
FYN	4.4019747	3.1544757	4.872026725589846e-05	0.000471065576255431	6
ARPC2	4.3991838	1.1128297	4.527013838084975e-05	0.00043973521906518436	6
IGLC3	4.3731313	4.5042973	5.474307074367489e-05	0.0005232651284735251	6
LIMD2	4.3645654	2.085456	5.3111687594009684e-05	0.0005085409973139248	6
CDC42SE2	4.3435235	2.1068466	5.81149160402212e-05	0.0005524121255534364	6
PAG1	4.311516	3.0302994	6.605681829061764e-05	0.000620098444524379	6
ZNF292	4.302335	1.9742556	6.71503017499807e-05	0.0006296584486989383	6
MEF2C	4.287333	2.711769	7.11943121623804e-05	0.0006636821634903838	6
SEL1L3	4.286203	3.8131332	7.285767352444304e-05	0.0006780574993571986	6
IGHM	4.258649	4.753584	8.060223469882662e-05	0.0007418988896908187	6
PSME2	4.255905	1.1442391	7.3477559285719e-05	0.0006826899767319394	6
IFNG	4.229909	4.7354584	8.844399434622627e-05	0.0008072478825715787	6
RUNX3	4.2174406	2.8112664	9.080073966492891e-05	0.000826471535712722	6
LAPTM5	4.2128744	1.5899632	8.274707761930288e-05	0.0007601806985562963	6
XAF1	4.202317	2.2791612	9.407112160332878e-05	0.0008529979696397001	6
SYTL3	4.2016172	4.013571	9.693774807164324e-05	0.0008770240754528787	6
FCRL5	4.191857	8.414236	0.00010118997747637883	0.0009108999019149819	6
ANKRD44	4.190629	2.784404	9.904262056413413e-05	0.0008939689279713731	6
IRF7	4.178516	2.0686111	0.0001021491848760267	0.0009185484745112096	6
ELF1	4.170956	1.8502554	0.000103966985405821	0.0009336430140553259	6
HLA-DPB1	4.170803	1.8166413	9.935849033165553e-05	0.0008960965647254795	6
TRAF3IP3	4.1433916	2.8439705	0.00011578634361418582	0.0010276765681829603	6
S100A4	4.1311936	1.4998512	0.00011193887395319222	0.0009966927983180304	6
CCDC69	4.112574	3.3411188	0.00012904927166351688	0.0011336934575343163	6
IGHGP	4.0913544	6.48921	0.00014117184584415085	0.001230932191845359	6
SEC11C	4.090124	1.6431427	0.00013599896115261103	0.0011879013427134703	6
DERL3	4.0835156	4.721301	0.00014444211602853037	0.0012551121797183774	6
BIRC3	4.07791	2.0383153	0.00014118231841713414	0.001230932191845359	6
CCL4	4.0668564	3.0445297	0.0001495556542172294	0.0012965226668648466	6
LDHB	4.0462294	1.1164534	0.0001475863348694273	0.00128077445222651	6
IGLC2	4.0371714	3.802282	0.00016803273971890986	0.0014429047933722365	6
SLAMF7	3.9860818	4.0992146	0.0001972529218656533	0.0016745280314593462	6
LBH	3.982426	2.2964094	0.0001951737320460997	0.001657716421007402	6
HLA-DRA	3.9745202	1.6692761	0.00018991396004450336	0.0016154968637719217	6
ANKRD12	3.9564679	1.4224167	0.0002087740720742904	0.0017611899274254965	6
ST6GAL1	3.9492948	2.8837156	0.00022135204452622406	0.0018533122629690666	6
MYO1G	3.9440591	3.3127017	0.00022578437203096515	0.0018833707093485704	6
POU2AF1	3.9295647	6.352145	0.00023962375945975	0.001985479376491965	6
EPSTI1	3.9289806	2.2854593	0.00023258636002432956	0.0019343364992749907	6
CST7	3.9281483	3.0036428	0.00023536794105756109	0.0019535946822597516	6
EMB	3.9267938	2.620569	0.00023702823577629857	0.0019664021904953824	6
TNFAIP8	3.9138978	2.0094032	0.00024305015746933689	0.0020098977642206677	6
TGFB1	3.9065394	2.0547776	0.00024905856796324786	0.0020560357932698243	6
GPR171	3.8546364	5.775042	0.00030508952836723704	0.002478325955670985	6
SSR4	3.8475769	1.1874382	0.0003012191268835027	0.002451040935176993	6
CLEC2D	3.829482	2.524866	0.00032389802497131287	0.00261401916640106	6
TRIM22	3.8226924	2.084578	0.0003281712338092234	0.002645323564814987	6
TMEM243	3.8033557	2.010545	0.0003493400774847844	0.0027944706746761633	6
TAGAP	3.7657182	2.847813	0.00039850323927106116	0.003144247741329255	6
VIM	3.7555652	1.0153695	0.00035724433172871454	0.0028536156538492056	6
RASGRP1	3.7526379	2.8843393	0.0004174823029348396	0.0032739709896510297	6
GNLY	3.7514923	4.9588	0.0004231984867618835	0.003311056786676075	6
SAMD9	3.7508883	2.4945247	0.00041737017089917217	0.003273953304427334	6
MEI1	3.7496328	4.8654857	0.0004252990446729251	0.003325164395658411	6
MBNL1	3.7436926	1.5513166	0.0004185533472989809	0.003281603043888527	6
ZBP1	3.7435188	4.19623	0.00043247324240602993	0.0033741765581625145	6
DOCK2	3.742405	3.0616355	0.00043073641459549837	0.003362189919001073	6
AKAP13	3.7408576	1.4552349	0.0004216809487511515	0.0033014940947858015	6
SMAP2	3.728947	2.1306796	0.00044519337420523963	0.0034653587756365615	6
SELPLG	3.725709	2.7527559	0.00045243277460068417	0.003515183621237329	6
ZC3HAV1	3.7249167	1.8064967	0.0004489552657735764	0.003491389142239418	6
RAB27A	3.7146752	2.2436469	0.0004668461270144326	0.0036171138706840114	6
SMCHD1	3.709262	1.8095669	0.0004711209450881213	0.0036441254195523905	6
AC243960.1	3.7064414	7.5573006	0.0004894259783268305	0.003774901409975119	6
FAM118A	3.705599	2.5132964	0.0004841522272250704	0.0037365278079512397	6
CTLA4	3.7009277	4.088658	0.0004948928444405811	0.003809777575253966	6
DUSP2	3.6957128	2.2501159	0.0004943957892351497	0.00380769900499108	6
KLF13	3.695301	2.4014215	0.000497417457210261	0.003825700282570365	6
UBE2J1	3.6467528	1.7729357	0.0005760574632104259	0.004362506970770128	6
ZNF331	3.637277	2.2531898	0.0005974763751773725	0.004508426344167435	6
PPP1R12A	3.635739	1.5183748	0.0005903629780712655	0.004458762586689555	6
SPN	3.6356893	3.5777333	0.0006063911318726194	0.004569527062264553	6
ICOS	3.6314533	3.9182086	0.0006140296910737313	0.004619822760947515	6
ABHD17A	3.6307564	1.7898202	0.0006056824303490164	0.004566238344872187	6
PIM2	3.6015582	2.709251	0.0006689889079099247	0.00498967243945003	6
EVI2B	3.6000102	2.5903184	0.000671280774835162	0.005005653283402882	6
PTTG1	3.589766	1.7458984	0.0006816487358721037	0.005078449633470952	6
SP110	3.586989	1.9010706	0.0006947945745751178	0.005160342078348987	6
CD96	3.5780702	2.8116794	0.0007182330573152553	0.005303887048747464	6
TAP1	3.5765429	1.607399	0.0007107357391195188	0.0052601031389690606	6
CLEC2B	3.5750856	1.9880135	0.0007210275127719736	0.005321008538148464	6
TRIM38	3.569466	2.0611165	0.0007362347673373733	0.005417738115678551	6
PCED1B	3.5681233	2.8793795	0.0007429601767420379	0.0054588449700119805	6
TXNIP	3.5467227	1.3998892	0.000776955640267972	0.005682483456220682	6
SYNRG	3.5394452	1.8750126	0.0008034211074126818	0.005855616550136628	6
NR3C1	3.534609	1.7147449	0.0008125933318882348	0.005914755413381789	6
MSN	3.5332305	1.2747903	0.0008027275951056663	0.00585310571031286	6
UCP2	3.528888	1.3239695	0.0008142748649135629	0.0059244236971943195	6
LPIN1	3.516899	1.9163816	0.0008609037788523694	0.006233932134388455	6
CD8A	3.5072565	3.25905	0.0008965460559170994	0.006462723245543828	6
CTSW	3.4954302	3.7248025	0.0009351772010422412	0.006700871288219997	6
RGS2	3.4839969	1.975309	0.0009505134573483798	0.006802042217393217	6
TERF2IP	3.4831903	1.2960932	0.0009443617797895461	0.006762348090504092	6
CTSC	3.4586236	1.55962	0.0010207203714170253	0.007247244279783752	6
MYCBP2	3.4474664	1.3828528	0.0010523691402356977	0.007453022240845763	6
IPCEF1	3.4220347	4.2332234	0.001173847940165243	0.008199090745748108	6
ANKRD28	3.4197946	1.7267076	0.0011572287053745838	0.008101567106443105	6
PHF19	3.4194028	2.3719497	0.0011697637995001476	0.008173968249798845	6
PTPN6	3.4164767	2.2167354	0.0011815866708852786	0.008239140252380182	6
DOK2	3.4140463	2.2558062	0.0011850739319887694	0.008258583991862729	6
ARHGAP9	3.4093068	2.9226427	0.0012129565810481367	0.008426631459183006	6
ARHGAP30	3.3965054	2.107603	0.0012492055036205348	0.00864800862681865	6
ACTR2	3.39283	1.1723183	0.0012472429929848402	0.00863620504287872	6
TNFRSF9	3.3918123	4.349287	0.0012872422761763152	0.008892974909419111	6
RIPOR2	3.386241	3.044532	0.0012995470284182988	0.008966901230236198	6
PRDM2	3.3862147	1.9003212	0.0012915840914343264	0.008917460273939633	6
SP140	3.3807442	3.0061502	0.0013206435210123331	0.00909562717418371	6
GBP5	3.3802862	2.3903744	0.0013132974020383143	0.009052467768550575	6
ICAM3	3.376586	1.8553971	0.0013234479523292675	0.009111200281009023	6
IGLV3-1	3.3762586	6.611891	0.00135361305777451	0.009305500219474246	6
CNTRL	3.3692548	2.4168327	0.0013631436113138785	0.009363342180438008	6
AKNA	3.3676789	2.5232556	0.0013713548956058406	0.00941010936037551	6
PYHIN1	3.3624656	3.9598753	0.0014043486682826394	0.009605069062575041	6
SF3B1	3.3524048	1.0576321	0.0013975146660935415	0.009564178619759943	6
CSK	3.3516152	2.02813	0.0014347037966546492	0.009788730684213504	6
PARP14	3.345424	1.5519605	0.0014468651566821302	0.009863679719568157	6
RASAL3	3.3141909	2.8689399	0.0016124548873481183	0.010825330139420183	6
SMC3	3.313739	1.3532847	0.001587140788850611	0.010700359637957457	6
MAT2B	3.3102028	1.4976864	0.0016056492071989674	0.010790438801574948	6
BTN3A2	3.3060207	2.0922332	0.0016438560748511357	0.011022057388707257	6
TUBA4A	3.3003752	1.6064427	0.0016586598139923241	0.011115506257965344	6
SERPINB9	3.2967587	2.2566726	0.0016902490920189424	0.011306869723854676	6
CXCL13	3.2873993	3.4303641	0.0017518774049503463	0.011658674610999915	6
STAT1	3.2831783	1.1154878	0.0017177115552924754	0.011467707658452413	6
SETX	3.2781982	1.8597552	0.001784326150470292	0.011853452844706687	6
SIRPG	3.2777534	3.6451018	0.0018040055659399156	0.011962860950413346	6
PRF1	3.27115	3.9182243	0.0018433740103795053	0.012185377942873271	6
STK10	3.271103	2.5670056	0.0018313980734443697	0.012120545142343645	6
CYTOR	3.2634811	1.2207311	0.0018336198366824127	0.012128069994510906	6
PARVG	3.2621922	2.4748843	0.0018768530537154875	0.01238228329556868	6
EVL	3.2609203	1.1726737	0.0018423099497932418	0.012180744732114158	6
LAX1	3.25512	4.2861133	0.0019334357317757516	0.012709624872487538	6
OAS1	3.2507513	1.8061036	0.001923917262296499	0.012655443987975459	6
CLECL1	3.2456973	4.0148726	0.0019883316613383216	0.013015345872940799	6
LAG3	3.2453828	2.671648	0.0019677690877487847	0.012903410160739391	6
GPR174	3.2410736	6.328335	0.00202271436998405	0.01320690338400526	6
GIMAP4	3.2371516	2.085165	0.0020141275289930196	0.013161085417875487	6
GNG2	3.2359993	2.6238117	0.0020293404370231253	0.013239563881782154	6
IL16	3.2320607	2.725245	0.0020544105724460745	0.013374205733447032	6
JAK3	3.2154295	3.1732602	0.0021640248684719017	0.013998757591787087	6
RFC1	3.198463	1.3308096	0.0022333794905375205	0.014411270006179103	6
REL	3.1851537	1.3822693	0.002337811459863479	0.015005471050067422	6
UBE2S	3.1758156	1.3621858	0.002394902769038902	0.015300463576444535	6
YPEL5	3.1731493	1.3146106	0.0024161197555846894	0.015418392831443316	6
DOCK10	3.171963	2.3394625	0.0024437040071139007	0.015579600095534564	6
TMPO	3.1585283	1.7936453	0.0025394098880723503	0.016125397019279574	6
MDFIC	3.1546178	2.6548111	0.0025830357516550433	0.016344885370790607	6
DDX24	3.1500328	1.0032591	0.00256053540714459	0.016238025730957967	6
IRF4	3.1496477	5.8207936	0.002640768579855763	0.016643453697515114	6
RNF19A	3.142802	1.3647515	0.0026413375877842923	0.016643453697515114	6
AC016831.5	3.1342716	2.117605	0.0027288059684472997	0.017123831803122706	6
NCF1	3.1250386	1.8475857	0.0027680732643120495	0.017334567841353708	6
WAS	3.1249385	2.4070923	0.002798779659991667	0.01750398444448639	6
ZEB2	3.1221914	1.7349743	0.002801218723161008	0.017515972631160212	6
SELL	3.1202931	3.0495195	0.002856314020526816	0.017823930895346965	6
ZFP36L2	3.1158175	1.0023121	0.0028094060362845587	0.017554077470756407	6
ACTR3	3.1050107	1.0724076	0.0029294565029770103	0.018229480624555084	6
RCSD1	3.0987687	2.0582588	0.003009719222905659	0.018694257862125686	6
RAB8B	3.093999	2.1091065	0.0030646096384886446	0.01898624478385349	6
CXCR3	3.0865195	2.658365	0.0031234611938916975	0.019298443463592874	6
DENND6B	3.0850937	2.7656503	0.003151829637198045	0.019450300069223797	6
NCKAP1L	3.0738878	2.2805407	0.0032437849086920816	0.019923052485339886	6
CYFIP2	3.0546265	2.4990604	0.003441395470049563	0.020979252173924462	6
LEPROTL1	3.048791	1.2324035	0.0034509654670325106	0.0210223088866214	6
GLIPR1	3.0436006	1.4104784	0.003482240923641054	0.021185895668391908	6
OAS2	3.0400443	1.898131	0.0035628575577178463	0.021641036824232938	6
IL7R	3.0367246	2.614614	0.0036209297318575513	0.021954013762876742	6
NIN	3.0349405	2.055157	0.0036301446286844323	0.02199795501187074	6
SPAG4	3.034363	3.1314025	0.0036553925361048046	0.02212297384581221	6
FUT8	3.0338433	1.8032663	0.0036281590823247067	0.02198989587644615	6
PLAC8	3.0309649	3.744589	0.0036983232789265116	0.022330416039329275	6
ITGA4	3.0283754	2.4777257	0.003697193114625205	0.022330416039329275	6
PPM1K	3.023671	1.7679946	0.0037281220424120764	0.022481294450457927	6
IGFLR1	3.0205624	2.9507291	0.0037980945244402266	0.022862865837087156	6
CD84	3.013281	2.4400911	0.0038683549546860937	0.023231601349172116	6
FAM30A	3.012824	7.7454205	0.003906862105715177	0.023429297673483413	6
GRAMD1B	3.01204	5.05549	0.00391188411569456	0.023449089038582737	6
GNG7	3.0114822	2.578686	0.003891754341596512	0.02335540031695985	6
FCHSD2	3.0013287	2.6644478	0.004008228190856599	0.02393022103053065	6
HLA-DQB1	3.0000105	1.3821006	0.003934545109654209	0.023570026348082123	6
ODC1	2.998804	1.4901584	0.003984641126997045	0.02381483393453455	6
TRAT1	2.9955077	3.6297283	0.004084487376315142	0.024323776369065558	6
S1PR4	2.9841099	3.2604454	0.004211429217025774	0.02494358950525543	6
NLRC5	2.980847	2.441302	0.004237822990890075	0.02508662565080198	6
HLA-DRB5	2.9766555	1.3409244	0.004182763214120236	0.024813240354582038	6
CD8B	2.970491	2.9866295	0.004365357035179332	0.025732590565369064	6
BIN2	2.94435	2.4804134	0.0046919662489988655	0.027479175826378724	6
BLNK	2.9355693	2.1269617	0.004803240932747538	0.028018348543527857	6
PLEK	2.932447	2.138217	0.004837633614418219	0.028174868737836683	6
GIMAP7	2.932422	2.4897454	0.00485549395305869	0.02825435854953878	6
ROCK1	2.9311516	1.26433	0.004824563809705235	0.028118278842975374	6
ARID5B	2.9293106	1.2101381	0.004831358710947965	0.02814809840609791	6
CD28	2.9242256	3.7330642	0.004990289696600926	0.028913336796284623	6
BIN1	2.9233632	2.190916	0.004970529164664049	0.0288187586364731	6
RBM33	2.9207368	1.7274966	0.004986091006073849	0.028894001111735138	6
PSTPIP1	2.9199867	2.5565577	0.0050214957153903485	0.029059004104538936	6
PHYKPL	2.9179614	1.7348508	0.005038253549611776	0.029140897104247037	6
DEF6	2.9178987	2.247861	0.0050499696145374215	0.029178472151800115	6
CREM	2.9171133	1.5418289	0.0050431335462568306	0.02915404037831788	6
IFNG-AS1	2.9170053	4.3321567	0.005090398759967668	0.029371592088091442	6
PECAM1	2.9153428	1.7718045	0.0050418326117932285	0.029151544153104066	6
GCC2	2.913993	1.2960888	0.0050653727228305466	0.029247317351774722	6
RASSF5	2.9098713	2.1770992	0.005145397467526158	0.02966341981063851	6
SPEN	2.908264	1.7705283	0.005175312401897634	0.029800026312798034	6
RNASEH2B	2.9053688	1.3053931	0.005164481322713712	0.029742765804454088	6
SKAP1	2.897972	2.128373	0.0053263378801022805	0.030533361619639477	6
BCL11B	2.8964782	2.740777	0.005376461473676407	0.03078939183989715	6
RSAD2	2.894942	2.3323565	0.005378234582426148	0.03079401948261445	6
GZMH	2.8926792	3.2315078	0.0054295946175354996	0.03102982332028594	6
POU2F2	2.8905733	2.1219976	0.0054146493383625495	0.030949685320044017	6
TOR3A	2.8902905	1.4381856	0.005409048621876063	0.030922941848703773	6
ARPC5L	2.8895538	1.0126585	0.005405413228857188	0.030912696523290525	6
MIR155HG	2.8789136	2.6449957	0.005623292345825568	0.03199145912753935	6
SH3KBP1	2.8786638	1.3751202	0.005576705720275544	0.0317623172972936	6
ITK	2.8744965	3.2705302	0.005712395723440117	0.03240308894975562	6
ZNF683	2.8736372	3.9781966	0.00573627922500665	0.03251107493848396	6
CYTH4	2.8710084	2.1991398	0.00572974681311419	0.03249052203865816	6
XCL2	2.8706403	5.1386914	0.005797416270594296	0.032791085856998865	6
LRMP	2.8678389	3.8709166	0.005834140113446828	0.032974628228073226	6
OGA	2.8644567	1.0833241	0.005787655940501346	0.03275244945172189	6
TLN1	2.8556569	1.2427232	0.0059554178798542304	0.03355680202135796	6
BCL2L11	2.85304	2.120241	0.006044143743339333	0.03394618641918027	6
PSMB8-AS1	2.8454738	2.0112333	0.006149051035587215	0.034437355282122356	6
MRPS31	2.8379478	1.5753831	0.006253025210181091	0.034961279975776624	6
MANF	2.8364556	1.0755553	0.00625793008480974	0.034971215090737	6
ABI3	2.8344524	2.4202273	0.006353506607219979	0.03544037337647851	6
HLA-DMA	2.8330574	1.1942446	0.00626893579459784	0.03500938652790645	6
IGHA1	2.8324292	2.450291	0.006414767547862761	0.03574048477124001	6
AL136987.1	2.8296485	3.7793484	0.006472837462233459	0.03603409814452655	6
PRKCB	2.8286352	2.802395	0.006474805868490252	0.036039074615836636	6
LY9	2.826821	3.9092686	0.006522990809269987	0.03627115960439732	6
NKTR	2.821506	1.0905052	0.006522902578112782	0.03627115960439732	6
SOCS1	2.8204782	1.9232234	0.006596002402472088	0.036628562347900046	6
VOPP1	2.8165975	1.1637098	0.006591584477431981	0.03661009023969963	6
SEMA4D	2.8072891	2.2422771	0.00685321806734753	0.03788755351852703	6
JAML	2.804468	2.7534585	0.006901877513030829	0.03811886607353319	6
PDK1	2.802649	2.0508974	0.0069237455129656	0.038220761726527185	6
CEMIP2	2.801945	2.263178	0.006956709464347825	0.03834593133010524	6
TOPBP1	2.8018956	1.9964279	0.00694498348383054	0.03830017938690564	6
ADAM19	2.7902493	3.5631137	0.0072016209823661855	0.0395723409845256	6
NABP1	2.7897391	1.6525162	0.007140277645406735	0.039267429497390934	6
CPNE5	2.7862322	3.851029	0.0072836885057785215	0.039983640259754705	6
RGL4	2.7858725	3.693865	0.007284816362880087	0.039983640259754705	6
TXNDC15	2.7838652	1.3862855	0.007232074302393248	0.039720157880558694	6
NFATC2IP	2.7774143	1.3004924	0.007378679766433096	0.040445873189399	6
PSIP1	2.7690196	1.1085068	0.007490469169735308	0.040958237108264094	6
DCPS	2.764775	1.5773023	0.007645560609734657	0.04171787024745569	6
CARD16	2.7646592	1.7160466	0.007648824883841518	0.04172889320574631	6
PNOC	2.7592754	8.551241	0.007851879688809146	0.04269085696909508	6
CYBC1	2.7419305	1.1778649	0.008075692781034554	0.04375036821292822	6
ITGAL	2.7418087	2.8851895	0.008193621184207437	0.04427115170160296	6
ADGRE5	2.7396379	1.8066843	0.008185940207729106	0.04424893158862884	6
EIF2AK2	2.7385073	1.2669547	0.00819336871159723	0.04427115170160296	6
IGHG2	2.7333283	3.9542007	0.00840842073811478	0.045312795626141995	6
CASP10	2.7241585	3.5051966	0.008592511315203704	0.04614914684119254	6
SIT1	2.7228472	2.4017634	0.008573699631747655	0.046070243407313055	6
KLRB1	2.721052	3.5627782	0.008671224188492192	0.04651231896789007	6
SEC14L1	2.7180312	1.3253837	0.00863387502735084	0.046349040059598993	6
SKAP2	2.717328	1.5054215	0.008680101937878198	0.0465376117484611	6
CCR7	2.7156749	2.718863	0.008749462875712086	0.04685705481626362	6
KLRC2	2.7134218	6.807179	0.008871649054313488	0.04736017522373527	6
ANP32E	2.7111988	1.3258153	0.00881186715519169	0.0471160268216618	6
TNFRSF18	2.7095153	2.386501	0.00890878556380332	0.047513050818178915	6
IFI27L2	2.7079785	1.1388534	0.008843099767161071	0.047245366245675297	6
MYSM1	2.7071548	1.9085959	0.008953836238192207	0.047697469221493274	6
APBB1IP	2.7070234	1.7348973	0.008911256708254536	0.04751867428482756	6
RHOF	2.7060828	2.1990225	0.008987607379150813	0.04784973636572975	6
UBE2L6	2.7051637	1.0127374	0.008902967487654843	0.047495001346293815	6
HMGB2	2.7028894	1.23955	0.009005078165202903	0.04793514152342018	6
CDKN2D	2.6995656	1.7633587	0.009116526224179886	0.048397816727638106	6
ENTPD1	2.6980627	2.222886	0.009172306227920523	0.048670831069558974	6
TXNDC5	2.6906462	4.1789703	0.009411710861047282	0.049747241343047345	6
DDHD1	2.688098	1.6725539	0.009378499161310613	0.049606050657603803	6
RPL19	25.445637	2.8352175	3.862499495706827e-26	1.5608686215120802e-23	12
MIEN1	21.004967	4.020137	2.1175825149369463e-22	5.2224878774632434e-20	12
ERBB2	19.714584	5.243589	1.2930701131787017e-20	2.5363078752120953e-18	12
TMSB10	11.665363	1.1048197	6.511270634479142e-16	6.499837153305503e-14	12
CDK12	10.078676	3.7718875	9.697367190074414e-12	4.891118690560691e-10	12
KRT18	9.572622	2.025448	4.636119721630269e-12	2.444969993446554e-10	12
GNAS	9.232569	1.6040815	2.385605372331916e-11	1.1301636976466779e-09	12
CD24	8.960115	1.9474046	2.6757849031339097e-11	1.2534706904471294e-09	12
MT-ATP6	8.877486	2.0466144	5.706218778434915e-11	2.5417301998338047e-09	12
GRB7	8.208885	4.3460264	1.6026662359829818e-09	5.65842402327423e-08	12
TFAP2B	8.106512	3.973501	1.998428827409682e-09	6.903120628233588e-08	12
KRT8	7.881787	1.7995529	1.2221253654430095e-09	4.365421393218742e-08	12
RPL23	7.8315377	2.297062	3.5578350638121865e-09	1.180349613010134e-07	12
ATP5ME	7.6377964	1.2499266	2.416655669871425e-09	8.22079592526952e-08	12
PSMD3	7.48912	3.2035906	1.1278274897000448e-08	3.429597627563844e-07	12
MED1	7.484731	3.6363637	1.1737706069285822e-08	3.5564083041546137e-07	12
MT-ND3	7.45793	2.3414369	7.118270656370529e-09	2.2460387214047404e-07	12
SPDEF	7.1130915	2.45536	2.7497806985866855e-08	7.889683012086913e-07	12
CHMP2A	6.930625	2.0995	4.881420990042403e-08	1.3387386870565185e-06	12
LRRC26	6.876042	3.3244846	6.637950116151415e-08	1.7811478787666769e-06	12
JUND	6.657184	2.2776744	1.0861340874787151e-07	2.7745638559119254e-06	12
FBXL20	6.6339164	3.7116063	1.4032434269216396e-07	3.5441406462634572e-06	12
MT-CO2	6.439004	1.4472003	9.284315646346484e-08	2.4121241757870443e-06	12
STARD3	6.433629	3.227205	2.456519608760234e-07	5.831148209301274e-06	12
MSL1	6.432528	3.3502634	2.5235626228276846e-07	5.969168824560181e-06	12
MT-ND1	6.410885	1.1397613	8.808838409139523e-08	2.2992782029645813e-06	12
CRIP2	6.21648	1.779295	3.389872909643463e-07	7.846772067795125e-06	12
VMP1	6.1812816	1.5467064	3.729932214160726e-07	8.510588870419381e-06	12
METRN	6.180736	2.6628199	4.741917578207845e-07	1.0617400366533333e-05	12
AC010642.2	6.095948	2.9217267	6.651060364159554e-07	1.4413134908139279e-05	12
PBX1	5.9949546	1.7604965	7.040252758376327e-07	1.5175907311613136e-05	12
SPINT2	5.994877	1.159158	4.792325627304363e-07	1.0708820377442748e-05	12
MRPL41	5.9826007	1.5730015	7.500675323241314e-07	1.6064886752380953e-05	12
TTC3	5.8422546	1.7558167	1.2233706637470464e-06	2.502016794679249e-05	12
RNF43	5.8285275	4.4986806	1.5603970989324069e-06	3.117169690011427e-05	12
HSPE1	5.8079686	1.3834916	1.2741882913334188e-06	2.5964489355780196e-05	12
KRT19	5.8050313	1.4470812	7.757509738220235e-07	1.657290663246146e-05	12
MT-CYB	5.762387	1.2843671	1.0076738771972123e-06	2.10058356215486e-05	12
GSTM3	5.724875	2.142283	1.7673674423254437e-06	3.4952400579621286e-05	12
ANKRD30A	5.6953044	2.4207969	1.9841048154558807e-06	3.8758800008855966e-05	12
KRT7	5.5383134	1.7572688	2.7599344052655273e-06	5.229997733729438e-05	12
NDUFC2	5.5286093	1.256778	2.666332120872976e-06	5.0640682710192805e-05	12
PPP1R1B	5.4951706	4.2615266	4.1903995510343255e-06	7.544293684446716e-05	12
ATP5PF	5.48824	1.3221173	3.4299326972310696e-06	6.286418925244678e-05	12
AC093001.1	5.4372563	3.8463814	4.837046490534934e-06	8.575019891069356e-05	12
CSNK1A1	5.435041	1.3943634	4.035798803307883e-06	7.29728990090295e-05	12
UQCR10	5.4162555	1.4561275	4.533666814440744e-06	8.097109617846486e-05	12
CLU	5.3645782	2.364782	5.565841732955272e-06	9.713001954477251e-05	12
ENAH	5.3498125	1.927036	5.6683500841127354e-06	9.861106336681808e-05	12
RPS11	5.3421664	1.0277185	5.438884302959139e-06	9.536101328047699e-05	12
UQCC2	5.3322816	1.599366	5.666363803222902e-06	9.861106336681808e-05	12
ORMDL3	5.3211956	3.4569266	6.923825125777256e-06	0.00011848572374678314	12
CAMK2N1	5.2909226	2.5502658	7.119375301954359e-06	0.00012152212061213799	12
TFF3	5.2819424	2.9544976	7.146719468805195e-06	0.00012192681470152342	12
AR	5.232784	2.7860098	8.752161542980463e-06	0.00014589699820044628	12
NFIA	5.208622	1.9285856	8.581890293968352e-06	0.00014356368197007105	12
MAL2	5.1872015	1.6193924	8.644302948070898e-06	0.00014446365978138814	12
CISD3	5.161846	2.0914226	1.0291310053792177e-05	0.00016903852486494994	12
UBE2K	5.150953	1.6277134	9.813863055768619e-06	0.00016207128545225763	12
PGAP3	5.1091943	3.5457218	1.2945202676669697e-05	0.0002066611342114128	12
IFT20	5.096325	2.0514834	1.2541498516718642e-05	0.00020136639624186692	12
ST8SIA6-AS1	5.041469	4.586333	1.60734549667169e-05	0.0002506367982513489	12
CREB3L4	4.9425335	2.2625003	2.0216075748815787e-05	0.00030521449832009666	12
NUFIP2	4.9273505	2.0320122	2.0665361155638462e-05	0.00031096315770357544	12
SLC38A1	4.9192214	1.6919949	2.013223574720929e-05	0.0003045806581854519	12
ZNF652	4.9052305	2.296212	2.264939677593588e-05	0.00033688843337546136	12
PDCD6	4.8847337	1.412934	2.247683391767764e-05	0.00033476708989024236	12
ALCAM	4.849638	2.4952729	2.711745081973949e-05	0.00039631652198034086	12
MT-CO3	4.810115	1.3116736	2.3033023157976094e-05	0.00034183656183260007	12
DSTN	4.754186	1.1319029	3.132342862021819e-05	0.00045090949328357863	12
CDH1	4.734286	2.1233373	3.740535042043785e-05	0.0005278135710777896	12
CLDN3	4.7104497	2.042861	3.965995346109337e-05	0.0005561181016047378	12
TBC1D9	4.693626	1.6558901	3.931545093865586e-05	0.0005524422035749712	12
KRT10	4.671248	1.1671511	3.8305441247678295e-05	0.0005389273510437826	12
KIAA1324	4.659948	2.3316164	4.735658059299258e-05	0.0006493814675672788	12
HINT1	4.6562696	1.1068755	4.435096873254227e-05	0.0006129278295254225	12
ADIRF	4.63747	1.5889616	4.4431207424676754e-05	0.0006137838254658497	12
RHOB	4.629843	1.4222758	4.620494819205861e-05	0.0006351476095532122	12
C3orf14	4.6264143	1.8464732	5.03073368940597e-05	0.0006832643365670285	12
TNFSF10	4.619901	2.1748672	5.274601575790293e-05	0.0007110748048777419	12
NDUFC1	4.6144805	1.0465299	4.525224527187255e-05	0.0006235848638717655	12
CANX	4.613353	1.2680202	4.966480235140045e-05	0.0006763325763980197	12
APOD	4.5625486	2.5240393	6.176758570669985e-05	0.0008198925689390878	12
TRIM28	4.553537	2.233791	6.505396802374008e-05	0.000859722277968584	12
TXNDC17	4.54415	1.4013479	6.317675426190294e-05	0.00083689238337223	12
FNBP1L	4.5076976	2.1621432	7.363371925935535e-05	0.0009628649425645373	12
EPN2	4.5070496	2.739735	7.528074868803463e-05	0.0009817230138978886	12
PSMB3	4.495018	1.3518862	7.175470766315554e-05	0.0009404941968463853	12
HSPD1	4.4938745	1.1930962	6.868869269141675e-05	0.0009037322381170542	12
SMIM14	4.4720936	1.5415964	7.787399590797838e-05	0.001012392130523063	12
TM9SF3	4.469634	1.661098	8.025370493922824e-05	0.0010409085527326584	12
MT-ND4L	4.4419637	1.4823381	8.538241962791197e-05	0.0011014660525922291	12
TPD52	4.420647	1.2893845	8.653923302760025e-05	0.0011146745065202534	12
MIPEP	4.408836	4.48696	0.00010327832175961317	0.0013086732867922878	12
GTF2H5	4.402854	1.4181719	9.464789689135955e-05	0.0012098266423906595	12
SLC12A2	4.3320456	2.5279171	0.00012531603832374293	0.001547009658232117	12
PRLR	4.313204	2.1199281	0.00013021924128839635	0.0015963755745811775	12
LASP1	4.299255	1.6346596	0.00012996650277011782	0.001595026150535134	12
C8orf59	4.2834816	1.295994	0.00013173850734621935	0.0016126428010582274	12
CETN2	4.2795424	1.4028573	0.0001349370754717408	0.001646988518339759	12
FOXO3	4.2788815	1.5825039	0.00013902085105702429	0.0016937516764633678	12
RPS5	4.266263	1.1205783	0.0001473160260681696	0.00178486799176089	12
MLLT6	4.2647986	2.2275505	0.00015065677867922414	0.001821621850641621	12
INSIG2	4.2489986	2.336313	0.00015748511412615572	0.0018973449040608438	12
GSE1	4.239191	2.138103	0.00016155195233092935	0.0019397283756801503	12
CPD	4.2358136	2.4290812	0.00016537308991285344	0.001981700181767423	12
SPINK8	4.233627	3.8865018	0.00017040215668852058	0.0020361449011363267	12
SLC38A2	4.219458	1.3475436	0.00016063138892124926	0.0019310886795009395	12
SOX11	4.209915	5.461596	0.0001842526111977306	0.0021837515308067426	12
CLDN4	4.1914325	1.3485775	0.00017102246783957245	0.002042829271298825	12
AC027644.3	4.086013	2.420134	0.000253900844679972	0.002895643737303958	12
HMGN1	4.0834527	1.0250965	0.00023990283587366326	0.00275379227174488	12
HSD17B4	4.0767236	2.4809856	0.0002627780337932924	0.002989768667388338	12
GSDMB	4.0743117	4.4157605	0.00027038104783723047	0.003052457329353264	12
DDR1	4.0671763	1.936847	0.0002653605210066394	0.003011159432664659	12
PNMT	4.0588818	4.506317	0.0002831005562260436	0.003177870065722131	12
SERHL2	4.051713	3.1713624	0.0002827770625477217	0.003175544118888832	12
SYNJ2BP	4.037159	1.9758333	0.0002856077255711567	0.003203869138254905	12
CYB5A	4.031375	1.0744404	0.00026676135314479543	0.0030217637777202244	12
MPC2	4.029265	1.4330914	0.00029182497625221784	0.0032605268249419183	12
ERP27	4.015274	3.731037	0.0003191042043320921	0.0035358685555013877	12
CXCL17	4.0142574	3.2365787	0.0003183206724461245	0.003528352172675301	12
EPCAM	4.00386	1.3435673	0.0003011058689008857	0.003357510621278127	12
HOPX	3.9987535	3.2163625	0.0003312467815860286	0.003661947363604807	12
ESRP1	3.9976532	1.9088705	0.0003221523504711705	0.0035649330211657967	12
GOLGB1	3.9753656	1.4163392	0.00033229464358617097	0.0036699027463035104	12
TP53TG1	3.9672825	1.854721	0.00035175963472871234	0.0038607231375771406	12
MRPS23	3.9375572	1.7556149	0.0003853370224580601	0.00417191383804577	12
LIMCH1	3.9174488	2.1547403	0.00041092065918943584	0.0044217805036486585	12
CRACR2B	3.8956032	1.8922443	0.00043320280074041965	0.004637913430200945	12
CWC25	3.8683512	2.0578892	0.0004727345490632997	0.005027263636693765	12
PIP	3.8656673	2.9470327	0.00047688391756256786	0.005058558975005088	12
G3BP2	3.8451438	1.5096747	0.0004882217005807236	0.005165755223715473	12
CXADR	3.8416543	1.8118544	0.0005001779742816461	0.005267337342348725	12
PKIA	3.8391674	4.385269	0.0005261775112849921	0.005492847776535923	12
GSTA4	3.833415	2.48241	0.0005258776407511401	0.00549142650947509	12
NDUFA5	3.8288977	1.350337	0.0005118139035056148	0.005367964395710389	12
MLPH	3.8257911	1.5604833	0.0005120646849033393	0.005368915785039983	12
MED24	3.8157144	2.6647065	0.0005515045470118017	0.0057304876119339656	12
MSMO1	3.815001	2.082183	0.0005503616201758975	0.005723931504595279	12
TMEM150C	3.80802	2.7404697	0.0005647653266580565	0.005851405703785468	12
XIST	3.7833939	1.1791142	0.0005773107856900197	0.005959858745099708	12
DBI	3.7669866	1.4715282	0.0006234238718271152	0.006398488398088515	12
THUMPD3-AS1	3.7654161	1.3730619	0.0006130715779206472	0.006309614542815719	12
TRIQK	3.7584527	2.3932714	0.0006481223099594526	0.0066316871257931665	12
PPP1R35	3.755353	1.6936778	0.0006409268618890239	0.0065620658957935745	12
ZKSCAN1	3.7532487	1.6513269	0.0006495689497193992	0.006639257499792464	12
UBE2M	3.7289972	2.060894	0.0006998149988950518	0.007082828870832509	12
DAAM1	3.7191603	1.5091381	0.0007012055168761451	0.007092621906375989	12
TMEM141	3.7069232	1.3709896	0.0007255605909273517	0.007297159754211186	12
CD9	3.7064152	1.1890955	0.0007159317579981678	0.0072068028496448215	12
PART1	3.6836777	2.9662228	0.0008074481897153764	0.008014980684002202	12
COMMD3	3.6833642	1.4556655	0.0007778420757022199	0.007748619263774327	12
CTNNA1	3.6590166	1.4032311	0.0008376726680372992	0.00827581118074788	12
ARID1B	3.6546457	1.3577318	0.000833928467250723	0.008243676604791188	12
MYO6	3.6523018	1.4265925	0.0008440874961021681	0.008326923149047889	12
AC008771.1	3.6463935	2.1161857	0.0008847378361975679	0.008664231171942373	12
ATOX1	3.6448917	1.1895379	0.000865080090740657	0.008501164517195407	12
AC244090.1	3.6437588	2.1911416	0.0008902759699813883	0.008710813059231102	12
CAPNS1	3.6408284	1.2443472	0.0008677718851254889	0.008522968315957254	12
HDLBP	3.6388059	1.2821937	0.0008741944277857943	0.008576003305751192	12
PLPP2	3.634258	1.4375542	0.0008930999507865571	0.008728282473581558	12
CFAP97	3.6247652	1.5578713	0.0009208493492982007	0.008960315643983448	12
RPA3	3.620619	1.362487	0.0009234646518448016	0.008977950112326518	12
USP22	3.619728	1.6951641	0.000941087637630263	0.009128114648281276	12
FOXA1	3.605142	1.4921039	0.0009641671159342325	0.00932232033310755	12
MAGED1	3.6010737	1.6145655	0.0009835251304140804	0.009483553222045677	12
MDK	3.5937467	1.4913131	0.0009974091148961853	0.00959289572503253	12
PRKDC	3.5924208	1.2422733	0.0009908947810957588	0.00954771670575491	12
STARD10	3.5875053	1.1758319	0.0009729163864417219	0.009398787015449826	12
COPZ1	3.5808978	1.1652174	0.00102240423070358	0.009803447770734355	12
SMAD5	3.5799057	1.745174	0.0010446638841933192	0.00998833276503082	12
ERGIC1	3.5730376	1.6935177	0.0010720568767696736	0.010215301052196483	12
HSBP1	3.5729964	1.0393403	0.0010476836826516724	0.010011498119606764	12
H2AFJ	3.5515141	1.1613611	0.0010928567271391585	0.010404628863177551	12
MGST1	3.5440917	1.40514	0.0011443861640210143	0.010836774795999109	12
DSP	3.5434163	1.2533914	0.0011383408140001711	0.010785618430050775	12
CLOCK	3.5241835	2.30753	0.0012440519504733625	0.011671817194636938	12
ATF3	3.5236547	1.7660002	0.0012299413312696211	0.011555591650452203	12
MAGED2	3.5090847	1.1557091	0.0012312145307786175	0.011564314359239878	12
LMO4	3.5021667	1.5724688	0.001301796499517222	0.012159163572906475	12
MCCC2	3.5021465	1.7574086	0.0013012048247442588	0.012157022570124566	12
WWC1	3.501181	2.7823775	0.001333508541512889	0.012424224997467724	12
ATXN7L3B	3.4898057	1.8404918	0.0013533412080161066	0.01258453492045141	12
MUC6	3.4775078	4.3177047	0.0014331171336026838	0.013234631546852319	12
ZNF704	3.4744513	2.5391886	0.0014298887633831003	0.01320845469915521	12
H1FX	3.4560347	1.3520882	0.00145443365290867	0.01340196680005761	12
ARHGEF38	3.4528577	3.835075	0.0015311188341788182	0.01397421954209299	12
PPP1CB	3.4439495	1.1120479	0.00149413523429632	0.013703798166128758	12
CRNDE	3.4430087	1.2369536	0.001505665646624961	0.013794463658412406	12
PPP1R14B	3.4363058	1.1538785	0.0015216400144946367	0.013918005924779006	12
MSRB2	3.426913	1.3449953	0.0015819565968498242	0.014379513879387521	12
HRASLS2	3.4193482	3.1059964	0.001668448161441972	0.015071753240755504	12
ZNF264	3.4189897	2.105942	0.0016460073535611932	0.014885072161174436	12
NDUFV3	3.4189143	1.3308235	0.0016200025452609713	0.014681573999080854	12
RARRES3	3.41851	1.6798501	0.0016381896603680553	0.01482636788947786	12
NDUFS6	3.4179847	1.0066062	0.0016159318478421677	0.014648640569857877	12
CPNE3	3.417974	1.3938023	0.001637247222247048	0.014821837808741764	12
ERGIC2	3.4144175	1.280296	0.001635015650816614	0.014805631734352067	12
TMEM135	3.4099402	2.9289625	0.0017101287760674946	0.01539024128738391	12
C4orf3	3.3847916	1.0220486	0.0017617106884383219	0.01581202520762905	12
VAV3	3.3787956	1.7485725	0.0018281677852279342	0.016334197038979793	12
COMMD7	3.3694181	1.3021051	0.001856863429299549	0.01655971225887243	12
IDH1	3.3577788	1.8459646	0.0019449278320989652	0.017267026049875962	12
APEX1	3.350251	1.0026579	0.0019296739158226803	0.017145216638571794	12
MAP3K1	3.346298	1.6870278	0.0019885865782644976	0.017598728871126523	12
DYNLL2	3.3422532	1.8913634	0.0020318307637119	0.017915256478880343	12
NDUFA8	3.3414998	1.1193767	0.00197411685911536	0.017495557885031803	12
IFNAR1	3.327342	1.4266174	0.002080884430311894	0.018304470148725736	12
GOSR1	3.3228579	1.5674901	0.0021248514216994432	0.01864721128603376	12
NR2F1	3.3199394	3.4500363	0.002186600583117096	0.01911409177960139	12
SLC25A29	3.3168778	2.0439065	0.0021728924154002485	0.019019046060788032	12
MUC1	3.3121347	1.7059971	0.0021936844564822886	0.019161033946581363	12
EPRS	3.3103678	1.6671003	0.002202519620097495	0.01922819119669185	12
VPS35	3.3099246	1.1723611	0.002159578504144542	0.01892226295912019	12
WSB1	3.309388	1.3459654	0.002199911162378313	0.019210419239086434	12
USP9X	3.3039787	1.4500089	0.0022116093373201686	0.019297499683417214	12
P4HA1	3.3024747	1.5874714	0.0022374780978277834	0.01947761559284757	12
SERINC2	3.301557	1.3028775	0.0022242919124065494	0.01938295012575424	12
CALML5	3.2923548	1.8230394	0.002291890274778194	0.019889338087020803	12
G3BP1	3.2761126	1.2392083	0.0023819942634373923	0.02053314561551107	12
GSR	3.275642	2.918829	0.002457223461299151	0.02105178342667556	12
COX14	3.2752101	1.1095886	0.0023918956833282744	0.020592036220357712	12
GUCY1A1	3.2729201	2.7332146	0.002475137588291752	0.021172810468985885	12
COIL	3.2707565	1.9303104	0.0024695590590057583	0.021130479693395956	12
APP	3.2704651	1.1763182	0.0024313949017073762	0.02087315495217996	12
CD46	3.270332	1.1744714	0.002404837996595932	0.0206724072683514	12
IQGAP2	3.2702646	2.3174353	0.0024837775639693473	0.0212304748402385	12
LIMA1	3.269292	1.4617451	0.002440330906188932	0.020933795121351146	12
PABPN1	3.2650764	1.2367985	0.0024666441312650622	0.02111212963323795	12
NME3	3.2626255	1.0926763	0.0024520707123724303	0.02101300556047105	12
DAD1	3.2564356	1.036077	0.002513803901659324	0.021454324851286354	12
SUPT4H1	3.2499468	1.2313097	0.002563913153840729	0.021782221654754786	12
ARFGEF3	3.2462099	1.663605	0.0026122738667171334	0.02213141645960075	12
FXR1	3.2299662	1.2275488	0.002688515819244949	0.022657163088767546	12
CAND1	3.227696	1.6912185	0.0027642949790861286	0.02319089992334363	12
HMGN3	3.2081995	1.028891	0.0028471790610194022	0.023796968075168644	12
NUDT4	3.1961997	1.7127595	0.0029967202156325344	0.024916458292645226	12
DHX15	3.191089	1.3773369	0.0030061600841248108	0.024988752263105398	12
TAF10	3.1767988	1.6040944	0.0031490982930695564	0.02599013431295423	12
CCDC186	3.176769	1.5639861	0.0031387855499587208	0.02591777600471823	12
TSC22D1	3.1765058	1.2615249	0.003120283153655797	0.025790393606892333	12
SCARB2	3.1755955	1.424378	0.0031483694074828563	0.02599013431295423	12
CMBL	3.164842	2.0215814	0.003271708731307695	0.026810745799362667	12
CNTNAP2	3.1640265	2.7999363	0.003291983863312845	0.02695055669010889	12
NAT14	3.154664	2.3022761	0.0033655190921475023	0.027453081639739862	12
TRIB1	3.151695	1.7783308	0.003387039705520253	0.027576855284561757	12
RBM12B	3.1472898	2.3789	0.0034397888200368423	0.027945972489300672	12
XBP1	3.1230197	1.0873336	0.0035355366304665545	0.028613875851356496	12
LINC01184	3.1108298	2.227248	0.0037834343767937564	0.03030813767185082	12
PCGF2	3.092125	1.6867425	0.003932574424423831	0.03134564609543719	12
TMC5	3.0880406	2.075786	0.004004272718295837	0.03181130062632892	12
CUL3	3.0677934	1.5186379	0.004164332415151289	0.03289587224130697	12
NUDT8	3.06505	2.4211445	0.004276630514752148	0.033666378079690834	12
SELENBP1	3.063692	1.8040062	0.0042659562728802666	0.03359578289473516	12
TMC4	3.0593708	1.7810339	0.004294694689116914	0.033774526276124366	12
TCAF1	3.055782	1.8094531	0.004348841674357009	0.0341043952769718	12
FGF13	3.053258	3.261468	0.0044259669324134285	0.0346363408492951	12
PTPRF	3.0519693	1.2257019	0.004343139857943876	0.03407561496498141	12
SLC2A4RG	3.0447235	1.4299687	0.00441517867766454	0.034568045758064034	12
RBM47	3.0406609	1.1806519	0.004440791282555327	0.03472804392823227	12
PIGS	3.0395749	2.0448253	0.004541584226492232	0.03543365353356035	12
SLC5A3	3.0370345	1.7615066	0.004545327989433022	0.03545461537059837	12
SGPL1	3.0367138	1.7209944	0.004546785934847436	0.0354577416974466	12
EPB41L4A	3.0287724	2.975345	0.004701063460545402	0.03651652837659873	12
UGDH	3.0187309	1.2362225	0.004678653863105649	0.0363592977809144	12
TRAPPC6A	3.0113297	1.023869	0.0047462490062760284	0.036807863747457065	12
KAT6B	3.0106862	1.6185555	0.004856381811953437	0.037471337095636124	12
UFL1	3.005156	1.4901813	0.0049157750839400605	0.03783387152143955	12
LINC02001	2.997674	2.1219392	0.005076782999047192	0.038859054899826995	12
SPTY2D1	2.99623	1.4275329	0.005014016004567697	0.038457605947680114	12
SAR1B	2.9902227	1.2911927	0.005112331564311832	0.03908655413690065	12
SLC15A2	2.9863079	3.9941144	0.0052725862308794415	0.04009245403988378	12
DHRS2	2.9857197	2.326438	0.00522107302812309	0.03975482643275291	12
TOP1	2.9836154	1.0440621	0.00516298306644241	0.039408763472118774	12
ARSD	2.9832249	1.8514442	0.005262821528644608	0.04002727820686367	12
SLC40A1	2.9820044	1.5366371	0.005214048882364751	0.03971937623515697	12
ANKRD50	2.970576	1.7819995	0.005374840864475632	0.040731481571481515	12
CSNK2A1	2.9621606	1.4740889	0.0055316344132460785	0.04176189898969396	12
AHCYL1	2.9568396	1.1424359	0.005552749761039959	0.04185185569277305	12
ECI2	2.9566493	1.6798999	0.0056068201749235845	0.04217500683720833	12
SAMD12	2.9563558	2.828806	0.005673338821223726	0.04254179687070534	12
TNKS2	2.9556637	1.3684149	0.005553332054012666	0.04185185569277305	12
MIA3	2.9535758	1.667738	0.005657963812989491	0.0424739848369473	12
AC009283.1	2.9513426	4.6080685	0.005773845285853435	0.04318923834362401	12
ZNF444	2.9478302	1.8813504	0.0057393791691319335	0.042969758194610304	12
ARMT1	2.9440305	1.7420925	0.0058035218373479495	0.04337253251927085	12
GALNT7	2.940711	1.6770366	0.005834818655981366	0.043554642750874395	12
AC007114.1	2.934986	3.8947814	0.006011666177078666	0.044659423088681184	12
SWI5	2.9252589	1.4695004	0.0060673966558239395	0.04502357328163512	12
COPB2	2.9247553	1.1845859	0.006014758314512106	0.044672499695981076	12
MB	2.9241774	1.7148035	0.006087249470455907	0.04511101071333663	12
PLA2G2A	2.9155645	3.429616	0.006285776532075828	0.0463263525955516	12
EFS	2.9055183	2.7063327	0.006463667606527029	0.047491319866489176	12
CERS6	2.9039834	1.2172817	0.00635042741813444	0.04673095349531532	12
PDRG1	2.9013484	1.6479092	0.00646579815367107	0.04749656939822193	12
ELF3	2.89949	1.0628709	0.006375465555037638	0.046904911204544285	12
ANO10	2.8974366	2.43467	0.0065624953566470415	0.048080527906793014	12
PIN4	2.8928282	1.0829431	0.006545230993518772	0.04798548475488812	12
POR	2.890049	1.6883953	0.006652911083234006	0.04863672420286656	12
TEFM	2.8896368	2.5082357	0.0067115306297701495	0.048969207929763024	12
ODF2L	2.8846052	1.3574647	0.006701473692987986	0.04890646848052873	12
DNAJC1	2.8726666	1.1043998	0.0068734789935547165	0.04994440184636455	12
RPL23A	16.161385	2.4154005	3.970530723359137e-15	3.026717522549746e-13	18
TMEM14C	15.866703	3.9406426	5.536425180147645e-14	3.4774763477028497e-12	18
RPL19	15.750453	2.1658356	1.523250615049445e-14	1.0363356770663983e-12	18
MIEN1	15.322895	3.32429	3.5863899922731014e-14	2.326713863265611e-12	18
CD164	14.720268	3.456269	2.2143569391091606e-13	1.2545903056530465e-11	18
CD24	13.857604	4.1234617	4.856612447819931e-13	2.6444097096157195e-11	18
H3F3B	13.798637	2.3649328	9.409165311728406e-14	5.615530493250577e-12	18
TMEM14B	12.212999	3.5020764	1.5068496275484804e-11	6.720910020957923e-10	18
TFAP2A	11.841541	4.1700015	3.5087611353302284e-11	1.4897133827862177e-09	18
MIF	11.159891	1.982595	2.0705610679165968e-11	9.078259971109879e-10	18
TRAF4	10.205257	3.6275613	6.020668206679057e-10	2.1279160413089805e-08	18
H3F3A	9.690429	1.1979458	2.1734071544966634e-11	9.516742737463784e-10	18
HIST1H1C	9.092118	4.248722	5.4439602652392315e-09	1.6736560151823014e-07	18
CYB5A	9.073049	2.597943	3.703434658188957e-09	1.1740727965058205e-07	18
KRT19	9.041366	2.569784	1.7521015260464693e-09	5.801306740881009e-08	18
SUMO2	8.930078	1.1918658	1.8448958045367637e-09	6.084528041294748e-08	18
SERHL2	8.89612	6.625555	9.387597989312385e-09	2.7839913718791045e-07	18
ANAPC11	8.634619	1.6907362	5.8256427302306164e-09	1.776344389224228e-07	18
ATP6V1G1	8.527597	1.5358683	7.30671002501911e-09	2.1979763313826546e-07	18
ERBB2	8.4434805	3.1751354	1.49707191151671e-08	4.284410322882421e-07	18
TPMT	8.396279	3.489483	2.1537377787854356e-08	6.014864183034329e-07	18
CNN3	8.362385	2.0130222	1.152733636938536e-08	3.3649990353834147e-07	18
HEBP2	8.166019	2.8606827	3.148606426889649e-08	8.489341492307532e-07	18
CCDC57	8.149344	3.483467	3.6426040229612207e-08	9.74294908565728e-07	18
HSPA1A	8.137473	2.118495	1.8725421019529773e-08	5.264621512288752e-07	18
MARCKSL1	7.9134603	1.9280254	3.1528485492396374e-08	8.493951260244713e-07	18
SNX3	7.880375	1.7707167	4.0020481805209373e-08	1.0594530230690825e-06	18
EFHD1	7.734935	2.5348675	6.943864001009603e-08	1.7671027500596595e-06	18
ARL16	7.5820127	2.8107145	1.1208883031157865e-07	2.7302624963548723e-06	18
NPDC1	7.5785537	2.552	1.0222240847693423e-07	2.5081505506399787e-06	18
HSBP1	7.4650054	1.4515957	7.802387129177285e-08	1.9602986269643097e-06	18
RHOB	7.4243464	2.1946301	1.1903715987190454e-07	2.8869308599157994e-06	18
JPT1	7.378971	2.0694084	1.391095713866832e-07	3.339924218955434e-06	18
ABRACL	7.3515806	3.3403256	2.0551848220675752e-07	4.744181288160257e-06	18
SEPT2	7.300633	1.9081924	1.5082344506909925e-07	3.5928758317206375e-06	18
DDX5	7.249068	1.2363768	1.222063996043523e-07	2.959512526447351e-06	18
TSC22D1	7.2328253	2.272854	2.0537837180945398e-07	4.744181288160257e-06	18
RHOC	7.191804	1.6205204	1.6328974517763904e-07	3.859690868924025e-06	18
MGST1	7.138897	1.8530778	1.823498860142857e-07	4.259190478276572e-06	18
DEK	7.120952	2.3216798	2.8250615549143066e-07	6.333916418006735e-06	18
HSPA1B	7.0425515	1.9101386	2.5124945694137867e-07	5.678677921341498e-06	18
MINOS1	7.0271335	1.449472	2.0727520809298322e-07	4.781442747349897e-06	18
XBP1	7.016165	2.0686996	2.677268461944137e-07	6.026728958528074e-06	18
AIG1	6.996237	2.8430629	4.2674731712167135e-07	9.193019758238907e-06	18
PCMT1	6.9418273	2.2824366	4.353792890860607e-07	9.361263644621345e-06	18
MARCKS	6.866921	1.9811302	3.933297327413579e-07	8.550014624677826e-06	18
NUP153	6.8451705	3.6563945	6.452715320961497e-07	1.3426211202256176e-05	18
HIST1H2BN	6.776423	4.4179797	7.838452066915114e-07	1.603106834002438e-05	18
KRT18	6.648821	1.6942668	4.936445401243549e-07	1.047932374703227e-05	18
SLC9A3R1	6.627095	2.542039	9.54307434942825e-07	1.913518165252475e-05	18
CUTA	6.6019635	1.8827374	9.175597830610141e-07	1.8472912775299804e-05	18
SDF2	6.5954223	2.3319168	9.913675730603538e-07	1.9816126202632493e-05	18
RNF144B	6.5187936	3.1437516	1.316146004122597e-06	2.566706355531137e-05	18
TSPYL1	6.5101867	2.6277504	1.2887860765033988e-06	2.5205349149854516e-05	18
ANKRD30A	6.4972935	2.6607509	1.1934677890852554e-06	2.3478066342351058e-05	18
CRABP2	6.485475	2.704698	1.2611808848220213e-06	2.470868461320994e-05	18
COX8A	6.4356823	1.0534173	7.479211829942082e-07	1.535252411187805e-05	18
SELENOP	6.4039564	2.327434	1.4493985047497005e-06	2.7907161451096272e-05	18
PAK1IP1	6.3973513	3.6418717	1.824868589313668e-06	3.440579952454735e-05	18
MED1	6.3941517	3.2616358	1.7768372548330814e-06	3.361359185806903e-05	18
MT2A	6.369595	2.0623584	1.1881516573359748e-06	2.338720348515606e-05	18
KRT8	6.300469	1.7372	1.3925125023543955e-06	2.698224254273182e-05	18
MGP	6.2961864	2.744646	1.6550466067510255e-06	3.157674529979303e-05	18
CRACR2B	6.2944574	2.5537307	2.057361015070615e-06	3.83366365591575e-05	18
DCXR	6.2936473	1.7244921	1.6888358631353084e-06	3.211181614819806e-05	18
SET	6.2913866	1.2223833	1.2927827809996062e-06	2.5255599582588536e-05	18
GSTM3	6.258445	2.709625	2.2488854293229162e-06	4.151341011828285e-05	18
PEBP1	6.236485	1.4835972	1.95231846445997e-06	3.650095519311697e-05	18
CAPZB	6.2071085	1.6467823	2.1336525669612923e-06	3.956044264701421e-05	18
SUPT6H	6.200205	2.8447766	2.687053134717177e-06	4.882256185891053e-05	18
CENPX	6.153038	2.249623	2.837192277835031e-06	5.1190030226393094e-05	18
SSH2	6.1044726	3.6670594	3.6049724564758515e-06	6.367265990661218e-05	18
RBP1	6.038974	3.143971	4.0607810038850876e-06	7.099024921776124e-05	18
SF3B5	6.027361	1.5993356	3.448365315270352e-06	6.113193501029751e-05	18
ALDH2	5.9495378	3.0245173	5.005662171495507e-06	8.544270478072814e-05	18
COPS9	5.931805	1.8298968	4.550974204698004e-06	7.835945882945367e-05	18
LONP2	5.9006643	2.865157	5.6558069399391164e-06	9.5663853037064e-05	18
MT1E	5.88273	2.6677186	5.555468364901341e-06	9.410907294300803e-05	18
TTC36	5.8549953	4.82952	6.705398013156044e-06	0.00011128439127128496	18
RTN3	5.848894	1.6200057	5.123943428694476e-06	8.737274353931949e-05	18
COX6C	5.8480434	2.352919	5.6181767035595836e-06	9.507531019883551e-05	18
P4HB	5.835191	1.8565185	5.915424438681383e-06	9.950313495376744e-05	18
ARMT1	5.834469	2.9373095	6.531840963263784e-06	0.00010872678796468019	18
RPS18	5.8339424	1.0168402	4.965615051841905e-06	8.493202164907155e-05	18
GRB7	5.8281784	3.1340568	6.662624020599288e-06	0.00011068403777856401	18
COQ4	5.8179574	2.0747724	6.123645302448362e-06	0.00010249161032406213	18
NUPR1	5.816929	1.842808	5.698523604162872e-06	9.628925955024024e-05	18
PODXL2	5.804103	3.8673992	7.420777777254875e-06	0.00012218964527584966	18
G6PC3	5.7927737	3.2940094	7.482477554658395e-06	0.00012302440179450845	18
MT1G	5.792253	3.5845475	7.449942935245172e-06	0.0001225495517366642	18
C1orf43	5.7388124	1.2700715	5.81776153671645e-06	9.805705512713892e-05	18
FASN	5.681208	2.6033285	9.07537941125246e-06	0.00014705183615112017	18
TMSB10	5.680251	1.0395327	7.099296512881069e-06	0.0001172992632209576	18
ALDH3B2	5.6627383	3.505006	1.0225116036157065e-05	0.00016347026547604583	18
COX7A2L	5.590957	1.0346229	7.354923920277731e-06	0.0001212839248820233	18
CDH1	5.553942	2.4802094	1.2508798959097467e-05	0.00019523388826760734	18
MT-ND2	5.547195	1.7852931	1.0841963898263966e-05	0.00017202001471696863	18
SMPD2	5.5400333	3.9713087	1.3950101893538749e-05	0.00021456660998722172	18
MRPL12	5.5093436	2.44524	1.416542630383034e-05	0.00021734792482011595	18
MSRB2	5.506366	2.1845922	1.372161024294295e-05	0.00021160300191197678	18
H2AFJ	5.49207	1.6520025	1.1953966654977947e-05	0.0001875341419899978	18
PERP	5.4856634	2.1502578	1.3536270073399617e-05	0.0002091294493467971	18
YWHAQ	5.4680634	1.3940071	1.294943032385414e-05	0.00020108187152425541	18
C17orf58	5.452976	2.5672574	1.5809255672322876e-05	0.0002393942413116847	18
MT-ND1	5.4283133	1.6149633	1.3949433277834822e-05	0.00021456660998722172	18
UQCR10	5.4281454	1.1561896	1.3467202193859054e-05	0.0002081582621125468	18
ARHGAP8	5.3625665	3.481791	2.1055187310163525e-05	0.000308524262809172	18
SUMO1	5.356074	1.0294634	1.3928026090727438e-05	0.00021449032282327317	18
GATA3	5.3400106	2.2398503	1.9695261045872385e-05	0.0002911409214365825	18
SLC35B3	5.3335776	2.9633512	2.2030189773296216e-05	0.0003211275946050102	18
SERP1	5.3146873	1.1177237	1.863284184948321e-05	0.00027665522287450927	18
STARD3	5.3112373	2.7503755	2.2946821428409823e-05	0.0003328976373400925	18
NDUFA5	5.3099732	1.683459	2.0526650368442165e-05	0.0003015700306648789	18
SH3BGRL	5.2805557	2.1041288	2.400665568326378e-05	0.0003467731430974808	18
SCOC	5.2652297	2.055969	2.445603824177133e-05	0.00035261907552186386	18
ENAH	5.2573156	1.4579018	2.0545926916820057e-05	0.000301589030510749	18
LYPLA1	5.2420654	1.7092177	2.4000475550679816e-05	0.0003467731430974808	18
ARHGDIA	5.226261	1.7016693	2.5624687831121186e-05	0.0003680846486268247	18
C9orf78	5.187467	1.6416388	2.6819642858110242e-05	0.0003832797789108972	18
OXLD1	5.179502	2.0636742	3.0318163332498e-05	0.000428408248827884	18
IRX3	5.1703706	2.3769863	3.18172799933001e-05	0.00044750526693215743	18
PRDX3	5.139219	1.6929363	3.259282299682916e-05	0.000457212829835486	18
IFT122	5.1307697	3.288378	3.671577253208025e-05	0.0005092984807686119	18
TTC39A	5.12743	2.607328	3.5558801852320444e-05	0.0004949983029094173	18
SNHG7	5.123675	2.0248365	3.471632965700483e-05	0.00048436789227354366	18
DAXX	5.0893106	2.4807312	3.945125386159571e-05	0.0005434227949781445	18
TAOK1	5.0636725	2.4952047	4.209580016219377e-05	0.0005767709286111687	18
XIST	5.056441	1.2762628	3.485921735151314e-05	0.0004861592553792524	18
MTRF1L	5.048577	2.7471097	4.364168634183477e-05	0.0005935871052682401	18
DNAJC12	5.0411663	2.8586214	4.463586521189022e-05	0.0006053908431346583	18
H1F0	5.001952	2.156863	4.772072593079936e-05	0.0006428115937529885	18
CDK12	4.9950485	2.2460387	4.796383095546603e-05	0.00064556775845798	18
SRP9	4.9864817	1.4406555	4.561642269763807e-05	0.0006169437232667253	18
MLPH	4.980701	2.2840006	4.99070581728873e-05	0.0006685034497511234	18
GPS1	4.976705	2.628262	5.2588010407862064e-05	0.0006985562206297431	18
SNHG25	4.9765863	2.8192403	5.321565865984815e-05	0.0007060547496479299	18
H2AFY	4.937314	1.0292648	4.140824604863317e-05	0.0005685116580913651	18
NUFIP2	4.932553	2.42145	5.7996445482449234e-05	0.0007664960883941348	18
ITPR1	4.932168	4.0095067	6.105484752528218e-05	0.0008030747611158782	18
RPL38	4.927626	1.0167228	5.22531166023962e-05	0.0006949333005396396	18
SERINC2	4.9122696	1.943907	5.8198199484420025e-05	0.0007688167817672044	18
FIG4	4.8985705	4.5620565	6.667440137463461e-05	0.0008694891510523403	18
FAM8A1	4.8874984	3.6703448	6.767252738355165e-05	0.0008807932638617407	18
CCDC34	4.850826	2.2326212	6.913251560614003e-05	0.0008973582453349624	18
ELOVL5	4.820625	1.9396467	7.263603783523728e-05	0.0009380916998291538	18
PRKAR1A	4.810891	1.6976839	7.352121633156805e-05	0.0009480873190992403	18
CD151	4.805842	1.3901298	6.889398647275634e-05	0.0008946082850494465	18
MT-ND4	4.795034	1.5799941	6.996366339987908e-05	0.0009068450594614817	18
GGA1	4.783105	2.4601645	8.398847648854014e-05	0.0010670672310235322	18
PLEKHF2	4.779291	2.2441773	8.299608507908012e-05	0.0010560590628366565	18
PHPT1	4.775397	1.1651866	7.106596120457446e-05	0.0009185446646484131	18
SOX4	4.7623444	1.703428	8.160754606611989e-05	0.0010399691119315072	18
SRSF9	4.742557	1.1609265	7.832227557408663e-05	0.0010042077389260092	18
CCNI	4.7414517	1.1407962	8.2853512575497e-05	0.0010546450342674553	18
BCL2	4.721254	2.6581795	9.770227728172519e-05	0.0012182275398908344	18
NDUFB4	4.690281	1.0619385	9.045745199658472e-05	0.001137193927068009	18
CDC42SE1	4.683004	1.7727526	0.00010187986112528567	0.0012632726144189304	18
QPRT	4.6797266	2.2166562	0.00010411461527467214	0.0012881255296671996	18
FBXL20	4.6769786	3.0914109	0.0001114420097478169	0.0013631934533010672	18
CBWD5	4.6751566	2.6340525	0.00011035040673320157	0.001351319091726292	18
BNIPL	4.669409	3.4239	0.00011423735229393638	0.0013933218302876074	18
AGR3	4.6627893	1.73696	9.564995034104505e-05	0.001195749155568018	18
ARFGEF3	4.658434	2.6338398	0.00011558095308613181	0.0014071509065197631	18
TUBB	4.653461	1.3351415	0.00010284054405056064	0.0012742425888436846	18
CHMP3	4.6521506	1.5002038	0.00010571994083538514	0.0013049335350974614	18
FGFR1	4.6490483	1.9531505	0.00010867591668614286	0.001333247593844154	18
UNC119	4.642106	2.9299583	0.00012160870748646376	0.0014719876065692823	18
ATG5	4.6346693	1.9959747	0.0001155028430941447	0.0014067105520046141	18
FAM110A	4.608554	2.584443	0.00012946481378286093	0.0015564083580971106	18
UBC	4.6012335	1.1012535	0.00011785822631067807	0.0014317576127078787	18
NOL3	4.5953784	2.4592338	0.00013239342216809504	0.0015859313474785985	18
TMEM230	4.5811405	1.4149723	0.00012749999522774762	0.001535539439832633	18
HID1	4.5653353	3.0126548	0.00014598716282713612	0.0017326806186783342	18
CITED2	4.565166	2.6930554	0.00014591332451563286	0.0017324172805588819	18
HSPA8	4.5629225	1.3480518	0.00013475529155727007	0.0016105602721781971	18
BUB3	4.559446	1.304696	0.0001270012931361932	0.0015311827365496247	18
FCGRT	4.5580597	1.6795276	0.0001363032516200516	0.0016269563567929363	18
MCRIP1	4.548931	1.7430259	0.00014286436469542903	0.0016980204309884426	18
CASD1	4.5486484	3.7714324	0.00015542821214594688	0.001833703012165742	18
RAB11A	4.547802	1.4183375	0.00013926452158568366	0.0016575838603638806	18
TMEM132A	4.5429993	2.8503292	0.0001536685510190866	0.0018142192431295965	18
CA12	4.5377192	2.1577165	0.00014949255215730603	0.0017699010560918466	18
NME4	4.529547	1.6342882	0.00014763631766083967	0.0017499882275890414	18
PFDN6	4.5208187	1.7765933	0.00015345046369606347	0.0018122823953625581	18
NEDD9	4.520592	2.4650471	0.0001579915083583193	0.001862633807327377	18
GGCT	4.513707	1.5395957	0.00015188614377561758	0.001795704317369753	18
DDR1	4.513404	2.0433235	0.00015929430682033266	0.0018753563864727196	18
APMAP	4.5004883	1.752579	0.00015972497344681846	0.0018791074480462079	18
PON2	4.4913883	1.9264177	0.00016671832195702557	0.001948396946606479	18
COMMD7	4.484523	1.5084456	0.00016224399278409502	0.0019038395313932211	18
THRSP	4.4782457	5.4988728	0.0001865164468941394	0.002157223498371148	18
ST8SIA6-AS1	4.475391	3.9608903	0.0001850564986891074	0.0021432942066751904	18
SPINT1-AS1	4.4700766	1.9235425	0.00017554721084001815	0.002044454513467031	18
PDCD4	4.461971	1.6821718	0.00017568366213695076	0.002045333464677357	18
TXNL4A	4.4596086	1.2294211	0.00016409747508971086	0.001923128375955273	18
SLC44A1	4.4438925	1.6173414	0.00018010842449617067	0.0020924893197180675	18
ETNK2	4.438061	3.9725502	0.00020354693075166168	0.0023308868570643512	18
C16orf74	4.4320397	2.969867	0.0002034948428698523	0.0023308868570643512	18
TMEM11	4.424494	2.195301	0.00020146100615384734	0.0023109451461717488	18
CACUL1	4.422718	2.0134315	0.00020054161138147153	0.002301973370070478	18
KIF13A	4.415876	3.5512948	0.00021478357100435214	0.0024420527983243985	18
WDR45B	4.4139614	1.855433	0.00020428061527848058	0.002338490142339767	18
SLC38A1	4.400204	1.7391555	0.00020606917100323032	0.0023525412064735697	18
PNISR	4.386899	1.2680663	0.0002065821017209251	0.002357594513038975	18
TIMM13	4.3857036	1.1131676	0.00019668954874741556	0.0022639547544739415	18
ERAL1	4.382561	2.7023187	0.00022753288067384924	0.0025669964179890945	18
RCHY1	4.379281	3.052292	0.00023350770675386237	0.0026238130627240525	18
FTO	4.362449	3.0342443	0.00024119803566499494	0.002698473420360105	18
ATP8A2	4.3499427	6.9502416	0.00025626423870415163	0.002852757660264172	18
UCP2	4.3424087	1.5745978	0.00022883785110097116	0.0025782500382189027	18
MDK	4.339378	1.9798732	0.00024405634626724603	0.002727722062695668	18
TSTD1	4.320722	1.0772939	0.00022313715168748054	0.002527376715047284	18
SMPDL3A	4.3140893	3.2238908	0.00027297864236752153	0.0030118344222529736	18
ARID1B	4.3111763	1.9981976	0.0002665449228290656	0.002953479767627912	18
CRNDE	4.2927547	1.566562	0.000267465857884154	0.0029627055281679026	18
RBM47	4.291928	1.7405611	0.00027189336898897267	0.003001835249920715	18
PNKD	4.290372	1.3231363	0.0002593731571931175	0.002886408449042586	18
RGL2	4.2835956	2.370606	0.00028820640602783147	0.003159062439405064	18
NDUFA8	4.273679	1.3609829	0.0002712398364216091	0.0029965926724035545	18
AMZ2	4.266872	2.024924	0.00029544457162842614	0.00322718171693829	18
CCNG2	4.266631	2.6241183	0.0003046154057185841	0.0033161653110052028	18
NDUFAF8	4.259008	1.5894135	0.0002954794148271515	0.00322718171693829	18
GTF3C6	4.244769	1.4815675	0.0003034656980348558	0.0033047217460347726	18
MT-CO2	4.2396235	1.5149732	0.0002856476026533964	0.003134087746351838	18
SEPT9	4.2268147	2.002463	0.0003276239351429951	0.003544785293106838	18
HIST2H2BE	4.2201033	2.812005	0.00034297970741903615	0.003691874957170055	18
TIMM8B	4.207447	1.1949928	0.0003159802681756234	0.003427650121241457	18
MT-ND3	4.2020907	1.2493819	0.00029317960189063403	0.0032051945981140012	18
NDUFB3	4.196799	1.3617102	0.00033498654109000815	0.003616280519697445	18
CLDN4	4.189922	1.6013364	0.0003416292992727689	0.003678519527097253	18
MRPL41	4.189615	1.2775176	0.00033929527654776904	0.0036569096628177125	18
KIAA0100	4.1859174	2.8826265	0.0003716880564219441	0.0039690509711711	18
PAIP1	4.1812706	1.8185121	0.0003629301709879187	0.0038854263852875146	18
TSPAN13	4.166951	1.6469598	0.0003697988041752315	0.003952651909127291	18
CAPZA2	4.1536427	1.3637632	0.00037292295575564995	0.00397843793225199	18
LRRFIP1	4.1479506	1.232541	0.0003742111931983885	0.003989643239372901	18
PAICS	4.144814	1.6162053	0.00038371928555817154	0.004083226065008449	18
DGKZ	4.1281676	2.2745988	0.0004191221938043537	0.004419295033760399	18
ELOVL2	4.121925	4.9249954	0.000445807663623419	0.004661108118950466	18
NDUFV2	4.1204348	1.0840298	0.00038962161560596924	0.004136846663197156	18
HACD3	4.117855	1.2003636	0.0003859464720868471	0.004103938652155421	18
CTXN1	4.1089	2.7557235	0.0004492879025516621	0.004690345912609793	18
SESN1	4.106581	2.879952	0.0004493032830629756	0.004690345912609793	18
RHOBTB1	4.0958567	4.7399406	0.0004748860085289324	0.004928264731456968	18
MT-CO1	4.0931563	1.3097245	0.0003984407311746199	0.004221134749961172	18
NRIP3	4.092043	3.443937	0.00047248334870430615	0.0049082647492825204	18
MMP24OS	4.0832405	1.631222	0.0004573952460557499	0.00476591921340662	18
UBA6	4.083191	2.7262433	0.000480381864634291	0.004972990161018135	18
MRPL58	4.077209	1.8933961	0.0004707740181301415	0.004893161246390789	18
RAB25	4.0768833	1.5161813	0.0004564693397014668	0.004757749572071752	18
RABL6	4.075776	2.1003585	0.0004770101943441495	0.004944190027347688	18
CCDC47	4.0699697	1.4340283	0.0004577874733241973	0.004768524733778541	18
PKIB	4.0619626	2.0264533	0.0004906910239489048	0.005060967907217164	18
SYNGR2	4.059499	1.5138496	0.00048311871392261584	0.00499361626615669	18
TAT	4.056266	6.5662494	0.0005245774840655927	0.005364702273816257	18
ANAPC13	4.0544853	1.6348898	0.0004926286478074489	0.005077829587003578	18
ZBTB22	4.04407	3.5113516	0.0005333924734985715	0.005446123882379174	18
ABCA5	4.019802	2.9818256	0.0005607095886231689	0.005690396463543028	18
MAOB	4.0197287	3.1979127	0.0005628358277250826	0.005705236684280617	18
CLDN3	4.016181	1.673334	0.0005351474641018013	0.005459057510169865	18
PRDX2	4.014714	1.2382383	0.0005237256539062983	0.0053621129907421095	18
FBP1	4.0006523	2.0262973	0.000567616775856867	0.005746584448842492	18
PAFAH1B2	3.9933584	1.5492282	0.0005638498426085261	0.005711895974307633	18
HIST1H3H	3.9916618	5.093938	0.000613329740321751	0.0061721250585454095	18
CCDC28A	3.983098	2.542855	0.0006117138914092333	0.006157711774236823	18
AC008771.1	3.9650164	2.1468487	0.0006286956648690386	0.006309719118902581	18
SPG21	3.964379	1.3898693	0.0006051508748726559	0.0060971359249335395	18
GCNT2	3.9613757	3.36031	0.000654125786551982	0.006531715691199771	18
SEC63	3.957017	1.6072012	0.0006308977515136082	0.006326140951724345	18
PART1	3.956668	2.7846913	0.0006512679516834225	0.006510834392590256	18
AHCYL1	3.9544108	1.3823127	0.0006169179242799733	0.0062026511085955	18
DNALI1	3.9488912	2.3310492	0.0006523973227605182	0.0065183373853769854	18
EI24	3.941581	1.0724683	0.0006072968785370089	0.006116920301204149	18
ZNF184	3.9404788	3.7766688	0.0006880487080557941	0.006829784467860134	18
RERG	3.9212906	2.7626379	0.0007172773707307822	0.007080106030512409	18
RTL8C	3.916499	1.763127	0.0006936249614685037	0.00687293200372676	18
PPIL4	3.9074163	2.3420613	0.0007326041747894517	0.0072207689176059355	18
HDAC2	3.8868446	1.5035009	0.0007427644793905428	0.007301601231898651	18
PRRC2A	3.8814812	1.6308693	0.0007482118202216025	0.007346537664535354	18
BAG1	3.8792415	1.8853459	0.0007818246811734223	0.007638561500506192	18
APTR	3.876008	2.8902402	0.000791370461807084	0.007720580761917221	18
ERBB4	3.875973	2.9043577	0.0007968994163036752	0.007767742900971104	18
SEC22C	3.8734152	2.3085632	0.0007956264442040532	0.007757589117746554	18
CYB561	3.8561714	2.0372462	0.000824522687910717	0.008006750282343184	18
ATP6V0E2	3.8503013	2.1006882	0.0008357527998669599	0.008099388806800839	18
NUCB2	3.842232	1.7366059	0.0008446826424807627	0.008169406145169339	18
AK9	3.8371313	3.5072436	0.0008853106124682277	0.008520492074306402	18
USP22	3.83434	1.779535	0.0008566875203303746	0.008280736633833167	18
SLC5A8	3.832152	7.6229706	0.0009069285424842122	0.008703659583251205	18
RMND1	3.8171115	2.3735676	0.0009113684567520372	0.008733774116548595	18
PFN2	3.8004024	1.817798	0.0009329538394974883	0.008892357127191036	18
TXNDC9	3.7999632	1.7071272	0.0009264261873332962	0.008847739393321778	18
GRAMD1A	3.7988153	2.0114677	0.000940890889056133	0.008962914316907628	18
C3orf14	3.7913764	1.8163508	0.000957553527596459	0.009103543897140826	18
CTNND1	3.7866933	1.3837588	0.0009260447396114137	0.008846615383453839	18
MTHFD2L	3.7698212	2.1348574	0.001025526822074549	0.009683895027928616	18
UGCG	3.7689486	1.9023652	0.0010165067289812362	0.00960683352965896	18
MAK	3.768629	5.2029214	0.0010544772029331517	0.009915396653653165	18
TSPAN5	3.75768	2.4127948	0.0010570181464199311	0.009928156160479113	18
CSNK1D	3.753957	1.5443659	0.0010352024555216836	0.009767134776636273	18
DUSP10	3.7511475	2.6253288	0.0010768487128412704	0.010088989574695267	18
UTRN	3.734484	1.8896084	0.0010975942622024524	0.010263286631874117	18
LRRC26	3.7335417	2.3855152	0.0011214643895512673	0.010454429430222083	18
MAD2L2	3.7309897	2.280627	0.0011287019844141094	0.01050146831046703	18
TEN1	3.7277746	2.1706872	0.0011234749683598994	0.010467729926391488	18
ERBB3	3.7196631	1.5860242	0.001129120090725152	0.010502445081256884	18
AFF3	3.7099166	2.5107129	0.0011891981163567574	0.010991152940402866	18
MT-CO3	3.7019117	1.0861006	0.0010488173227833604	0.009871665120981652	18
MAP2K3	3.7004628	1.8440106	0.0011890597688599415	0.010991152940402866	18
SYPL1	3.6967738	1.2731047	0.001172091129097734	0.010862975562604888	18
RHOD	3.6940315	1.9575355	0.0012198914456903077	0.01123531896207769	18
LMO3	3.6911428	4.4638963	0.0012707199165395704	0.01166426292300321	18
UBE2R2	3.6883917	1.6625949	0.0012309851846459394	0.011330536245392275	18
PDZK1	3.6878777	4.9286366	0.0012820904508181463	0.011758981627260445	18
ARMCX1	3.6873667	2.7481894	0.0012630310577511003	0.011596858666309788	18
METTL9	3.686648	1.2898295	0.0012027871030668629	0.01110450928267703	18
SCARB2	3.6849358	1.6785636	0.0012382012662089294	0.01139070451725554	18
YPEL3	3.6621666	1.6362139	0.0013041900014830394	0.011942749435660148	18
NPLOC4	3.651513	2.301543	0.0013695158334076055	0.01249930083491823	18
HIST3H2A	3.6395302	1.9223042	0.0013930229123242468	0.01267934369125307	18
FBXL3	3.637005	2.1293461	0.0014079382032402396	0.012804678762169435	18
PRSS8	3.636074	1.9073843	0.0014048326759872397	0.01277990040284459	18
C6orf52	3.6358278	4.518432	0.0014538306911260016	0.013154285193163534	18
CDC40	3.6332636	2.1690881	0.0014356122441015243	0.013003475635811296	18
PTPA	3.6330001	1.6598537	0.0013973796530175205	0.012715548275057149	18
FAM104A	3.6306722	1.9790599	0.0014269863980230456	0.012942820653350723	18
HSPE1	3.6280193	1.016697	0.001380370326381027	0.01258125030357229	18
RAB14	3.6275122	1.5372661	0.001419044972216176	0.01288472859044471	18
YAF2	3.6271405	1.7607328	0.0014262883043482284	0.012939988102824974	18
GRB14	3.6242888	4.8057127	0.001496134314605601	0.013468019604451546	18
DUS1L	3.6205757	2.1411307	0.001467016522666626	0.013255738556440473	18
MACROD1	3.6192086	2.2341235	0.0014807108971229513	0.013354268405593145	18
CHCHD1	3.6119945	1.2527821	0.0014213379946104955	0.012902056204933864	18
NFIB	3.6085153	1.6007524	0.0014711613292143788	0.013286004885077944	18
RFK	3.5990171	1.8347698	0.0015190362052349363	0.01363392918377977	18
ECI1	3.5929165	1.6124372	0.0015432097247623964	0.013813930445224323	18
ATP5PD	3.5928173	1.0866479	0.001497635285215724	0.013472468794879454	18
BRWD1	3.5897057	1.4473616	0.0015312159647433965	0.01371755199611599	18
REPIN1	3.5762928	1.517905	0.0015851820563453434	0.014156057786072072	18
MYB	3.5708559	2.4430256	0.0016723053248580352	0.014863480404142891	18
AL121944.1	3.5677588	3.2637713	0.0017043253422301917	0.015106014922420632	18
KDM1B	3.5632646	3.5368068	0.001724320147949262	0.01524793621997527	18
CDC42EP4	3.558939	2.0443408	0.00169727191685776	0.0150603696728376	18
GTF2I	3.5505857	1.2345458	0.0016816583886612411	0.014929725784565032	18
SH3GLB2	3.549252	2.0042586	0.001732791656814754	0.0153067066002696	18
RAD23B	3.5465696	1.3290987	0.0017087310001805914	0.015134023363363407	18
NBEAL1	3.546282	1.2580551	0.00169779888581169	0.015061061208413091	18
RUFY3	3.5410142	2.3005967	0.0017900312269659919	0.015745984102718682	18
STRAP	3.539135	1.1022663	0.0017042452575718211	0.015106014922420632	18
AP1S1	3.537899	1.2624756	0.0017155910450837278	0.015182754417718554	18
PYCR1	3.5303462	1.7595824	0.0018165947055901067	0.015933682798168872	18
DCK	3.528369	2.4690273	0.001850080619665936	0.016189291433398163	18
MSMO1	3.5232372	1.9246019	0.0018537402705889137	0.016212855910253652	18
GID8	3.5191207	1.3833727	0.0018261222194887823	0.01600887751277398	18
GINM1	3.5018334	1.7807499	0.0019521586070132264	0.01695425992693698	18
IRF2BP2	3.5013742	1.2181861	0.001905931050391779	0.016591443903760876	18
UBE2Q2	3.5012789	2.008864	0.001966996518750572	0.017061037040448136	18
AC006441.4	3.4962049	28.276182	0.0020426102071690678	0.017601130305390848	18
PHKB	3.4887486	1.7486815	0.0019808852712571517	0.017163749130259913	18
FUNDC1	3.4863188	1.9969488	0.002027371071733353	0.01749422513944131	18
NHSL1	3.4863071	3.3332238	0.0020676217424835702	0.01779576619569962	18
ACSS1	3.483105	3.1749136	0.002085815574382623	0.017920169103577757	18
PPP2R1A	3.482709	1.3786865	0.0020116880161893448	0.01739918198839784	18
AFMID	3.478191	2.3846638	0.002090447487893965	0.017950767842153475	18
SPINT1	3.464822	1.5862919	0.002114427174656272	0.018128834832603788	18
NAGK	3.4623046	1.5131677	0.002110428135813566	0.01809917415068341	18
MRPL42	3.4617643	1.6109105	0.0021373537763555504	0.018319945015164003	18
SPINK8	3.4525223	3.66275	0.002251550555545644	0.019162460589585498	18
SCP2	3.4417632	1.0975038	0.0021764936545495607	0.01861340481061877	18
TBC1D22B	3.4395268	3.5423148	0.0023207062753611164	0.019671167344424364	18
CERS6	3.4272702	1.644884	0.0023249797665176124	0.01970241191227065	18
CISD1	3.4245012	1.5750958	0.0023296383461344976	0.019726937583362077	18
IRX5	3.421943	2.5559032	0.0023998898959695166	0.02022480075394813	18
RAB17	3.4215405	2.2813807	0.0023864982608906324	0.02012205584930435	18
PAFAH1B3	3.420157	1.0542263	0.002243940850936008	0.01910739275989963	18
C9orf152	3.414468	2.8943279	0.002451063554549915	0.02058365615502221	18
PTPRF	3.4118624	1.3442235	0.0023781425109048295	0.020056645199461626	18
PPIL6	3.4100478	3.9858258	0.0024964382654582024	0.020917570787342882	18
HIST1H2BH	3.4076	4.3656573	0.0025151248557612415	0.02105310775819511	18
CHPF	3.406136	1.8710442	0.0024439965623935544	0.020534591357525604	18
PRLR	3.4049115	1.5991117	0.00242642115824491	0.020412488605139837	18
PSMB7	3.402285	1.1379625	0.00240392203824436	0.020253692309659403	18
ANKRD17	3.3977659	2.101549	0.00253462699723689	0.021179353292058428	18
YWHAH	3.3967347	1.1508353	0.002420061911248898	0.020369208673826675	18
DCD	3.3942275	7.1531067	0.0026056028208590993	0.021680606354362454	18
AKR1A1	3.3941276	1.249555	0.002481083234792888	0.020809705620952305	18
GPR6	3.3797624	29.277964	0.0026984725065508875	0.022309766572593717	18
UBE2J2	3.3716555	1.3020762	0.002573496018702971	0.021461369956070696	18
MT-CYB	3.3659234	1.1100354	0.0025657587102142316	0.021412817342447262	18
HEPACAM2	3.3605888	5.5707054	0.002819664369666974	0.023162959251285815	18
SLC25A17	3.3594925	2.1034615	0.0027545428846262768	0.022700275895147407	18
REV3L	3.3562667	2.050782	0.0027649613752243046	0.022774943390569354	18
SPAG16	3.3540711	2.1995997	0.0027997759153744334	0.02302777929808089	18
SEMA4C	3.3517115	2.401781	0.0028179645399126598	0.023154666495152014	18
HIST1H2BJ	3.3495107	2.8876176	0.0028537373016911936	0.02341418856067131	18
OCIAD1	3.3436043	1.225703	0.0028085750055044513	0.023088827024417845	18
KITLG	3.3434503	4.2232122	0.002933947196082418	0.023978441253362667	18
FZD7	3.34308	2.5553613	0.002891701492184687	0.023673556199503683	18
MYEF2	3.3418062	2.5706844	0.0029046627308595844	0.0237622665014052	18
GRSF1	3.341223	1.8190483	0.0028908647149845546	0.023672483741527573	18
HBS1L	3.3340824	2.0798085	0.0029311858356442814	0.02396171194573357	18
PSMA1	3.3319712	1.1381855	0.002873207861130803	0.02354514167363505	18
BSPRY	3.327831	1.7541684	0.002944324593742885	0.02404567596755055	18
RPL7L1	3.3248975	1.154233	0.002896568014456228	0.023701826731611694	18
NT5C	3.3214157	1.577868	0.0029910112922878927	0.024379467741100416	18
LRRC1	3.3176603	2.5556912	0.0030852664675229584	0.02508068894502849	18
PDRG1	3.316146	2.0043936	0.0030708875015811776	0.024988024670192694	18
AC145207.5	3.3110015	4.1580286	0.003158459992301218	0.025588866328931197	18
HECA	3.3108609	2.5571055	0.003130367320137683	0.02541037034964618	18
AGTR1	3.305959	4.007576	0.0032002229400696905	0.025862817769669706	18
LSM8	3.3049183	1.0069077	0.0029773010694168654	0.02428542197697254	18
CLTC	3.303056	1.5051931	0.003139309654461649	0.025464470403941515	18
DCAF7	3.2946725	1.3914887	0.0031671494142499054	0.02564687554402609	18
NMRAL1	3.293924	1.3891627	0.0031583336568958404	0.025588866328931197	18
ANXA3	3.2861295	2.392957	0.00330848006354007	0.026624215405757552	18
AC044784.1	3.284675	4.8616037	0.0033710027868168245	0.027049474754216055	18
ASPH	3.280683	1.2440712	0.003246958857407044	0.026185680941642142	18
VBP1	3.2791784	1.3729391	0.003284681475713606	0.02645809351030501	18
LINC00578	3.275385	6.6397924	0.0034565374872716796	0.027590605392808047	18
RAB1A	3.2740355	1.0889947	0.0032874725931739215	0.026474218066661826	18
B4GALT3	3.273876	1.8052996	0.003379771526157379	0.027106866752473615	18
BORCS8	3.2679777	2.0925221	0.003434724198718036	0.02744915042868755	18
FBXO30	3.2640462	3.2258108	0.003521860428674548	0.02804528030345988	18
GLTP	3.2634826	1.6814191	0.0034493708411259282	0.027543252122199022	18
HDAC5	3.254158	2.683642	0.0035998131683838315	0.028604461681155317	18
EFHC1	3.2485836	2.1566496	0.0036155331230662705	0.028702626385980066	18
CBWD1	3.2480564	1.7977427	0.0035914138174903674	0.0285449314816219	18
PATZ1	3.2401614	2.177525	0.0036857786547474904	0.029191192882853736	18
KLHDC10	3.2397351	2.1267962	0.003674256803964304	0.02911368945470511	18
MYO5B	3.2387378	2.6880186	0.0037262250087773266	0.029432700977096972	18
CRIP2	3.2341251	1.1873137	0.003586807868244542	0.02852184037666908	18
TAB2	3.233802	2.4693084	0.0037654750079195794	0.029682208517186986	18
PHF12	3.222804	2.3177361	0.003848765653402729	0.03027473001425444	18
DNAJB2	3.2209551	1.6996547	0.0038180329600253074	0.030061183923053715	18
MEAF6	3.2202916	1.042083	0.0037259284384054086	0.029432700977096972	18
TFB1M	3.2166479	2.89855	0.003936132149247963	0.03083180953244417	18
OAZ2	3.2108958	1.2327598	0.0038337473919548997	0.03016366907660317	18
PGAP3	3.209561	2.4041185	0.00396506766786522	0.03101500341601384	18
MPST	3.2057624	1.361611	0.003913588203773343	0.030687769795519553	18
SIRT7	3.2049541	1.7444179	0.003980618283569789	0.031100376857492264	18
LSM12	3.2035415	1.4400457	0.003928674513350334	0.03078777379726251	18
WBP11	3.2029333	1.1874013	0.003871057826576361	0.030421544180224396	18
RRP7A	3.2023222	1.740181	0.004009201365875617	0.031279977439598525	18
ARHGEF12	3.1979787	1.4905694	0.003986111946437399	0.031136045830334604	18
TMED4	3.1967578	1.1374762	0.003961171584738965	0.030991755568866252	18
C6orf62	3.1951993	1.1839389	0.0039944932032833485	0.031194248319284468	18
RBM20	3.193777	6.3380604	0.004189974390600476	0.032426380026564505	18
NOVA1	3.1931612	2.658994	0.00415129990079426	0.03219393062948908	18
PPIL3	3.1883054	1.9259663	0.004133257679975005	0.03209111014908371	18
MARCH7	3.1849809	1.7229334	0.004160067802470169	0.03224701505954517	18
NAP1L4	3.1842923	1.1814456	0.004065169975756232	0.03165773535101922	18
DDX42	3.1813953	1.7346587	0.004207163522717651	0.03249941771429588	18
ZNF121	3.1766071	2.2643871	0.004278921040201487	0.03296262990569547	18
GNB1	3.1763477	1.1485044	0.004120979950778681	0.03201060410585172	18
RAB18	3.175836	1.3741646	0.004242907084068766	0.0327227745474248	18
SERTAD4	3.172258	2.065606	0.00432147613826124	0.03322939732999088	18
AR	3.1696813	1.4107982	0.004229089668204335	0.0326312161401522	18
ANKRD30B	3.1664183	3.761893	0.004450361841750566	0.03404551324702429	18
STMND1	3.164938	4.291462	0.004471291290200939	0.03415431135609877	18
GPRC5C	3.1633568	2.9912724	0.004472915228028659	0.03415617068601116	18
PREP	3.1623795	2.4275231	0.00443297369643465	0.03392342476662437	18
TMEM192	3.1615076	1.9551615	0.00442032508465516	0.03385752995305291	18
METTL23	3.1569533	1.3729136	0.004381990865453191	0.03360996012306551	18
SMIM13	3.1548743	2.6693058	0.004535556807336481	0.03456648736079821	18
TANC2	3.147362	2.3642895	0.004608218878311503	0.035080406127427625	18
ABCC11	3.1468441	4.5878425	0.004672678037617531	0.03548095883764381	18
UBE2N	3.1455133	1.0589617	0.00446582698351308	0.034120342335765885	18
CNOT7	3.1446288	1.0965745	0.0044570083349163995	0.034068485998502956	18
STRBP	3.1400127	2.0088573	0.004666534561936153	0.035443893963292686	18
VTA1	3.1295924	2.3861387	0.004825581380801934	0.036421023076849156	18
CHP1	3.12613	1.6239038	0.004792102917401127	0.03621927097935058	18
HRAS	3.1259449	2.0003438	0.004824031824321177	0.036421023076849156	18
RCC2	3.12442	1.826496	0.004831450352233038	0.036457070025702656	18
MAP9	3.1235335	2.408129	0.00486702782385418	0.03666778531893375	18
MRPS26	3.1199305	1.2885361	0.004822487457993016	0.036421023076849156	18
KIF9	3.1182382	1.7075115	0.004864062623810317	0.03665367882840302	18
EXOC7	3.1159952	1.612257	0.004897318572716119	0.03684633518337177	18
SEZ6L2	3.114955	1.9818628	0.0049238467663267095	0.037012717254451856	18
KCTD3	3.1133778	2.1511576	0.004989876535753143	0.03742518982238287	18
POLDIP2	3.110247	1.4058408	0.004920388482869184	0.03699501235236837	18
ABCD3	3.1043437	1.8220137	0.005038254436557969	0.03773740331768442	18
C1orf122	3.104042	1.3064317	0.005020802397965647	0.03762348821049279	18
ATP1B1	3.102663	1.1845279	0.004957129899387591	0.0372295329053648	18
HIST1H2BK	3.0961115	3.9805017	0.005242853381094499	0.03899989914732548	18
CXorf40A	3.0935996	2.7691677	0.005251856785764886	0.0390495518624119	18
FNBP1L	3.0918896	1.7102846	0.005202181037135898	0.03878336389566018	18
UBE2D4	3.091293	1.9646941	0.005198045608342946	0.038773871626742167	18
CAMK2N1	3.0889516	1.7165005	0.005207863273361987	0.038808474128379115	18
STARD10	3.084949	1.4229507	0.005229564416789403	0.03892694631680723	18
CCZ1	3.0796053	1.7534432	0.005363881991579315	0.039732766316157644	18
NOSIP	3.0792994	1.1440942	0.005236042184992861	0.03896651673548825	18
TKFC	3.0727983	2.6074772	0.005518417625891804	0.04070667376072949	18
TFF3	3.072425	1.6671674	0.005339122145850696	0.03959307890647318	18
KIAA1522	3.071699	1.9595716	0.005482386792039014	0.0404943262258931	18
REPS1	3.0682592	2.5692773	0.005576266373961003	0.04101114088559462	18
MAGEF1	3.067026	1.3015763	0.005416085797155359	0.04007521149843104	18
HAUS1	3.0657651	1.7556092	0.005524834391532716	0.04073608932213647	18
TP53I13	3.0623062	2.0315254	0.005621306852487992	0.04123230011226439	18
MCAT	3.0622675	2.1538553	0.005601283384586464	0.04115501555365051	18
AL391421.1	3.062217	3.8925216	0.0056781614742662054	0.04153788746092973	18
CSTF3	3.0621169	1.575664	0.005546907977493775	0.04086291246938693	18
UBL3	3.0620954	1.8391483	0.005594239064302705	0.04112127382331296	18
CERS4	3.0595074	1.7614009	0.005607881866658021	0.04118545340257865	18
SHTN1	3.0564048	1.6657919	0.005637299456969144	0.04132007453806863	18
ASPSCR1	3.0559063	1.8471336	0.005674560476280355	0.041520600552992885	18
ETFRF1	3.055724	1.6296684	0.005619346425905543	0.04123230011226439	18
ZNF667-AS1	3.0513117	2.1402178	0.005760527721583332	0.04203956925796922	18
NAA15	3.0482445	1.7395345	0.005751897161106221	0.0419857198434524	18
GCHFR	3.0459867	1.5295373	0.00572760911405631	0.04183574418435599	18
BAMBI	3.0459716	2.0417702	0.00583735544159681	0.042508232900284396	18
SMIM22	3.0413446	1.0456281	0.005617606671373196	0.04122979110821189	18
DPM2	3.0395958	1.5250019	0.005861594467719746	0.04262873808364875	18
CPEB4	3.03892	1.7000071	0.005890792657917084	0.042794688442537775	18
C1orf21	3.036419	1.3247187	0.005849484497839003	0.04257759538672266	18
PAK4	3.03553	1.7777698	0.005930503677268666	0.043046732409387105	18
NR6A1	3.0347433	4.0626817	0.00606542927406177	0.04388033270755197	18
MPP3	3.0332687	3.8943145	0.006074093442190535	0.04391704422171001	18
PER2	3.032368	2.779142	0.0060663994145946296	0.04388033270755197	18
MED4	3.032096	1.1560549	0.005842554335298699	0.04253638266990529	18
MREG	3.0277498	2.5241494	0.006106301310565479	0.04409288530843417	18
MRPL1	3.0273159	1.7954192	0.006060657320914042	0.04385771460642457	18
EIF2AK1	3.0264013	1.3158613	0.00599367555349078	0.043410466797588906	18
MED13	3.0241778	2.1751227	0.00616511655651231	0.044421949392476776	18
TLCD1	3.0227091	2.9883673	0.006207918959871755	0.044663193872384925	18
IP6K2	3.0175188	1.4499377	0.006162017963661123	0.04440916298219977	18
NUDT3	3.0142944	1.6849825	0.006243845033012678	0.04488315607635624	18
WDR46	3.0142941	1.7660514	0.006256319193573456	0.044934304512130034	18
SMARCD2	3.0140822	1.5536859	0.006198904889115642	0.044616661830555494	18
TBC1D9	3.0106606	1.3883234	0.0062300934042424	0.0448060489063703	18
RAMMET	3.0062969	1.4290844	0.006295066062485133	0.04518356747310376	18
ERV3-1	3.0019987	1.8212497	0.006416067391925096	0.04595372974430058	18
N4BP3	3.0017197	2.787577	0.0065043844812453545	0.046536595538705296	18
JUP	2.9926686	1.1146746	0.006384525310318695	0.04575712893876054	18
MYLIP	2.9923105	1.6745254	0.006584968621371829	0.04700285859319696	18
MFSD4B	2.983117	3.2094982	0.006802691264461641	0.04827953188770798	18
MTF1	2.9789631	2.211294	0.006812863800643206	0.04834149878091258	18
JPT2	2.9786656	1.3823702	0.00666398994616122	0.04749615103786517	18
PSMD3	2.9714742	1.2775548	0.006791101302160827	0.04821768178996111	18
MEA1	2.9701226	1.1223514	0.0068353567411409	0.04844585393149161	18
GPR160	2.9698741	1.5816929	0.006893516217722877	0.04875905260620898	18
SRSF6	2.9665809	1.3367101	0.006933011645331055	0.0489961065376037	18
PSMD12	2.9593744	1.3247197	0.007017612654518066	0.04953235396573873	18
RPL23	43.486298	3.5460474	2.355909406020101e-41	3.0392137456661614e-38	16
ERBB2	33.09058	5.5943365	9.198242434765988e-25	2.0987636020713335e-22	16
MUCL1	30.78113	9.463946	2.9381467691454073e-22	4.893750574644559e-20	16
KRT10	28.463917	4.8638005	2.1934062780862525e-22	3.7535224476168875e-20	16
PSMB3	22.382875	4.2193522	2.81090355941564e-19	3.296521548474125e-17	16
SEC61G	19.799742	2.4427977	7.52359283662096e-20	9.631634631034489e-18	16
DBI	18.40702	2.6365492	9.3633699908769e-19	1.0229862959739482e-16	16
CALML5	17.716368	5.8393908	3.4862558103638846e-16	2.6101005833798003e-14	16
MIEN1	17.461939	3.680339	1.1884968873244354e-16	9.513931765572527e-15	16
EIF3H	17.15648	2.3799856	6.546394802005562e-18	6.255630428890842e-16	16
CISD3	16.295664	4.0835247	2.3416453876433535e-15	1.5645643017319864e-13	16
RPS17	15.749762	1.6983624	2.0424280988097526e-20	2.751208066754133e-18	16
CENPX	15.179384	2.5970228	1.141720239691768e-15	7.994663582359414e-14	16
CRIP1	15.061888	3.079648	1.4085275827123273e-15	9.761037944577308e-14	16
LASP1	15.061377	3.9090507	1.7762956485677333e-14	1.011523469416135e-12	16
POLR2L	14.695583	1.7233988	5.883443233542197e-17	4.933414237405971e-15	16
POLR2K	14.523269	2.34996	3.564956555922503e-15	2.3038961048592807e-13	16
NDUFB9	14.347995	2.2575762	4.636954694334539e-15	2.9125111873160067e-13	16
IFI27	14.094018	3.447736	4.25376347166102e-15	2.70218713263224e-13	16
CYB5A	13.81673	2.6225605	2.1356167304769916e-14	1.2018577308209526e-12	16
MLLT6	13.782294	4.0436115	1.6774988712046703e-13	8.003554713951046e-12	16
SERF2	13.241854	1.6200242	4.8334256873567456e-14	2.5579324688054504e-12	16
RPS6	12.951181	1.4901677	4.6584323992530617e-14	2.4762041379294286e-12	16
RPL30	12.913296	1.2259178	4.5223127444660465e-14	2.407664948605328e-12	16
H2AFZ	12.647498	2.2660925	1.178114535816663e-13	5.7351436350982135e-12	16
SCGB2A2	12.527014	7.27545	1.6090417596756366e-12	6.565555919863812e-11	16
NOP10	12.357591	2.1450737	4.313259403487516e-13	1.93152247866989e-11	16
DMAC1	12.3151455	2.8757887	1.2234730863379815e-12	5.11039984917338e-11	16
MIF	11.992166	1.8792993	3.33156086219487e-13	1.532837899573088e-11	16
DPY30	11.924089	1.929693	4.149195600647347e-13	1.8680291227021833e-11	16
MT-CO2	11.904572	1.5180115	2.615598088781441e-17	2.3147698020004834e-15	16
DUSP6	11.747144	4.043769	6.796191515694513e-12	2.546939213719661e-10	16
SQLE	11.142932	3.6136332	2.06005008034731e-11	7.13803096538524e-10	16
DYNLT1	11.063185	1.7525122	2.7504093559753526e-12	1.0943236086449502e-10	16
SELENOP	11.036186	2.6050105	8.049512504528695e-12	2.9800077142869423e-10	16
MGST1	10.961309	2.5848157	9.733310013073098e-12	3.564027850965991e-10	16
CD24	10.9586735	1.7067429	7.702946964552752e-14	3.861951332407531e-12	16
SCD	10.8368	3.699268	3.6792503405346276e-11	1.2158200558805118e-09	16
TMEM258	10.797902	1.0792642	2.4642416204668574e-13	1.1479601137788731e-11	16
MT-CO1	10.768335	1.323581	4.586106210248055e-16	3.3807162285259345e-14	16
LAPTM4B	10.759098	3.292913	4.0927927254573176e-11	1.343212923723717e-09	16
MTDH	10.698905	1.9015388	1.581877485319524e-11	5.590911773983367e-10	16
KDELR2	10.617672	1.989801	1.7200978108792302e-11	6.060273180115574e-10	16
ATP5MPL	10.569549	1.2884756	2.8498138853322235e-12	1.129853516878583e-10	16
TOMM5	10.2023945	2.953182	1.1550204219553546e-10	3.5541779791563807e-09	16
CSTB	10.192141	1.5035309	1.7755710683390329e-12	7.227479272228095e-11	16
TMED10	10.056988	1.5754496	2.4661823523870114e-11	8.423444224176451e-10	16
GUK1	10.02369	1.3736267	2.6729415234217014e-11	9.074203606992641e-10	16
ATP5MG	10.0187435	1.2972841	2.9265622312667634e-11	9.845518936701956e-10	16
ZNF706	9.892763	1.6710746	6.218285409351834e-11	1.9882508190187785e-09	16
FADS2	9.7518215	4.6329856	4.6046785142379574e-10	1.2817055771456873e-08	16
BST2	9.722198	2.0324383	7.977484840648169e-11	2.507711518652111e-09	16
COX6C	9.615137	1.1887591	3.7098771559184004e-13	1.6883716375394715e-11	16
MT-ND1	9.570241	1.2122153	2.2611369973943234e-12	9.09362062705072e-11	16
CHCHD2	9.565855	1.1087842	7.220907036873643e-11	2.2848721030545175e-09	16
TMSB10	9.516802	1.1002612	5.959411939037939e-11	1.9091178208908453e-09	16
SLIRP	9.487545	1.5923355	1.5863609977224435e-10	4.73803510459559e-09	16
CTHRC1	9.482759	2.8433597	3.171851348239863e-10	9.03883314114811e-09	16
TMA7	9.41387	1.4276934	2.6013226759990504e-10	7.521897732192144e-09	16
OST4	9.385564	1.4440333	2.366898078706834e-10	6.891330595304334e-09	16
NDUFA6	9.382281	1.8698097	3.3741188951515575e-10	9.566468458349822e-09	16
TMEM123	9.324438	1.8403242	3.208599728172587e-10	9.135793164909741e-09	16
HEBP2	9.288694	1.6657763	2.0394605669014357e-10	6.000486567933425e-09	16
SPINT1-AS1	9.277178	2.699608	7.533726021901376e-10	2.0054659087348738e-08	16
MT-CO3	9.265062	1.1781296	3.560735113125204e-13	1.6249063459773125e-11	16
TIMM8B	9.261719	2.4119656	7.84937444335169e-10	2.0845278559339588e-08	16
PLGRKT	9.234478	3.085647	1.0647033723806247e-09	2.764025991719701e-08	16
HMGCS1	9.232285	3.7113853	1.2199536282622167e-09	3.1379190679097396e-08	16
MRPL45	9.229221	3.556997	1.2168685514994546e-09	3.132385885329487e-08	16
EI24	9.228515	1.8161148	4.214306797880351e-10	1.1779338692308739e-08	16
SSR3	9.2218275	1.4838588	1.9704935325518565e-10	5.802662298096736e-09	16
HMGN3	9.109286	1.7403544	5.024559452788192e-10	1.383651466387264e-08	16
MT-ND2	8.944874	1.3421229	8.556642970735021e-11	2.6747284425109353e-09	16
CWC25	8.943594	3.3421829	2.1786665174394633e-09	5.396946356088408e-08	16
SEC61B	8.918862	1.4578917	7.063094775185946e-10	1.8921985771127143e-08	16
COPS9	8.913566	1.4429066	3.951862599775392e-10	1.1129254698494242e-08	16
MT-ND4	8.847103	1.0911496	5.465574191994231e-12	2.0644236933972804e-10	16
AQP5	8.84416	6.092235	3.4627987422033575e-09	8.337812822127984e-08	16
C3orf14	8.839935	2.7216203	2.206547359070459e-09	5.4579502190694886e-08	16
IGHG1	8.774709	4.475324	2.977763788651004e-09	7.227002549576219e-08	16
MT-ATP6	8.707292	1.235432	4.742979753049987e-11	1.54151437884738e-09	16
GRB7	8.68199	3.5077138	3.798300112707717e-09	9.080455030672099e-08	16
IGHM	8.629886	4.08718	3.7204026006360656e-09	8.926038886118332e-08	16
CYCS	8.522782	1.2768688	8.374458746715472e-10	2.2152028456118584e-08	16
CEACAM6	8.511584	5.451153	6.989956900874142e-09	1.5981604936074956e-07	16
HSBP1	8.506293	1.2308095	8.922424668265206e-10	2.3471925160649668e-08	16
TXN	8.389394	1.1390393	8.438555260408801e-10	2.2303985972369707e-08	16
NDUFB6	8.370077	2.198338	5.609819305468259e-09	1.2976479263773165e-07	16
FAM84B	8.313707	3.6205478	9.722915753110655e-09	2.1668858290703288e-07	16
PYURF	8.295442	1.8111742	5.174984277725573e-09	1.2070524871988416e-07	16
SSR4	8.290455	1.2931304	2.634449061152421e-09	6.445080668133723e-08	16
SPTSSA	8.238442	2.3969543	8.637356673919958e-09	1.9430287069077752e-07	16
CLTA	8.220165	1.4368008	4.326985555693728e-09	1.0227725336400517e-07	16
ARF4	8.119565	2.002258	9.784716039772814e-09	2.1792108943560423e-07	16
RAD21	8.01912	1.8964812	1.0135434992777993e-08	2.2528338309659816e-07	16
COA4	7.996182	2.0212982	1.2616835806133905e-08	2.756881366602849e-07	16
PIP4K2B	7.9919934	4.3206887	2.162161581969645e-08	4.546775023250399e-07	16
TSPAN13	7.9913898	1.610934	5.929123401390827e-09	1.3652942373779838e-07	16
ANAPC11	7.813219	1.6278317	1.669264750844007e-08	3.57732873393127e-07	16
MYDGF	7.710878	1.5613413	1.8214983903011375e-08	3.879039841847013e-07	16
ERH	7.6928005	1.2457259	1.3569039282185866e-08	2.9453593227834853e-07	16
GALNT7	7.687473	3.3338664	4.019293206440023e-08	8.072521762706876e-07	16
ADI1	7.684917	2.0178683	2.6470095393649492e-08	5.498312731190199e-07	16
CXCL17	7.656743	3.8563235	4.398308458727947e-08	8.755113591346829e-07	16
IGKC	7.656588	3.4911933	3.358576527432622e-08	6.839709490383581e-07	16
CCND1	7.6161456	1.5935816	1.7501338975059047e-08	3.73893255135322e-07	16
SNRPE	7.598049	1.2865301	1.896881267394809e-08	4.021700037274923e-07	16
MARCKSL1	7.5630007	1.3483789	1.3575998071086932e-08	2.9453593227834853e-07	16
SF3B5	7.5474443	1.442241	2.7029451975362288e-08	5.603182006833291e-07	16
CETN2	7.5119395	1.8905673	3.703144209988656e-08	7.495905850768226e-07	16
NUDT8	7.4807463	4.4201818	7.268383651433686e-08	1.3930791774442129e-06	16
UQCRQ	7.476392	1.0079399	1.4886502929393825e-08	3.2068605957276706e-07	16
SF3B6	7.429833	1.166783	2.252626688019694e-08	4.731080259415689e-07	16
MDK	7.4027734	2.2825155	5.585247114061356e-08	1.0948847074969722e-06	16
GGCT	7.313902	2.075128	7.350840981807556e-08	1.4064720899646734e-06	16
ATP5PF	7.2908773	1.0864946	3.113621172653633e-08	6.387429866454301e-07	16
EMC4	7.2866673	1.6898613	6.35924803826354e-08	1.2322099275066288e-06	16
MT-CYB	7.278978	1.0185535	5.110513167698743e-09	1.1945067746187007e-07	16
P4HB	7.2748857	1.7232	7.222290752834938e-08	1.385828685016228e-06	16
MAL2	7.193274	1.8528364	8.069399036631935e-08	1.5378165516344985e-06	16
NDUFC2	7.1413994	1.1920928	4.458618992268898e-08	8.864643723751696e-07	16
SMARCE1	7.130037	3.0268362	1.4990584724890497e-07	2.7105078288816827e-06	16
PRDX2	7.1195273	1.3059196	5.952610963972247e-08	1.1601192582370317e-06	16
SCP2	7.1074	1.783377	1.1469689293235761e-07	2.1233529456862582e-06	16
QPRT	7.104245	3.3616378	1.6668315611212884e-07	2.9817171942170205e-06	16
NDUFA1	7.074944	1.1473621	7.004311651266567e-08	1.3463129919491802e-06	16
MPHOSPH6	7.041585	2.7912862	1.8052410864668078e-07	3.20537804558937e-06	16
MSMO1	7.026351	2.5707428	1.739180873393957e-07	3.0946347837934594e-06	16
CDC37L1	7.015442	2.877808	1.912303263171352e-07	3.379376383036371e-06	16
RPS25	7.0076537	1.0700656	1.4248327620063276e-07	2.590261011948739e-06	16
B2M	7.004848	1.4396071	8.812164977231908e-08	1.664238882327339e-06	16
RARRES3	7.0009522	2.8358073	1.911035051862278e-07	3.378915480996978e-06	16
CNTNAP2	6.9933496	5.6493187	2.4412435261723916e-07	4.23599322872986e-06	16
ATP5IF1	6.8959737	1.2118803	1.1779041395276418e-07	2.175555217174925e-06	16
SRPRB	6.888085	2.3772674	2.3603135108856305e-07	4.104057826263086e-06	16
PGAP3	6.8842454	4.1162853	3.0307803247887896e-07	5.17067156021062e-06	16
TMED2	6.8763094	1.3126757	1.5374003695730213e-07	2.7693848440305425e-06	16
LSM3	6.871235	1.4311372	1.7324930155391386e-07	3.0843709253820724e-06	16
C8orf59	6.837957	1.9542168	2.447060506543684e-07	4.239507048036245e-06	16
CRIP2	6.7904053	1.826092	2.2702908025712983e-07	3.957787100262157e-06	16
SMARCA2	6.771444	2.5386565	3.4421958816595846e-07	5.795918276442978e-06	16
SRSF9	6.760647	1.5306469	2.5582504225187726e-07	4.423003990809389e-06	16
IGLC2	6.745094	3.299349	3.5946304105105177e-07	6.03440933928595e-06	16
EID1	6.7416453	1.1791953	1.618217853006189e-07	2.900943078978118e-06	16
EBLN3P	6.691366	2.1150572	3.6679341340756124e-07	6.142095795857719e-06	16
UQCR11	6.69104	1.005438	1.8206092978409418e-07	3.2258349951866366e-06	16
PDCD5	6.670455	1.5757334	3.228013257158369e-07	5.4654615173320976e-06	16
TMEM167A	6.669164	1.5944555	3.1571271519822473e-07	5.361681104032231e-06	16
MTA1	6.653514	2.663762	4.7313463429978865e-07	7.729863014636732e-06	16
MRPL34	6.628758	2.0609107	4.585727016468984e-07	7.517588947184075e-06	16
SERP1	6.6275425	1.0583019	2.7249196995169284e-07	4.687001622640887e-06	16
MT-ND3	6.6072855	1.2202451	1.1020090316683815e-07	2.046649220996079e-06	16
HMGB3	6.6061635	2.002861	3.836358572341706e-07	6.395392787023517e-06	16
EPCAM	6.5971465	2.035852	4.504264229969751e-07	7.405761104775266e-06	16
TMEM251	6.536159	2.6225517	6.070334485679691e-07	9.700099522829087e-06	16
TXNL4A	6.5103836	1.5567564	4.854396387832471e-07	7.900112044846624e-06	16
MGAT4A	6.469274	2.6212702	7.345928511876372e-07	1.153431707947185e-05	16
ABRACL	6.468995	2.0162425	6.628872369372634e-07	1.0502551163964453e-05	16
TMED3	6.46656	1.4531729	4.848177307844586e-07	7.89765493358015e-06	16
CYB561D2	6.438183	2.725476	8.021684824567338e-07	1.2520024695244908e-05	16
SUMO1	6.4352517	1.1858404	4.667305094890435e-07	7.628951276204682e-06	16
JTB	6.4119005	1.1158686	4.893178060764462e-07	7.959363983322059e-06	16
TEX9	6.408289	5.0667095	1.0122777440452514e-06	1.5468249573130654e-05	16
NDUFS6	6.341837	1.1394932	5.936071079960891e-07	9.494599909059048e-06	16
TMEM134	6.336861	1.8916075	9.316874687778262e-07	1.4334738252420674e-05	16
OSTC	6.33215	1.453579	7.586272145299909e-07	1.1873595614815877e-05	16
KRT19	6.3177843	1.987697	7.075491887367668e-07	1.1157455260658153e-05	16
HINT2	6.304731	2.03213	1.0455856397902016e-06	1.593366103780243e-05	16
XBP1	6.2902822	1.0975162	3.054093045840245e-07	5.204892119996289e-06	16
NME1	6.2859526	1.9698008	1.0876225324809732e-06	1.6521715290735652e-05	16
ATP6V1G1	6.2704916	1.2356342	9.030000782772556e-07	1.3950956068861092e-05	16
CPNE3	6.2624035	1.6531954	9.793796854860002e-07	1.5006566482816781e-05	16
MRPL41	6.248909	1.6551826	1.0982874656313636e-06	1.6646027964185075e-05	16
SYNGR2	6.233522	1.6785179	1.0903022625736695e-06	1.6554924485732662e-05	16
TMEM99	6.1837597	2.9018044	1.640975316917234e-06	2.4098053023082726e-05	16
SMCO4	6.166275	2.2827582	1.527595691887058e-06	2.2541613331097146e-05	16
ORMDL3	6.071775	2.965264	2.1411795197340843e-06	3.067804454139296e-05	16
APLP2	6.06951	1.4609711	1.5920138578753403e-06	2.3420060003068763e-05	16
PABPC1	6.039755	1.15051	1.5381074243917311e-06	2.2669083193109176e-05	16
S100A9	6.0332837	3.4679618	2.3757013567443923e-06	3.3721286164436587e-05	16
CD9	6.030224	1.3767885	1.5382616304676809e-06	2.2669083193109176e-05	16
GRHPR	6.029817	1.7063559	1.9246590156642056e-06	2.7885523993258368e-05	16
NDUFAF8	6.027467	1.6899796	1.9648777484698566e-06	2.8388749509989368e-05	16
LRRC59	5.980098	1.7949057	2.1525682044197355e-06	3.082804873801979e-05	16
MRPL3	5.961587	1.5488797	2.019630596832512e-06	2.9098122787095912e-05	16
AL354707.1	5.953128	4.864943	3.184649547510067e-06	4.38670761696243e-05	16
GTF2H5	5.946367	1.7161167	2.448000096318316e-06	3.468879223938007e-05	16
RSL24D1	5.9367914	1.4469965	2.327120335111822e-06	3.305969638288251e-05	16
BRK1	5.9080515	1.1539586	2.321460513595927e-06	3.299326571462754e-05	16
SELENOF	5.888696	1.3968514	2.537044867502899e-06	3.57391944144959e-05	16
AKR1A1	5.8886333	1.7792681	2.9972535540158962e-06	4.15245276560294e-05	16
PLPP2	5.8869734	1.7939447	2.867307918079197e-06	3.990554974286072e-05	16
ALG13	5.878995	2.0712638	3.05220095969362e-06	4.221602985116854e-05	16
EMC7	5.859868	1.4585087	2.504641162043444e-06	3.5416597477276206e-05	16
SFT2D1	5.8161135	1.6252894	3.4027474705793537e-06	4.6546310322472307e-05	16
RBX1	5.804997	1.0027752	2.4459481798118685e-06	3.4674365130629705e-05	16
S100A16	5.802108	1.3147988	2.6490878859252308e-06	3.719257295178659e-05	16
AZGP1	5.7190833	1.7158071	3.735203577950818e-06	5.066011452003575e-05	16
CTNNBIP1	5.714713	2.3080773	5.18279501445232e-06	6.843942030698633e-05	16
COMT	5.7024937	1.7789705	4.8228201344957584e-06	6.401353784373653e-05	16
PCGF2	5.6910505	3.0910635	5.921870034393687e-06	7.728616452280103e-05	16
SNHG25	5.654944	2.1135852	5.630743910123926e-06	7.370564805533341e-05	16
SMIM7	5.64949	1.6161691	5.2870893693613405e-06	6.967947526041207e-05	16
C19orf24	5.629764	1.8634969	6.069416203986626e-06	7.893535823881947e-05	16
NDUFAB1	5.595308	1.0778798	4.808125453656467e-06	6.3869043897462e-05	16
PYCR1	5.588486	2.1066606	6.945475920871308e-06	8.942733507176375e-05	16
C19orf53	5.579501	1.1857396	5.93957485279424e-06	7.748707901111303e-05	16
VCP	5.5570593	1.5099094	6.427784726956154e-06	8.330538157914852e-05	16
PSMG3	5.508525	1.8379525	8.21347732948483e-06	0.00010431209508074619	16
SMIM27	5.5040674	2.510553	8.901976031083492e-06	0.00011229077775801858	16
TATDN1	5.4929156	2.0359366	9.086863616395713e-06	0.00011436491277956045	16
CMC1	5.4854083	2.144582	9.1054286081833e-06	0.00011453474777701301	16
SRP9	5.475406	1.1427888	7.055484453588111e-06	9.08089040897156e-05	16
CCDC107	5.4722	2.015359	9.121878620948994e-06	0.00011463354470784946	16
GNE	5.4353557	5.0540814	1.1952157672103692e-05	0.00014524902915943115	16
FAM91A1	5.4163775	2.1953235	1.0985093101497917e-05	0.0001353603996022563	16
SDHD	5.4161534	1.901253	1.0469193401396373e-05	0.00012965845413655816	16
PDXK	5.4142885	1.6149576	9.827872305292068e-06	0.0001226783271275777	16
IGHA1	5.4011436	2.860372	1.1742093319918023e-05	0.00014326720700013473	16
COX17	5.374339	1.1397291	9.456565956075176e-06	0.00011844013395545836	16
MRPL27	5.370714	1.7026057	1.1695691636296318e-05	0.00014275298150400828	16
STARD10	5.3681397	1.8355737	1.1499083488106923e-05	0.00014071169619649554	16
SCAND1	5.3642454	1.3171123	1.0788280578284472e-05	0.00013308191205451986	16
LAMTOR1	5.3570485	1.4086136	1.1888680093906462e-05	0.0001446348273593459	16
RNF7	5.344582	1.1106911	1.051287422776126e-05	0.00013006724989794924	16
AC025154.2	5.3351912	5.9117527	1.559353111412204e-05	0.00018403329595312012	16
PERP	5.329665	1.2492921	8.838585897377061e-06	0.00011157508828901919	16
TRMT112	5.320697	1.1275328	1.1658299251660518e-05	0.00014234838558425388	16
PKIB	5.301748	1.7168685	1.2925591005249101e-05	0.0001556127953722398	16
G6PD	5.2980223	3.107541	1.636898497251025e-05	0.00019196927446257564	16
UTP23	5.2894564	2.67763	1.6326131427842475e-05	0.00019153367408928452	16
PPP1R1A	5.2826324	4.000575	1.7313192105613394e-05	0.00020149263581345554	16
PHLDA2	5.2817473	1.7538487	1.4311244741266669e-05	0.00017082329532627238	16
MRPS26	5.255961	1.4559873	1.46932576569625e-05	0.00017488522181411612	16
ECHS1	5.2168093	1.4634378	1.6468612313633173e-05	0.00019286792095376054	16
TYMP	5.21494	1.6851872	1.767359375927194e-05	0.00020540194327087322	16
ATP5MC3	5.2085876	1.1011665	1.542587821884798e-05	0.00018231126897053565	16
TIMM13	5.208186	1.2141063	1.603521693775127e-05	0.00018845031930943073	16
PSMD10	5.2005243	1.8189446	1.8195992736021644e-05	0.00021074302222337773	16
SPCS2	5.194738	1.4093173	1.857610988231699e-05	0.00021462669705917813	16
NFIB	5.182925	2.2486293	2.068334343785122e-05	0.00023580558200168855	16
IDI1	5.172779	1.8515846	2.0210984396473544e-05	0.00023112738753566968	16
PRDX4	5.167956	1.4453759	1.908087612395892e-05	0.00021962651546798427	16
ANAPC13	5.165086	2.0670035	2.192555123056264e-05	0.00024861558952816147	16
FAM177A1	5.1598377	1.2709638	1.84081358923836e-05	0.00021283257013665573	16
ACP1	5.1143794	1.252196	2.050741572726819e-05	0.00023395892207765385	16
TOMM22	5.095067	1.2990633	2.221807857919093e-05	0.00025125305921262406	16
FDPS	5.077795	1.8166103	2.6605396622133184e-05	0.00029591004948242497	16
PHF14	5.0689545	1.6691668	2.6280061007620436e-05	0.00029284369643076314	16
TXNDC17	5.060982	1.1996437	2.3981440044599368e-05	0.0002693775889269616	16
JPT1	5.056357	1.630365	2.7292179879854588e-05	0.0003029142969391802	16
MRPL55	5.0561633	1.2915915	2.4815354207000535e-05	0.0002779071103362287	16
DHCR24	5.0508513	1.4782405	2.5101102317016952e-05	0.0002808175979376541	16
EIF4E	4.970649	1.2477247	2.9517357321338075e-05	0.0003252436537171486	16
GTF2A2	4.965168	1.1738733	3.05851633268051e-05	0.0003356861790393881	16
FKBP2	4.950923	1.072059	3.013442634703266e-05	0.0003309557282599288	16
MID1IP1	4.945458	2.6533818	4.0068123275608325e-05	0.00042786530493065227	16
OAT	4.942964	1.6174413	3.625092724607699e-05	0.0003914656634773562	16
MPC1	4.933358	1.8136877	3.844830762031012e-05	0.0004120110817548951	16
DCUN1D5	4.926855	1.6046902	3.709850244961043e-05	0.0003990662532608156	16
PNMT	4.923776	3.8273392	4.3715202501924196e-05	0.0004625399391536402	16
PGRMC1	4.901844	1.4543537	3.965217361780547e-05	0.000424098710240693	16
H2AFV	4.9004908	1.2091035	3.653667999229081e-05	0.00039429754942774326	16
NQO1	4.8997784	2.1895363	4.413935099941224e-05	0.0004659987320967221	16
GTF3C6	4.892131	1.3286871	3.9736083071893874e-05	0.00042472529073116395	16
PTS	4.8908086	1.6602018	4.166063843956369e-05	0.00044388166261162825	16
ERMP1	4.889268	3.5159755	4.8295363876165315e-05	0.000506210874928269	16
RWDD1	4.874304	1.1696329	4.052911196586785e-05	0.0004325125499354672	16
C12orf45	4.8679485	2.0197718	4.6478287082297656e-05	0.0004886922341778513	16
DERL1	4.8621244	1.8207949	4.7565433715757864e-05	0.0004993402855274599	16
MRPL12	4.851416	1.9453506	4.978667403033135e-05	0.0005198925384966825	16
THOC7	4.8504558	1.3208139	4.3714275515117125e-05	0.0004625399391536402	16
CDK2AP2	4.844912	1.8013612	4.945805313310454e-05	0.0005167827290147849	16
C12orf57	4.8411756	1.0070457	4.169856999801895e-05	0.0004440037258106519	16
MAGOHB	4.829851	2.105415	5.2469647928851944e-05	0.0005441819607859069	16
MRPS21	4.8178935	1.1396228	4.763014626839418e-05	0.0004998631839762857	16
LDHB	4.816789	1.5818161	5.100037294721873e-05	0.0005310783946049871	16
AC109826.1	4.809393	4.8238225	6.016507380964207e-05	0.0006150553918467554	16
DAD1	4.808761	1.024519	4.519219664051603e-05	0.00047591568838918305	16
IGLC3	4.8049383	2.5651004	5.26369498873329e-05	0.0005455797083346826	16
PSMB5	4.7835283	1.0367235	4.729852744055325e-05	0.0004970049839860891	16
BLVRA	4.7702613	1.8528259	6.004170927944751e-05	0.0006143560008974829	16
FKBP3	4.765179	1.5535109	5.853235727192903e-05	0.000600928618077065	16
CKAP4	4.749718	1.725443	6.115031992083622e-05	0.000624746536845802	16
GADD45GIP1	4.741946	1.0214479	5.554404267043302e-05	0.0005727029619455868	16
LINC02303	4.738223	5.4782386	7.267754699298747e-05	0.0007296251432779984	16
CNN3	4.7210035	1.4913837	6.464278114326179e-05	0.0006558328863660447	16
TMEM87A	4.7208395	1.6741619	6.765939092536235e-05	0.0006839552836128929	16
CBR3	4.7147	3.0453975	7.537031919157715e-05	0.0007530520929415219	16
TRIB3	4.7142267	2.7452817	7.409266012069642e-05	0.0007420152077014477	16
ETFA	4.7089086	1.7338057	7.021499243866094e-05	0.0007065949779133294	16
IRF2BP2	4.672556	1.1620157	6.88645807120488e-05	0.0006946727523797981	16
AURKAIP1	4.666859	1.0546685	7.060945961230382e-05	0.0007101384962087804	16
HDDC2	4.66478	1.3843391	7.259622594313576e-05	0.0007292452873191725	16
DUT	4.663721	1.4858834	7.697029650514614e-05	0.0007672492906432766	16
DPM3	4.619879	1.3144029	8.231030081730508e-05	0.0008151077058497873	16
SNAPC3	4.612162	2.3371851	9.448357739633658e-05	0.0009232586995555235	16
SELENOK	4.604767	1.1686195	8.375441012204472e-05	0.0008279376952314993	16
CRYM	4.578059	7.209874	0.00011107184285713922	0.001065635206313303	16
SCGB1D2	4.572433	3.2199535	0.00010583756989800538	0.0010221416446729048	16
APRT	4.5692554	1.1550657	9.543395301475838e-05	0.000931592030869619	16
PHYHD1	4.5690145	2.5833757	0.00010670175428207219	0.0010298945439928008	16
KRT7	4.541865	1.6185604	0.0001035232094945085	0.0010032568534109533	16
GALNT3	4.5397096	2.701365	0.00011706297769799876	0.0011167262044848056	16
TJP1	4.5382323	2.0090685	0.00011280438423979189	0.0010796979680371365	16
SPDEF	4.5365844	1.7103245	0.00010871510772487601	0.0010460651452933363	16
MRPS7	4.5253158	1.476169	0.00011104627158894215	0.001065635206313303	16
POLE3	4.5175824	1.7236195	0.00011717070840170982	0.0011174360905606337	16
CHURC1	4.4980607	1.3936431	0.00011742233949091909	0.001119517535208902	16
UBE2L3	4.4971757	1.016184	0.00010803805215441998	0.0010409952046283829	16
DCXR	4.4926248	1.3653508	0.00011948338102487651	0.0011375509744409261	16
CRIPT	4.4905944	1.7577102	0.00012642978350107755	0.0011978994842646565	16
LMAN1	4.486011	1.246499	0.00011774828692303268	0.0011223061357446544	16
CAAP1	4.47965	3.2185674	0.00013972328031242493	0.0013090666326701242	16
GSE1	4.4732985	2.0860188	0.00013488446780881625	0.001267271690413307	16
SPTSSB	4.4677706	3.9179735	0.00014562049032696962	0.0013597597065859934	16
TIMMDC1	4.4622407	1.7908049	0.00013730924660666405	0.0012878885459826955	16
MRPL18	4.4438896	1.4692817	0.00014052824396036887	0.0013162406675997578	16
CHMP5	4.443574	1.3718953	0.00013943617401931895	0.0013067417470751543	16
UQCRFS1	4.433719	1.1343207	0.00013635580004445715	0.0012796614127843138	16
EPOP	4.427976	4.3406286	0.0001619983281025744	0.0014976807946219539	16
IDH1	4.425145	1.8820642	0.00014933765979223453	0.0013898264281607486	16
SELENOS	4.4173465	1.0281504	0.0001331465934668005	0.001253753478795608	16
SOCS7	4.412165	3.7229533	0.00016815655155680173	0.001549063140831279	16
GLYATL2	4.401172	4.1666164	0.00017343009486884298	0.001592394966327912	16
CNIH1	4.385273	1.5241765	0.00016508866490627308	0.0015241505393947994	16
GCHFR	4.3566127	1.9949946	0.00018163589201333942	0.0016599063791942425	16
AC006449.6	4.354254	3.9647334	0.00019556012806531424	0.0017727789879564068	16
RPS6KB2	4.3535514	2.1050158	0.00018733728851894635	0.0017060765664441975	16
TPD52	4.338588	1.0400327	0.00015973270014102322	0.001479589752949478	16
ALDH3B2	4.32384	2.5952454	0.00020556447789359821	0.0018509632625581685	16
ACTR6	4.3207536	2.1249156	0.000202488409326832	0.001828665518909874	16
RTL8A	4.310925	1.773909	0.00020478189825502325	0.0018454029149306112	16
PSME2	4.3053045	1.1566302	0.00019043619889954046	0.0017314775134967435	16
KNOP1	4.302038	1.2304343	0.00018556277136830697	0.001692673623732495	16
SPTLC2	4.3008366	2.0739756	0.000212375744739978	0.0019058740741893486	16
ZDHHC21	4.2983985	2.3836756	0.00021916755954608856	0.001958726116369666	16
AL391832.2	4.2923465	4.0016947	0.00022907177195578647	0.0020380096294878073	16
GNPNAT1	4.2882853	2.172759	0.00022207947509075406	0.001982109546040176	16
PPIB	4.2863526	1.035046	0.00020117590769166627	0.001817791249969337	16
UBE2L6	4.275698	1.426837	0.00021240145759875332	0.0019058740741893486	16
PAFAH1B3	4.2623105	1.2184168	0.0002132846272185879	0.0019122640153805552	16
ATP1B1	4.2453866	1.0473222	0.000202395430790258	0.0018283181104594786	16
EEF1AKMT4	4.23486	2.8588874	0.0002622108470170269	0.002305324775831743	16
CD163L1	4.2132654	3.0333238	0.00027779849289649906	0.0024253565858490525	16
MRPS23	4.1976247	1.727964	0.00027822192011447684	0.0024282699512255183	16
UCP2	4.1829834	1.5700539	0.0002778158076035914	0.0024253565858490525	16
TNFSF10	4.1801977	1.8300823	0.0002893855929469907	0.002517189360226923	16
SLC38A1	4.1762643	1.2182642	0.00026272070344372626	0.002308597095678811	16
TSPYL1	4.173972	1.4170284	0.00027946311746381215	0.0024378341801960268	16
ACSS2	4.1604486	2.7758033	0.0003151419390000169	0.0027172688370178835	16
DENR	4.154258	1.4904277	0.00030446780754799375	0.0026359155352934202	16
U62317.2	4.1480856	4.787491	0.00033636956513153547	0.0028854658782805197	16
NUS1	4.147229	2.130024	0.0003202529541315437	0.002759209949788366	16
FASN	4.141971	1.5085036	0.00030118247960601266	0.0026096516529230873	16
SPRED2	4.122482	2.305669	0.0003417415966888454	0.00292034519606129	16
NCBP2-AS2	4.116755	1.8419051	0.00034146519684953434	0.0029194708558578208	16
HOOK2	4.114737	1.2825309	0.00032587172711267696	0.0028004262359944397	16
TUSC2	4.11376	1.758154	0.00034697884001320386	0.002961288404669747	16
PRKAR2A	4.10981	1.537327	0.00033707986228175745	0.0028908196524654634	16
RPP25L	4.108965	2.0275273	0.0003515920634779197	0.002993083604343377	16
ERG28	4.1020236	1.8574916	0.00035998501831845423	0.0030529096079441906	16
ACBD3	4.0988026	1.3948115	0.000341664236012944	0.00292034519606129	16
HAUS6	4.09818	2.6278226	0.00037172076432755093	0.0031373644077278273	16
SLC31A1	4.0964875	2.6236277	0.00037564993546195067	0.0031657473581229367	16
BLVRB	4.093572	1.1447324	0.000334207811700765	0.0028676552090701867	16
HIGD1A	4.09289	1.5298041	0.0003543621049656475	0.003011314761249755	16
SS18L2	4.089743	1.4375242	0.00035657716905083866	0.0030286034001352695	16
SYNCRIP	4.085812	1.1552113	0.0003450586303702608	0.0029464387783220258	16
TMEM45A	4.084189	2.0538304	0.00037303372946246644	0.0031452801206386595	16
MAP3K13	4.079323	1.1837076	0.0003500447052747844	0.0029806675449661193	16
GMDS	4.076567	2.121717	0.00038693074584898236	0.0032501988846783667	16
MRPS34	4.073759	1.1751155	0.00036395095763679753	0.003079535587814285	16
TOP2B	4.0683017	1.6758403	0.0003791335151718796	0.003191896895677714	16
IMP3	4.060116	1.3563012	0.0003820774060735915	0.003214260917259677	16
REEP6	4.0512786	2.4103887	0.00041792460551185785	0.003480906181642221	16
NFKBIZ	4.035393	1.4298016	0.0004055297420442487	0.0033894525486932833	16
SLC2A10	4.0299025	2.3736334	0.00043792626893525167	0.0036312694651068666	16
DEPTOR	4.029832	2.7826147	0.00044434676348401606	0.003676979344897163	16
MAP7	4.0285373	2.0766976	0.0004369038699848948	0.003623687612058199	16
ELOF1	4.0261827	1.2998867	0.00040822197222966733	0.003409405669958982	16
EXOSC3	4.019607	1.8839912	0.0004426160283495461	0.0036656257300918824	16
AP2S1	4.008833	1.0518078	0.00042506765697395815	0.0035333814826675417	16
ECH1	4.0087748	1.3677177	0.0004440587528763075	0.003675758793243887	16
AIG1	4.0072217	1.571508	0.00044598519406303374	0.0036889739566136164	16
TSTA3	3.9829373	1.5658939	0.00048401756234866145	0.0039731847916633515	16
PUM3	3.981895	1.9538839	0.0004922831526831587	0.004031361796239775	16
MRPL58	3.977372	1.9545767	0.0005017244460364554	0.004097477390920076	16
MRPL13	3.9742997	1.4271405	0.00048790772624639683	0.004001201233748263	16
LSM5	3.9737585	1.1124787	0.0004764453700816131	0.003917738209832652	16
LLGL2	3.9731169	1.6410586	0.00048671330604256884	0.0039933588546902645	16
BABAM1	3.9687796	1.4353302	0.0004906116122466402	0.004019444085580009	16
KCNS3	3.9667597	2.6347797	0.0005208822763833675	0.004232294678336853	16
SMIM4	3.957059	1.5110668	0.0005081068806475282	0.0041455638248111765	16
DDX18	3.9494243	1.142898	0.000504131379612191	0.0041141291006259115	16
FOXA1	3.9463813	1.4948813	0.0005173779067314299	0.004208428013878713	16
UBXN4	3.9420846	1.0690011	0.0005152316960020911	0.004196548401069971	16
FBXW5	3.9317038	1.4440335	0.0005376336620080238	0.00434524594154485	16
HSBP1L1	3.9242637	1.2732807	0.0005295935607528306	0.004287496408691936	16
SMARCA4	3.9176145	1.1353612	0.0005369852247282054	0.0043410511985077695	16
SMIM14	3.9123504	1.1622669	0.000546201302343834	0.004409178792277866	16
SEC11C	3.9067013	1.3599368	0.0005745164503241474	0.004610720409187723	16
PPP1CB	3.9039598	1.0644586	0.0005551902966635172	0.004473129411576035	16
MRPL17	3.8851316	1.8240305	0.0006341908543834932	0.00503975921680681	16
SYCP2	3.8692412	2.4951608	0.0006658879718726981	0.0052638577573844375	16
ME1	3.8609107	4.1477375	0.0007016197973179236	0.005519003194615496	16
HLA-DRA	3.857156	1.2939311	0.00057577295069305	0.004618990801051325	16
POP7	3.8542712	1.3017254	0.0006556452623007289	0.005196360525243087	16
PTPMT1	3.853946	1.574578	0.0006728342537707126	0.005310007930758464	16
AP001528.2	3.8525393	5.776276	0.000720965900338592	0.005643387926080913	16
MRPL21	3.8457475	1.3446894	0.0006762684182894797	0.0053358548618789555	16
TMEM126B	3.8457255	1.5502434	0.0006827966431029521	0.0053848300508620075	16
TUSC1	3.8439085	2.201968	0.0007141219291119613	0.005600272065546946	16
LRRC45	3.8415544	3.01377	0.0007283402234509506	0.005697122069675452	16
CHCHD1	3.8213139	1.329245	0.0007161816335779804	0.005612487890616599	16
ARPP19	3.819274	1.2925595	0.0007312497094377051	0.00571854663190722	16
IFI6	3.816675	1.522163	0.0007236078186648563	0.005662746114287902	16
GON7	3.8163686	2.5103264	0.0007719125286852421	0.006001557284337437	16
KLHDC7B	3.8154826	3.6963253	0.0007861236944840424	0.006096502852413704	16
CKS1B	3.8069358	1.4928076	0.0007573310632761594	0.005896388392141519	16
FBXO6	3.8013334	2.4881852	0.0007942477679741478	0.006153814826893253	16
RNF19A	3.790775	1.4433345	0.0007823440483157286	0.006071402527662622	16
RAB38	3.783358	3.4303172	0.0008504201454658329	0.0065361920483660635	16
CDH1	3.782438	1.26259	0.0007646944528315014	0.005949574725683458	16
HMBS	3.7811055	2.753681	0.0008498510812176112	0.006533315405711642	16
SSR1	3.7797754	1.3141775	0.0008083943693255331	0.006251868928187159	16
AAMDC	3.7740748	1.6382543	0.0008347088679916677	0.0064301722878522104	16
NIPSNAP2	3.7735405	1.2234238	0.0007845648683742875	0.006085821056924601	16
PHB	3.756635	1.087387	0.0008411854593505871	0.0064741169096094635	16
UQCC3	3.7537088	1.4682382	0.0008765759396127092	0.006712610408801343	16
KANK1	3.735924	2.5286782	0.0009458107977775099	0.007177248861596258	16
HACD2	3.7257485	2.2418046	0.0009693926379734585	0.0073379369149780575	16
PRR15	3.725374	2.9010243	0.0009802956456639736	0.007412104655368652	16
MANF	3.7200294	1.3793299	0.0009462363277333912	0.0071788538042310964	16
PRKAA2	3.7197933	3.3085225	0.0009989694574285425	0.00753292144145925	16
RAB27B	3.7133994	1.9657508	0.0009836620231767992	0.007435734587345893	16
KRT18	3.7089193	1.12071	0.0009056536466752731	0.006911610685582556	16
FAM104B	3.7073922	1.8327961	0.0009931067242462564	0.007497139914009382	16
UBE2E1	3.7056782	1.4389614	0.0009756667405151672	0.007380432598921792	16
ARL4A	3.7056608	1.7558385	0.000993454559418395	0.007497972563145039	16
NAA10	3.70477	1.0805056	0.0009487470196655449	0.00719464702387566	16
SNRNP25	3.684274	1.2419275	0.001011629006846775	0.007616396973882757	16
TSPAN15	3.6761854	1.5880194	0.001071058282512636	0.00801308869254137	16
RRP36	3.675372	1.608702	0.0010639481638200915	0.007965599411314661	16
SRD5A3	3.6692698	1.8491253	0.0011065184771603762	0.008245664572858516	16
TC2N	3.6685457	1.5731176	0.001074707833853674	0.008037185162828558	16
SRCIN1	3.666455	3.466026	0.0011468604665685837	0.008500960642912014	16
AC006449.2	3.6583197	6.1625366	0.0011829958729238953	0.008743689857589328	16
SLC35B1	3.625257	1.562301	0.0012185218970717801	0.008968716907984326	16
PAIP1	3.6242151	1.5035751	0.0012240304070826617	0.00900333418507885	16
GBP5	3.622738	2.7067904	0.0012614115882322958	0.009262041611405305	16
RBM6	3.6175592	1.3495754	0.0012151492439441158	0.008950488412398004	16
AK3	3.6142159	1.8194461	0.0012783861429448333	0.009376415836543332	16
IDH2	3.610404	1.035605	0.0012056021651470896	0.00889313882146438	16
PGM3	3.6085114	2.3901782	0.0013138928638436365	0.00960742981168071	16
SMPDL3A	3.6069536	2.5822537	0.0013156713827138368	0.009616241849554326	16
MPZL1	3.5988476	1.3448508	0.0012908501265587028	0.009455427843394945	16
IFT43	3.591675	1.6169704	0.0013248799633473625	0.009675114054133222	16
NME2	3.5899715	1.3248818	0.0012687229218719407	0.009313686916722864	16
CLTC	3.58929	1.1021407	0.0012822341915703053	0.009400528310264396	16
CRACR2B	3.5755002	1.4283738	0.001360072365619839	0.009906229579859939	16
RRBP1	3.5741825	1.0299109	0.0013041848115428803	0.009544766040575988	16
KRT23	3.570993	2.0858777	0.0014232046069387746	0.010312314910635868	16
MTCH2	3.570095	1.1745671	0.001368629991582006	0.009966395689894065	16
FXYD3	3.5610757	1.0806863	0.0013697832565935705	0.009972628654092673	16
SEPHS2	3.5521343	1.311027	0.001449743087660136	0.010484224429324843	16
ACSL3	3.5410101	1.350231	0.001486560604742381	0.010720432002507892	16
CHMP4A	3.5373187	1.0664302	0.0014476632536050077	0.010471441274350995	16
AC009119.1	3.531576	3.357446	0.001606183672871408	0.011479438860383528	16
SLC35E1	3.531238	1.9709644	0.0015858157908906197	0.01135564633694754	16
LRRC26	3.5268083	1.9333065	0.0015884964341837178	0.011372413852498629	16
DYNLL2	3.526314	1.9040469	0.0015983401218900815	0.011425815436554822	16
ACOX1	3.525716	2.0769231	0.001598071009040748	0.011425815436554822	16
MRPL19	3.5256221	1.4670737	0.0015586587318431606	0.011168334228744166	16
HOXA7	3.5249975	3.0441763	0.001626483561871531	0.011599805474959179	16
IER3IP1	3.5244162	1.0612601	0.0015237109145481503	0.010948326432060734	16
MRPS12	3.5146205	1.2150383	0.0015955866861977384	0.011413429951324022	16
LSM10	3.5100152	1.2995673	0.0016073873339799345	0.01148454135907537	16
DKK1	3.505019	7.534234	0.0017429823021700946	0.01232582108308816	16
EBP	3.5045564	1.7377498	0.0016806584355240405	0.01195042288104899	16
PSMB9	3.5045085	1.4954219	0.0016517569753817338	0.011772541587607042	16
REXO2	3.498497	1.325067	0.0016790765174395498	0.011941879870958428	16
STAT1	3.4936717	1.3513659	0.0016919308523585498	0.012015467439965725	16
NDUFB3	3.4843159	1.0219811	0.0016879937264359152	0.011992585803513457	16
TMEM126A	3.4815295	1.3224472	0.0017301104763338248	0.012255466839854873	16
TIMM17A	3.477533	1.1363618	0.0017391667076337531	0.01230662247695015	16
STOML2	3.475903	1.1879276	0.0017713239667526339	0.012505152003546642	16
MVB12A	3.474164	1.3521326	0.0017503211808992934	0.01237211788721141	16
UBE2R2	3.4682603	1.3505715	0.0018128908117291882	0.01275297204618471	16
MPST	3.4615793	1.1479086	0.0017840879723573504	0.012583334433031227	16
EIF4E2	3.4542198	1.1831621	0.001846458808975596	0.012972784857949407	16
CWC15	3.4445438	1.2292424	0.00192126854899002	0.013430860442199722	16
NIPAL2	3.4366174	3.0949614	0.002044874277887322	0.014167966980916892	16
CCDC124	3.435896	1.2735016	0.001956711652474328	0.013644504269364121	16
MEA1	3.4315393	1.0246803	0.0019377842919242147	0.013529396947425078	16
ECI1	3.4260178	1.3217666	0.0019989841830368956	0.013907473238589612	16
ODF3B	3.41288	1.3190383	0.0020444582926106222	0.014167966980916892	16
CISD2	3.41258	1.1775408	0.002054103343004364	0.014220161037710911	16
RPP21	3.411238	1.866518	0.0021256424110068207	0.014630858220311876	16
U62317.5	3.4111314	3.7095964	0.0021787897554642662	0.014959833610650349	16
S100A8	3.4099717	2.6673985	0.002170382619332613	0.014908212868121069	16
SCOC	3.4098177	1.1479969	0.0020493904225535303	0.014190463287132114	16
NORAD	3.4089293	1.2574813	0.002101506294955898	0.01449149314126558	16
RBMX2	3.4011185	1.3635335	0.0021181337562230004	0.014585162044236431	16
FAM200B	3.3985085	1.0983626	0.002091385505679779	0.014433572272840632	16
USP3	3.392682	1.7524917	0.0022113506056146686	0.015140010341482261	16
SEC61A1	3.3926454	1.3184762	0.0021874362503598557	0.014999884613417305	16
PSMD9	3.3853254	1.3783414	0.002212413824319337	0.015141108361863883	16
PXMP4	3.3761604	2.2785964	0.002352874763946599	0.01599468432459118	16
YIF1A	3.3728523	1.2054156	0.00231015948478431	0.01574899578844523	16
EEF2KMT	3.339863	2.1505988	0.002558227435223284	0.017166397256592133	16
CISD1	3.3278046	1.2869838	0.00256379037157458	0.017194979574681662	16
GUCY1A2	3.324565	4.0011086	0.0027146672523509765	0.018030228576456257	16
LSM4	3.3237534	1.0472751	0.0025853698925147875	0.017312016682938407	16
COX16	3.3179946	1.4984237	0.00264556348106524	0.01763593127231993	16
DHCR7	3.3152509	1.9523722	0.002729062167421218	0.0181114907315938	16
CCDC90B	3.3144026	1.5170546	0.0026940942815329707	0.017918424806047467	16
DPAGT1	3.3134863	2.1484506	0.002749418286170057	0.01822877363919827	16
CREB3	3.3093052	1.7722183	0.002769891427201871	0.018346154889371635	16
SAR1A	3.304648	1.3041798	0.002750578875808474	0.0182326415165004	16
PCDH7	3.304583	3.3167934	0.0028359591546977003	0.018728274464996173	16
TMEM86A	3.3020687	3.1230702	0.002851319677832898	0.018818597661195046	16
TFAP2B	3.2980545	2.2027683	0.002852422443861901	0.018819460006747998	16
NANS	3.2974358	1.2431842	0.002790634057872985	0.018450750430734828	16
IMPA2	3.2927754	1.9592484	0.00287827949061724	0.01896294881060555	16
CRB3	3.2854278	1.6282791	0.0028859922480495227	0.01900629609107187	16
SRD5A1	3.2827394	1.9523903	0.002939257511635867	0.019322939278278835	16
CCDC6	3.2794402	1.5339867	0.0029370103590180365	0.01931195147065751	16
SUPT4H1	3.2760146	1.138562	0.002920245324075382	0.019205480081335765	16
LDOC1	3.2735868	1.9784975	0.003019530569562586	0.019784738197636004	16
NUDT2	3.2692857	1.5360061	0.0029969544272342896	0.01965601260145978	16
HID1	3.2683184	2.4219604	0.003090497154130449	0.020210248595572116	16
NRBF2	3.2662747	1.409061	0.0029931213016514153	0.019634711828415825	16
NUDT9	3.2656028	2.0157647	0.003085525455857498	0.020181671083252018	16
ITGAE	3.256561	1.4199613	0.0030852879042223974	0.020181671083252018	16
NME6	3.2527661	1.9273905	0.003178554360115401	0.020721456130734825	16
GUCY1A1	3.2466393	1.8873947	0.00317814764298095	0.020721456130734825	16
EEF1E1	3.2445457	1.4591048	0.003204923438080734	0.020869022915291382	16
COA1	3.2434552	1.1828883	0.003146606251726988	0.020549127782160222	16
SDC1	3.24289	1.015508	0.003002524842096543	0.019688697112172072	16
MGP	3.239096	1.3063339	0.003084766856095223	0.020181671083252018	16
CREB3L2	3.2311368	1.4409856	0.0032902209319922737	0.02137050741284912	16
DHRS4-AS1	3.2264283	1.481882	0.003320360029776238	0.021549573482725386	16
KIAA2026	3.210333	1.7437171	0.0035240849598537492	0.02270046737823211	16
CXADR	3.206139	1.273779	0.003432230305904689	0.022164119501414937	16
PGD	3.1969857	1.4750639	0.0036006037239737876	0.023122314667012218	16
UBE2A	3.1958995	1.0530483	0.0035421693105301133	0.02279506923340187	16
NPEPPS	3.1897855	1.2977008	0.0036463479558713	0.02338026319783584	16
RPL39L	3.17078	1.1582004	0.0037078181447625534	0.02370642935445688	16
LGALS3BP	3.168619	1.2039361	0.0038144997938828005	0.02429127351179476	16
TMEM241	3.1685438	1.9411454	0.0039112929720549645	0.024822833978371914	16
ARFIP2	3.1620543	1.3346564	0.0038885516885603486	0.024706556580034598	16
GALNT6	3.150913	1.5037736	0.004037341620631312	0.025497359310411378	16
TTC39B	3.149518	2.7782402	0.00416146249213228	0.02612836000387284	16
SLC16A14	3.1468997	4.2267895	0.00421754222745706	0.026406679830341093	16
TXNDC9	3.1468434	1.3972391	0.004074923649132725	0.025681513362563083	16
TMEM203	3.144478	1.7569497	0.0041540839987252625	0.02609704652579959	16
CREB3L4	3.144051	1.239862	0.004036914782819744	0.025497359310411378	16
DPH3	3.1412468	1.7271224	0.004177466060755191	0.02620957522330525	16
FGF13	3.1380773	3.062894	0.004278103121184369	0.026736218091435504	16
RPA3	3.1262586	1.2276819	0.004278145627641822	0.026736218091435504	16
STK38L	3.119397	1.6629924	0.004375320757330409	0.02725939330225751	16
MIA3	3.112666	1.6033984	0.004466706509478247	0.027759459520920862	16
TMEM45B	3.1066768	3.5725138	0.004638236329220641	0.028687273597342706	16
SC5D	3.0930002	2.3314486	0.004756505622242055	0.02931066600691177	16
MCTS1	3.0909858	1.0249957	0.004581912306486229	0.028391265596130543	16
BOLA3	3.0823503	1.1359217	0.004735500492994104	0.02921343057486026	16
SEC16A	3.0674763	1.7785137	0.005013196129949569	0.030614856179286828	16
IGHG3	3.0661283	2.4986653	0.005020119354477724	0.030647947446038833	16
FZD4	3.0659919	2.8530836	0.005075493960490384	0.030929713468170052	16
HIKESHI	3.0642843	1.404134	0.005013380116198204	0.030614856179286828	16
IFT74	3.0578396	2.572913	0.005189316993605173	0.031537394687898374	16
COA6	3.055386	1.3169167	0.005116955428103315	0.03116538986998607	16
GOLT1B	3.0534196	1.7154857	0.0051817694528530365	0.03151436613202968	16
SMARCD2	3.0451567	1.3871995	0.0052073518352004555	0.0316248405986127	16
AP002748.3	3.0385292	2.5458426	0.005400682241773425	0.032644491452752285	16
OXLD1	3.0357525	1.1137047	0.005276023386016196	0.03198320990247049	16
ETV1	3.0324678	4.158373	0.005563674726375816	0.03349689714546244	16
CDR2	3.0318668	1.950206	0.005446270524753249	0.032896337055780434	16
CHP1	3.0236833	1.4238697	0.005542432322665515	0.033380988065096796	16
LRMDA	3.023329	3.0430892	0.005657395754151934	0.03395201663983224	16
SRPRA	3.0165741	1.5976356	0.005656344579402784	0.03395201663983224	16
GPR160	3.015724	1.6341014	0.005681540173154409	0.034078064904823326	16
SP6	3.0080924	3.5652015	0.005885783539447807	0.0351084946997366	16
VTI1B	2.9979188	1.1444509	0.005820106960938898	0.03480338876392433	16
IVD	2.9975257	1.8103032	0.0059216336889886464	0.03529723041805015	16
CPT1A	2.9936676	2.4762318	0.006048880366415309	0.035953481547038084	16
LY6K	2.9920247	1.8044821	0.006009925578422461	0.035741610552796885	16
IFRD2	2.9877045	1.48586	0.006062983638325177	0.036030923850649314	16
PLPP6	2.9814427	3.5949695	0.0062819329869154734	0.03704981788537575	16
LRIG3	2.9791415	3.0505888	0.00629135668825323	0.037092352729952816	16
WWP1	2.9739265	1.2974131	0.006195679156384235	0.03666359819765061	16
RRAGA	2.9739215	1.3562001	0.006270226951331892	0.036987281423605876	16
ABHD17C	2.9732513	2.135573	0.0063400972289278015	0.03734689166762687	16
PPA2	2.9728858	1.2347633	0.0062098734993626835	0.03672815500654624	16
SEC13	2.971985	1.2653904	0.00626148786298285	0.036961732561124214	16
PDHB	2.9704726	1.3332511	0.00625820572960846	0.0369492407048421	16
IRF7	2.9703681	1.3098036	0.006236106524879175	0.03685081905408252	16
GABRB3	2.9697134	5.1878014	0.006482235725696188	0.03807717486437405	16
AL121790.1	2.963782	3.9772167	0.006562395556209767	0.03846047690910918	16
ARIH2	2.9570239	1.2998114	0.00644376485209053	0.03789765332350841	16
SIX1	2.9543648	1.9342796	0.006603032829222792	0.03867161238431319	16
AGFG1	2.9538696	1.6347837	0.006541015160893547	0.03836198452728282	16
ZFYVE21	2.9533875	1.190301	0.006487232617129322	0.03809318438570283	16
ANKRD9	2.9509897	2.1394396	0.00665683434685967	0.038911969471596405	16
SQOR	2.947787	1.1936564	0.006558036372035251	0.03844164592003397	16
ICA1	2.942435	1.4453043	0.006725928800707406	0.039233804852961233	16
CD74	2.9412234	1.1178888	0.006491633050717419	0.03811235150605863	16
NPW	2.9402106	2.2497838	0.006843169497357278	0.03983681587638278	16
EXT1	2.939876	2.4579983	0.006906608264787586	0.04014114500246758	16
TRIM7	2.9366355	4.8148646	0.007007227532927497	0.04064846397127658	16
CHERP	2.9336185	1.6337137	0.006894967913067048	0.04008043652897433	16
AC006449.5	2.9330199	5.1688795	0.00707668668999193	0.04100175302626003	16
TEAD4	2.932188	1.9232794	0.006937692170379564	0.04028689977262829	16
UBAP2	2.9273062	1.8900099	0.00708134122395723	0.04101851061197163	16
ERN1	2.9265633	1.8058636	0.0070589423561604825	0.0409060099460917	16
ARSD	2.926365	1.3727335	0.00695641512011023	0.040388630698220046	16
RANBP2	2.9248455	1.5036491	0.00705169321119218	0.04088519308497786	16
TSPAN6	2.9150927	1.6198052	0.007211426995497319	0.04168880952360834	16
CEBPZ	2.9115884	1.0680876	0.00710390561615539	0.04113813851372029	16
AKAP17A	2.9096918	1.4433194	0.007281624431393549	0.04205113034665479	16
METTL23	2.907736	1.3495839	0.007324059902511123	0.04225254440834633	16
TDO2	2.899002	6.490995	0.007682955158654929	0.044133241818195744	16
AL355338.1	2.8929389	1.8290986	0.007660264091779952	0.04401043472120441	16
OGFOD3	2.8887186	1.5894908	0.007698209847424229	0.04419816098809587	16
SDF2L1	2.8808918	1.0096303	0.007701004789960042	0.04420664070854865	16
SIGMAR1	2.8806446	1.6482159	0.007839712726662573	0.04487232159812105	16
ACSL1	2.8780339	1.8113685	0.00792481630933606	0.04529759097331983	16
IL17RE	2.877273	2.8934052	0.008041424079449971	0.045823548258381155	16
SPINK8	2.87082	2.4086132	0.008097921087783988	0.04608285904400453	16
FAM192A	2.8664818	1.205855	0.007991166719422616	0.04559137998573805	16
RRP7A	2.8639138	1.256248	0.008085790404458433	0.0460372595409846	16
PHLDA1	2.8544297	1.3051342	0.008233536875534932	0.04675149150877217	16
SMIM10L1	2.854225	1.2773213	0.00825958916129504	0.04688354714147858	16
YES1	2.8523936	1.512068	0.00835115310168356	0.04731520712560275	16
PDIA4	2.8462813	1.0140072	0.008386701983350274	0.04750056927111644	16
RFWD3	2.8444803	1.9895847	0.008572609136340982	0.04838194229211053	16
L3HYPDH	2.8399994	3.015247	0.008759421315039439	0.04930353252689005	16
ERP27	2.833338	2.0497425	0.008787631033104478	0.049420847163205446	16
EAF1	2.8317606	1.84342	0.008847816904780186	0.04969267026176025	16
HSD17B12	2.8303044	1.6019892	0.008894989562626559	0.049907468203422116	16
SLPI	29.467663	5.307214	1.1819615633547692e-57	2.6429448530988205e-54	1
KRT17	29.425224	6.163336	6.340347597338678e-56	1.0916390290065467e-52	1
KRT14	28.917173	6.424311	4.590964524702295e-55	7.332644815382842e-52	1
TACSTD2	28.044918	4.2305083	1.043301697158237e-58	2.691798632644956e-55	1
RPL39	27.112202	1.7150499	1.4610283682723103e-61	4.9004352500221564e-58	1
CSTB	27.111923	3.6798341	6.57557471676475e-58	1.5753667969643323e-54	1
UQCRH	25.951794	2.4296243	7.4073351072458976e-62	2.7605491870237183e-58	1
DDIT4	25.945639	4.9067593	5.086252352475667e-50	5.882689315668495e-47	1
PERP	25.594734	3.5012748	1.4436547249872181e-56	3.0263514456747677e-53	1
RPS20	25.187624	1.9036027	4.497613259790455e-73	9.365008749817138e-69	1
GAPDH	24.892056	1.9261905	7.113769850829336e-63	3.408613636666668e-59	1
ANXA2	22.228943	2.8564675	5.062492408301963e-49	5.145486602025944e-46	1
RPLP1	21.328844	1.1988702	8.958597178839177e-50	1.001601026584816e-46	1
S100A10	21.192753	2.2326713	3.2343302231851605e-56	6.026815000880749e-53	1
PKM	20.837286	2.4920304	9.048562738039621e-46	7.986785336752288e-43	1
YBX1	19.955885	1.7617902	4.9784246134955235e-53	7.266248606561434e-50	1
KRT6B	19.735195	5.6008706	3.1250691436802207e-37	1.5881506689117923e-34	1
MT1X	19.716078	3.8586073	1.3090730660582602e-40	8.781523941732021e-38	1
RPL39L	19.711483	4.3131514	1.521018772297975e-37	8.097855657404188e-35	1
CDKN2A	18.777548	4.158929	1.5840101518417794e-36	7.482997817313398e-34	1
KRT6A	18.039858	9.0963335	3.0354772458769752e-33	1.118823541801754e-30	1
RHEB	18.03295	2.6226335	1.1469935828046923e-36	5.49590168012174e-34	1
RHOV	18.010805	4.7806783	6.724629617667349e-34	2.5925379540940293e-31	1
PPIA	17.9277	1.7727916	1.3365301395676551e-38	7.598060578176055e-36	1
CLDN4	17.518414	3.0248866	1.0698157770881877e-35	4.983707080460403e-33	1
RPS29	17.42471	1.2196298	4.1183804504826816e-41	2.877804139367492e-38	1
S100P	17.04217	4.0803714	5.653925544869158e-33	2.0391216849511447e-30	1
SLC25A5	17.036764	2.283172	2.093461196404628e-35	9.488754322784814e-33	1
RPL4	17.00619	1.4467162	1.6693388324403487e-38	9.331882296480289e-36	1
SAA1	16.916784	4.5676565	7.615030143313197e-33	2.6605804795507078e-30	1
GSTP1	16.718618	2.5494561	2.166298389536615e-35	9.687975237793014e-33	1
MAL2	16.289677	3.0276973	8.055650290410201e-32	2.6751937266400847e-29	1
LGALS3	15.949729	2.5559084	2.6617303793336196e-32	9.203824603425663e-30	1
HSPB1	15.772478	2.2916365	7.062302330829697e-35	3.0368805445943443e-32	1
ID1	15.598056	4.6671753	3.0890140116256906e-29	7.969893766456715e-27	1
TPI1	15.57729	1.8816644	3.8759850508175553e-32	1.3000441458947162e-29	1
SAT1	15.287453	2.0888684	7.016750229828938e-33	2.477355994302025e-30	1
LAMP1	15.22159	2.6007466	8.428869113441587e-30	2.3364685862309445e-27	1
SERPINB5	15.208241	6.106443	6.744911443463845e-28	1.5710491300362558e-25	1
RAC1	15.101326	1.9811852	5.230913332599253e-31	1.6096336154927665e-28	1
SFRP1	14.797628	4.101447	7.377795636645507e-28	1.6833921323042651e-25	1
S100A11	14.792375	1.4011161	1.768006364195226e-34	7.144662826683382e-32	1
EMP2	14.668657	2.52835	7.126126413198427e-29	1.7971233535720935e-26	1
TAGLN2	14.662364	2.0621533	2.061869033253489e-29	5.445444822390179e-27	1
RAB11A	14.267394	2.0933576	2.702684067994236e-28	6.56889321192715e-26	1
GGCT	14.062307	2.4666586	3.437270448781729e-27	7.486330397570647e-25	1
FXYD3	13.802662	2.152083	5.444193926175479e-28	1.2950617622542677e-25	1
NDUFA4L2	13.786563	4.7005453	2.2634812111228444e-25	4.103752610933585e-23	1
PDZK1IP1	13.612087	3.691176	3.9799520152179864e-25	7.138586660022806e-23	1
SUB1	13.567921	1.5679646	9.623620981143664e-28	2.1663481297217426e-25	1
WFDC2	13.429463	3.014738	1.1674200234380091e-25	2.1997997194457453e-23	1
MT-CO3	13.348221	1.5450426	5.55680060936999e-33	2.0258766221617263e-30	1
SNRPG	13.34131	1.8588958	6.946504813017575e-26	1.331386959619557e-23	1
ATP5MC3	13.327864	1.7822219	2.5677535781004656e-26	5.09615519308093e-24	1
JUNB	13.22303	2.001873	1.2730609268819124e-26	2.635786206700384e-24	1
PTMA	13.108033	1.024483	2.712098657135192e-26	5.350970650527734e-24	1
S100A6	13.073345	1.7793732	1.6487138118504893e-28	4.1119095189142286e-26	1
YBX3	12.802122	2.5091224	4.010977633780705e-24	6.406295276887554e-22	1
TSPO	12.747988	1.7264795	6.548618564789275e-25	1.161286223858201e-22	1
SOX9	12.601408	3.304772	5.766604381787077e-23	8.092789856465287e-21	1
TPM2	12.5883	3.0956304	1.2637448920916689e-23	1.8838785522509627e-21	1
CEBPB	12.577932	2.353468	8.211237238736906e-24	1.2405995865967322e-21	1
DMKN	12.571639	3.642514	1.007963692563787e-22	1.3912802556494643e-20	1
IER2	12.505025	2.0364852	3.888498404168125e-24	6.240388754746559e-22	1
TMEM45A	12.471766	3.9391265	1.7565507135023078e-22	2.3566586992632363e-20	1
MFGE8	12.407599	3.5335517	1.5661723702815696e-22	2.118184978694118e-20	1
TM4SF1	12.400396	2.2744288	2.8813891242869313e-24	4.737483951848429e-22	1
SLC25A37	12.174021	2.9101014	3.344525166341872e-22	4.364930684991157e-20	1
NFKBIA	11.930244	1.8743681	1.8861741326939228e-23	2.774744148451178e-21	1
PFDN2	11.888811	1.9685841	3.497404998375568e-22	4.546762056221508e-20	1
KLF5	11.836524	3.970261	5.611583699178174e-21	6.558122956590074e-19	1
SLC25A6	11.766815	1.4415159	1.78060151157877e-22	2.3794085776838057e-20	1
RARRES1	11.695988	3.8668716	7.899233365757465e-21	9.073568024687368e-19	1
MYL12A	11.667843	1.7355145	5.356048810483108e-22	6.830693275757183e-20	1
MAGOH	11.561136	2.4453454	6.6671515223684714e-21	7.71113549006072e-19	1
CARHSP1	11.462424	2.5222008	1.120915843107298e-20	1.2532212764553963e-18	1
STK24	11.35492	3.2053444	4.918471138600506e-20	5.044967598159008e-18	1
LSR	11.263221	2.7442968	4.9073816259021826e-20	5.044967598159008e-18	1
TFDP1	11.223657	3.604532	1.21753097271677e-19	1.2010943045850937e-17	1
S100A16	11.13203	2.0099247	1.6976668315599438e-20	1.8427651520178664e-18	1
KRT5	11.120943	3.7403426	1.201332434418795e-19	1.1886103593758349e-17	1
GPRC5A	11.087201	2.7453365	1.0740161637180022e-19	1.0689488470998668e-17	1
RBX1	11.048468	1.6062186	2.678510946231102e-20	2.8340673705847757e-18	1
EFNA1	11.045171	2.3553696	7.360610316920943e-20	7.504019168384358e-18	1
GIPC1	11.043873	2.8384643	1.9233716187689685e-19	1.8379432326247857e-17	1
FDCSP	11.008133	6.8079486	5.376626517550332e-19	4.8347836467870157e-17	1
IER3IP1	10.956342	2.251039	1.678564408488179e-19	1.6132013990000574e-17	1
ATP1B3	10.948105	2.383995	1.4718810416297234e-19	1.430967014994277e-17	1
RPL5	10.84924	1.0074434	7.950543076114177e-21	9.101336700202923e-19	1
MAFB	10.818714	2.8992004	4.0915565267703084e-19	3.7393705031172456e-17	1
DUT	10.816154	2.1358829	2.6008517241423006e-19	2.4299489604305544e-17	1
DEK	10.804185	2.0723503	2.220564787696567e-19	2.092133807419398e-17	1
MAP3K13	10.738518	2.4429867	7.409688325442648e-19	6.540219897991365e-17	1
RANBP1	10.611822	1.8867661	6.113078607544606e-19	5.4386941532003614e-17	1
FSCN1	10.6089525	3.5947363	2.6258254736469388e-18	2.1171349089324994e-16	1
BCAP31	10.592286	1.7498374	5.48671832673353e-19	4.9205887539296616e-17	1
LAMP2	10.589474	2.3284929	1.262814669816463e-18	1.0642227849325121e-16	1
BRI3	10.569833	2.2776692	8.363325631032158e-19	7.324133289567875e-17	1
LDHA	10.551497	1.4145707	1.3180322629404712e-19	1.2926350915580802e-17	1
GADD45A	10.541078	3.3179832	3.2486745954374416e-18	2.594376062037315e-16	1
CLTA	10.532109	1.5069231	4.516755198430727e-19	4.1167523399610057e-17	1
VDAC2	10.52528	1.8633422	1.1298758962084048e-18	9.643045148785268e-17	1
COX6B1	10.520125	1.3411425	4.553286068967415e-19	4.1388013018763165e-17	1
STMN1	10.492014	2.5390198	1.664564579428071e-18	1.378547174286344e-16	1
LSM5	10.46746	1.7279366	1.065004901607603e-18	9.159315232005285e-17	1
CYCS	10.352135	1.5889105	1.2249943422587677e-18	1.0349505096650209e-16	1
CRYAB	10.33321	3.1462502	6.031726974849397e-18	4.66152429639225e-16	1
H3F3A	10.2694025	1.0484775	1.6245893865908962e-20	1.769167292715755e-18	1
DAP	10.176329	2.6441271	1.6993140466747654e-17	1.2310300742876525e-15	1
AK2	10.108875	2.1452467	1.6158585135983648e-17	1.1782067479261469e-15	1
PMAIP1	10.097657	3.1094189	3.196434192871928e-17	2.2570863002761542e-15	1
CLPTM1L	10.091133	3.003375	3.333261534212751e-17	2.348758931072056e-15	1
BTG2	10.081715	2.2932994	1.4738932853770923e-17	1.0793854734679706e-15	1
PPIB	10.077636	1.4050931	3.848429092723972e-18	3.0371802399777583e-16	1
H2AFZ	10.063751	1.5482049	3.1555057175053088e-18	2.5320291213120947e-16	1
SEM1	10.047968	1.5623292	1.1512909569563556e-17	8.619520086444894e-16	1
ANAPC16	10.046901	1.5558354	8.296058994229453e-18	6.33845363839294e-16	1
SNRPD1	10.0383835	1.7264183	1.2022436657588099e-17	8.903447918281285e-16	1
ARGLU1	10.026456	1.8798271	1.7326905590919433e-17	1.2525037509160102e-15	1
LITAF	10.02304	1.8909057	1.594052987546465e-17	1.1648394608996946e-15	1
EIF3K	9.987337	1.371546	1.0780319609980259e-17	8.143754505368194e-16	1
MT-CO1	9.979899	1.0661103	2.043841353268784e-21	2.5019154317513974e-19	1
NDUFA1	9.849951	1.4413583	2.5211698954795326e-17	1.799203392857e-15	1
BTG3	9.8485	2.4822526	7.035551712719579e-17	4.748077263507594e-15	1
TMEM54	9.837259	2.668692	1.0645947088608879e-16	6.9741349863091875e-15	1
UBAC2	9.8082485	2.693948	1.1556414580233856e-16	7.541122596023808e-15	1
PHGDH	9.705786	2.9079585	2.1398989944227228e-16	1.3440889919837556e-14	1
PCLAF	9.6907835	3.9873757	3.3686285626539496e-16	2.0655789875681193e-14	1
CRABP2	9.685357	1.9801986	5.0616953234303886e-17	3.4789820254749728e-15	1
UBE2C	9.672162	3.6941786	3.045884322241334e-16	1.8779780524319223e-14	1
DSG3	9.670645	6.104619	4.984754331831653e-16	2.9802788777890456e-14	1
MLF1	9.660261	2.8309715	2.758732980627199e-16	1.7072078026423778e-14	1
LAGE3	9.652884	2.040196	1.5819473667951704e-16	1.0164769469286744e-14	1
CD9	9.597279	1.4807988	4.549344453406324e-17	3.1397029282243108e-15	1
SELENOS	9.573289	1.7030809	1.5972310388705716e-16	1.0243351104160198e-14	1
KDELR2	9.548648	1.6349595	1.8109695708072078e-16	1.1547857485635847e-14	1
PHLDA2	9.548254	2.1892045	2.5003227591345717e-16	1.558797874798005e-14	1
S100A9	9.547192	2.8095593	2.8419446853818485e-16	1.7554634749980217e-14	1
CHPT1	9.506427	2.326106	4.2395263740830457e-16	2.5739526639573885e-14	1
RPS27L	9.50219	1.3226917	8.590458431211415e-17	5.6830880915436306e-15	1
FAM96B	9.479381	1.9040883	3.8326455245618243e-16	2.3458168529074482e-14	1
ARPC5	9.463859	1.5006384	1.8451902945349813e-16	1.1721501452461707e-14	1
LAD1	9.460636	3.7610984	1.1870492981986144e-15	6.794337971139884e-14	1
RNPS1	9.426849	1.681076	4.1534175603041356e-16	2.5283081377524682e-14	1
CCT5	9.410202	2.012074	6.321569161256432e-16	3.7395370588659964e-14	1
DNAJB6	9.3826275	1.611541	4.888110407756448e-16	2.9329536884894283e-14	1
IDH2	9.372856	2.029778	8.001169461305274e-16	4.675387193408366e-14	1
HSPB11	9.309866	2.3018966	1.4497251331984632e-15	8.172307679430194e-14	1
CACYBP	9.286678	1.8866752	1.0302411009572024e-15	5.937339650722599e-14	1
CNN3	9.279191	1.9937077	1.10167576991927e-15	6.327278595695587e-14	1
HMGB2	9.266654	2.6212564	1.8610535723324127e-15	1.0351840442719975e-13	1
SH3KBP1	9.250762	2.8503797	2.2810207977034026e-15	1.252172153449588e-13	1
SNRPA1	9.228363	2.493837	2.6120026826988456e-15	1.4222269802013307e-13	1
CALML5	9.208933	2.665618	1.4271673388120267e-15	8.085915491738882e-14	1
RBP7	9.129308	3.2906427	4.746705113458167e-15	2.464539260224464e-13	1
CALM2	9.11796	1.1565378	1.0665347370010776e-15	6.135959110420779e-14	1
TUBB	9.117706	1.6673834	2.069378227735184e-15	1.145363286080294e-13	1
TPM1	9.115654	1.5391101	9.36939037156733e-16	5.437002118559513e-14	1
CSTA	9.053296	3.6264677	8.53999790981749e-15	4.281615394517017e-13	1
MMP7	9.032436	3.6429248	8.183984953486054e-15	4.115427875935168e-13	1
HES1	9.020421	2.2619047	4.80507213873476e-15	2.490988015537907e-13	1
COMMD6	8.990831	1.2140086	2.7816584492361888e-15	1.5057460303896412e-13	1
GGH	8.973036	3.4212887	1.3191824922286437e-14	6.45937225866291e-13	1
PCBP1	8.944491	1.2741467	3.644327772849253e-15	1.9340885732458353e-13	1
LCN2	8.89241	4.2776933	2.1549510573578066e-14	1.0325601916405456e-12	1
EIF2S2	8.839491	1.4339986	7.4238883801097e-15	3.7444306790565324e-13	1
LY6K	8.810103	3.4612684	2.939423818926832e-14	1.394500909626943e-12	1
CKS1B	8.747989	2.2089386	2.5574914891618142e-14	1.221949031880006e-12	1
PPA1	8.663265	1.4207646	1.6976588419793946e-14	8.216619800697095e-13	1
CSNK2B	8.623293	1.6816556	3.4488231164460304e-14	1.6223979824504393e-12	1
MDH2	8.6195755	1.5768124	3.273599703989464e-14	1.5486573719536054e-12	1
RALY	8.616005	1.6051086	3.3460124657200386e-14	1.5806845649678284e-12	1
STOML2	8.598126	1.8634372	5.2594055243190723e-14	2.4231555039998078e-12	1
SFN	8.591736	2.9472365	7.674702778294133e-14	3.40498949585666e-12	1
LDHB	8.591142	1.6523868	2.944306661055965e-14	1.394844487549126e-12	1
PSMA2	8.553436	1.7529523	5.3118629892375554e-14	2.4372803901780692e-12	1
TNFAIP6	8.549654	3.2698379	8.173801744059374e-14	3.5931518256552488e-12	1
TYMS	8.512657	3.642594	1.3522669723967336e-13	5.7778836332686425e-12	1
MYL12B	8.486654	1.1182512	3.725885342470446e-14	1.742955652326377e-12	1
ENY2	8.477185	1.3037899	5.720720621108233e-14	2.6035100454897045e-12	1
PLS3	8.425711	3.0916576	1.8334996530326625e-13	7.696797479645623e-12	1
CLTB	8.406951	1.8692844	1.3942027719357487e-13	5.941925689135571e-12	1
DUSP23	8.395837	1.7048692	1.1904907952313663e-13	5.119263046519905e-12	1
ARF1	8.394259	1.2113242	7.192720568767149e-14	3.2038650809697073e-12	1
H2AFV	8.387268	1.6387144	1.1897925177443702e-13	5.119263046519905e-12	1
GJB2	8.324948	4.4017315	3.8393841628844406e-13	1.5533990857334984e-11	1
SDR16C5	8.315074	4.5881205	4.360498071251831e-13	1.7370007815660056e-11	1
FGFBP2	8.309718	5.8395476	4.592441224838539e-13	1.8224164476307773e-11	1
ATP5PF	8.281045	1.1565303	1.1975537537740996e-13	5.143041031413198e-12	1
DSC3	8.261663	5.432483	5.903293864052053e-13	2.3077200407245907e-11	1
ANXA1	8.248641	2.0082877	2.321514386332202e-13	9.613075806415852e-12	1
TEX30	8.237173	3.0620158	5.350409046365609e-13	2.1063153735228744e-11	1
IMPA2	8.236231	3.302558	5.655724030809618e-13	2.2135197166556054e-11	1
IRF6	8.221708	2.6322882	5.164903059792706e-13	2.038070747394202e-11	1
ELF3	8.206671	1.5619725	1.7174370930235248e-13	7.2549820575695276e-12	1
C19orf53	8.195029	1.1550704	2.0907424957090207e-13	8.711253919077798e-12	1
SCCPDH	8.170342	2.2103868	5.447544832732942e-13	2.134870629373996e-11	1
SPINT2	8.159677	1.1419555	1.1165618926270401e-13	4.8261085619334474e-12	1
PSAT1	8.129831	3.9848626	1.0456354286265526e-12	3.9628991990466895e-11	1
FAM213A	8.122405	1.9462713	5.971301543514128e-13	2.331588184761436e-11	1
ENO1	8.112123	1.2465143	2.457674399252217e-13	1.0126886612447004e-11	1
MPST	8.109583	2.2599726	8.463085094286018e-13	3.2552790957276065e-11	1
CHI3L2	8.076022	3.5377843	1.2743854481062635e-12	4.7919464478623526e-11	1
SEC61G	8.062477	1.1211829	4.081446893348007e-13	1.63750969198308e-11	1
GABRP	8.044461	3.0621514	1.307288143192783e-12	4.904670202553594e-11	1
HIST1H4C	8.033269	2.3697393	1.1531287750570434e-12	4.3555284058770595e-11	1
WDR45B	7.9779735	2.0428843	1.5411664798644123e-12	5.7308497673095623e-11	1
OCIAD2	7.963474	1.5037824	9.757681929485512e-13	3.723349369702771e-11	1
CTSV	7.907306	4.2454076	3.1876498839547423e-12	1.1386258227659852e-10	1
LY6D	7.8917623	6.3094554	3.809325548169928e-12	1.3350949656339347e-10	1
CXADR	7.876794	2.6792731	3.0575276116820994e-12	1.0944774132703233e-10	1
CHI3L1	7.8625965	3.5051181	3.4740309076437814e-12	1.229139986005064e-10	1
ASF1B	7.8595653	4.528004	4.204738644644518e-12	1.4660201546779808e-10	1
PGRMC1	7.804839	1.7768276	3.2343405166205518e-12	1.1540746305103183e-10	1
CXCL17	7.7928586	3.2750077	4.7504479207388056e-12	1.6460203895609535e-10	1
RBP1	7.790928	2.2099702	3.5646988408380147e-12	1.2585638296899774e-10	1
PRPF38A	7.7896085	2.3603349	4.526149486978518e-12	1.5764442361655914e-10	1
PITX1	7.7823887	2.8975682	5.028849562464923e-12	1.7353152589983125e-10	1
FAM136A	7.7600946	2.172588	4.974638052549334e-12	1.7183762607678393e-10	1
CAPG	7.7590523	1.7337221	3.341223347895499e-12	1.1878113168569573e-10	1
CLDN1	7.737774	4.128546	7.34088241075645e-12	2.4845664676002226e-10	1
APOD	7.709698	2.5281897	4.963461081893177e-12	1.7162829705956602e-10	1
VDAC1	7.6820107	1.2366744	3.714695098634598e-12	1.3060229381897596e-10	1
ELOC	7.667514	1.2602894	4.161388442137474e-12	1.4524155019535174e-10	1
TPGS2	7.661335	2.0862918	7.839728308882237e-12	2.640083606508224e-10	1
EIF4EBP1	7.6467614	1.7376984	6.851462994923437e-12	2.3283173283964235e-10	1
RND3	7.6443453	2.376591	8.535268059099672e-12	2.8628142597026213e-10	1
CD24	7.6245575	1.3533324	2.209197868716851e-12	8.089378353125753e-11	1
ATP5MD	7.6073747	1.1144242	5.697513829211171e-12	1.951995008637098e-10	1
MBD2	7.5590086	2.4346845	1.4252445109164998e-11	4.587728036530741e-10	1
DLX5	7.5244517	4.885243	2.244361082366195e-11	7.002615354757633e-10	1
BACE2	7.4874687	2.428087	2.048857297809555e-11	6.428505390629587e-10	1
DEPP1	7.4265203	3.0027592	2.8813126508307844e-11	8.769701236072171e-10	1
CALR	7.419126	1.2648044	1.6199606804777875e-11	5.179704593317967e-10	1
ICAM1	7.408224	2.4465835	2.858927183173068e-11	8.717388786437078e-10	1
PGK1	7.3534017	1.3006455	2.1944508354031847e-11	6.859652886324158e-10	1
MRPL37	7.304928	2.0571208	4.822838045579157e-11	1.4264798138163183e-09	1
CCNB2	7.3027263	3.936318	6.265669348459686e-11	1.8274505705798813e-09	1
PDXK	7.302236	1.8067094	4.2398915281780657e-11	1.2674706038023218e-09	1
HLA-A	7.296437	1.0157791	9.549398774711344e-12	3.1870286995282905e-10	1
NECTIN4	7.2914696	2.3145273	5.388309711560679e-11	1.583955267620129e-09	1
C19orf33	7.261065	3.0027924	6.975551535622849e-11	2.0204401904691362e-09	1
LEMD1	7.2609262	4.969661	8.142474650580639e-11	2.3402462918176966e-09	1
NDRG1	7.234141	2.5278661	7.370399999573613e-11	2.127457714162638e-09	1
ATP1A1	7.223931	1.4763627	5.136412186435653e-11	1.5152190074339335e-09	1
MTCH1	7.2187133	1.642143	6.595896610554814e-11	1.917096778289593e-09	1
NDUFS6	7.2124305	1.2595223	5.5710291280040194e-11	1.6333731466991503e-09	1
RAB2A	7.167301	1.3817704	7.41693311717376e-11	2.1390486129245494e-09	1
WDR83OS	7.163566	1.0680548	6.098609807386573e-11	1.7802739038255268e-09	1
COX7B	7.161652	1.0504105	5.728369555286791e-11	1.6780370589858014e-09	1
MZT1	7.1477323	2.35748	1.1167971568308413e-10	3.1637241078769634e-09	1
RAD23A	7.130225	1.389176	8.597761058491819e-11	2.4689854765657027e-09	1
FABP5	7.067237	1.7922213	1.0278054428702214e-10	2.92893987759644e-09	1
GNB2	7.0670166	1.4576563	1.251773299853198e-10	3.5075796366229e-09	1
PKP1	7.0575905	4.1620626	2.1409079742092693e-10	5.781658161268365e-09	1
NOV	7.025823	5.1404376	2.508673099451802e-10	6.6886648989437915e-09	1
MDH1	7.0200577	1.7415708	1.7957468213106923e-10	4.912817629166552e-09	1
PRRX2	7.017755	4.2784653	2.5543557891724705e-10	6.794262293785396e-09	1
MYLK	6.9811974	2.6247604	2.3369346347251393e-10	6.26063295393897e-09	1
TMEM123	6.9720674	1.3630476	1.8264689440072947e-10	4.984670044829021e-09	1
GAS6	6.964298	2.7690957	2.864575070962268e-10	7.553515130121496e-09	1
SRD5A1	6.9253793	3.0543551	3.6827994692167866e-10	9.56074125363779e-09	1
PGAM1	6.9188347	1.394252	2.4630655113621005e-10	6.582763371840336e-09	1
SAP18	6.904583	1.0635965	2.3094393430357486e-10	6.191918865288733e-09	1
MALL	6.8971443	3.1514564	4.1847799588349026e-10	1.0776962059168298e-08	1
CITED4	6.8896575	2.7222195	4.0889605088890244e-10	1.0549832648357445e-08	1
TK1	6.856118	3.1122432	5.223301558324614e-10	1.3152759577159601e-08	1
PRPS2	6.8403006	2.8541398	5.588585341583879e-10	1.399900977909372e-08	1
LINC01133	6.827506	4.3838735	6.34769101424438e-10	1.5689602380896885e-08	1
SDC4	6.8235674	1.9383625	4.944654529203046e-10	1.2516879816150895e-08	1
DKC1	6.7972646	1.9430519	5.775399002860675e-10	1.4413144193076632e-08	1
ATP1B1	6.778646	1.5123248	4.820422803944788e-10	1.2211616409902727e-08	1
SERBP1	6.768929	1.05663	4.1866317531070306e-10	1.0776962059168298e-08	1
BTF3L4	6.754953	1.3575727	5.715913725402737e-10	1.4275313645847597e-08	1
JUP	6.75146	1.9100804	7.199657766168672e-10	1.760085431013582e-08	1
TECR	6.734793	1.4343413	6.402184274642207e-10	1.5801005353625775e-08	1
SNRPD3	6.731499	1.3292913	6.423695985124937e-10	1.5838395571701155e-08	1
MRPL4	6.7136965	1.6901914	8.258295984316798e-10	2.008640359753225e-08	1
MGST1	6.6786933	1.2290841	5.502175786248381e-10	1.3803177116421613e-08	1
UBE2T	6.675497	2.6123838	1.1631538040543317e-09	2.759076502247973e-08	1
TMCO1	6.6623673	1.017144	6.342523297929133e-10	1.5689602380896885e-08	1
DHRS1	6.6502113	2.3840146	1.3081659033380828e-09	3.070482334769953e-08	1
RTRAF	6.647671	1.2574847	9.673846687261445e-10	2.3242871900962473e-08	1
PIM3	6.6354775	1.5842286	1.0791087058774822e-09	2.5651584056581596e-08	1
ATP5IF1	6.615269	1.1787931	1.0731603615671958e-09	2.55282777924293e-08	1
ZFP36L2	6.6136594	1.4321262	1.0412415194805928e-09	2.482180654221646e-08	1
RALA	6.6046624	1.6008776	1.3157188876691764e-09	3.083894284508165e-08	1
PSMB2	6.5985518	1.3799665	1.2647801501253974e-09	2.97917386971418e-08	1
CHCHD7	6.5945573	2.3140712	1.6712492363086188e-09	3.8605627159109764e-08	1
TBCB	6.5575747	1.362417	1.544896371089032e-09	3.585977106069012e-08	1
MINOS1	6.547957	1.1804794	1.349747029732513e-09	3.159236924232953e-08	1
NDUFA6	6.5451365	1.2644001	1.60374171368745e-09	3.712291291842012e-08	1
SMCO4	6.53317	2.0452168	2.112351578841558e-09	4.8001615383417816e-08	1
PPP1R14B	6.5261006	1.5233637	1.880860373892082e-09	4.306207358410534e-08	1
DGUOK	6.5260057	1.3557351	1.823785039943575e-09	4.1833839790882194e-08	1
UPF3A	6.5176296	1.6083679	2.0459841463957045e-09	4.6619805879251576e-08	1
RAB5IF	6.507579	1.6402919	2.2383549244112544e-09	5.062485672264186e-08	1
ARF6	6.480915	1.3736949	2.390964382411367e-09	5.393095921349003e-08	1
F11R	6.4615974	2.1423273	3.0743652517973672e-09	6.810917101092173e-08	1
PTTG1	6.460013	2.2424867	2.9405690698471884e-09	6.536091926556961e-08	1
TXNL4A	6.440707	1.3666966	2.7611890528667e-09	6.170089408541105e-08	1
PSMD8	6.422006	1.2544352	3.0362722092618803e-09	6.735423688548461e-08	1
PEF1	6.408696	1.9833958	3.789688667783022e-09	8.28077834567494e-08	1
P4HB	6.387788	1.0930634	2.9932392279483935e-09	6.644357177009733e-08	1
CMPK1	6.380536	1.519026	3.94934970438993e-09	8.601632365905367e-08	1
ANXA4	6.3732505	1.7509774	4.299414006877434e-09	9.303654529333936e-08	1
CYB5B	6.3694725	1.9705229	4.641017974277037e-09	9.997797327491749e-08	1
SAP30	6.368705	3.0985775	5.3540482287513985e-09	1.1344291322839586e-07	1
S100A2	6.3577237	3.4319293	5.560729846831409e-09	1.1737724341886236e-07	1
TMEM106C	6.346378	1.8723253	5.062695623253178e-09	1.0808903494559824e-07	1
CALD1	6.3325925	1.4645087	3.369910118802742e-09	7.436194427287024e-08	1
NBL1	6.3303	2.0382593	5.256266363112539e-09	1.1165321728002385e-07	1
CENPM	6.3279295	3.1199524	6.38372773968263e-09	1.3348915967375008e-07	1
NAA10	6.3208637	1.4591153	5.194693171910072e-09	1.1048522744390345e-07	1
HMSD	6.309014	28.8401	7.719821004304319e-09	1.5875568136442132e-07	1
DMAC1	6.3005853	1.5950344	5.975307825455893e-09	1.2541789723004763e-07	1
TPST1	6.2977266	3.4406705	7.484377850296647e-09	1.5448216460110758e-07	1
HDGF	6.2893634	1.6994252	6.396589103881393e-09	1.336747633229195e-07	1
PRDX2	6.2799	1.1096699	4.952022866278617e-09	1.0606372858100325e-07	1
PDLIM4	6.26359	2.0438647	7.380658866140257e-09	1.5252906902600763e-07	1
SGCE	6.2532477	2.4784517	8.458730409542241e-09	1.7286467276171924e-07	1
CBX3	6.2495713	1.0907855	6.182092662048377e-09	1.2967702937946505e-07	1
INSIG1	6.2381496	1.9139309	8.46259183312194e-09	1.7286467276171924e-07	1
ATP5PB	6.233156	1.3657749	7.879964237159008e-09	1.6185050856004304e-07	1
YWHAH	6.2307334	1.2554232	6.577860360288629e-09	1.3729185709050462e-07	1
FAM96A	6.2142344	1.7381176	9.248818097871089e-09	1.8812286708350164e-07	1
PI3	6.1995873	3.2044644	1.0626660643562639e-08	2.143288181874531e-07	1
MRPS5	6.1939836	1.7719613	1.0206255444954332e-08	2.0659505967363504e-07	1
NXT1	6.1915207	1.684414	1.0012039845198126e-08	2.0278612828972848e-07	1
VGLL1	6.18516	4.308236	1.3144953821322618e-08	2.613484861416609e-07	1
TRIM29	6.176585	3.4192421	1.3277318326809717e-08	2.633557267886013e-07	1
LARP6	6.159302	2.7118196	1.3704917361956211e-08	2.7103575072958327e-07	1
PDCD7	6.157201	2.2711847	1.3159281338292673e-08	2.614783503363001e-07	1
RHBDL2	6.1515465	4.6700726	1.5565835891977292e-08	3.040732100482297e-07	1
CXCL16	6.13399	1.964056	1.3585792254842584e-08	2.689970826562427e-07	1
SPINT1	6.1336536	1.7266952	1.3458614008893653e-08	2.6679395536188066e-07	1
GTF2A2	6.1201663	1.2396793	1.264973215585178e-08	2.524001583815732e-07	1
CDK1	6.1192045	2.9212568	1.613697249253496e-08	3.143148631661528e-07	1
UBALD2	6.11344	2.1509836	1.6207618613312376e-08	3.155076818973363e-07	1
ORC6	6.1108904	3.5602896	1.8008506537080352e-08	3.475393082624926e-07	1
PSMB5	6.1066594	1.1776606	1.291662497419049e-08	2.5711366068802564e-07	1
CENPU	6.104676	3.5084593	1.8621993941392845e-08	3.577321298901818e-07	1
GRTP1	6.0964155	2.9346304	1.8713677621612275e-08	3.5928761368431443e-07	1
UBE2I	6.0950913	1.0075034	1.2687812615460843e-08	2.530094666677599e-07	1
CAMTA1	6.072684	1.1638354	1.508936625509845e-08	2.957992013806295e-07	1
TAF12	6.0664015	1.6888661	1.8067888078360273e-08	3.4848478092943177e-07	1
TXNL1	6.060187	1.3605052	1.736060100860942e-08	3.3600226106737945e-07	1
LMO7	6.0494704	3.2786083	2.3759768201007302e-08	4.467076150392298e-07	1
HELLS	6.0433273	2.8765774	2.369192241246243e-08	4.461823524067391e-07	1
COX5A	6.0395255	1.0397522	1.758012065481522e-08	3.3994770326919644e-07	1
TPD52L1	6.0384355	1.7308116	2.0875488082979255e-08	3.973806729802538e-07	1
SYNGR1	6.031709	2.7100434	2.5090681778142646e-08	4.7014891481602375e-07	1
SNHG15	6.0238233	1.8306315	2.2708059393852876e-08	4.2909916626998274e-07	1
SARS	5.9980264	1.7227556	2.5451839453431543e-08	4.763840106626939e-07	1
MYO10	5.9964023	2.3828611	2.837921676902965e-08	5.256031527609186e-07	1
AP2M1	5.988828	1.1801054	2.3242357223772104e-08	4.3820792784853294e-07	1
PIM1	5.9780006	2.3138437	2.8809468788284423e-08	5.332772586246401e-07	1
S100A14	5.9638524	1.2285168	2.226209699164652e-08	4.209092419373258e-07	1
MFAP5	5.9600616	3.078207	3.363397049967261e-08	6.134404592330173e-07	1
TMEM59	5.9349184	1.0552782	2.9049255927216182e-08	5.368270485150182e-07	1
NDUFB6	5.9131064	1.321504	3.4411036530235016e-08	6.252332482451856e-07	1
HACD3	5.9009743	1.4590651	3.78911390792815e-08	6.836507239688977e-07	1
SBSN	5.8927374	8.379643	5.137549290479513e-08	9.031370060375962e-07	1
MPG	5.891124	1.3315439	3.817890985352365e-08	6.881025337974404e-07	1
EFNA4	5.8839765	1.9491419	4.4741625726795106e-08	7.973851586091575e-07	1
BRD7	5.866175	1.7888545	4.7340501649102235e-08	8.396868142847901e-07	1
PFN2	5.859885	1.7771388	4.8206353701144113e-08	8.532290030674945e-07	1
EZH2	5.8461986	2.508556	5.6442713276168835e-08	9.829413530612559e-07	1
TRA2B	5.832668	1.157408	4.823118540937865e-08	8.532290030674945e-07	1
AARD	5.814882	1.8657622	5.5127690417799844e-08	9.64044767624309e-07	1
SPRR2A	5.805695	29.01292	7.59760418452012e-08	1.2902847693822245e-06	1
LLGL2	5.800196	1.9983224	6.643940471451058e-08	1.1433781803639813e-06	1
FN3KRP	5.7968893	2.362703	7.126085230659713e-08	1.2179358993938205e-06	1
SEPT7	5.79657	1.283529	5.8845351120414215e-08	1.0205439099947328e-06	1
GOT1	5.792317	2.652471	7.323884709405527e-08	1.2469564316658415e-06	1
HR	5.786445	4.8764105	8.157691371075391e-08	1.3791185800264098e-06	1
CDKN2B	5.7760596	3.22435	8.14710185477039e-08	1.378022911300321e-06	1
KRTDAP	5.7737765	7.152706	8.724912864546084e-08	1.4624802718127947e-06	1
CDKN1A	5.764545	1.5313066	6.81290499793158e-08	1.171253954564957e-06	1
IDO1	5.762662	4.5722075	8.87802052116696e-08	1.487401030471833e-06	1
BIRC5	5.760618	2.6206846	8.245041710445681e-08	1.391781298490481e-06	1
CDKN3	5.7454944	2.8662992	9.089273510321492e-08	1.5190001136506882e-06	1
H1FX	5.7394767	1.5420929	7.981757054747248e-08	1.3521015826933204e-06	1
GJB3	5.7369156	4.569549	1.0096322524789261e-07	1.668181053221461e-06	1
THOC7	5.735534	1.3799804	8.189055453278356e-08	1.383723470823221e-06	1
ID4	5.7327533	3.1077707	9.785691854052013e-08	1.6248608439443495e-06	1
NUSAP1	5.7271514	2.6475766	9.505153611181328e-08	1.5821953214522725e-06	1
ZWINT	5.7063656	2.7562091	1.0942868518991078e-07	1.7983084419180783e-06	1
PTP4A2	5.705765	1.1026297	8.453986711628818e-08	1.4220419673758385e-06	1
PBK	5.693755	3.8468957	1.2071540999966895e-07	1.968359536606172e-06	1
KLK10	5.6913066	3.438558	1.1895903214365664e-07	1.942553503958319e-06	1
DHCR7	5.669457	2.2391684	1.2447832611473805e-07	2.025777552748389e-06	1
LRRC42	5.6631684	2.416375	1.2942877509566792e-07	2.0951595296736473e-06	1
CDC20	5.6466875	3.2719288	1.4355368749204286e-07	2.306002984756039e-06	1
EIF3J	5.6270127	1.2549922	1.2803105592816206e-07	2.074536061297818e-06	1
SDHC	5.6242986	1.117388	1.2588265513577087e-07	2.043673831514468e-06	1
NMB	5.618046	2.5674226	1.5832456282518816e-07	2.5251374996289283e-06	1
POLR2I	5.606729	1.1402756	1.4094026535574743e-07	2.267279347864328e-06	1
EGLN3	5.598212	2.981879	1.777649737201505e-07	2.8018867403888944e-06	1
ARPC1A	5.5869117	1.1632109	1.520992758212886e-07	2.4327905628621085e-06	1
TMEM14A	5.5827913	1.3274643	1.5717741609034314e-07	2.5080341165966695e-06	1
IER5	5.554503	1.7939425	1.9416614536220327e-07	3.0361429751019393e-06	1
EBP	5.554055	1.8416427	1.9853857280156097e-07	3.0987353514830884e-06	1
NAA20	5.550598	1.2824616	1.839453463034259e-07	2.889794313987451e-06	1
KCNG1	5.5471044	5.740278	2.3670282262784643e-07	3.6452017326724503e-06	1
ID3	5.546189	1.7460258	1.908468108928018e-07	2.988418713424587e-06	1
SLC44A2	5.533642	1.9793284	2.2135214726944866e-07	3.4308096195666143e-06	1
ALYREF	5.528993	2.282939	2.3242425670688192e-07	3.5875480875313052e-06	1
NUDT5	5.5188503	1.4866674	2.2185235156983183e-07	3.435433852263956e-06	1
LYPD3	5.5124145	2.1319683	2.478265506038446e-07	3.8025390365066567e-06	1
PSIP1	5.4956584	1.8195828	2.591555604078302e-07	3.961867206763461e-06	1
HPF1	5.4892406	1.9642193	2.687525219982724e-07	4.095514920647003e-06	1
MBP	5.487115	1.9140372	2.607053609802615e-07	3.980117666198885e-06	1
CEBPD	5.486899	1.5392704	2.5163270323683284e-07	3.857409734582546e-06	1
FRAT2	5.476474	3.4604661	3.1086658065877946e-07	4.681982928547877e-06	1
SLC6A14	5.4704394	4.4935637	3.269618297099266e-07	4.902381193697206e-06	1
PSORS1C2	5.448276	5.7177753	3.635209843104732e-07	5.416640308643972e-06	1
CFDP1	5.4426584	1.3908812	3.0424419243826077e-07	4.59255376173344e-06	1
HMGB3	5.43121	1.888506	3.426512321679236e-07	5.121597583843282e-06	1
TGIF1	5.4246755	1.3983531	3.3515251172397604e-07	5.018459998095482e-06	1
INO80C	5.4139752	2.3119617	3.89780469238981e-07	5.7540110608949515e-06	1
A4GALT	5.411875	2.5678697	3.897442737916735e-07	5.7540110608949515e-06	1
TM7SF3	5.4059396	2.11167	3.9291515350908035e-07	5.792864687405743e-06	1
MCUR1	5.398766	1.6119688	3.8609172994219986e-07	5.707317194354925e-06	1
CENPX	5.3958	1.3085207	3.6987073000601564e-07	5.499039962381104e-06	1
MPLKIP	5.3878946	1.2552263	3.85066216037138e-07	5.694739267471959e-06	1
CDC37	5.3830767	1.1639371	3.7686410529306256e-07	5.5881516161072555e-06	1
SEC11C	5.3703265	1.3707378	4.173287103200693e-07	6.131240592573563e-06	1
GCSH	5.366117	1.563558	4.443195494721128e-07	6.485170586964376e-06	1
UBE2A	5.3618617	1.35194	4.414150342876593e-07	6.4511989825892724e-06	1
ATP5F1A	5.3554573	1.1056525	4.244837609831401e-07	6.224700126071093e-06	1
MYBL2	5.3512874	3.7843893	5.386912133097641e-07	7.740235974092284e-06	1
E2F1	5.346748	3.9534514	5.510782985000762e-07	7.888910460943687e-06	1
DHCR24	5.3467236	1.4103273	4.6234586274905265e-07	6.724866687973103e-06	1
PDCD5	5.3379793	1.0678519	4.516493045004668e-07	6.577841650998765e-06	1
NOTCH3	5.3270783	2.112869	5.502680578872992e-07	7.880675033987148e-06	1
CDC42EP1	5.3171744	1.8760322	5.681825140833575e-07	8.126827166255819e-06	1
TPX2	5.312488	2.7325537	6.0949855694631e-07	8.662369109549231e-06	1
CEBPG	5.3057623	1.8121212	5.978094976413522e-07	8.510665687771052e-06	1
MRPL12	5.2990823	1.3498284	5.699187319811395e-07	8.148185928976726e-06	1
LIPH	5.291156	3.0870163	6.829981562075908e-07	9.6415998137032e-06	1
CENPW	5.2873116	2.1515164	6.574091910665908e-07	9.31565765845565e-06	1
PSTPIP2	5.274574	2.6997983	7.248207760129672e-07	1.0176313791649617e-05	1
IRAK1	5.2730494	1.876766	6.933081789828375e-07	9.778910694391653e-06	1
ACTL6A	5.2718854	1.7282377	6.79148604703252e-07	9.591294042253379e-06	1
RUNX3	5.2715745	2.3013155	6.91492743227909e-07	9.757407699035463e-06	1
PCCA	5.2626033	3.1752315	7.805883640544542e-07	1.0886367700104135e-05	1
PPIF	5.2616453	1.7003928	7.106348468793175e-07	9.99387983194096e-06	1
NCK1	5.260525	1.8515615	7.320375902625794e-07	1.0256170766498403e-05	1
ERP44	5.2535825	1.5639389	7.254307593844103e-07	1.0180616360047074e-05	1
DNMT1	5.2409906	1.5508702	7.571523005146913e-07	1.057270828957671e-05	1
GABARAPL2	5.234567	1.0443629	7.306218522878777e-07	1.0240613266856543e-05	1
PPP1R14C	5.2319407	3.4005027	8.921040530121693e-07	1.2313605778634227e-05	1
SLC2A1	5.231727	2.2327077	8.43246088572216e-07	1.1696988030107815e-05	1
PTMS	5.219085	1.011892	7.272447962585952e-07	1.0201805818197216e-05	1
BRIX1	5.2183576	1.7586102	8.64075124059019e-07	1.1971063088006425e-05	1
RAP2B	5.2088385	1.9403005	9.061360338608701e-07	1.2486733242287365e-05	1
ACO2	5.205802	1.8858417	9.347985936299596e-07	1.2855301200878424e-05	1
KLF10	5.1806383	1.5976511	9.835587248557358e-07	1.3487139489119474e-05	1
LSM2	5.1789846	1.0791628	9.274918123858756e-07	1.2765286368171791e-05	1
TENT5B	5.1756463	3.2980926	1.1323477765236638e-06	1.5351688266928137e-05	1
VPS4B	5.1718397	1.4370323	1.0175141419459483e-06	1.391294000611865e-05	1
VSNL1	5.1685867	4.106786	1.1835714796753046e-06	1.5981550321976403e-05	1
CDH3	5.1659017	3.275215	1.1830349128147777e-06	1.5980738626951455e-05	1
TUBA4A	5.1589723	1.6563398	1.06350212487433e-06	1.4508719474915838e-05	1
AC239800.2	5.1534243	7.012087	1.287275964322407e-06	1.7229259026072568e-05	1
GPC6	5.149593	3.3438663	1.2524010144469587e-06	1.6816165902948534e-05	1
TMUB1	5.1438837	1.9067869	1.2176317508291603e-06	1.638210451446485e-05	1
CKS2	5.137202	1.3357725	1.1413171085708792e-06	1.5448312001039494e-05	1
PCID2	5.1361465	1.9685073	1.261725730698985e-06	1.6927817093349862e-05	1
TMEM41A	5.12541	1.829976	1.3138076785380772e-06	1.7563341309623614e-05	1
RALBP1	5.113646	1.2419759	1.3022816812928078e-06	1.741620010854947e-05	1
TRAPPC3	5.1080003	1.2200516	1.3199958210288964e-06	1.7639035790091717e-05	1
POLR2J3.1	5.1042747	1.1356446	1.2373803559695872e-06	1.663445872528093e-05	1
AC020916.1	5.1018724	1.4970952	1.3604394410247685e-06	1.8136128494201814e-05	1
MBOAT2	5.1016	2.0941484	1.4802714702222846e-06	1.9570274096462613e-05	1
ADGRG1	5.0800066	2.0893452	1.5885716101923998e-06	2.0862286757033393e-05	1
CETN2	5.0757422	1.3613735	1.5355156747096947e-06	2.0228881086189265e-05	1
UBL4A	5.0656614	2.1791804	1.7295727502287605e-06	2.2537528988120768e-05	1
CDKN2C	5.0619435	2.57976	1.78718596532273e-06	2.322510827698167e-05	1
CKLF	5.055737	1.2804898	1.5602218273720133e-06	2.052211776936655e-05	1
GSN	5.0465813	1.1309218	1.5270711328350526e-06	2.0125537472070923e-05	1
ADIPOR1	5.044991	1.172126	1.6773970484495419e-06	2.1883148347742545e-05	1
SHC4	5.04381	4.1097245	2.0023572581452846e-06	2.5831178767481152e-05	1
FAM177A1	5.0364494	1.0099825	1.6761718036522467e-06	2.1875672554980545e-05	1
IL34	5.018352	3.3366218	2.1834912595285753e-06	2.7942190131952667e-05	1
NUDC	5.0152955	1.0533489	1.8939144376251344e-06	2.451709152928778e-05	1
GAN	5.0134487	2.5501869	2.189110956321067e-06	2.800342127611171e-05	1
CDCA3	5.007022	3.2412212	2.301410811274814e-06	2.9283619127833285e-05	1
FAM207A	4.998703	1.5084786	2.190309046943676e-06	2.8008065475996126e-05	1
MCM7	4.9917345	1.9724907	2.330468024093899e-06	2.9608419695505104e-05	1
HTATSF1	4.9916387	1.6635543	2.280874159129988e-06	2.9055374163075928e-05	1
PSPH	4.9875574	2.6147206	2.4591630848877003e-06	3.112558076612013e-05	1
LCMT1	4.972266	1.4478893	2.4058892101358384e-06	3.0508858221990988e-05	1
VDAC3	4.970052	1.259681	2.3557357452364727e-06	2.9906787521187183e-05	1
SH3YL1	4.9685235	1.4945644	2.4531842789034877e-06	3.106162850083121e-05	1
CT83	4.964491	4.54424	2.810152244630728e-06	3.507827184114598e-05	1
DUOX1	4.9624915	3.940974	2.8059691629433512e-06	3.503909593979261e-05	1
IDH3G	4.96011	1.4174974	2.5262890333996964e-06	3.187895427737367e-05	1
MTAP	4.9586663	2.2595537	2.733082089082025e-06	3.424367065741509e-05	1
NR2C2AP	4.952385	1.9084935	2.7270658234622398e-06	3.42066248260086e-05	1
BCL11A	4.951202	2.4825146	2.811834475387621e-06	3.5086212849321504e-05	1
MDFI	4.9482956	1.863524	2.731603472154342e-06	3.423793425243975e-05	1
GHITM	4.945062	1.0806555	2.6011530445407256e-06	3.2688375521521345e-05	1
MYC	4.943247	1.2790117	2.5419023861458694e-06	3.2027779088549435e-05	1
ALG3	4.9332604	1.5630071	2.8935362137671115e-06	3.5971867363218194e-05	1
BAMBI	4.928717	1.7381998	2.934642435988939e-06	3.639375287343639e-05	1
NDC80	4.916375	3.0674756	3.287620655234236e-06	4.048094140866796e-05	1
S100A8	4.905254	2.0727286	3.2193295638534933e-06	3.972756913215968e-05	1
B4GALT4	4.90366	2.6123633	3.4773213637942253e-06	4.261338540848451e-05	1
ACP1	4.903125	1.0979023	3.1002214172108558e-06	3.8328244214769375e-05	1
PRKAG2-AS1	4.902847	2.6362374	3.5143775752244902e-06	4.302034242722796e-05	1
FAM241B	4.8835883	2.3875184	3.7380076883183154e-06	4.5508717195602405e-05	1
UGP2	4.8704944	1.2156892	3.5850417583475127e-06	4.383736260179873e-05	1
CARD19	4.8643904	1.2707218	3.688017218048938e-06	4.493272267002522e-05	1
SPC25	4.851658	3.2601676	4.385272530841393e-06	5.249337114809106e-05	1
RASEF	4.8485637	1.9997681	4.233372879401685e-06	5.091127993833342e-05	1
CDC42EP5	4.8466654	4.0518665	4.5336078923722535e-06	5.4133763730173645e-05	1
PSMG1	4.8421097	1.6561682	4.215310882578316e-06	5.074865122489566e-05	1
CSRP2	4.8379016	2.080978	4.337003198587612e-06	5.201824951786778e-05	1
PQLC1	4.83553	1.9132156	4.415669965656589e-06	5.281953862984581e-05	1
EPCAM	4.835512	1.2264601	4.074407730472217e-06	4.9246742229826526e-05	1
UBE2M	4.833983	1.8126112	4.442868312705829e-06	5.3107001452767714e-05	1
MRPL47	4.8313994	1.1729652	4.212929370607899e-06	5.074865122489566e-05	1
MRPL36	4.828965	1.2418727	4.339790425558734e-06	5.202261318372928e-05	1
RMI2	4.8275948	2.7850888	4.7603938345255726e-06	5.653979093619767e-05	1
TACC2	4.8262844	2.4618564	4.77383556854261e-06	5.667936948831422e-05	1
ERO1A	4.821606	1.6203259	4.559357610206192e-06	5.442185537506259e-05	1
CFAP20	4.818296	1.9671773	4.797139191678367e-06	5.691575720837783e-05	1
NARS	4.815312	1.3682923	4.646263878193851e-06	5.530175185894249e-05	1
F8A1	4.811349	3.0677886	5.146548443072023e-06	6.0760429894079096e-05	1
KDSR	4.8043394	1.4208486	4.867772565657212e-06	5.765182190138013e-05	1
HAUS1	4.8016815	1.8487551	5.096690315978556e-06	6.022559880811706e-05	1
NASP	4.798936	1.3503867	4.931321223229553e-06	5.8363248111624e-05	1
PELI1	4.796302	2.1048386	5.273069665523886e-06	6.212448194246955e-05	1
RNF144B	4.7909455	1.787541	5.266922801316078e-06	6.209415032651761e-05	1
CDT1	4.7855864	3.3476827	5.687233793054792e-06	6.660457704359314e-05	1
NINJ1	4.7839847	1.1715695	5.2038830586119665e-06	6.139410540587548e-05	1
GJB5	4.7772107	5.1647935	6.070216687650037e-06	7.067030125667126e-05	1
C21orf58	4.7759295	2.5767002	5.814139187434632e-06	6.792477968852142e-05	1
CCNQ	4.7758956	2.0079525	5.720864195526151e-06	6.697504571802536e-05	1
C9orf40	4.7743864	2.9165823	5.963138464024585e-06	6.95685659902082e-05	1
FRG1	4.7729883	1.5111909	5.5468530673122285e-06	6.505139815759421e-05	1
TMEM213	4.772222	3.6260097	6.088546360443772e-06	7.085910252451234e-05	1
AL445524.1	4.7622876	2.2337132	6.152180412103393e-06	7.152522814639859e-05	1
PON2	4.728583	1.5933373	6.838378519933967e-06	7.84693992258314e-05	1
SH3GLB1	4.7209125	1.2021425	6.697929483255491e-06	7.717459731977753e-05	1
AC023043.1	4.7180266	3.1807163	7.506520322878702e-06	8.557994498629317e-05	1
C1S	4.709707	1.8315766	6.930391097244501e-06	7.944369370904915e-05	1
TFG	4.7073107	1.1776888	7.0305928402085085e-06	8.048229162233229e-05	1
SMC2	4.7029023	1.9040456	7.601377794689183e-06	8.656493679560557e-05	1
AL355338.1	4.6970363	2.1309497	7.985225060924079e-06	9.054510945519085e-05	1
FAM50A	4.696228	1.423827	7.60324092304505e-06	8.656493679560557e-05	1
SLC51A	4.6925592	4.311259	8.469750587151255e-06	9.558677807659498e-05	1
NFYC	4.6800866	1.8732727	8.413705795756296e-06	9.501821754055957e-05	1
PSMD7	4.6705875	1.0594091	8.096334699469564e-06	9.165007160138665e-05	1
SPG21	4.649513	1.0944597	8.852395388942894e-06	9.957015215980335e-05	1
RSU1	4.6485696	1.4951183	9.230736321498555e-06	0.0001034095280425461	1
MTHFD2	4.6478987	1.2175264	8.928869575992017e-06	0.00010039665251369366	1
RHCG	4.6476336	5.3315587	1.0214515916868482e-05	0.00011318304538080137	1
POLR2H	4.645926	1.0857065	8.960962163721988e-06	0.0001006899939475374	1
RFC4	4.6396623	2.4660826	1.015104123298736e-05	0.00011255407404814182	1
PGLYRP4	4.638537	7.388196	1.0624864066687692e-05	0.00011718795319328243	1
MED10	4.62925	1.4277806	1.003639267354304e-05	0.00011146710154414142	1
MIA	4.620974	2.282481	1.0667715449208974e-05	0.00011758325464407433	1
IRX4	4.613365	4.279503	1.1608746926901809e-05	0.00012707864904543524	1
AL162411.1	4.61208	5.341011	1.1765126692016282e-05	0.00012845511535706968	1
FAM43A	4.6098685	2.8651206	1.152077504545537e-05	0.00012623924070552715	1
EMP1	4.609186	1.3041091	1.0124192993887413e-05	0.0001122935043677175	1
FAF1	4.6055117	2.331851	1.1564810354094496e-05	0.00012663901537273374	1
HMGA1	4.6028733	1.086368	1.0357185945279932e-05	0.00011465028837974726	1
CMSS1	4.586062	1.4227664	1.1924341825791312e-05	0.00013006645501751753	1
AQP3	4.583361	1.9094564	1.212351200193881e-05	0.00013198140735379087	1
KARS	4.583166	1.5145231	1.2150784984787076e-05	0.00013223539233443975	1
TMEM208	4.5823016	1.1313376	1.163514350960018e-05	0.000127294230631406	1
SIKE1	4.5775847	1.7548468	1.2610915618556261e-05	0.00013673327198967137	1
PYCR1	4.577135	1.4096032	1.231052872881964e-05	0.0001338435799330112	1
RAB40B	4.573623	1.9027305	1.3027707509949343e-05	0.0001407286111404866	1
DNAJC9	4.5724607	1.7890247	1.2910103723690722e-05	0.00013959309767772743	1
TXNDC12	4.570304	1.3109133	1.261300329555002e-05	0.00013673327198967137	1
UPF3B	4.570034	1.7318704	1.3056724829423094e-05	0.00014095127373790794	1
ANP32E	4.569311	1.4798981	1.2569805316090773e-05	0.00013635311775776217	1
VBP1	4.5683703	1.2233113	1.2438441552244448e-05	0.00013505916740169345	1
LAPTM4B	4.550983	1.2091613	1.3202493192807818e-05	0.000142361091932379	1
BRD4	4.5481987	1.1571904	1.3565519482285477e-05	0.00014597404201326184	1
HRK	4.545528	4.793416	1.5296697759621374e-05	0.00016267169928835146	1
MPZL2	4.542077	1.8619027	1.4512294808713258e-05	0.00015511691528969135	1
PLSCR1	4.5378313	1.3293644	1.4137443306730643e-05	0.00015149648113452156	1
RPP30	4.535777	1.665684	1.470277855099121e-05	0.0001569879136097593	1
DNAJB11	4.5152855	1.4410363	1.5962234620671585e-05	0.00016894582247142494	1
ISY1	4.5118356	1.8270466	1.6432287453003286e-05	0.00017337381360842507	1
AUP1	4.4964724	1.0098664	1.625430355237835e-05	0.00017171199856703064	1
RPP25	4.490033	2.2621338	1.8212436779002158e-05	0.0001901816133264357	1
MCM3	4.487293	1.6465795	1.7864681151273776e-05	0.00018668223763082696	1
HSPA9	4.4828353	1.1070169	1.7488682578353807e-05	0.0001833660213693545	1
GJB6	4.4805007	5.3157067	1.9698664348872742e-05	0.00020393193912167425	1
CCNE1	4.475091	4.5486507	2.0081415574078635e-05	0.00020731017536785828	1
DGAT2	4.4718776	3.1180751	2.0063775331809966e-05	0.00020725564779927258	1
MRPS12	4.466678	1.1112814	1.870580288106915e-05	0.00019496933947605355	1
ZNF750	4.4650426	3.3105118	2.064166887506051e-05	0.00021230978710162668	1
UBA2	4.463629	1.3083355	1.9230430838547043e-05	0.00020000244364518026	1
GPI	4.4548206	1.189721	1.9599653667591284e-05	0.00020314956231912214	1
SAA2	4.451712	2.4396467	2.0777647740029804e-05	0.00021357740816682185	1
TMEM176A	4.450793	1.6618246	2.0421096436874497e-05	0.00021047486396317947	1
IL20RB	4.450199	6.0780096	2.225760685544081e-05	0.0002272579578503319	1
GINS2	4.448153	2.186951	2.143612544146351e-05	0.00021953865142965728	1
GOLIM4	4.442124	1.7996805	2.1655805480395767e-05	0.00022158553130505014	1
BGN	4.435779	1.633827	2.0498025123391587e-05	0.0002110333755910875	1
COA4	4.4347715	1.045548	2.0985396978622697e-05	0.00021544879095806055	1
SERPINE2	4.426021	2.0365162	2.2873670350053613e-05	0.0002326981429211854	1
PLLP	4.4159174	3.0304098	2.492745968653672e-05	0.00025175908622286305	1
SMAGP	4.408339	1.9471303	2.5042829835134238e-05	0.0002527720600361834	1
LIF	4.4057693	2.4685366	2.5173612187306095e-05	0.00025393928612764925	1
HOOK2	4.404648	1.0785216	2.369884090494904e-05	0.00024014586791326154	1
ZNF511	4.40313	1.4645132	2.471141669262185e-05	0.00024972751650714954	1
CYR61	4.401015	1.4236662	2.4431074856578666e-05	0.00024704331678158123	1
SDHB	4.3898244	1.1663008	2.5358120412230598e-05	0.00025564674383727877	1
POLD2	4.3865876	1.2569197	2.6105474312537554e-05	0.00026239248244435786	1
CDCA8	4.37601	2.7565393	2.8834534826954878e-05	0.00028647486156128363	1
RRP1	4.3759894	1.7088866	2.7972876369663696e-05	0.00027890554289978895	1
PDZD2	4.3715444	3.7417061	2.983620518591192e-05	0.00029520240653117157	1
CCNE2	4.362227	3.556612	3.0902597624757505e-05	0.00030458537376784937	1
CIB2	4.3577194	3.4059284	3.141628193882473e-05	0.0003092848583827767	1
TMEM165	4.357676	1.0211912	2.8630999712584764e-05	0.00028479014275201826	1
EPHX3	4.3388968	4.6639395	3.404934755978872e-05	0.00033295894067139164	1
SERPINB2	4.3374634	5.521035	3.4181701179475014e-05	0.0003341557677822126	1
HIST1H2BJ	4.326083	3.080503	3.537438443969272e-05	0.00034392650866260757	1
RCAN1	4.3249288	1.61466	3.352664685940735e-05	0.0003279432086064106	1
SERPINB8	4.3247967	2.950781	3.522159567203403e-05	0.0003430222654645937	1
NXN	4.322813	3.1823125	3.5689873022035066e-05	0.00034647584110913986	1
PDHA1	4.315875	1.4854711	3.4817609302026235e-05	0.00033938315419914614	1
INTS10	4.3135943	1.5598435	3.536325570100754e-05	0.00034392650866260757	1
AURKB	4.3068943	2.9392884	3.775716389603929e-05	0.00036401639385945784	1
DNTTIP1	4.3064632	1.5957617	3.66413333654891e-05	0.0003546859920380577	1
TINCR	4.305545	2.6469562	3.774012155467908e-05	0.0003639567041591406	1
SAC3D1	4.294828	1.746533	3.839235229757932e-05	0.0003697151560186931	1
C5orf46	4.2934427	2.3712056	3.8924819277817194e-05	0.000373983776395665	1
PPL	4.292324	2.4861808	3.970375465594396e-05	0.00038070429814608816	1
HINT2	4.28641	1.0318266	3.734716471741619e-05	0.0003608934750178209	1
EMG1	4.284316	1.3693218	3.906573886568513e-05	0.0003752302254564562	1
PRKAG2	4.2836547	1.7113765	3.9900900310323134e-05	0.0003822668087142383	1
ALDH3B2	4.2805657	1.867851	4.0411826079870344e-05	0.0003865514943611965	1
KCTD1	4.2639494	2.0507355	4.4054706378521053e-05	0.0004167058394365411	1
PUM3	4.262227	1.4392426	4.2454608186365335e-05	0.000403162517887565	1
TMA16	4.260958	1.429031	4.295984029916639e-05	0.0004073836594499123	1
COA1	4.2584925	1.285791	4.3058309925571515e-05	0.0004080866835867743	1
FOXC2	4.2578154	4.5479703	4.624248778941844e-05	0.000435312737284559	1
SMC1B	4.2542033	4.222218	4.6950096002452166e-05	0.0004414783207228057	1
CES1	4.2535257	4.1572704	4.689290133093619e-05	0.0004410641625184887	1
AVPI1	4.244343	2.3456917	4.7577426908113734e-05	0.0004466814595197576	1
IMPAD1	4.238705	1.4484471	4.700167229536368e-05	0.0004418394311823972	1
FOLR1	4.2295585	2.5541341	5.042275120092361e-05	0.0004707012240551569	1
EN1	4.2241836	2.9900773	5.192820157078888e-05	0.00048220481973583327	1
CBR1	4.218496	1.4390054	5.0454246163303596e-05	0.00047086418212670167	1
IGFBP3	4.217468	2.3358748	5.2339714986909706e-05	0.0004857571611444213	1
GMNN	4.216122	1.825111	5.16430457506706e-05	0.0004796896697655061	1
CASP2	4.213925	1.8455868	5.2088749821230185e-05	0.00048356179290171095	1
LINC01315	4.2137785	2.647259	5.380122406096882e-05	0.0004979433929991598	1
PHF5A	4.2127237	1.1962318	5.053731386667338e-05	0.000471377097998357	1
RGMA	4.2106175	2.667384	5.425041006511729e-05	0.0005018844182001818	1
RIDA	4.210118	2.0287025	5.371598908772374e-05	0.0004972917444083197	1
POLR2C	4.2073326	1.3923725	5.251769975362836e-05	0.0004871394268353011	1
PRR11	4.206433	3.6765862	5.6003129888081626e-05	0.0005168962519472057	1
B4GALT1	4.1967335	1.2655109	5.436850906819195e-05	0.0005027775469137652	1
ATAD2	4.1965194	1.7502695	5.5517653533643825e-05	0.0005126975818204702	1
CKMT1A	4.1838098	3.544702	6.079679353676895e-05	0.0005559392726327064	1
CHEK2	4.1837296	2.6430337	5.95578634674792e-05	0.0005458006280226011	1
TMEM56	4.179892	3.238945	6.152903304147067e-05	0.000561410581404779	1
PCNA	4.1796627	1.4889692	5.894162635279646e-05	0.0005411883628522163	1
TAPBPL	4.178233	1.9072539	5.9801828751358e-05	0.0005477370666710264	1
LINC00667	4.1775684	1.4970733	5.911024869528788e-05	0.0005421429727888025	1
ALDH9A1	4.1762843	1.2621009	5.9062861761450134e-05	0.0005419343343345547	1
NUF2	4.1746984	2.601322	6.168666612735058e-05	0.0005626958032574016	1
CCDC25	4.1729274	1.1947999	5.867805252672636e-05	0.000539358881830345	1
IRX1	4.1725206	3.8845863	6.35850356969319e-05	0.0005779690195964207	1
FFAR2	4.1663437	4.654838	6.541021714299597e-05	0.0005924720748563942	1
PLGRKT	4.1658325	1.3011674	6.148089684545104e-05	0.0005612767449900037	1
CEP55	4.16458	2.9108496	6.461120618588607e-05	0.0005857814250893556	1
LMO4	4.1623087	1.1207362	6.0847270185483194e-05	0.000556249193047504	1
HDAC3	4.1600757	1.6388376	6.402436865086715e-05	0.0005813322547154129	1
SMARCA4	4.1581535	1.1364946	6.31602990235043e-05	0.0005747313048148014	1
PHLDA3	4.1530313	1.5210509	6.461916081305315e-05	0.0005857814250893556	1
ING2	4.1474514	1.7610455	6.72300830386753e-05	0.0006073803122665453	1
MRPS10	4.146521	1.189115	6.56341136520737e-05	0.0005940037802661593	1
KAZN	4.1462564	2.2446334	6.865720319969073e-05	0.0006185418352191316	1
RTL8A	4.1452622	1.2686003	6.618338288386299e-05	0.0005986668946352881	1
RCL1	4.1373105	2.3282883	7.075995909231883e-05	0.0006354376942210084	1
UBE2V2	4.129965	1.1084442	6.946050574716672e-05	0.0006249395985154825	1
PLEKHF1	4.129938	2.4228673	7.272709978717902e-05	0.0006517070942991641	1
ZC3H12A	4.1284337	1.6438675	7.18170142783546e-05	0.0006440680416872437	1
FDPS	4.1267457	1.0582712	7.009935906902865e-05	0.0006298595115343254	1
GTPBP6	4.1261873	1.6563625	7.236072858284193e-05	0.0006487707023248065	1
PRELP	4.1255784	2.3239272	7.272211525423846e-05	0.0006517070942991641	1
TMEM98	4.119565	1.637211	7.40490000596438e-05	0.0006619609570896889	1
GLRX3	4.1141205	1.2182443	7.400821196893932e-05	0.000661772710650545	1
EFNA3	4.1116924	1.9459938	7.758815877674737e-05	0.0006904707969039224	1
NDUFV1	4.1097264	1.0436082	7.431666989851776e-05	0.0006638230159963207	1
BID	4.108808	1.3490032	7.621757888145611e-05	0.0006788140768090598	1
SRD5A3	4.1027274	1.4626285	7.866479614825532e-05	0.000698939318571823	1
USP1	4.100285	1.2300578	7.830806704710139e-05	0.0006963231380771017	1
MCTS1	4.095968	1.0969296	7.899241293717484e-05	0.0007016643332430565	1
TIMMDC1	4.092182	1.2319087	8.087491153096899e-05	0.0007161101920961539	1
NTRK2	4.0770493	1.9057282	8.634068704195253e-05	0.0007594946194791843	1
DANT1	4.075518	27.414465	9.21692710982914e-05	0.0008040180811203619	1
SMIM12	4.073688	1.3139448	8.692854150086302e-05	0.000763664277234271	1
MELK	4.071273	2.8374538	9.165857359903625e-05	0.0008010089971650327	1
PCDH1	4.0706615	2.5194485	9.151969796331036e-05	0.0008002247626140231	1
CENPF	4.0683994	1.9005904	8.954946108694097e-05	0.00078483890104967	1
UFD1	4.058494	1.1613086	9.116060543800565e-05	0.0007977088095476514	1
UAP1	4.050711	1.1914011	9.365724180929424e-05	0.0008161490120876951	1
UTP4	4.047811	1.9294289	9.764128075631722e-05	0.0008480026405612729	1
GINS4	4.0440507	2.8852477	0.00010104519967172375	0.0008734940830384759	1
GPR180	4.0395947	2.2418776	0.00010156582528865024	0.0008775423353958314	1
URI1	4.039536	1.4881229	9.976473424652898e-05	0.0008644301088511569	1
PSMD14	4.037672	1.1115025	9.863463886100559e-05	0.00085530103982342	1
DARS	4.037113	1.1088703	9.829413965912444e-05	0.0008527899106824128	1
FOXQ1	4.0318565	5.2463574	0.00010770123954283998	0.0009229451393731211	1
TMEM159	4.0295315	1.6054434	0.00010422089537847251	0.00089747703514489	1
BAIAP2L1	4.022677	2.2245038	0.00010885283111783183	0.000931385920541632	1
CHMP4C	4.022214	1.7264107	0.00010726972924598771	0.0009199524389260225	1
IL36RN	4.0213795	7.737243	0.00011235369980032426	0.0009574327858238506	1
CMAS	4.018443	1.4637136	0.00010824861249937988	0.000927162081675613	1
PTEN	4.0126343	1.3267758	0.00010890945687241023	0.0009316327704558815	1
EDN2	4.005314	2.8105266	0.00011695368275985754	0.000993351094821064	1
RAMMET	4.0032845	1.3339347	0.00011294217555560066	0.0009617145240696628	1
ROPN1B	3.993284	2.711821	0.00012211375265493702	0.001032472240433386	1
CXorf56	3.9913137	2.3823314	0.0001222380730418684	0.0010332629052160554	1
MT1G	3.99095	1.3516412	0.00011522558763863047	0.00097966576298791	1
CCNA2	3.9905076	2.6832473	0.00012198956214478192	0.0010316822753147076	1
ATPAF1	3.9894593	1.655027	0.00012066372774436659	0.0010220156798671212	1
SNRNP27	3.9870486	1.2217388	0.00011939304970219161	0.0010133001720802654	1
BRCC3	3.9829302	1.9004877	0.00012422985063987498	0.0010477227609534943	1
RBMS1	3.982916	1.227849	0.00012119621277589289	0.0010253756945736842	1
CTHRC1	3.980736	1.2567374	0.00011663732379585667	0.0009911660697838431	1
NCAPG2	3.9643428	3.0782306	0.00013633388824633557	0.001138355724588086	1
LPL	3.958891	4.0397525	0.00013997024244398804	0.0011638742635705394	1
EFNB2	3.9470983	2.8472028	0.00014499463497377177	0.0012013994692824305	1
GRHL1	3.9453564	1.8230025	0.00014309755986501255	0.0011874406866482896	1
NUDT1	3.944462	1.2455709	0.0001389086698770082	0.0011561130760160626	1
MKRN1	3.942758	1.1191374	0.00014006104273256052	0.0011642595871853316	1
POLD3	3.942002	2.0800288	0.00014510239559684755	0.0012017850730593545	1
CTPS1	3.941221	2.0857632	0.0001452428544647594	0.0012025649423852123	1
RFNG	3.938504	1.9764564	0.0001464847377172378	0.0012122488496851401	1
PTPRU	3.9375682	2.8039246	0.00014895040534661328	0.0012290148943987099	1
GALNT1	3.932305	1.2043788	0.00014481078500227387	0.001200172606810296	1
KCMF1	3.9267843	1.4449303	0.00015022913424971862	0.001238549580119395	1
CDKN2D	3.9204311	1.8272806	0.0001548948074080473	0.0012724287864984852	1
MALSU1	3.9179864	1.2678343	0.00015375872978935516	0.0012643347771181077	1
CD82	3.916115	1.3589127	0.00015517418845353422	0.0012740997441664605	1
HDAC1	3.9138153	1.3977574	0.0001580659749647527	0.0012965739462687136	1
EMD	3.91368	1.00562	0.00015354208666002708	0.0012628629545522237	1
MRPL46	3.9081924	1.5736538	0.00016177735700262982	0.0013241030578880445	1
CALB2	3.9069514	3.5788355	0.00016732131722966168	0.001362166092524292	1
HAPLN3	3.905248	1.8365998	0.00016391650398983503	0.0013386714049970921	1
DNAJC21	3.9051785	1.4202648	0.00016289933946316796	0.0013319860421584877	1
NMI	3.9000223	1.5349805	0.00016655015669303058	0.0013572057350925506	1
SOCS3	3.897605	1.166178	0.0001632064920368529	0.0013341723006112804	1
FANCL	3.8971994	2.049033	0.00017074479006653245	0.001385999758862915	1
WIPI1	3.8958528	1.5061914	0.00016883802062487153	0.001373180419442002	1
COA6	3.8935208	1.113208	0.00016689649629650764	0.0013593675041964942	1
P4HA2	3.890672	1.7113491	0.00017300621048438292	0.0014026592472459966	1
C3orf14	3.8884554	1.179526	0.0001706661266315873	0.001385999758862915	1
NOB1	3.8835177	1.3667791	0.0001752422348667793	0.0014180457900281412	1
LGALS7B	3.8795838	4.519795	0.0001865119300927119	0.0014991125442702252	1
C10orf99	3.8784454	27.2719	0.00018834464897363686	0.001511669746643875	1
EGFR	3.8734703	2.547916	0.00018799824194490057	0.0015092506062886332	1
MAFF	3.8728132	1.1636486	0.00017855839518208418	0.0014420965886834303	1
SUGT1	3.8706257	1.2139392	0.00018208336705892686	0.0014673854431819957	1
PRC1	3.865281	2.5199056	0.00019146190113034876	0.0015351984155940043	1
MTA3	3.8632169	1.5126983	0.0001900008533457165	0.0015242331074070024	1
LRRC8A	3.857988	1.7891515	0.00019515371070383077	0.001562580713945378	1
DMD	3.8578308	3.2564836	0.0002000169773568845	0.0015950474173864154	1
C1GALT1	3.8570454	1.8554994	0.00019560144096998964	0.0015650448310053488	1
SRPK1	3.8493907	1.2108018	0.00019710763895733563	0.0015748421434654584	1
LTBR	3.8482304	1.2882823	0.00019905368568624526	0.0015884986132767907	1
SLC39A2	3.8474214	4.2502384	0.00020936352866065188	0.0016636489255643034	1
MIS18A	3.8472447	1.7767594	0.00020345096087777333	0.0016208904225181462	1
TRIP13	3.8452392	2.610405	0.0002076554801734446	0.0016520333160572832	1
CYP27A1	3.8390503	2.0696814	0.00021090035279510753	0.0016729768411787866	1
KPNA2	3.8362417	1.3619443	0.00020872271264331835	0.0016593430919102964	1
CCL20	3.8353722	2.1538308	0.00020960562239410668	0.0016650087266478354	1
CBR3	3.8343925	1.4696867	0.00020843694594145288	0.0016574641071176557	1
SSPN	3.833135	1.6662872	0.00021082456091531303	0.001672880671317841	1
NPM3	3.8256211	1.3055493	0.00021565744701350793	0.0017084001960982684	1
BCAR3	3.8251238	2.390475	0.00022273316536226609	0.0017607101342012178	1
MRPL2	3.8242455	1.3423387	0.00021646615641851585	0.0017139158263253624	1
TOP2A	3.8124125	1.7125399	0.00022343148267316005	0.0017653124734994152	1
CARS2	3.8113003	1.6387717	0.00023030743777670236	0.0018150239122341103	1
TIMM44	3.8109424	1.3313129	0.00022795846235988882	0.0017977791643576373	1
SNX10	3.8079376	1.3964878	0.00022715809467179252	0.0017931536016442913	1
DHRS4	3.8048208	1.6396294	0.00023485886777567877	0.0018465544500853356	1
FOXD1	3.8047242	4.838147	0.0002440795709576738	0.0019083153588557895	1
RPIA	3.8046627	1.3387079	0.00023177957521598708	0.001825767668463932	1
CMC2	3.8045301	1.4895009	0.00023491509822235618	0.0018465637003693576	1
SLC25A4	3.8036935	1.3747463	0.00023479000590781722	0.0018464458588872447	1
SHB	3.8025815	2.4729617	0.00024211370411881045	0.0018955965802635439	1
CLCA2	3.7933297	2.6668694	0.00024910425775028655	0.0019444277191534467	1
CEP57	3.7891786	1.5186073	0.0002469776739978554	0.0019300741294413022	1
NXPH4	3.7859864	2.72259	0.00025612051143488097	0.0019917778979915007	1
ABHD17C	3.78576	1.8258146	0.00025205427560971586	0.001964254753305177	1
SNRPA	3.784928	1.2190202	0.00024773577827770266	0.0019355475749388363	1
AL356417.2	3.783845	6.6458073	0.00026306923011106497	0.0020410837490527946	1
CCZ1	3.7829607	1.3207707	0.000251283015617255	0.00195869942524247	1
MRPS11	3.7745512	1.106095	0.0002568929456741749	0.0019973218105835654	1
CP	3.771661	1.6442014	0.0002592081366450622	0.002013921730649069	1
ACYP1	3.7710211	1.6116586	0.0002645579065987921	0.002050262649082737	1
NNMT	3.7658582	1.0515664	0.0002484771715673098	0.0019404360445958414	1
CDC25B	3.7614052	1.7119166	0.0002732259160374831	0.002109638685500281	1
AGAP3	3.7580347	1.945134	0.00028035369091243046	0.0021592062335003053	1
CKAP2	3.7579412	2.0581684	0.00028074745094822296	0.002161742482152054	1
E2F2	3.7554924	3.7621264	0.0002880735787268795	0.0022125660416941295	1
KRT16	3.7514043	2.2071002	0.0002859119707492009	0.0021974732838906845	1
GMPS	3.7508726	1.3401512	0.00028222833489292696	0.002172147907444622	1
TSPAN9	3.7402246	1.8145329	0.00029755615978002155	0.002277574430666751	1
RNF113A	3.739622	1.5427175	0.0002945218168115058	0.0022569239793636545	1
IKBKG	3.724855	1.8074652	0.00031197281760271317	0.00237869522055299	1
UCHL3	3.7213068	1.205992	0.000311826089996544	0.0023781170724361256	1
IGF2BP2	3.7141514	2.7201416	0.0003303118776623163	0.0025042926511464176	1
SEPT3	3.707948	4.8767204	0.00034221741285319496	0.0025805562600065227	1
MSMO1	3.7057245	1.2796397	0.00032941259281618125	0.002499169367936561	1
AC244090.1	3.7042236	1.5727024	0.0003351035007197651	0.0025354627831359446	1
HIST1H1C	3.7017593	1.3672537	0.0003357661717112972	0.002539182251020718	1
YIF1B	3.7002606	1.3888111	0.00033826829871985297	0.0025530731339699795	1
DMRT2	3.69844	4.984777	0.0003537325396331173	0.0026614049151714647	1
OLA1	3.6962245	1.0056105	0.0003368812172454411	0.0025448947990156174	1
PLIN2	3.6940932	1.0778085	0.00033125068395285394	0.0025097084234160095	1
SMC4	3.6828938	1.2870407	0.0003567063892808132	0.0026818207351502667	1
LGALSL	3.6824868	2.8306725	0.0003700106595195549	0.0027696437984881745	1
TMPRSS3	3.6757996	2.2426937	0.0003744892904928597	0.002799363782576556	1
ING1	3.6736007	1.7075671	0.00037587530878011917	0.0028087676400168054	1
PARL	3.6728039	1.101441	0.00036628963410456974	0.0027454124284919273	1
CLSPN	3.6725302	2.5859284	0.000380672899006322	0.002838582575215138	1
APOO	3.6694903	1.7896498	0.0003812532799014223	0.002840838666396439	1
RP9	3.6684046	1.5376974	0.0003793020444152636	0.0028321838539030176	1
RHNO1	3.6631784	1.9353113	0.00039215325276108096	0.002914516341870024	1
RYR1	3.6602669	4.177717	0.00040239568638748065	0.0029819999599495603	1
UNC5B-AS1	3.6566074	4.03262	0.0004074177465331875	0.0030132742307540554	1
SSX2IP	3.6550865	2.2919714	0.00040414601473383354	0.0029930363171091876	1
TMEM189	3.6532977	1.6622704	0.0004024779767655007	0.0029819999599495603	1
CDK16	3.6527362	1.3634024	0.00039861028404808565	0.0029566093625070415	1
TM4SF18	3.6467931	2.0449727	0.00040892101526768715	0.0030203963384922913	1
ACTR1B	3.6466975	1.5553921	0.00040836893985465644	0.0030176476342068806	1
MAGEF1	3.646393	1.1986978	0.00040650091954345366	0.0030078198416957818	1
SLCO3A1	3.641567	2.1326318	0.0004207301860159004	0.0030994314010892414	1
IDH3A	3.6375616	1.6508174	0.0004230080147756703	0.0031134763712071007	1
LINC00393	3.6358778	5.032599	0.00043919985503304245	0.0032234578419394477	1
ACP5	3.635828	1.3425075	0.0004132099097066417	0.003051403254396845	1
CA9	3.6358154	4.0127974	0.00043746386565141987	0.0032114194611105877	1
C6orf132	3.6321864	1.4790697	0.0004319168981150377	0.003174863361547692	1
CLIC4	3.6307626	1.1442947	0.00042680288172358563	0.0031379648083934204	1
GTSE1	3.6212666	2.2283297	0.00044912328829143576	0.0032883746371061007	1
SKP2	3.620557	2.4762056	0.0004563296651859192	0.0033360403879688135	1
VRK2	3.6168172	1.664704	0.00045483705458637127	0.0033265786410557083	1
MAPK3	3.614321	1.466089	0.0004576199432015757	0.003343286977766075	1
RNF187	3.6110976	1.2784419	0.00045744524959357384	0.003342738805363412	1
SERPINB7	3.6109302	4.666456	0.00047749520013829047	0.003475622072013542	1
DPM1	3.6103086	1.0492063	0.0004554165918582013	0.0033300911069361087	1
RCCD1	3.6102562	2.0631568	0.00047057895752348995	0.003432729189711913	1
PRADC1	3.6074648	1.5843959	0.0004695548366833568	0.003427494837257121	1
NUDT15	3.60319	1.9537293	0.00048060247299639233	0.0034944477664799467	1
TMEM176B	3.6015687	1.2298952	0.0004657860583653555	0.003401465313222815	1
MARVELD3	3.5984397	1.6245701	0.00048458100445134423	0.0035195607341495317	1
NUDT21	3.5967417	1.1721352	0.00048239540807572934	0.0035052045888795576	1
CTBS	3.593307	1.466207	0.0004898747108518309	0.003554930263236967	1
HNRNPL	3.5901113	1.0910873	0.0004907785974151769	0.003560719216072344	1
LMO7-AS1	3.5897164	3.5498862	0.0005112019984485842	0.003691329651230132	1
ACAT2	3.5878992	1.4275137	0.0004987590036418203	0.0036100292924364044	1
C15orf61	3.5798812	1.3038373	0.0005132220873967094	0.003705118819064362	1
SOWAHC	3.5761707	1.6003989	0.0005226874648017178	0.003761308787151774	1
LURAP1L	3.575666	1.3497016	0.0005176105174024429	0.0037327831357117473	1
PPP1R35	3.5743523	1.1471062	0.0005182948178574221	0.003736914549818528	1
LZTS2	3.5718923	1.6883968	0.0005319682298635919	0.0038223535556672524	1
TOR3A	3.5718043	1.4181051	0.0005288325981409035	0.0038038975282530655	1
RDH10	3.5707474	2.1782293	0.0005360459159856474	0.0038467086153347453	1
RIPK4	3.568306	3.374951	0.0005498436953215862	0.00393310031665202	1
RRP7A	3.5680618	1.1859148	0.0005303939447537687	0.00381222158927845	1
DHRSX	3.5672894	1.4011327	0.0005349508751569232	0.0038396720101943854	1
SMIM13	3.5657814	2.2096334	0.0005484088031034314	0.003926185627511674	1
AL355075.4	3.5643134	2.4515512	0.0005519802929971934	0.0039458591234908065	1
SYCE1L	3.5583928	2.0165212	0.0005589800697912568	0.003989417655835825	1
ARHGEF7	3.5532415	1.576943	0.0005627550240234522	0.0040126203785651815	1
COQ9	3.5523925	1.5566026	0.0005668727865476751	0.004033406901483999	1
SIAH1	3.549092	1.4225123	0.0005705491670064525	0.004055263744556775	1
DRG1	3.548091	1.1511582	0.0005672823901717068	0.004035465248939388	1
ISG20	3.5465105	1.0075758	0.0005586318602478854	0.003988308051207817	1
EVA1C	3.5431547	1.9874005	0.0005897633737272916	0.004178549496870952	1
LAS1L	3.5366395	1.5933303	0.0005971772717399118	0.004226613815452285	1
KRT15	3.5358462	1.4334698	0.0005897312251218379	0.004178549496870952	1
CDC45	3.5270047	2.9945836	0.000628254158899824	0.004419520290196937	1
MUC20-OT1	3.518838	1.156737	0.0006245761489977883	0.00439825920922419	1
RFC3	3.5154717	2.209174	0.0006489538184276543	0.004548915365492571	1
CDCA4	3.510348	1.4824154	0.0006498482857860067	0.004553525838243214	1
DNAJC3	3.5064726	1.1577015	0.0006583957856631953	0.004603554939947724	1
EXOSC3	3.506358	1.2525889	0.0006547973561686199	0.004583568970783981	1
TMTC4	3.505936	2.0802984	0.0006699904161521934	0.0046719643551269684	1
DCTN6	3.497426	1.0893118	0.0006738367867274028	0.004694881525472334	1
FANCA	3.4849942	2.762658	0.0007238023554684834	0.005000423234761771	1
SNAI2	3.4820814	2.052465	0.0007200515539567693	0.004977586391439407	1
ACTR3B	3.4816275	1.9614586	0.0007251213156729108	0.005008503716842072	1
MRPL48	3.4810996	1.4486154	0.0007219615829913841	0.0049897616845485295	1
DENND2C	3.477638	4.357025	0.0007466404185361826	0.005138520230312886	1
MAPK13	3.4756992	1.2513286	0.0007271480066980159	0.00502146825049581	1
RNFT2	3.4729748	3.579441	0.0007560606574374361	0.005190141324418552	1
HEXA	3.4714901	1.2612023	0.0007377200509702453	0.005081248481464482	1
TBRG4	3.4652953	1.6314906	0.0007621186290464522	0.005228517270780743	1
PIMREG	3.4621427	3.0719779	0.0007818843930317208	0.005349894823883506	1
SEPT9	3.4614727	1.0403227	0.0007554800895522252	0.005189342142877572	1
MAFG	3.459795	1.5070194	0.0007724405149813131	0.005292099079873797	1
AL512274.1	3.4567976	3.8021867	0.0007994891158763518	0.005454773074778014	1
RRM2	3.4562612	2.1687822	0.0007871333689579222	0.005382515867118791	1
CIART	3.4496694	2.6111383	0.0008111917946456624	0.005528994916523098	1
NCK1-DT	3.4495437	2.461394	0.000812595126723097	0.0055346002695872715	1
MYO3A	3.4488857	6.5258183	0.0008248440784547175	0.00560269243326239	1
TMEM31	3.4487395	4.9093146	0.0008229854294622871	0.005592332716692579	1
SLC34A2	3.4482331	2.5992665	0.0008165971334634142	0.005557839646416282	1
CDCA7	3.4462006	2.3325179	0.0008167493997551014	0.005557839646416282	1
PARD6A	3.4443953	2.6170547	0.0008276078421290999	0.005619189196933632	1
FOXC1	3.4409409	2.0523198	0.0008317414687601967	0.005641545117024419	1
SAV1	3.439708	1.28029	0.0008244399759816293	0.005601081878549691	1
FH	3.4371202	1.4466465	0.0008333982266647355	0.00565163969279456	1
AACS	3.4352674	1.852334	0.0008465362589454337	0.005728367158328963	1
CUL4A	3.4305303	1.210248	0.0008465912168342228	0.005728367158328963	1
GPR143	3.4271417	3.6526384	0.00088212650110143	0.005947217080089058	1
SCFD1	3.4212627	1.2946624	0.0008709441277461144	0.005880100037989618	1
YRDC	3.4200883	2.0134575	0.0008918485346298254	0.006001904434193213	1
GPSM2	3.4173906	1.7534723	0.0008914640597214469	0.006000520976744341	1
DNM2	3.417118	1.4360851	0.0008882184374456709	0.005983477527689345	1
DTX2	3.4153035	1.9828804	0.0009032936738735717	0.006069185319590038	1
PMF1	3.415274	1.0002728	0.0008812254329559238	0.005943531519560555	1
FAM210B	3.4114664	1.0113909	0.0008935523081282003	0.006012164085642521	1
LINC00665	3.4073868	1.279274	0.0009159814938122221	0.006142564531611419	1
MITD1	3.4072814	1.4001122	0.0009189987602251168	0.006159899563691175	1
AURKA	3.4062147	2.2512002	0.0009317025370647406	0.006228868805200013	1
RPS6KB2	3.4058826	1.2237753	0.000920121740557483	0.006166194465542166	1
SLC10A3	3.4033444	1.7861795	0.0009378601194522711	0.0062662881009061	1
FAM89B	3.402601	1.3190224	0.0009302854397762522	0.006221875161622188	1
TRIM47	3.398996	1.3573679	0.0009425494611223742	0.006295111803167175	1
RHBDF2	3.3986478	1.7512524	0.0009510861130769942	0.006345808497854677	1
YARS	3.397204	1.5768951	0.0009543874820356051	0.006365303347575309	1
DEFB1	3.3962886	1.6940858	0.0009378319119343947	0.0062662881009061	1
PRKCSH	3.396286	1.074296	0.0009463569859334309	0.006318025411065527	1
SPRR2D	3.3959155	27.711517	0.000982416852739726	0.00652758392586037	1
CD109	3.3943927	1.6050541	0.000957886920796704	0.006384834103823977	1
BHLHE41	3.3901803	1.642064	0.0009703638895575744	0.006456452136411546	1
MED30	3.3887153	1.0160457	0.0009629604286511525	0.006412280273454101	1
NUDT8	3.3869004	1.4459176	0.0009742425807391398	0.006479688756805768	1
PTGR1	3.384716	1.211473	0.000985546313787941	0.006547080394288241	1
CD58	3.382109	1.4315636	0.000995542505443564	0.006605636236415941	1
TGFBI	3.372264	1.3127471	0.001014630999801656	0.006719000664234422	1
HPRT1	3.3717082	1.0806235	0.0010248605842723994	0.006781386635841497	1
FOXK1	3.3563962	1.7854728	0.0010926178558924283	0.007164710753565578	1
CERS3	3.3559484	26.70369	0.0011190992143770265	0.007322611539098683	1
VMA21	3.3554256	1.0264825	0.0010771054320210262	0.007075439344970083	1
BZW2	3.3464093	1.06714	0.0011143952164488192	0.007297526348088607	1
IL36G	3.3433259	27.300686	0.0011658481834973965	0.007585589509735436	1
SLC25A1	3.341502	1.06027	0.0011266620626859023	0.0073577438170848615	1
GNL2	3.341181	1.2257855	0.0011339905483219565	0.007399839879623879	1
OPN3	3.3391905	1.5867814	0.0011529846104181753	0.007513552908108805	1
MAD2L1	3.332576	1.6187232	0.0011731121176598931	0.007629892095875602	1
ROCR	3.3325124	2.5353217	0.0011920327750855112	0.007731961189159376	1
SYNM	3.32965	1.8938612	0.0011823222742990962	0.007679370914458944	1
CTNNBIP1	3.3268044	1.0618521	0.0011845351120968088	0.007688470079597763	1
UCHL5	3.3265107	1.4257596	0.001199426185856348	0.007776909665534074	1
PTX3	3.3261144	2.6512916	0.001218179744219688	0.007875668234555235	1
NDRG2	3.320775	1.1892552	0.0012054667063699945	0.007808528157272303	1
KDELR3	3.3185956	1.4830371	0.0012247668335284068	0.007906063195414991	1
PLK1	3.31802	2.844657	0.001253520436438827	0.008069928782839674	1
ABCF2.1	3.3069744	1.7149141	0.0012820555241061377	0.008244138100851986	1
NR2F2	3.30374	1.167965	0.0012828131114591848	0.00824584794393494	1
PGBD5	3.295638	4.939415	0.0013568454807020445	0.008665261665694455	1
RFC2	3.295149	1.4262574	0.0013251012147139456	0.00848839187217732	1
SNRNP40	3.294537	1.0262567	0.001315059185987509	0.00843050461720318	1
CEACAM1	3.2942574	1.8567492	0.0013379076432021566	0.008557353215225693	1
UCK2	3.2922401	1.6127495	0.0013436759183245654	0.008586060959520718	1
PLBD1	3.2916222	1.5521362	0.001343561407470773	0.008586060959520718	1
PDGFRL	3.2867215	1.8025591	0.0013608704878183783	0.008689312208626733	1
EMC2	3.2851243	1.1897751	0.0013646151303005607	0.0087082488746977	1
DAZAP1	3.2836933	1.047443	0.0013612195443649998	0.008689886702997042	1
SLC9A3	3.2736201	2.2637599	0.0014397376285081847	0.009138955298598227	1
YAE1D1	3.2688236	2.2112558	0.0014642680119584372	0.009280055283912769	1
TFF2	3.2647042	5.329988	0.0014990570027314896	0.00946970515275126	1
CA8	3.2640376	1.9776	0.0014766599816046495	0.009346792308549075	1
DYRK4	3.2633314	1.4741184	0.0014689139939665847	0.009303029507483613	1
EEF1AKMT2	3.2607892	1.5773807	0.0014832328617140566	0.009377778212017187	1
MXRA5	3.259427	1.4898859	0.001467915723073087	0.009298462940055601	1
KCTD5	3.2582119	1.6149603	0.0014991841138042752	0.00946970515275126	1
SORBS2	3.2524705	1.1532769	0.0015033775904334415	0.009492618177847903	1
PPAN	3.244477	1.4930111	0.001561754950953509	0.009805844779096152	1
CENPN	3.2444468	1.7925531	0.001567450835259384	0.009837924488292477	1
TMEM158	3.2363505	2.9465826	0.0016253342517788085	0.010168874489631228	1
TBC1D7	3.2360296	1.5479614	0.0016107657127770896	0.01008525159086361	1
LAMC2	3.2354434	2.0882905	0.0016151060926541637	0.010108653378188712	1
KIF23	3.2306101	2.3396537	0.0016460033906050711	0.01027901689150711	1
CCHCR1	3.2301776	1.9675678	0.001648045322313523	0.010289852597862598	1
PAPSS1	3.2299654	1.026134	0.0016184186963341788	0.010127496547340428	1
IGFL2-AS1	3.227995	7.9815164	0.0016861452160761895	0.010489029980556338	1
MKI67	3.2238941	1.7986473	0.0016651131509271234	0.010378332320833714	1
AC092069.1	3.2201316	2.5535824	0.0017073116010725177	0.010598730041009313	1
HSD17B2	3.2199323	3.4176652	0.001718552475728208	0.010662591303810549	1
TIMM29	3.2190077	1.4441544	0.0016921196187150965	0.010518047466887148	1
PXDN	3.2179382	1.3006855	0.0016905004734033904	0.010509930746695666	1
PNO1	3.2151873	1.2205393	0.001706690061805642	0.010596832906890603	1
TIPIN	3.2056034	1.7697564	0.001778687399253497	0.01098893977866302	1
DNASE2	3.2047343	1.0984353	0.0017589029335072703	0.010884753375049327	1
PAXIP1-AS1	3.2027276	1.5835639	0.0017887150318206474	0.01104478845403099	1
TMSB15A	3.2010717	2.1372027	0.0018081690147116317	0.011146238773542665	1
AC007240.1	3.1995194	5.226427	0.0018426279850610502	0.011335947404059554	1
FANCG	3.1951172	2.5204728	0.0018539665304658638	0.011393164418899879	1
FAT2	3.189725	5.6195617	0.0019009552246289794	0.011639273309470718	1
NCAPH2	3.1895094	1.5993773	0.0018614079959785896	0.011430517318403124	1
DNAJA3	3.189439	1.3625071	0.0018551997860881222	0.011396970732867532	1
DUOXA1	3.1861174	4.793874	0.001920270533068789	0.01174039262662418	1
RAB20	3.1820803	1.4911357	0.001910522815819151	0.011689318818932896	1
RBM38	3.18206	1.7875866	0.0019129815984209057	0.01170222793956513	1
GARS	3.181678	1.1385174	0.00189209862142257	0.011587160829128066	1
PROS1	3.1774385	2.5187752	0.0019513096034479603	0.011899795528954189	1
ARMC1	3.1750448	1.0987467	0.0019328386603667846	0.011802173950002244	1
HCCS	3.1748443	1.463308	0.0019499860422412562	0.011893886496238222	1
DEPDC1	3.1741357	2.9577377	0.001984932152667385	0.012085062503651616	1
NT5C3A	3.1723828	1.1561526	0.0019562962505159584	0.011928037182067945	1
MRAP2	3.17229	5.2058444	0.00200688727310831	0.01220322806876828	1
MGAT3	3.1676106	4.5847654	0.0020345945368868317	0.012344850825202827	1
LACTB2	3.1673837	1.4726031	0.0019989635064069393	0.012163867011682719	1
HDGFL3	3.1646411	1.3427641	0.0020034056183282343	0.012186475851350619	1
AC007906.2	3.1643746	3.4908378	0.0020501258582287718	0.012423355268446474	1
IRS2	3.164121	1.1780193	0.0020004377958794417	0.012170630167167122	1
FANCI	3.1629057	1.977064	0.002030695854625473	0.012327885911310949	1
HMCES	3.157064	1.4614795	0.00206667643954717	0.012510087431664253	1
PIR	3.1464674	2.257127	0.0021519955135366623	0.012984364367608057	1
AC036176.1	3.1462433	3.443078	0.002166282695559596	0.013056475811637809	1
RNF145	3.144597	1.1590717	0.0021273277600457803	0.012844770549000094	1
MYLPF	3.1432323	3.6584992	0.0021914261846045133	0.013184327472254707	1
GPRC5B	3.141475	2.440026	0.002188941019848052	0.01317173856238312	1
OSBPL1A	3.1405568	1.1507657	0.002165986788277314	0.013056475811637809	1
SEZ6L2	3.1385784	1.478113	0.0021837671772773283	0.01315004217110572	1
MRPS18A	3.1316836	1.1927707	0.0022228128671213246	0.0133492151076305	1
AL627171.1	3.1295815	2.161438	0.002259047259760973	0.01354499537712599	1
MTF2	3.126938	1.078518	0.0022494063216720907	0.013491808239166056	1
MCUB	3.1240907	1.1214694	0.002266774180161134	0.013586467615579806	1
MLST8	3.1236923	1.3469816	0.002289033544121014	0.013700298733647918	1
PAQR4	3.1223702	2.0327058	0.002319341023987251	0.013861728531448222	1
NPR3	3.1143515	3.9707372	0.002397689658975006	0.014241436732967749	1
CWF19L2	3.113123	1.2861236	0.0023575008908553194	0.014043991294609525	1
GPAT2	3.1117368	3.9054005	0.002418190211313652	0.014350410098667941	1
RAB12	3.1047828	2.903453	0.0024609791261300078	0.014555404843859388	1
DSG2	3.103545	1.041363	0.0024137379480178595	0.014326523538217489	1
RPA2	3.100648	1.119089	0.0024441669672133994	0.014473835495639941	1
BET1	3.0959494	1.1405478	0.002481915800537827	0.014663719898861942	1
FOXI1	3.0953822	3.6960151	0.002540825648549009	0.014964325386827446	1
KHDRBS3	3.0943832	2.0536149	0.0025227449193135354	0.014878738761859555	1
USB1	3.0896237	1.4124098	0.002543927523760144	0.014977334224054588	1
S1PR5	3.0895448	3.73574	0.0025844490232511223	0.015183277515196278	1
TRAP1	3.0882149	1.1738794	0.0025436635276890295	0.014977334224054588	1
QPCT	3.0878184	1.7425095	0.00256444877991726	0.015082268372296129	1
PLAU	3.0821228	1.5213141	0.0025899175806304428	0.015200074465778772	1
DHFR	3.0763135	1.5541391	0.0026541544632633315	0.015511934980365117	1
ORAI1	3.0741532	1.4608017	0.002671556126770374	0.015600045969360222	1
AKAP17A	3.0719862	1.1809831	0.002676092390146242	0.015615660204922598	1
RPA1	3.0679514	1.1861309	0.002712521061548339	0.015814474000589752	1
GPC4	3.0629163	1.9086703	0.0027769374012926846	0.016131149528361265	1
PALMD	3.0617867	1.9471033	0.0027820202107478598	0.016150143637039385	1
AK3	3.0610344	1.0185074	0.0027588728187180325	0.01604010282763417	1
STK32C	3.0606818	1.8266158	0.002798499004692091	0.016239525106639695	1
ATP13A5	3.0572438	3.676307	0.0028538376588943654	0.01652348850629655	1
TAF6	3.0566773	1.28938	0.002803515587822727	0.01626019649509979	1
BARX2	3.0537355	1.8880746	0.00284947380494609	0.01650107059594213	1
HDHD5	3.0424685	1.4824265	0.0029467926533010298	0.01700726843033206	1
SIRT7	3.0370219	1.0580857	0.0029690837981015033	0.01712571619469003	1
LINC00623	3.0352464	1.2265434	0.002988622449259073	0.01722952656765187	1
KLHL42	3.031651	1.4286911	0.0030435974001865145	0.017503807153739774	1
LRR1	3.0295215	1.7132256	0.003066124625134679	0.017606725911940124	1
PDE7A	3.0285518	1.0698984	0.003032791961396671	0.017449545179291332	1
QTRT1	3.0283682	1.0702621	0.003055399720763025	0.017554155881142966	1
NGEF	3.027619	2.9827359	0.0031159056974823236	0.017852851554365327	1
SF3A3	3.027552	1.2468992	0.003080188421848979	0.01767538064281208	1
NSMCE4A	3.0269938	1.2151365	0.0030759321022571628	0.017653976495860285	1
NSMCE2	3.0245233	1.1181405	0.0030916253922870143	0.01773797592930187	1
KIF2C	3.0238426	2.274593	0.0031339559619595406	0.017947074768667397	1
KLHDC7B	3.0235848	1.872361	0.0031170689946481292	0.017856466464473596	1
UPK3BL1	3.0235033	4.382532	0.003167825935941811	0.018119380920433883	1
MMS22L	3.0160034	2.2600641	0.003219327101668782	0.018376353015158716	1
MPHOSPH6	3.0137455	1.0159642	0.003183668477552593	0.01818518807997131	1
TTYH1	3.013456	1.3515842	0.0031738024425910483	0.018138099800127167	1
STEAP1	3.0126293	1.7408488	0.0032335815078315968	0.01843262361559816	1
DDR1	3.0078557	1.00834	0.0032455805227042307	0.018491594413457213	1
FAM83D	3.0056894	2.2187202	0.003306191584741397	0.01879223384914611	1
PNP	3.000927	1.145363	0.0033007917272167473	0.018767902241494647	1
AC104794.2	2.999407	2.8599784	0.0033867345245806404	0.01918177350370808	1
PGAP2	2.9965959	1.6066084	0.003382656183075085	0.019161910325370953	1
TCN1	2.9950018	4.7019825	0.0034511605199127712	0.019484156707354698	1
PRSS16	2.9916022	2.0157032	0.0034535981305931105	0.01949135704159911	1
ANLN	2.990988	2.6007712	0.003476124941339584	0.01959212009031608	1
SORD	2.9795418	1.2267576	0.0035475981409675175	0.019921310772843044	1
CCNB1	2.9790056	1.559953	0.003554790926458718	0.01995168046592233	1
VOPP1	2.9748414	1.0172199	0.003589461252992661	0.020126064842298036	1
DSG1	2.971459	6.7661524	0.003711093893689231	0.020700781687715032	1
FAM69C	2.9701002	4.738898	0.003718839693588004	0.020740539102533297	1
MAPRE2	2.9695187	1.4454442	0.0036513078831945933	0.020431851469841483	1
SS18	2.9692852	1.077338	0.0036474752124515415	0.020420625288071634	1
MYO1E	2.9664693	1.4323536	0.0036989059992278664	0.020656844175841137	1
KRT81	2.963401	1.7401423	0.003738533664724161	0.020822676461061625	1
NSUN2	2.963143	1.4062166	0.0037302115089425914	0.02078322661485772	1
HAUS5	2.962274	2.0148346	0.003765778739122947	0.020953547559542596	1
F8	2.9622464	2.4479015	0.003785284982729268	0.02102968789290843	1
LINC01588	2.9611547	1.4594165	0.003754326926376203	0.020900228952296134	1
DERA	2.9589086	1.3358488	0.00378968202824306	0.021044656441937166	1
TXNDC16	2.9587314	1.7075576	0.0037987087644687488	0.021084310883509233	1
HOMER3	2.953954	1.0998648	0.0038203746753989265	0.021190538612130876	1
TBX18	2.9534116	4.01179	0.003909042250886945	0.02160375451260488	1
LRRC1	2.9517107	1.4074208	0.0038687556557926686	0.02143408216896959	1
CEP152	2.948689	2.1247077	0.003925991468622201	0.021668862900947383	1
MAP7D2	2.9445758	4.460674	0.00401154853913587	0.022064832658438213	1
TST	2.9414403	1.6847026	0.004008158115085603	0.02205341721425299	1
ARTN	2.9411736	2.7262328	0.004020238893403037	0.022105382413710045	1
MAP2K1	2.9375403	1.1198105	0.0040098340551326574	0.022059019852912	1
PTHLH	2.933834	2.7679427	0.004123640059772968	0.022582243407350423	1
KDF1	2.9329906	1.558074	0.004104517864075835	0.022491363123503937	1
TNFAIP8L3	2.9306898	3.9420016	0.004176787985322428	0.02282398921728569	1
AC107871.2	2.928492	6.3532634	0.004215918949356069	0.02299286788298405	1
ARHGEF5	2.9263706	1.7902417	0.004191795392566402	0.022883627809581655	1
AC006064.4	2.925475	2.8474877	0.004226838783455438	0.02304492841935612	1
TUBGCP3	2.9170341	1.804466	0.0043012134739576656	0.023397178256570558	1
HDGFL2	2.91677	1.388536	0.004285414338854703	0.023326368441987277	1
LINC01956	2.9106805	2.8629737	0.004420942238941318	0.02396296438854731	1
METTL13	2.90918	1.7399348	0.004413784011989082	0.023935768722089863	1
COL8A1	2.9073155	1.4708897	0.00437003257738066	0.023729199073648163	1
NUB1	2.906654	1.0369524	0.004398536136619416	0.02386465554162922	1
TUSC3	2.9059753	1.1207211	0.004406771616472788	0.023901605237405206	1
INAVA	2.904815	2.6320975	0.004498131528158043	0.02433809156088868	1
MTURN	2.903901	1.3720205	0.004461232631181779	0.0241540280359109	1
ZWILCH	2.9027202	1.9410615	0.004505336760939662	0.024373145209464066	1
ANXA8L1	2.901861	3.5792875	0.004551026187525862	0.024596514559427154	1
XG	2.895627	2.7524574	0.004611283094440293	0.02490211661095184	1
NFKBIB	2.8841672	1.22109	0.004712515704934404	0.025383409227429717	1
BLM	2.8799658	2.7322614	0.004829788801387603	0.02589162566671312	1
ENOPH1	2.8790777	1.1038398	0.0047849492942829575	0.025707509895810454	1
EYA2	2.8788958	2.5490787	0.004849653868602554	0.025959502139610322	1
ASPHD1	2.8783982	2.4439504	0.004852228791294832	0.025968490538228563	1
MOSPD1	2.8778558	1.6320093	0.004828900448064904	0.02589162566671312	1
PLCE1	2.8776927	2.634115	0.004866290168951886	0.0260111933955084	1
GLCE	2.876	1.4452566	0.0048439201570435065	0.02593708907844768	1
RNASEH1	2.8716204	1.1320454	0.004891739894107302	0.026109778451345163	1
PAQR5	2.8692057	3.3021483	0.0050002858944364174	0.026621363362744743	1
MTFR1	2.8672864	1.4580044	0.00498488862015624	0.02654781664157835	1
EXOSC7	2.8623552	1.1688253	0.005035267987735167	0.026760881568154846	1
PLEKHA5	2.8582673	1.4293132	0.005112787483272443	0.02711272805951636	1
CEP78	2.8582654	1.6136096	0.005105693727393831	0.02707939173158072	1
UGGT2	2.8579102	1.6286175	0.005128443883721225	0.027178564750180694	1
SLC44A3	2.8555136	2.466514	0.0051853794826729705	0.027428294153656222	1
TMEM69	2.8528388	1.1640809	0.005166274466228578	0.02734017227386758	1
ABCA4	2.8475902	4.161664	0.0053334440487623706	0.02806542937551595	1
DOCK9	2.8474371	1.7065077	0.005276564699248465	0.02782724160023471	1
UTP14A	2.846067	1.5528351	0.0052899026191893465	0.02786691122196166	1
ATP5S	2.845944	1.3193227	0.005291110305006795	0.027868896158956172	1
RBFA	2.845473	1.1611894	0.005284270363342155	0.027841613612450394	1
CCDC34	2.8343265	1.0470626	0.005454452470487768	0.028621368947532887	1
SLC6A2	2.8332884	26.482948	0.005573345348449125	0.029140386022187388	1
SOSTDC1	2.8326092	3.2563055	0.005557818258960198	0.029077333056275773	1
COPS3	2.8320668	1.0078107	0.005472452011052894	0.02869786005358429	1
PGM1	2.8308482	1.3182315	0.0055334314633825234	0.02897234229055779	1
AC020637.1	2.8298025	26.415035	0.005629796410890936	0.029376011421545254	1
DIAPH3	2.8294396	2.8939927	0.005610975112345873	0.029296033039102262	1
APOLD1	2.8277872	1.8598397	0.005594345948127342	0.029231960966838944	1
CLDN10	2.8224807	3.9449775	0.005737299461663944	0.02983947297932553	1
NOL3	2.819446	1.1921142	0.005700133920987247	0.029682998267944922	1
DTD1	2.8191762	1.1402695	0.005695817806552994	0.029665128113290994	1
LINC00511	2.816826	2.5521529	0.0058091769398177315	0.030175871726564434	1
MASTL	2.81568	2.1936443	0.005817655913654722	0.03021523645089703	1
CNIH2	2.8155935	3.9350624	0.005852795567741157	0.030350744610019503	1
SPC24	2.815127	2.6542454	0.005826931402858077	0.03024935864158223	1
GEMIN2	2.8131812	1.930329	0.0058483775106867066	0.030337214674596786	1
SSBP3	2.8121579	1.3046932	0.005834413054843937	0.03027414113126864	1
FBXO45	2.8116064	1.8464364	0.005879432700138798	0.03045092780315336	1
FAM78B	2.8116019	3.7919037	0.0059155947570340445	0.03059126792255302	1
GPR161	2.811526	2.3390646	0.005897915592758527	0.03051866505657417	1
MRPS17	2.8096912	1.4682479	0.005900604274757151	0.03052315977477323	1
MXI1	2.807882	1.1037436	0.005873241133792682	0.030427136558054093	1
LRRC8B	2.8058746	1.5670954	0.005951948486768152	0.030750276582760402	1
TPPP3	2.8054662	1.4762381	0.005905442128676176	0.030543474855501563	1
EDN1	2.8048077	1.6664124	0.005950019396717199	0.030745586286441466	1
SPATC1L	2.8042595	1.2763705	0.005964429749378234	0.03078880179225673	1
SEPHS1	2.8041935	1.2088941	0.00596428103750174	0.03078880179225673	1
ATG4D	2.8009207	1.4467335	0.006028841336108609	0.031090616121528115	1
RAD51AP1	2.7999043	1.6843734	0.006050205708518733	0.03117682434620169	1
TPP2	2.7982287	1.3444324	0.006080791063496869	0.03131518701992146	1
NMRK1	2.789965	1.0352745	0.006188744633552835	0.03177842678413895	1
PPP1R8	2.7867045	1.3428043	0.006283409163194727	0.03220043189346285	1
KCNMB1	2.782942	1.7644898	0.006354522085230757	0.03253007101048914	1
TMEM237	2.779063	1.3951405	0.006428697196296647	0.032879678661327516	1
RAP2A	2.7733326	1.5544416	0.0065357720805733314	0.03333074826737268	1
COL9A3	2.7711592	1.9946154	0.00660918748122255	0.033674427663327594	1
C2orf48	2.7692864	6.1006975	0.006695010059754006	0.034039310658512824	1
GRIN2A	2.7667236	5.1985016	0.006740432145923551	0.034249482594519286	1
PGP	2.7620091	1.0642048	0.006719940538530786	0.03415570928971982	1
TIMM21	2.7606437	1.4859456	0.006780124686829264	0.03442509266135942	1
GALNT11	2.7572317	1.1435269	0.006812332533368693	0.03454156394583815	1
ADAM17	2.7519643	1.0962201	0.00691997393985944	0.03501325175996764	1
MRGBP	2.7518208	1.407691	0.006941286567524271	0.03509990845188174	1
ST14	2.7505395	1.0993445	0.0069596575153463534	0.03517159450387706	1
LINC00839	2.7491183	3.2279584	0.007072324653765278	0.035660379015625555	1
FURIN	2.7483704	1.392725	0.007020586120173744	0.035436791430661786	1
NUP85	2.7481408	1.4413676	0.007024920173501448	0.03545333246154259	1
BIVM	2.7438684	1.8159846	0.007128112170139016	0.03590928361349245	1
FAM221A	2.7423108	1.799108	0.00715310593171025	0.03600275000832735	1
RIMKLA	2.7418149	3.211672	0.007212280127108685	0.03627336748288385	1
SAE1	2.7409706	1.0458028	0.007136181542889128	0.03593374345144036	1
CFAP58	2.7392862	5.725923	0.007289443463316243	0.03659560293415508	1
C1orf112	2.7388763	2.8011522	0.007268777225182402	0.036502778396443024	1
SMTN	2.7356124	1.2709754	0.0072614502837040126	0.03647144413981975	1
AGT	2.7349133	2.4346323	0.007335036362720155	0.03677577690561733	1
DDX28	2.732675	1.9579892	0.007360015729942015	0.03687814275440471	1
PHF19	2.7323687	1.5985918	0.007353619289269192	0.03685710468938702	1
DLGAP5	2.7320151	2.2486415	0.007373185498836941	0.03693861311672739	1
UPP1	2.7315273	1.0096086	0.00729124453495615	0.03659717603736769	1
TNNT2	2.7242875	5.537589	0.007603729448875132	0.03793495306332304	1
SIGMAR1	2.7240748	1.2313809	0.007505431212638732	0.03752442918841763	1
NT5C2	2.722449	1.2660445	0.007533280375135558	0.03762825868390495	1
RRS1	2.7216191	1.1061593	0.007525326637676106	0.03759972899661765	1
ALAS1	2.7211485	1.2653549	0.007559416578017368	0.037747564603733894	1
C9orf85	2.720172	1.4289525	0.00758477165356918	0.037860765167008245	1
SPESP1	2.71764	2.3202045	0.007692725670412828	0.038293516134063024	1
KRTCAP3	2.7160304	1.0184274	0.007652609470809568	0.03812211113328735	1
FBLN1	2.712683	1.045957	0.0076225330167798006	0.0380061513179443	1
MIR4458HG	2.7123673	1.1764814	0.007739750895213422	0.03850474410803224	1
PHETA2	2.7059233	2.0538568	0.00796016261377125	0.039491969141474945	1
CPNE2	2.7031965	1.722827	0.007969021703081915	0.03951056274103038	1
ZDHHC9	2.7012806	1.0701715	0.007985919528097204	0.039588490524964284	1
ADCY2	2.7010825	3.7273397	0.008101584064749175	0.04007894264244131	1
ASMTL	2.698613	1.3245339	0.008062049583750105	0.039924583654003	1
NRP2	2.6973398	1.2139218	0.008053189483187862	0.03989248684915139	1
FARSA	2.694668	1.000876	0.008138657301934702	0.04022081988569203	1
SCNN1B	2.6946664	2.740616	0.008228108840120875	0.04059708717365317	1
RUVBL1	2.6944528	1.0436606	0.008135935806570445	0.04021825347762388	1
BAIAP2	2.693266	1.0767798	0.008156668376545748	0.040286086587795755	1
L3MBTL4	2.688559	2.83214	0.008371988458565238	0.04124122032059533	1
ABCC4	2.688005	2.4868872	0.008372185360094618	0.04124122032059533	1
SLC25A43	2.6855006	1.7574761	0.008408714234520569	0.04140291898708961	1
LAMB3	2.6810625	1.7689304	0.00850462462507107	0.041813781083188034	1
PKMYT1	2.676136	2.268679	0.008641083442907142	0.042360505664798084	1
C2CD4B	2.6756208	2.8900661	0.008675364338215443	0.04246744211238738	1
RPGRIP1L	2.6754427	2.0750315	0.008670152977972629	0.0424533724137489	1
TTC39B	2.6748827	1.5721035	0.008637486102337498	0.04235085260216642	1
CAMK1D	2.6742373	1.4978139	0.008627626519104967	0.042319277724085946	1
SNX7	2.673268	1.4937884	0.008679140003550617	0.042478773509279324	1
PGPEP1L	2.6698732	7.350792	0.008856003486096362	0.04318058045168747	1
MKNK1	2.668699	1.240443	0.008762637073929403	0.04281247051663017	1
FOXM1	2.6659648	1.7344925	0.008848514113661377	0.04316288712715478	1
FEN1	2.6648486	1.5333987	0.008879608844725608	0.04328938375885779	1
PHF6	2.661853	1.3245994	0.008963521973052283	0.04362871723960915	1
EPS8L2	2.6590936	1.0949577	0.00897238540456403	0.04366552217853774	1
AL512625.3	2.6579926	2.6994007	0.009117851662349517	0.044257867236883526	1
MCCC1	2.6576586	1.4158181	0.009039602055694937	0.043935269171143876	1
NAXD	2.6564605	1.3341355	0.009068378635668308	0.044047512081061925	1
ENOSF1	2.6545286	1.0733503	0.00910920184330687	0.044222280941721766	1
DTWD1	2.653529	1.0663854	0.009140012510355214	0.04435259832318059	1
RFWD3	2.6534033	1.5969924	0.009180399706148621	0.04451618687817217	1
FA2H	2.652656	3.1904132	0.009261435980675933	0.044844496062920666	1
RAPGEF5	2.6521893	1.8057139	0.009218651149428629	0.044682482399275386	1
CEBPA	2.6505334	1.9332352	0.009258390766307568	0.044844496062920666	1
AC023090.1	2.6502616	25.669188	0.009351038250507347	0.04521308547791075	1
SNUPN	2.6477618	1.2628455	0.00931159189107582	0.04506783601999626	1
NDN	2.6463053	1.9598274	0.009371875678489572	0.04529424814585284	1
IL27RA	2.6427739	1.4154097	0.009411922888066027	0.04545139089895091	1
MTHFD1L	2.6399155	1.851617	0.009542288101760865	0.04601838752281254	1
DBF4	2.6387901	1.4153178	0.009544226803611036	0.046021120071868565	1
NEK2	2.6366837	2.0898244	0.009633744276105189	0.04638607762917659	1
ZHX1-C8orf76	2.6249125	3.0239725	0.009999142184500615	0.04785008246687618	1
CACNA1C	2.6227636	2.1069815	0.010010540708198196	0.04789779541992521	1
TMEM139	2.6221871	1.8766682	0.010022111759721031	0.04794632014445915	1
ZBTB7C	2.617594	2.0191526	0.010160959151334576	0.04850679346639809	1
SPINK1	2.6151013	4.5489497	0.01028942135406526	0.049001488234658934	1
C2CD4D	2.6150312	3.1292176	0.010268542897381211	0.04895071025029323	1
EPHX2	2.6125789	1.366152	0.010253926138150127	0.04891579243346514	1
ALG6	2.6102116	1.445338	0.01031898624728812	0.04912833466576165	1
MT-ND2	28.973703	3.2581732	2.3856570694925042e-29	2.45451913398307e-27	19
RPL30	28.410765	1.7814803	5.1381395237772916e-26	4.122926740837659e-24	19
RPL23A	26.753674	2.3970652	3.895950835796194e-25	2.891019623527437e-23	19
MT-ND3	24.270712	2.704609	5.930264959847603e-34	8.801195443285329e-32	19
MT-ND1	24.182402	2.591064	4.954674119489056e-28	4.6812598490642935e-26	19
RPL37A	23.567705	1.8938713	1.9809170042089735e-20	9.292578634709536e-19	19
RPLP0	22.836355	2.690619	2.5301472211589027e-18	9.556719363163373e-17	19
RPL3	22.610434	1.8199	1.7703828125143645e-20	8.328248234858949e-19	19
RPS19	21.935017	2.069097	7.691025228888872e-18	2.7619344454192896e-16	19
MT-CYB	21.762762	2.3943086	8.63741531966083e-28	7.958998550459998e-26	19
RPL19	21.329298	1.7854553	3.041974551503377e-20	1.403450734965265e-18	19
RPL35A	21.284021	1.97883	1.3989163360684086e-18	5.455936375357034e-17	19
EIF3L	21.230188	3.0072148	6.122305647644382e-18	2.2223836983510843e-16	19
RPL9	21.189167	1.607786	5.936358178724102e-20	2.6512834843220388e-18	19
RPSA	21.139261	2.2363129	1.935901687684249e-18	7.38703964807934e-17	19
RPL27	21.00188	2.0402222	1.0619151064400583e-18	4.19031701001247e-17	19
RPS5	20.754957	1.8399101	8.080647567105292e-20	3.574168058402916e-18	19
RPL6	20.301289	2.1089091	1.0021308627124328e-17	3.538154870130285e-16	19
RPL7	20.171944	2.1354926	1.3072441495466443e-19	5.657584002573418e-18	19
RPS12	19.916231	2.0670657	5.392886517555059e-17	1.7409317294062967e-15	19
RPS11	19.656322	1.6304237	1.759725885582728e-19	7.547693852727658e-18	19
KRT19	19.473036	3.5377514	5.475763832211167e-19	2.2343381349902036e-17	19
RPL34	19.078487	1.8384769	3.3471851285522867e-17	1.1017461864256354e-15	19
RPS27A	18.517403	1.5104827	2.9732525511141986e-17	9.873847902665478e-16	19
RPL13A	18.31146	1.6647272	4.78948087647025e-20	2.1620993011801976e-18	19
RPS3	18.068542	2.1015542	1.07474292977966e-15	3.0343394450959235e-14	19
MT-CO2	17.92939	1.7479694	6.208244803407604e-36	1.0516703987429013e-33	19
RPL38	16.698126	1.5061364	5.558610886238295e-17	1.792705458993449e-15	19
RPS6	16.372528	1.8152754	2.37053859988065e-15	6.464246762487551e-14	19
MT-ND4	15.952732	1.8018229	1.4937994735085493e-21	7.81646304851018e-20	19
RPS20	15.847556	2.149487	3.1086995396390195e-15	8.341511300722588e-14	19
RPL11	15.591022	1.4056466	2.3399335535659087e-14	5.65852280606735e-13	19
RPL13	15.482982	1.3405975	1.2151682555981537e-14	3.0258321054950013e-13	19
MT-ATP6	15.231648	1.8324219	1.4382179893761522e-19	6.208400203560556e-18	19
RPS17	15.212387	2.6214383	2.1079418675189398e-14	5.134530005697368e-13	19
RPS24	15.021383	1.9579666	2.1165105356341162e-13	4.612727737212728e-12	19
PABPC1	14.666834	2.2527003	7.813447226182068e-14	1.7827947851249846e-12	19
MT-CO3	14.2409525	1.4803486	5.867353502935425e-25	4.306277983412628e-23	19
RPS4X	14.075432	1.5248027	1.8910403458730792e-13	4.153725228613553e-12	19
MT-CO1	13.779134	1.5174567	4.4989943806117995e-22	2.4697343783977146e-20	19
RPS29	13.746195	1.2917994	3.801404844036732e-14	9.004443493914974e-13	19
RPS9	13.582299	1.2094431	1.8530689386513756e-13	4.078011410873482e-12	19
RPS21	13.522498	1.1688502	2.6035694609678143e-15	7.03677061162945e-14	19
RPS8	13.445403	1.4800127	7.609961685591169e-13	1.560181692520864e-11	19
NOP53	13.418218	2.6326003	1.3261600697138982e-12	2.624232147390788e-11	19
RPL18A	13.347245	1.2922266	3.5367202244377094e-13	7.541330772273694e-12	19
RPS10	13.24266	1.778044	1.6239245589412966e-13	3.6023844994345255e-12	19
RPL7A	13.066927	1.2526313	2.45935328689846e-13	5.3218818448942735e-12	19
RPS25	13.038639	1.1375731	1.6500849171721633e-13	3.653168198473368e-12	19
RPS15	12.944538	1.0955623	3.24218339567655e-13	6.935336305764488e-12	19
MARCKSL1	12.830604	2.2867815	9.938968345754791e-13	2.0094209601263498e-11	19
RPL29	12.727871	1.131857	5.231791953716749e-13	1.0912906338284421e-11	19
RPS16	12.550473	1.289815	2.217891274171092e-12	4.280223891080126e-11	19
RPL23	12.487225	1.7934636	1.2754414026845045e-12	2.531336099848578e-11	19
RPL21	12.402271	1.5066493	2.458922601437305e-12	4.723638200160862e-11	19
KRT15	11.681754	5.060963	7.806918829724519e-11	1.266208242107302e-09	19
RPL18	11.489153	1.1155005	1.2646083922182174e-11	2.240688329814645e-10	19
RPS23	11.38134	1.1807469	1.3492757213325508e-11	2.3793931108945894e-10	19
YBX1	11.297409	1.3889807	1.4584844769284036e-12	2.874208451272361e-11	19
RPS18	11.073864	1.1429828	9.90273431834697e-12	1.7833146329456195e-10	19
BTG1	10.821051	1.6082255	9.992806970239634e-12	1.7961883096935024e-10	19
RPL36	10.697384	1.1012372	5.822411800390611e-11	9.55895811046997e-10	19
RPS13	10.59236	1.0330614	7.757687684311968e-11	1.2588321365239851e-09	19
RPS26	10.225499	1.0195748	5.676161757946769e-12	1.0477938443769541e-10	19
RPLP1	9.9894705	1.3462851	8.486103979512011e-10	1.2158582382606252e-08	19
RPL32	9.9796295	1.0803872	4.4769309164162445e-10	6.673810660778545e-09	19
EIF3E	9.843119	1.5852573	4.0928879518425417e-10	6.131288735719101e-09	19
RPL5	9.597713	1.243777	5.637793367190344e-10	8.26112832367546e-09	19
UQCRB	9.198555	1.4559474	1.8002462344583397e-09	2.493066017752567e-08	19
SNORC	9.153018	6.778475	8.639514060590165e-09	1.1106858608902058e-07	19
RPL12	9.011626	1.0871542	3.392547022744239e-09	4.5625268520394755e-08	19
TRAF4	9.011379	2.4177456	5.406432424518021e-09	7.077952769350466e-08	19
SOX4	8.949646	2.0178115	3.792631242233633e-09	5.074138192890239e-08	19
RPL10A	8.911842	1.0030015	1.6881794285499702e-09	2.3475632758289613e-08	19
MT1G	8.452949	3.3106337	2.3385839108570466e-08	2.861672490115148e-07	19
FABP7	8.399414	6.357839	3.599212718376966e-08	4.3114712066814936e-07	19
RPS7	8.163886	1.3756421	3.153272113160208e-08	3.8071958224444397e-07	19
PERP	8.128018	1.7384758	1.3086494911937868e-08	1.6451803817140482e-07	19
EEF1B2	8.035967	1.5255307	3.1587301288814806e-08	3.812413359223236e-07	19
FBL	7.8445997	1.9568594	6.132758734835105e-08	7.112685363938598e-07	19
EIF3H	7.7984896	1.4496424	4.0176992053137004e-08	4.780335191395063e-07	19
SLC25A6	7.735253	1.3873553	5.7542838297246164e-08	6.706199928172111e-07	19
PTPRF	7.6097674	1.7844747	8.168306039116664e-08	9.328333430643923e-07	19
POLR2F	7.5249114	2.1525626	1.4898634237437748e-07	1.641639589217804e-06	19
SIX3	7.5216594	8.9734125	2.1774614168356944e-07	2.3453511041132315e-06	19
POLR2J3.1	7.4824424	2.156791	1.4770963500585346e-07	1.6286419683534947e-06	19
MT-ND4L	7.4781733	1.8255169	1.2391276031954838e-07	1.3784934971402894e-06	19
GMDS	7.424245	3.3914952	2.3270342216986837e-07	2.49046122622832e-06	19
RPL4	7.4239197	1.2033589	1.179639718848476e-07	1.3158063122679328e-06	19
ELF5	7.3327246	4.5446525	3.0280038577679995e-07	3.202846969202033e-06	19
ACTR3B	7.3321905	4.6158743	3.0726777996600133e-07	3.246005860736898e-06	19
PPP1R1B	7.0992923	3.8312488	4.708694047774267e-07	4.844610645901739e-06	19
EEF2	7.0040517	1.3632605	3.3195489851680766e-07	3.4837607168811783e-06	19
PNISR	6.9384546	1.2607273	2.9506916399670255e-07	3.1259996303264058e-06	19
SNHG7	6.9363008	2.6158717	6.129046102766183e-07	6.218219459554765e-06	19
NDRG2	6.852917	3.2355049	7.82991334417156e-07	7.827812920323645e-06	19
NFIB	6.813935	2.7165911	7.83487426235796e-07	7.830438546893573e-06	19
KANK4	6.8002386	7.3459225	1.0001378998139433e-06	9.840312495646663e-06	19
HNRNPA1	6.7113495	1.162859	6.111127196936754e-07	6.203792896866092e-06	19
SCRG1	6.708272	5.0052834	1.1726704647265917e-06	1.1430555087879864e-05	19
SRSF9	6.623168	1.382323	7.812840202578383e-07	7.813073143550434e-06	19
STMN1	6.3699055	1.7807062	1.4448353425976662e-06	1.390167017385781e-05	19
C6orf48	6.300551	2.1082244	2.3098763844902644e-06	2.1578967500404064e-05	19
EIF3D	6.2663136	1.6806474	2.243717118267789e-06	2.101550289411335e-05	19
ROCR	6.2086444	5.052463	3.6007321323402567e-06	3.2500580315076575e-05	19
PCSK1N	6.190098	4.4458313	3.693229560775586e-06	3.32549295833487e-05	19
CAVIN1	6.164401	2.3815382	3.126809620185639e-06	2.8499000399632207e-05	19
S100A13	6.082987	1.1341368	1.9273031626897952e-06	1.8209486022472795e-05	19
RAMP2	6.0467277	3.1565409	4.664022325414984e-06	4.1275982273547224e-05	19
ATF4	5.901996	1.1004739	3.387969538702996e-06	3.068751992914858e-05	19
MYEOV	5.886977	6.9119134	7.610820954213403e-06	6.567392478139226e-05	19
MT-ND5	5.7982507	1.1322199	4.591809658634914e-06	4.0722868260252156e-05	19
LINC01139	5.730319	6.1995044	1.0854963108553338e-05	9.164015042134092e-05	19
TTYH1	5.6783357	3.7582638	1.1679257917512596e-05	9.783566179103145e-05	19
KLK11	5.633549	4.152043	1.3098404283184692e-05	0.00010855783989678718	19
TFAP2A	5.5929136	1.998548	1.21034155407982e-05	0.00010105048002198446	19
TSC22D4	5.5055494	2.4242837	1.6283775474540068e-05	0.0001325022108664601	19
CTNNB1	5.478759	1.6428676	1.4987773123129592e-05	0.00012279064443646546	19
ERGIC3	5.4305353	1.253894	1.4643278772276253e-05	0.00012032097337112147	19
NT5C3B	5.4288416	2.6954775	2.0341727608867055e-05	0.00016275808342772183	19
CKB	5.402454	3.11819	2.1823516812769413e-05	0.0001739089041143024	19
LAPTM4B	5.391756	2.0820725	2.0626100042422933e-05	0.00016491538057757032	19
C9orf16	5.3426285	1.2155455	1.8732866770797646e-05	0.0001508569230154439	19
SVBP	5.300591	2.4839125	2.7180142933368745e-05	0.0002126543443265969	19
RPL17	5.251571	1.3228891	2.4787439567476793e-05	0.0001953466895048729	19
FRMD4A	5.2345195	2.9448242	3.218669564474925e-05	0.00024840634114600425	19
ROPN1B	5.1751995	3.7086031	3.805763567950794e-05	0.0002899562304842342	19
AMD1	5.1539445	1.7791529	3.545366820999044e-05	0.0002719925629989226	19
MT1H	5.1012783	6.192189	4.688820789032153e-05	0.0003523022806561995	19
HES1	5.025983	1.9296465	4.738270014584275e-05	0.0003557786312047709	19
ARPC1A	5.002199	1.6689746	5.22122157413184e-05	0.00038838987096463976	19
HIST3H2A	4.987792	2.1471407	5.483726611222375e-05	0.00040666869722623243	19
LINC01006	4.963772	3.8171372	6.376650164857905e-05	0.0004685196564720679	19
UPF2	4.956538	1.9684751	5.877251264156711e-05	0.0004342045917424675	19
BCL11A	4.9182105	3.2700622	6.970621187399305e-05	0.0005079330985152294	19
MDK	4.910841	1.9070199	6.383141351003362e-05	0.00046889387659659166	19
MFGE8	4.8986263	2.0300303	6.501633877646209e-05	0.0004764502990826557	19
H1F0	4.844867	1.6248403	7.239842122477627e-05	0.0005258370390429235	19
NR4A1	4.8370423	2.1083496	7.95310947523698e-05	0.0005741610953700464	19
NAP1L1	4.821061	1.0574765	7.037114611355468e-05	0.0005122219209623996	19
FOXC1	4.8181376	3.5642588	8.93775130855112e-05	0.0006398874819241912	19
NIPAL3	4.7479515	3.2161322	0.00010538280685168299	0.0007457056381038605	19
COLCA1	4.716442	5.9478593	0.00011684270882074088	0.0008178258131378276	19
THUMPD3-AS1	4.60956	2.0795734	0.00014190957362406485	0.0009779718530767945	19
SNHG8	4.556374	1.1277456	0.0001359408976033618	0.0009397348818042784	19
EFNA4	4.5109	1.9032457	0.00017273802954045791	0.001173785706810474	19
SEPT4	4.507416	5.1728063	0.0001918026410003739	0.0012938962956141474	19
KLF3	4.42466	1.966887	0.000213937356687634	0.0014294169084979945	19
VIM	4.3663282	1.4164919	0.00020548061151307725	0.0013778538965933875	19
EN1	4.3359036	3.956656	0.0002867087659429908	0.001867784452589862	19
GABRP	4.3335977	2.3233657	0.00027227579151745286	0.0017807850076778187	19
LDHB	4.331683	1.2058886	0.00024019778782588362	0.001588421530257879	19
ODC1	4.2954607	2.334445	0.0003030804900788648	0.001967032259623685	19
APOO	4.286203	2.543491	0.0003123592481430083	0.002024119308725781	19
ORAI2	4.28526	2.456129	0.00031334930861924554	0.002029358787487568	19
LYRM4	4.2830286	1.9171054	0.00030632489767834476	0.001986551313424084	19
CENPV	4.2750506	3.161913	0.00032876349823473557	0.002123855256989843	19
LINC00685	4.246978	2.7883718	0.00034831422753765654	0.0022380857290882255	19
ELF3	4.218471	1.3848112	0.0003303256927091428	0.0021331255408466227	19
TNNT1	4.2150292	2.112283	0.0003599689354071834	0.002306345379654697	19
KLF5	4.2030697	2.2278347	0.00037649520783140575	0.0023998528631457962	19
TOB2	4.130778	2.0339494	0.00044997697858200535	0.0028311157078632606	19
TGFBR3	4.126336	3.506025	0.00047105860726122313	0.002959313868917154	19
LINC01833	4.0957093	6.4896393	0.0005159121100422972	0.0032175916851856995	19
ST3GAL4	4.045869	2.8306348	0.0005705118138994867	0.003524039917127566	19
PRKX	4.0410976	2.1666777	0.0005560026715797584	0.0034439308601028028	19
RGMA	4.0355287	3.466767	0.0005868826265092918	0.003616503798594186	19
AP1S1	4.026383	1.6630619	0.0005703281520849276	0.0035238383286178322	19
SRPK2	4.0251594	1.6894523	0.0005718046031766223	0.0035313751049801303	19
CITED4	4.010812	2.2062004	0.0005985045290929674	0.0036833835615242604	19
CDK6	3.9969084	2.8935468	0.00063902699514946	0.003912669668548382	19
HIST1H2AE	3.9915543	3.5294812	0.0006543374174758012	0.003998384281208936	19
PPP1R12A	3.9023688	1.7288442	0.0007709502367262148	0.004639950096901843	19
LUC7L3	3.8950427	1.2772044	0.0007626379217831109	0.004590746327086741	19
SOX10	3.8499002	4.3635697	0.0009247746736037798	0.005469558689357146	19
PRSS21	3.8308675	4.4810605	0.0009655390794930871	0.0056885905963951575	19
TGFA	3.8083532	5.043252	0.0010223233842915715	0.005994711299392237	19
AQP5	3.7861252	3.4749093	0.0010652306924286853	0.006216965835174967	19
TBL1X	3.76854	2.4856308	0.001095835490724019	0.00638780295348876	19
AC110015.1	3.755253	28.553896	0.0011646429180395333	0.0067513460273010695	19
MPST	3.7314398	1.4571604	0.0011466494072928555	0.00665509046028892	19
RALBP1	3.7167556	1.1300646	0.001155325604645216	0.006700808595089952	19
PRPSAP1	3.6976063	1.9249017	0.001282348334074007	0.007369987229810875	19
TCF7L2	3.643479	2.0597076	0.0014609262529696188	0.008309382764274991	19
OBP2B	3.6423528	5.272204	0.0015192029229444232	0.008608816563351732	19
SNF8	3.6078281	1.4422501	0.0015674376405361093	0.00885670921516537	19
FAM200B	3.6017003	1.571699	0.0015988908675800295	0.009020756701345965	19
CMTM5	3.588597	10.107745	0.0017295562562798237	0.009698713268157112	19
NET1	3.5794976	1.6876796	0.0016867500413901022	0.009481361343768296	19
HIST1H2AC	3.5686743	1.8116611	0.00173992125810658	0.009745941703098329	19
CAPS	3.5573583	2.5804155	0.0018189517033906915	0.01014119998062287	19
LMO4	3.5459776	1.5249511	0.0018169771581773308	0.010133560170007624	19
ATP5MC1	3.5373185	1.0046195	0.0017909945126200805	0.010005287632876435	19
KMT2E	3.5263572	1.3253657	0.0018984314123242153	0.010547505052305202	19
MELTF-AS1	3.5251832	4.0462317	0.0019958154265256084	0.01104859713726872	19
DLL3	3.5136738	5.244158	0.0020581231540205535	0.01134453717485676	19
TMEM54	3.5076056	1.8125898	0.0020273782971737984	0.011191622031847658	19
CRYAB	3.4989805	1.7069873	0.0020060052679834917	0.011093721796114476	19
CRTAC1	3.4899435	6.208678	0.0021817892347521543	0.011969151573899576	19
AKAP1	3.4221127	2.1876364	0.0025079358342247116	0.013545680485624968	19
CTHRC1	3.3742552	1.3151586	0.002566860909753022	0.013824566218382205	19
MED30	3.3693647	1.6717097	0.002806630555130307	0.014961410592756772	19
CCND1	3.3588083	1.3303828	0.0028262828176687997	0.015056599743873762	19
SH3YL1	3.3576052	1.5324638	0.0028589199196117107	0.015215968426483083	19
HRCT1	3.3567736	3.5332718	0.0029556043673816482	0.01567582638936557	19
PAWR	3.3533833	1.8187172	0.0029357290881427437	0.015577802459325387	19
PROSER2	3.3478503	4.389206	0.0030364226491621043	0.016078794684280893	19
MRAS	3.3407114	2.746082	0.0030540270582435944	0.016162057677587313	19
ITGA6	3.325203	2.473426	0.003162018972351261	0.016678295070236458	19
TNNI3	3.312071	3.4492476	0.003279152835908381	0.01723649353850541	19
BRI3	3.3052957	1.2035514	0.00314219425589768	0.01659199268530606	19
AP002387.2	3.2939873	2.7094738	0.0034151685036514813	0.017864654831717768	19
FOXP4-AS1	3.293849	3.6050718	0.0034262056555373634	0.017911216317390698	19
TOB1	3.291902	1.3087908	0.003308891196198319	0.01737375072192984	19
GPM6B	3.2829127	2.0986533	0.0034514576048481943	0.01803760354070011	19
PODXL2	3.2817297	2.4879012	0.003499415328803367	0.018265466782351965	19
PSMG4	3.2755542	1.5549382	0.0034727938136749803	0.018137804002565015	19
ARMC10	3.273356	1.6557708	0.003530930811619265	0.018409909894687045	19
C12orf49	3.2673454	2.0732055	0.0035991273666751426	0.018721825528171674	19
COL27A1	3.2648206	3.4441168	0.0036766002839551705	0.01908043480181655	19
NCBP2	3.2626545	1.2526548	0.003525760214891049	0.018385808981290528	19
EGR1	3.2493393	1.1566429	0.0035732062696422155	0.01860141416887623	19
MAP3K21	3.2445939	3.5101843	0.003839746191575232	0.01979236622277929	19
CHRM3	3.224868	5.5763206	0.004056989636088392	0.020797109794290194	19
LINC00842	3.222547	6.1577725	0.004080571813919592	0.020908411122926525	19
CCDC40	3.2146533	5.305921	0.00415419596862603	0.02123051759617335	19
EBPL	3.202765	1.2593899	0.004086863706276585	0.020927861919423345	19
PIGZ	3.1660948	2.9657235	0.004610239251130686	0.02333364036851884	19
GSTO2	3.1639698	1.6289073	0.004507588552512051	0.022846864520356235	19
OSR2	3.1465514	2.9153266	0.004811680512463282	0.024199816474513563	19
BAMBI	3.1375968	1.6917164	0.004819355657913191	0.024223888524211947	19
SMKR1	3.1190932	3.023589	0.005139249675463959	0.02563205551891995	19
VAX2	3.1045692	4.836041	0.005354600123457189	0.02653883225645643	19
EPHB3	3.095065	2.7970753	0.0054358563044049025	0.026879560121781637	19
ZFR2	3.0913463	5.757053	0.005526107631487959	0.02724951133015843	19
C11orf1	3.089068	1.7768533	0.005430592678998358	0.02685749174967324	19
NSUN6	3.0755386	2.0495522	0.005624968429543486	0.02765973700268554	19
FGFR2	3.0614312	3.5328133	0.005896100466128663	0.028819747265290217	19
SIX3-AS1	3.059595	6.9283395	0.005948455762412914	0.029054485907542095	19
C20orf27	3.0498798	1.7785996	0.0059510977115043604	0.029058926822181943	19
AIF1L	3.0479195	2.4449246	0.006021761769892035	0.029356963884294877	19
GRHL1	3.0398598	2.0487113	0.006117964723791041	0.029778356523099014	19
SYNGR1	3.031379	1.8376697	0.006192175768333775	0.030078460165920803	19
S100A1	3.0215197	1.5958904	0.006258701245619584	0.030357642585585893	19
GFRA3	3.0070198	7.2797713	0.006710221024549844	0.032311711211068135	19
CTXN1	3.0055327	2.0933058	0.006620613468759744	0.031938412073242745	19
POLR2J	2.9814253	1.1312755	0.006911486823459262	0.03315477396247814	19
LINC01956	2.9794896	3.7461696	0.00711076430870256	0.03402313062456385	19
ALKAL2	2.9386337	5.0822387	0.00783450602405922	0.0371468994279008	19
FSCN1	2.9191604	1.6341219	0.007979810183090923	0.037787775427227534	19
AC245041.2	2.902716	4.665762	0.008493229649596262	0.039942711115691	19
COMMD3	2.8995805	1.234144	0.008308140824788156	0.039182136024215344	19
MRPL11	2.8954675	1.2609016	0.008421794275593671	0.03964567042774559	19
RASSF10	2.8926806	3.4863217	0.008664125538996908	0.04063247129523145	19
SNHG21	2.8836699	2.3362987	0.008752077566300327	0.040999082912189844	19
TRIM29	2.8784547	2.0206852	0.00880246431862446	0.041200593875381386	19
EGR2	2.877573	2.1782126	0.008869943269899322	0.0414585796008491	19
GRB7	2.8703966	1.5095873	0.008853630531179213	0.04140900234296173	19
CELF5	2.8576643	5.5407104	0.009413550339662206	0.04373061147193949	19
RNF152	2.8511875	2.9232895	0.00947628028789843	0.043992237665937885	19
CCDC82	2.8511035	1.9723556	0.009379342996529197	0.04359652763949359	19
NPB	2.8490453	4.4645915	0.009585630404080867	0.04443837310066017	19
DLX5	2.8449564	2.5473027	0.009588193726319385	0.0444441135675067	19
RNF139	2.823289	1.7003243	0.010012980327412989	0.046164312462097463	19
Z95115.1	2.8171122	4.2594213	0.010294197860720892	0.047285358866945966	19
IMPA2	2.8081374	1.6679819	0.010303610538817842	0.04732211434786927	19
UQCRH	28.385656	2.638912	2.9193529939961104e-33	1.780327614029519e-30	13
CDKN2A	25.70906	4.533883	4.6808716964129915e-24	9.748256769505346e-22	13
H3F3A	21.590279	2.2711449	4.917518102506275e-28	1.4994406788742089e-25	13
GSTP1	21.209812	2.507371	1.1525295184053475e-27	3.304016459558441e-25	13
LMO4	20.06171	3.294228	8.067531199668244e-21	1.1465807795257312e-18	13
SLPI	20.029024	4.514659	1.3736862249807508e-20	1.8849777651273562e-18	13
RPS7	19.249426	2.094206	2.757411786591674e-20	3.6269156366302486e-18	13
RPL5	19.13636	1.8880634	5.581018017211208e-22	9.236337519556866e-20	13
RPL35A	18.316479	2.162887	3.969753201411062e-19	4.528894290086001e-17	13
PERP	17.471035	2.9410589	5.289434859696829e-20	6.771486054545471e-18	13
ATP5PO	17.465338	2.6476	4.991243749734618e-19	5.599040354844442e-17	13
ATP5F1C	17.298605	3.0247676	3.2637597582993497e-18	3.238750474944334e-16	13
YBX1	17.166824	1.6812229	6.614483929121982e-24	1.336484370281207e-21	13
RPS16	17.116968	1.9097044	3.78772591012492e-18	3.7147401974122785e-16	13
CRYAB	17.000242	4.3073072	1.137412864849065e-17	1.0686264677843834e-15	13
ATP5MG	16.794338	1.6691216	2.992039226829764e-20	3.904902245412339e-18	13
RPL18A	16.396708	1.7308569	7.550395211524963e-18	7.277235798556287e-16	13
CSTB	16.309729	2.8432922	1.165543640980111e-18	1.2293553227079843e-16	13
SF3B6	16.27856	2.456049	7.738602859428615e-18	7.437262994501295e-16	13
CHCHD2	16.256914	1.2902932	1.5217883544363346e-21	2.352179870790281e-19	13
RPS23	15.932957	1.8102111	2.152457368993892e-17	1.909935783423919e-15	13
RPL7	15.031572	1.4850597	9.85493145666964e-20	1.2242379851413199e-17	13
NACA	14.974235	1.9223615	2.851949904279728e-16	2.159305908339647e-14	13
TRIR	14.942145	2.4164996	1.9981657591711843e-16	1.541698683398056e-14	13
RPS27A	14.827369	1.3199052	3.8784942863532585e-17	3.335604534835247e-15	13
RPS25	14.614246	1.3550292	4.360386613304822e-17	3.721417999920026e-15	13
RPL8	14.600063	1.4685619	1.803908033029e-16	1.4038255066316865e-14	13
KRT14	14.554223	5.1350865	1.3378958408401673e-15	9.195566474922142e-14	13
RPL24	14.393999	1.756555	6.631802640242586e-16	4.7733324539994976e-14	13
SERBP1	14.359175	1.940156	7.105365845061905e-17	5.826921168929617e-15	13
ATP5MC3	14.228127	2.0661473	1.9160681830179939e-16	1.487658401078855e-14	13
HMGN1	14.184589	2.021816	2.6540371331874143e-16	2.018572777420387e-14	13
TSEN34	14.183482	3.632768	5.2137830019045e-15	3.3057749653474257e-13	13
CALML5	14.028727	4.322619	3.9138430653063525e-15	2.5342511631938295e-13	13
PRDX1	13.879971	2.0044057	4.479824140239352e-16	3.324287201056817e-14	13
FXYD3	13.816736	2.7229095	1.1420370584718696e-15	7.985521978990614e-14	13
AP2M1	13.774004	2.294473	1.4360558471233955e-15	9.829948809870573e-14	13
PPA1	13.721317	2.2653701	1.1304587673606444e-15	7.932367681180622e-14	13
STMN1	13.679303	2.6332393	6.09935631315426e-16	4.4281062792101085e-14	13
MDK	13.632139	2.6186993	1.0016031469486858e-15	7.072583400380183e-14	13
EEF1A1	13.216404	1.2792292	2.5177826313155234e-15	1.6822499449592425e-13	13
NFIX	13.107386	3.6735249	3.966727744606311e-14	2.191894815186825e-12	13
POLR2H	12.672352	2.7405703	5.2249376815163904e-14	2.8357546080217033e-12	13
CRABP2	12.613739	2.6577322	1.1302459397623202e-14	6.769567690279996e-13	13
ANP32B	12.566272	2.3180473	3.2862133031456465e-14	1.8493771879330225e-12	13
RPS11	12.453672	1.2514746	3.9968453693268645e-15	2.583009451495036e-13	13
MARCKSL1	12.400853	2.0414565	7.582979790295286e-15	4.660095338776409e-13	13
ABRACL	12.361645	2.338223	3.63191174187911e-14	2.0302991955727875e-12	13
COPE	12.288548	1.9895384	3.465148411457118e-14	1.9435542285732976e-12	13
TPT1	12.138697	1.1354874	2.7368462315190978e-15	1.8141612539798826e-13	13
RPL27	12.137587	1.444597	3.582664377607824e-14	2.0061126191877138e-12	13
NUDT5	11.995957	2.7669344	2.3396296502151655e-13	1.1356514920096508e-11	13
ATP5PF	11.887543	1.5534059	1.9835032367597162e-14	1.1450621262371063e-12	13
KRT5	11.876452	5.2129335	8.310926968272076e-13	3.6923247228866846e-11	13
MGST3	11.68877	1.7026871	5.021464736842804e-14	2.7394107536277908e-12	13
RPS24	11.6501045	1.1828905	1.7241625655140638e-13	8.57152090012648e-12	13
C6orf48	11.556432	2.4602475	3.5248575116791346e-13	1.6651724760454908e-11	13
LDHB	11.3497925	2.3318288	4.797235177922466e-13	2.213260867987585e-11	13
CD63	11.340557	1.5430276	5.723382192535525e-14	3.06658086453409e-12	13
TMEM123	11.308665	2.3339467	7.917821775952335e-13	3.536240481853758e-11	13
C19orf53	11.302256	1.651495	2.5116961271772627e-13	1.2104137902536289e-11	13
SSR3	11.221265	2.0146897	5.78726880813886e-13	2.6302274131949253e-11	13
EPCAM	11.189096	2.850254	1.5414779443790452e-12	6.4709276260848e-11	13
COMMD6	11.129942	1.4054471	1.7249863175174784e-13	8.57152090012648e-12	13
GMPS	10.993639	3.022371	2.9848199812818178e-12	1.1961033093449635e-10	13
FBL	10.852552	2.3964705	2.8861558218036492e-12	1.1621194768201225e-10	13
SNRPE	10.835313	1.4560653	3.222976098965131e-13	1.5311875543256296e-11	13
KRT8	10.754265	2.3148384	1.1470161486882754e-12	4.944995969556998e-11	13
PIGP	10.717372	2.557106	4.045629198189214e-12	1.57600985988925e-10	13
SOD1	10.679914	1.7694532	2.113110321784494e-12	8.696421264168555e-11	13
RTRAF	10.674557	1.6204767	8.75327257943615e-13	3.872402344294556e-11	13
TTYH1	10.629415	5.3762255	1.4285602392493744e-11	5.065046404298442e-10	13
NDUFB5	10.624387	2.6384015	6.825918350047432e-12	2.584064643103171e-10	13
LSR	10.5766	2.1826882	2.567877873313103e-12	1.0439902030156945e-10	13
DBI	10.551779	1.7306383	1.361183340168657e-12	5.771864780353594e-11	13
BRK1	10.524035	1.3103974	6.095182827445801e-13	2.7626828002075623e-11	13
RPL7A	10.44597	1.3105597	4.019315071581406e-12	1.567579614138511e-10	13
EEF1B2	10.391388	1.6360562	3.3985221583117176e-12	1.3458067498457298e-10	13
PDIA6	10.341304	2.1732426	9.110215148814394e-12	3.370684957729992e-10	13
SEC61B	10.2922535	2.0263598	1.050487996901012e-11	3.8591914462274744e-10	13
SSB	10.232461	2.2502549	1.1857454668727518e-11	4.281064446111837e-10	13
PSMB2	10.221998	2.33926	1.3792206990718858e-11	4.900470494445987e-10	13
ATP5PB	10.195661	1.7985619	5.516828148175665e-12	2.114742090490971e-10	13
PSMB5	10.175262	1.6151787	3.2801247485904942e-12	1.301996025946435e-10	13
CD9	10.163506	1.3583837	3.340310861551095e-13	1.58244868089386e-11	13
RPL21	10.163065	1.1779563	3.5896342877089443e-12	1.4131446437094565e-10	13
GAPDH	10.04401	1.4143785	6.926308694443947e-12	2.616163512616491e-10	13
ILF2	9.972856	2.3505368	2.7889532131635508e-11	9.529066861851207e-10	13
TAGLN2	9.920689	1.3714998	2.7048028933353763e-12	1.0920085417054437e-10	13
NUCKS1	9.903335	2.1907306	3.086947308071218e-11	1.0447961620586954e-09	13
TUBB	9.8879595	1.7763686	1.1064042409619106e-11	4.024935427993866e-10	13
SPINT2	9.807797	1.7733406	1.2053132283580602e-11	4.3429455374233374e-10	13
RPL13A	9.804585	1.553049	1.7501340392710063e-11	6.127478685927852e-10	13
MMADHC	9.704048	2.2898765	5.1781135628066236e-11	1.7094400296269386e-09	13
SERP1	9.651879	1.2928674	1.4486848872101093e-11	5.130975691860009e-10	13
MRPL47	9.640044	2.4759548	7.072681605771586e-11	2.296464799024054e-09	13
SLC25A5	9.625161	1.7187614	2.523071821371753e-11	8.670732782851431e-10	13
PRDX2	9.595287	2.0882692	4.9773106271727554e-11	1.646390293353071e-09	13
CBR3	9.512514	3.7563775	1.4807291999610418e-10	4.590123668751691e-09	13
TBCA	9.493363	1.3562757	2.3709351270466516e-11	8.173025189750436e-10	13
ATP5F1B	9.488974	2.382402	1.0627668682225476e-10	3.375593137031484e-09	13
EIF3H	9.35431	1.2561074	1.0604911760512098e-11	3.889276884454447e-10	13
TECR	9.352808	2.1813807	1.1170686445673563e-10	3.5413610025929765e-09	13
TTC3	9.326701	2.0379603	1.028077209450344e-10	3.271606990718595e-09	13
RPS6	9.325517	1.3900318	9.264312865541258e-11	2.9593744554582795e-09	13
EIF4A2	9.323466	1.5715069	5.744936761536493e-11	1.885429783940269e-09	13
OST4	9.312425	1.3601694	5.4679848576526645e-11	1.7998202169826106e-09	13
RPS9	9.288903	1.0195502	7.896287608714294e-11	2.5466286796527515e-09	13
PHGDH	9.2650385	3.3150885	2.432391014894758e-10	7.245544141259776e-09	13
GABRP	9.246084	3.5004632	2.4516127479636814e-10	7.283396207214335e-09	13
ARPC5	9.21183	1.4407828	4.005759185571552e-11	1.3422294589735806e-09	13
RPS18	9.173871	1.3144715	1.1909366655740303e-10	3.747205131333823e-09	13
RPS5	9.121027	1.7272054	2.4432621183054485e-10	7.2714689183747155e-09	13
HSPE1	9.081037	1.415545	8.894532728818104e-11	2.8466748306993132e-09	13
HOOK2	9.058491	2.335147	2.824735579861706e-10	8.274624985514538e-09	13
ERH	9.011326	1.6271354	1.8757617358349545e-10	5.719538580149109e-09	13
TUBA1B	8.969042	2.2218616	2.4512170552916974e-10	7.283396207214335e-09	13
RPL18	8.965867	1.1974748	2.934986852115452e-10	8.575121429164143e-09	13
CCT8	8.947395	2.4724486	4.182763871150804e-10	1.1919633220243766e-08	13
UBE2E3	8.908485	2.3294613	3.9298164482565257e-10	1.1285100470117477e-08	13
ACP1	8.907964	1.7956661	2.4833606564138317e-10	7.3646684152764215e-09	13
HMGN3	8.904356	1.4532261	1.089298243991312e-10	3.456589631193245e-09	13
HMGA1	8.852863	2.148238	3.4617729954260113e-10	1.000959724479171e-08	13
LAPTM4A	8.833974	2.0824776	4.5974963103675504e-10	1.3035048499242434e-08	13
PTGES3	8.801633	1.4173766	2.1365151056246833e-10	6.450121796377813e-09	13
MRPL51	8.792096	1.606347	3.0279918526377923e-10	8.816134959142725e-09	13
PSMB1	8.729977	1.5160918	3.2977155091241854e-10	9.551699127075503e-09	13
RANBP1	8.727655	1.7871431	4.180167919247766e-10	1.1919633220243766e-08	13
CYC1	8.690536	1.745456	4.572688874802597e-10	1.2975681687796438e-08	13
S100A1	8.604661	3.8758166	1.412354750580411e-09	3.700921147595122e-08	13
DYNLT1	8.52036	1.3886205	3.6894425904419014e-10	1.0613001194340636e-08	13
TSPO	8.48091	1.3206114	3.828180814037666e-10	1.1002657470748703e-08	13
CALR	8.431125	1.6466978	8.579253536855584e-10	2.3206188941909124e-08	13
SH3YL1	8.374903	2.7301824	2.101367614678858e-09	5.3476457635769026e-08	13
DSP	8.341636	2.0052097	1.388348025252956e-09	3.64085857036821e-08	13
IGFBP5	8.317864	3.9604547	2.458973041741371e-09	6.196575115931428e-08	13
RPL28	8.277968	1.2738963	2.093576458321114e-09	5.331863932311959e-08	13
MT1X	8.266735	2.257955	1.1840916029866747e-09	3.132146408184231e-08	13
MLF2	8.265685	1.6772476	1.4948833614849282e-09	3.889827992829013e-08	13
ETFB	8.205513	2.6543458	3.3654903426378058e-09	8.275799969385239e-08	13
HDAC2	8.162998	2.0647898	2.6538880150936718e-09	6.632940232060868e-08	13
COX4I1	8.154663	1.0483321	1.2240414463568647e-09	3.2352698307530024e-08	13
TCTEX1D2	8.120731	3.4519851	4.906455591508829e-09	1.1738047574521943e-07	13
PSMB4	8.116295	2.0568414	3.3012673945569126e-09	8.123830497493281e-08	13
CRABP1	8.099926	3.9793305	5.015281571994891e-09	1.1964264523917541e-07	13
CALML3	8.082172	7.5156164	6.438058108840675e-09	1.499575743254341e-07	13
ARL6IP5	8.054987	1.4658691	1.6802058807529002e-09	4.335060418948694e-08	13
KDELR1	8.00289	1.6355195	2.867210084698162e-09	7.128917231346261e-08	13
CALM2	7.9822307	1.0280846	1.2556834552709264e-09	3.3162896671844204e-08	13
ISOC2	7.9651284	2.124252	4.9316991233066e-09	1.1773246996073074e-07	13
YWHAQ	7.9255466	1.6006279	3.864744344508681e-09	9.420595207788203e-08	13
PSMD2	7.8938913	2.1315613	5.9162539391911934e-09	1.3896153597647886e-07	13
ATP5PD	7.893624	1.7989465	5.1264595932660765e-09	1.217751991627036e-07	13
OCIAD2	7.883759	1.8584119	5.093177121142185e-09	1.2107034289172927e-07	13
MRPS15	7.879427	1.9336895	5.722726486747248e-09	1.3460446640391968e-07	13
VIM	7.857875	2.0179236	2.538212767863889e-09	6.367553810540217e-08	13
NDUFB7	7.827609	1.4490548	4.929409121149018e-09	1.1773246996073074e-07	13
NDUFB3	7.802975	1.699056	5.553693305631746e-09	1.3108826682913048e-07	13
COX5B	7.795299	1.0916727	2.9834009034360414e-09	7.395879504962916e-08	13
S100A11	7.770083	1.5011423	5.3809154769203985e-09	1.2718906695658005e-07	13
MDH1	7.69074	2.0392997	9.847033806242618e-09	2.2452709782133488e-07	13
HNRNPA1	7.664866	1.0324882	4.0757082249173006e-09	9.884550222122284e-08	13
COMT	7.664099	2.0262272	1.0553678011952376e-08	2.396620949213911e-07	13
LAMTOR5	7.6114993	1.2733	6.6990579719695204e-09	1.5571247639489236e-07	13
REXO2	7.60917	2.3180346	1.4915081964797438e-08	3.2782881007946976e-07	13
TCP1	7.5797825	1.6587088	1.0482613770163216e-08	2.3837108370511487e-07	13
ACTL6A	7.5516047	2.8938622	1.974683366031195e-08	4.237546690982234e-07	13
CCT4	7.51698	1.9156814	1.6184112109202436e-08	3.529462316350838e-07	13
ODC1	7.480204	3.0733168	2.3918396648657778e-08	5.04875356823556e-07	13
VDAC2	7.465207	1.5993552	1.508063030994052e-08	3.312504395715226e-07	13
FABP5	7.4442563	2.8635316	2.361177744240538e-08	4.989917713294166e-07	13
NDUFA4L2	7.44195	4.574121	3.0650236717391996e-08	6.357696906234044e-07	13
PSMA5	7.4187016	1.7593706	1.786287002526431e-08	3.872905775807306e-07	13
VCAN	7.4130077	2.7736285	2.004242751823757e-08	4.290000391762644e-07	13
PGRMC1	7.4043436	1.6193271	1.567688447503083e-08	3.427759988116095e-07	13
RBP1	7.3860264	2.672078	2.758242146869178e-08	5.760535482449508e-07	13
CXADR	7.3835793	2.4968603	2.6171244885757432e-08	5.486310779457437e-07	13
S100A6	7.354823	1.6381301	1.1747914490671406e-08	2.642768611211332e-07	13
RPL22L1	7.3329115	2.3152738	3.245307682392585e-08	6.706769252934671e-07	13
FXR1	7.2935953	1.9926538	2.916452600376317e-08	6.064521802183636e-07	13
PTS	7.2358747	2.131234	3.659553259002183e-08	7.470789766292892e-07	13
CCSER2	7.185495	2.8145885	5.3293854415998944e-08	1.0564593209024945e-06	13
TMEM213	7.078151	4.991379	8.26218681704005e-08	1.5835543316019446e-06	13
NPM1	7.0130754	1.2070377	4.5262606344535316e-08	9.085296704979408e-07	13
NCBP2	7.003319	2.0384438	7.038134435968832e-08	1.3677060667255538e-06	13
HSPD1	6.9478154	1.6855146	7.042336861782089e-08	1.3677302876724553e-06	13
OLA1	6.9414177	1.9240702	7.959805312460378e-08	1.5290941007172595e-06	13
SUMO1	6.938428	1.3135505	5.771420282933892e-08	1.1387012218228568e-06	13
HINT2	6.921345	1.7773664	7.747290918481552e-08	1.4908312375030966e-06	13
RAD23A	6.918221	1.8203131	8.885536169695199e-08	1.6847358319262108e-06	13
SLC25A3	6.9174137	1.061399	3.963048357388745e-08	8.022003920046825e-07	13
SEPT7	6.890255	1.3299539	5.18987290718877e-08	1.0310724432179116e-06	13
UTP11	6.8467135	3.040301	1.377644401074506e-07	2.5305350961905807e-06	13
CLTA	6.8423977	1.2262849	7.216636589836513e-08	1.3991514905185346e-06	13
SAP18	6.831628	1.006525	5.163954136553893e-08	1.0266993817080861e-06	13
CFAP298	6.8092504	2.414849	1.3677801260066063e-07	2.5151706801747577e-06	13
RBM17	6.803141	1.8857797	1.212981459081325e-07	2.247768570113079e-06	13
POLR1D	6.7995877	1.9500337	1.3118624213895067e-07	2.417647114056343e-06	13
SSR2	6.7979903	1.1104921	6.839237936780925e-08	1.3336911606835407e-06	13
THUMPD3-AS1	6.789769	2.002595	1.300533299456868e-07	2.3980861680639258e-06	13
CDK4	6.787385	2.1504755	1.4375612458087884e-07	2.6362625339350778e-06	13
MDFI	6.7496147	3.18832	1.8219964218746785e-07	3.2750043936815965e-06	13
EPRS	6.742121	2.4263263	1.640796335936079e-07	2.9715955671507576e-06	13
HEY1	6.7353854	5.372077	2.1064118255556598e-07	3.738156563013883e-06	13
CCT6A	6.7288995	1.9100277	1.5408894624395508e-07	2.804285049358924e-06	13
GHITM	6.6767306	1.7082856	1.6751064978525205e-07	3.030461005634919e-06	13
BABAM1	6.6766167	1.9817871	1.745781939852651e-07	3.1447514524488597e-06	13
PAM	6.6706023	2.8871658	2.153196614167992e-07	3.8111011945017744e-06	13
TACSTD2	6.6336517	1.5328192	9.82223329698136e-08	1.8456444090423072e-06	13
H2AFZ	6.6160254	1.4390752	1.4578913138682664e-07	2.6691666243698432e-06	13
RPS10	6.6127324	1.0405687	1.0483196012724379e-07	1.962147753698596e-06	13
RPL39L	6.607049	2.2845619	2.1707061984305506e-07	3.8400662764535395e-06	13
MRPS6	6.6046033	1.5738822	1.7156521705698653e-07	3.097130756355428e-06	13
DCUN1D5	6.5642467	2.0873013	2.5018536462633683e-07	4.370555893193731e-06	13
APEX1	6.5521693	1.4359406	2.0389814631945934e-07	3.631942499044602e-06	13
CCT3	6.55142	1.4169058	2.0950073945060546e-07	3.719885813611836e-06	13
PDCD6	6.5482583	1.5236127	2.2514615851727957e-07	3.959951391100196e-06	13
ATP5F1A	6.530961	1.3808109	1.9350314314922174e-07	3.4559578936997056e-06	13
NPW	6.5206337	3.6807866	3.4114237386298123e-07	5.841426606919157e-06	13
PRPF31	6.5098133	2.3764653	3.227745851492762e-07	5.546199979760181e-06	13
SMAGP	6.4995017	2.8695276	3.487061988010419e-07	5.958204082519483e-06	13
STMP1	6.4662337	1.4620744	2.6744761177269833e-07	4.647906915268432e-06	13
HMGB1	6.4606833	1.114061	2.279243198966637e-07	4.006713633990564e-06	13
PDCD5	6.453849	1.5086364	2.807265506536137e-07	4.866071956316722e-06	13
TSTA3	6.4393415	2.0437548	3.643509677017411e-07	6.206549419849719e-06	13
KRT6B	6.4184623	3.276437	4.2862851376348437e-07	7.184722129006012e-06	13
NECTIN4	6.4100976	2.2446015	3.966025479440677e-07	6.682907018103408e-06	13
CDC123	6.3882456	2.6339643	4.7475886850485543e-07	7.859766637967105e-06	13
SH3BGR	6.3747363	4.247396	5.441102356590035e-07	8.861627881967026e-06	13
SLC9A3R1	6.3665166	1.6941979	3.719026045745399e-07	6.315941903815009e-06	13
EBLN3P	6.3291235	1.9998897	4.716386083781928e-07	7.811965710426155e-06	13
SNRPD3	6.326991	1.3188792	3.516762886508638e-07	6.002836843581996e-06	13
ASNA1	6.318933	1.9883659	4.984048562650032e-07	8.190591515915958e-06	13
SF3B5	6.280164	1.2575967	4.1738097848924067e-07	7.000867686582048e-06	13
CBR1	6.2653475	2.724527	6.728683256136872e-07	1.0762363619174384e-05	13
LSM3	6.238014	1.1268623	3.8784243447757565e-07	6.553862687893761e-06	13
APLP2	6.2346106	1.2897986	4.5028994595672213e-07	7.506548249172176e-06	13
IDH2	6.232625	1.3969322	4.5804910404744415e-07	7.613193755627019e-06	13
TEAD2	6.2299824	3.233943	7.779195875781025e-07	1.2313450159017053e-05	13
PHF6	6.223631	2.8130567	7.402738008592956e-07	1.175083935381999e-05	13
SLC25A6	6.156529	1.005961	5.193284535292985e-07	8.501120380588678e-06	13
EBPL	6.137761	1.9610245	8.536347877528981e-07	1.3423236950782913e-05	13
SCPEP1	6.1289253	2.052824	8.325026285086111e-07	1.3109375898031607e-05	13
ARF1	6.1226287	1.2210536	6.985838153541667e-07	1.1157714167044812e-05	13
LAGE3	6.1099553	1.5486305	7.517449932381239e-07	1.1910382058667885e-05	13
FDPS	6.075012	1.8558441	9.849505677197265e-07	1.5224067738196934e-05	13
SIX1	6.064087	3.574839	1.2564728557348352e-06	1.906939187972946e-05	13
PRDX6	6.0371695	1.1394408	8.036484960932817e-07	1.2696737733144022e-05	13
MYO10	6.034485	2.6674511	1.247480324050785e-06	1.8941483725209316e-05	13
MPLKIP	6.0229993	1.3214484	8.546936386132559e-07	1.3433589190593822e-05	13
HNRNPA2B1	6.0158143	1.2732928	1.0086320254448869e-06	1.5561419855311385e-05	13
SDHC	5.9994273	1.2142825	8.874973952821202e-07	1.3897082229298597e-05	13
PKP1	5.998396	3.1333072	1.3916440922542981e-06	2.0931450447668796e-05	13
EIF3L	5.9831133	1.4138367	1.1095528732333038e-06	1.6970138130924872e-05	13
PPIC	5.9633656	2.2617548	1.4561612329535455e-06	2.177490143312299e-05	13
EIF2D	5.939105	2.7155707	1.63228824007902e-06	2.424649240942888e-05	13
FKBP8	5.9191713	1.285531	1.147853223703187e-06	1.75239622103908e-05	13
HSBP1	5.915021	1.1557788	1.181376623296054e-06	1.8002977429338003e-05	13
DDX39A	5.9115443	2.4172065	1.7504163379579992e-06	2.5818256108816737e-05	13
TUBA1C	5.9007688	2.2195117	1.7590374891439204e-06	2.5934011614670874e-05	13
HNRNPA3	5.8966208	1.4017208	1.5094649655907908e-06	2.2521781321566155e-05	13
DPM1	5.8849087	2.2355528	1.8673947598005493e-06	2.7351217309375643e-05	13
SNHG8	5.875046	1.3292422	1.4211926412204201e-06	2.1337610733739534e-05	13
NEBL	5.8724856	2.741332	2.003275562002406e-06	2.9099985112656e-05	13
MFN1	5.8716745	2.5666552	1.9071096127092874e-06	2.7859914425035806e-05	13
TMEM205	5.862657	1.9303107	1.9093598495185496e-06	2.788064375825062e-05	13
RRP1B	5.855667	2.429746	2.017712039623163e-06	2.9284326923842713e-05	13
MRPL58	5.8394275	2.103654	2.0165601267968427e-06	2.9280278447139787e-05	13
APP	5.8355913	1.3376752	1.6129444953647171e-06	2.3991029409768503e-05	13
MYC	5.8107142	2.1376593	2.1637313312463527e-06	3.121450003498233e-05	13
GPAA1	5.7749844	1.7347897	2.248428684253517e-06	3.2366758153882923e-05	13
PSIP1	5.769319	2.0447698	2.3968065413705413e-06	3.4267386276261434e-05	13
NDRG2	5.768223	2.6388717	2.656605335632769e-06	3.75179787631405e-05	13
TMEM167A	5.7655225	1.7174071	2.398099310319734e-06	3.4271260744539496e-05	13
TBCB	5.7638674	1.4439771	2.1504207066422192e-06	3.1035826558298914e-05	13
CKS1B	5.7560687	2.047886	2.5502814511695215e-06	3.6184005987172974e-05	13
LARP6	5.7474995	2.5948114	2.7289611656192087e-06	3.844270745738508e-05	13
SRP72	5.7140794	1.626152	2.6562915506400528e-06	3.75179787631405e-05	13
COX5A	5.713869	1.1537193	2.270594611786807e-06	3.258793918439936e-05	13
HNRNPH3	5.6789384	1.7913873	3.104859519817146e-06	4.312219178227201e-05	13
TFG	5.6695824	1.7109953	3.0826520186326052e-06	4.2884791106161846e-05	13
KCNQ1OT1	5.658988	2.0828223	3.293840734834296e-06	4.555823178848541e-05	13
MRPS5	5.6566167	1.831493	3.2120934429487708e-06	4.453775368745131e-05	13
ALDH7A1	5.649105	2.4485228	3.6781859470142663e-06	5.0265577477088454e-05	13
MORF4L2	5.644967	1.1950672	2.614278608153904e-06	3.702935759970021e-05	13
SNRPD1	5.642909	1.4398726	3.1606566725224457e-06	4.384267388464655e-05	13
TPRKB	5.641763	1.9082443	3.4689042310953803e-06	4.7704188936109124e-05	13
SPATS2	5.6219516	2.3189504	3.940201271859295e-06	5.359216985378451e-05	13
CACNA1A	5.5924172	4.1112137	4.715381681128637e-06	6.301530359159498e-05	13
PSMG1	5.586977	2.370095	4.373842444111527e-06	5.88459885350761e-05	13
C19orf48	5.571583	2.661514	4.756527649134122e-06	6.346656255609567e-05	13
CUTA	5.5688357	1.1511424	3.456918103157848e-06	4.7558855659564146e-05	13
MRPL36	5.5427756	1.6362816	4.391086123888761e-06	5.900697903900358e-05	13
SCP2	5.540433	1.1709957	3.5090897472479894e-06	4.817780565388654e-05	13
DHPS	5.5338964	1.9270301	4.836134304065126e-06	6.434303081818659e-05	13
RBBP7	5.494028	1.6563116	4.955709049698045e-06	6.583219972477882e-05	13
MRPS12	5.474741	1.5843976	5.2818716071592365e-06	6.991288696753274e-05	13
HADHB	5.4617715	1.846972	5.736841050164388e-06	7.522259017340256e-05	13
FAM84A	5.4572196	3.780086	6.819898863039525e-06	8.831900685915394e-05	13
FAM3B	5.448745	3.6451685	6.9218238587495686e-06	8.936293073376416e-05	13
PCMT1	5.435472	1.8625569	6.449781254704705e-06	8.391470638636559e-05	13
SLC7A5	5.43454	2.2005615	6.331959473045679e-06	8.24777680331748e-05	13
NCBP2-AS2	5.425988	2.4823537	7.0532143075195615e-06	9.095419495905945e-05	13
DEK	5.4050307	1.2115282	5.246213186642423e-06	6.946831286741946e-05	13
UBE2T	5.3683767	2.685346	8.291310573768201e-06	0.00010514134138176154	13
GTPBP4	5.368135	2.2029405	7.969129195088278e-06	0.00010140082030821546	13
MRPL14	5.356194	1.0004838	5.567466579075837e-06	7.320203705557925e-05	13
PARP1	5.3322835	1.480432	7.788615096401595e-06	9.93677972416911e-05	13
KRT17	5.3147755	2.3949692	8.356614016043306e-06	0.000105809434017406	13
STX10	5.3090134	2.007938	9.258529671833597e-06	0.00011626370038299164	13
NASP	5.3007884	1.7252729	8.932125405646276e-06	0.00011241741772261979	13
EIF4B	5.294381	1.1496985	7.4483645377311674e-06	9.538968879726654e-05	13
KHDRBS1	5.2932086	1.2866753	8.460016918848811e-06	0.00010687662051793143	13
SNRPF	5.288192	1.1978029	8.378039074934852e-06	0.00010604068249524146	13
EMP2	5.28706	1.2201202	7.340978605250159e-06	9.419424766591261e-05	13
PFDN2	5.275016	1.1431415	7.999268452499985e-06	0.0001017457198199856	13
DNASE2	5.271604	2.3327622	1.076769894520735e-05	0.00013351548625552671	13
COPB2	5.268926	1.7326826	9.843987643047953e-06	0.00012302085662368163	13
SERTAD4	5.2566175	3.0860019	1.1826712830199578e-05	0.00014503830897174552	13
TFAM	5.232199	1.8014852	1.1117373911433232e-05	0.00013754623325834824	13
LAPTM4B	5.2246	1.8664051	1.1564643628978573e-05	0.00014244939844273608	13
KRT19	5.2016344	1.417541	8.609746588294462e-06	0.00010872722527032551	13
GSN	5.1950107	1.2155484	8.865325042635408e-06	0.00011166048338529261	13
LGALS1	5.1908803	1.1828419	8.333016408996005e-06	0.0001055903677272894	13
DCTN3	5.1802917	1.1707222	1.0606296804981015e-05	0.00013175770412439562	13
EIF1AX	5.167231	1.0831989	1.144664733806307e-05	0.00014125533420381657	13
CCND1	5.1513147	1.4591955	1.2799855874222953e-05	0.00015549437373318077	13
MRPL34	5.1494327	1.4938971	1.3584467551000829e-05	0.00016372138919443723	13
CCT5	5.1474442	1.8464668	1.483062056698777e-05	0.0001768339297679832	13
PEPD	5.1449	2.3307853	1.541852485689287e-05	0.00018305810435824215	13
GIPC1	5.1403155	1.7017219	1.4109666507242685e-05	0.00016926048795401534	13
MRPL42	5.125754	1.8304392	1.542357720152626e-05	0.00018305810435824215	13
GDI2	5.1221747	1.4706577	1.4842284855881812e-05	0.00017691011952776538	13
CSRP2	5.1182804	3.0039048	1.7135768559012426e-05	0.00020096182281043208	13
PSMC4	5.113935	1.7119542	1.558405950243557e-05	0.00018483201547779047	13
P4HB	5.1099305	1.0268382	1.258479782305429e-05	0.00015327040805485255	13
SF3B2	5.092203	1.38776	1.5823599215143437e-05	0.00018720964418875697	13
MTX2	5.0729814	1.9016799	1.7915488504125115e-05	0.0002085745921266437	13
EIF4G1	5.060274	1.6476543	1.8071756729442987e-05	0.0002101750320604186	13
RAB10	5.0462837	1.6728988	1.9324619382357892e-05	0.0002231211906036716	13
RASIP1	5.0300355	4.138114	2.2674125348650578e-05	0.0002572776854936025	13
LSM14A	5.0177855	1.3940182	1.890735071337165e-05	0.00021890626519751414	13
FOLR1	5.001813	3.0942562	2.3687011703503257e-05	0.0002674136854753291	13
PAICS	4.998686	1.9515165	2.2481483565226266e-05	0.0002554374797632975	13
HNRNPM	4.998347	1.176566	1.92123300113535e-05	0.00022197752701026788	13
C1QBP	4.975281	1.0983295	1.9434757611535512e-05	0.0002238534357996266	13
MALL	4.9749284	2.6631718	2.4925995101039753e-05	0.00028026912560642786	13
DNAJC19	4.9617696	1.3067673	2.2213340758340784e-05	0.00025247633425127354	13
PARL	4.951484	1.9628885	2.5949524316742487e-05	0.0002903178769539225	13
RAB1A	4.9461656	1.3024077	2.364079959541344e-05	0.00026716174502350483	13
EXOSC4	4.927425	1.7283375	2.6850425817588135e-05	0.0002993983152751741	13
MRPS23	4.921634	1.4821204	2.5615761928819206e-05	0.00028735059225903843	13
H2AFY2	4.902908	3.0389087	3.150427573399407e-05	0.0003455477149751129	13
CISD1	4.8821945	1.6957399	3.0082720585954253e-05	0.0003312555913241929	13
PRPF40A	4.876355	1.2392696	2.79544363345094e-05	0.0003105729543212255	13
HRASLS	4.8534746	4.7865605	3.767272931646316e-05	0.00040668844995284543	13
ERP29	4.831663	1.2195852	3.277296642049833e-05	0.00035805800218564643	13
AP3S1	4.827896	1.3099265	3.310704720524666e-05	0.00036135485529162977	13
DDAH2	4.8112006	1.3919346	3.5306009267173384e-05	0.00038311189156592124	13
MRPS16	4.800651	1.4207227	3.720718545047771e-05	0.000401921483798542	13
CNPY2	4.794384	1.4435313	3.839117630961043e-05	0.00041364550099603066	13
MRPS25	4.7844486	1.871779	4.039315392163707e-05	0.00043354001507247414	13
BBX	4.7836204	1.3986512	3.78285345230865e-05	0.00040797648760091456	13
DNAJB11	4.7703967	1.7320479	4.195434113667403e-05	0.00044843548631777686	13
PLPP2	4.7559366	1.4807982	4.178773804753053e-05	0.00044693957967226455	13
NDUFA9	4.751157	1.6372923	4.315799318657141e-05	0.00045896076394127825	13
BEX3	4.7407227	1.3063514	4.106371411879284e-05	0.00043989716871875784	13
ARL1	4.7340884	1.5598198	4.604963153537717e-05	0.0004870863107310267	13
LRRC41	4.72978	2.1718776	4.9350674685685575e-05	0.0005182438884259799	13
SGCB	4.722532	2.4363365	4.995998233643583e-05	0.0005243140699456802	13
ASPG	4.7217946	6.680339	5.479552169334974e-05	0.0005695372150965738	13
NUP37	4.7215347	2.353736	5.0468367560262654e-05	0.0005291527090774522	13
RAB25	4.7137814	1.4960982	4.751972552383851e-05	0.0005014371207244453	13
RCN2	4.7117977	1.4987953	4.8717255708724236e-05	0.0005127158687562973	13
ATG101	4.7032485	1.7950219	5.2124220143587005e-05	0.0005441327319751173	13
ADI1	4.6998754	1.6403525	5.165543672563188e-05	0.0005399111882874475	13
MAGOH	4.695311	1.6219356	5.2221627602954666e-05	0.0005449047543316516	13
NDUFS2	4.6866136	1.57273	5.2230666502974264e-05	0.0005449047543316516	13
MAGEF1	4.68292	1.79874	5.464031536037057e-05	0.0005681000674216334	13
SQLE	4.682188	1.7869849	5.4539794299272806e-05	0.0005672307722765609	13
NES	4.6770754	3.971083	6.073385054916126e-05	0.0006250610866122792	13
SRSF3	4.6608157	1.0194143	5.209853097457105e-05	0.0005440338815124806	13
GNPNAT1	4.6429505	2.0534363	6.198493481286096e-05	0.0006371549796378086	13
ECH1	4.6394143	1.4428215	5.986008531218031e-05	0.0006170150957147633	13
RFC4	4.6364417	2.8425152	6.620789943769086e-05	0.0006755945102037082	13
PRKDC	4.632829	1.0743456	5.1059306213971606e-05	0.0005350141173767016	13
PSMD4	4.6246223	1.165153	5.763643763985828e-05	0.0005968458644268251	13
KRCC1	4.6180706	1.666778	6.43921616207678e-05	0.0006590715571932171	13
CHST9	4.614628	5.2420363	7.310605634984334e-05	0.000738569348201836	13
SLC3A2	4.6143203	1.4833214	6.40870805248976e-05	0.0006565500207347557	13
ALDH16A1	4.611865	2.6317904	7.011731663690853e-05	0.0007109446545702989	13
BTG3	4.611802	1.6120634	6.385275720621705e-05	0.000654749412856535	13
FBXO2	4.60848	3.0391736	7.21711980899592e-05	0.0007302244811871256	13
SPATC1L	4.5860915	2.4813569	7.54254748694486e-05	0.0007585744685445804	13
PPP1R16A	4.5691524	2.757211	8.089462300579547e-05	0.0008070453748475271	13
KXD1	4.5670805	1.2186078	6.550592954104353e-05	0.0006692459283387576	13
TMEM147	4.5616975	1.0450475	6.736716304290576e-05	0.000686171277140025	13
CEBPG	4.5567217	1.6682764	7.538383668114522e-05	0.0007583831032160443	13
IFNGR2	4.5476108	1.4230889	7.659130137313077e-05	0.0007686860680299758	13
MRPL9	4.5427265	1.7164998	8.195895989422022e-05	0.0008162070884240025	13
HDDC2	4.5423584	1.5637496	7.993648514087242e-05	0.0007993886845885515	13
PPM1G	4.5389524	1.2265369	7.49542098062315e-05	0.0007542871740506483	13
PFN2	4.5330663	1.7322047	8.248379369529567e-05	0.00082070273637909	13
EFNA4	4.5280004	1.9995393	8.665059355112224e-05	0.0008568241622341365	13
DPY30	4.510016	1.3570805	8.633336575447529e-05	0.0008539390801447524	13
NECTIN1	4.508745	3.0819287	9.508743518202005e-05	0.0009309187575715513	13
ERP44	4.503535	1.733768	9.082764354054493e-05	0.0008939113826271764	13
NME1	4.501671	1.2587655	8.531495483708312e-05	0.0008451119020054947	13
LSM4	4.493597	1.1344104	8.527097866050782e-05	0.000844925818390574	13
TUSC3	4.493013	2.1094918	9.541488948334748e-05	0.0009338520012141693	13
MGP	4.4894104	1.2221432	6.538926728360106e-05	0.0006684612660649994	13
KIF21A	4.487224	2.7752364	0.00010075317611168836	0.000980946960801782	13
ZC3H15	4.4804	1.2330247	9.163702980878464e-05	0.0009009483485640439	13
YBEY	4.4613876	2.1799595	0.00010621352424503518	0.0010272513888992863	13
PRKRA	4.460057	1.6554201	0.00010129329057193359	0.0009850618321464843	13
LINC00665	4.454764	2.0446935	0.00010681255751537152	0.0010321521151319723	13
OAT	4.4483385	1.2451054	9.586019659369782e-05	0.0009376870591633519	13
UBXN4	4.438708	1.1246185	0.00010247367859548122	0.000995963388516672	13
ECHDC3	4.4230266	2.6614575	0.0001193424869363853	0.0011397683241267935	13
SDHD	4.417382	1.5728941	0.0001124378235080469	0.001079667059342514	13
MZT1	4.415183	2.0408843	0.00011975496014824438	0.0011433820433624437	13
HPRT1	4.412171	1.6925418	0.0001169024662989554	0.0011186948993247541	13
C5orf46	4.410978	2.8122275	0.0001231563156089573	0.0011721867144835517	13
HADHA	4.4011087	1.4525307	0.00011782004960057183	0.0011268327013552266	13
CBX5	4.3928585	1.7453303	0.0001257069256307036	0.0011917286581626426	13
UCHL3	4.383981	1.570753	0.00012328734477034267	0.0011727682447368302	13
SEPHS1	4.3836694	2.3315496	0.00013270475578288922	0.0012538169616095457	13
DDT	4.379501	1.1663254	0.00012319475048863624	0.0011722198939402406	13
IQCG	4.375802	2.5982635	0.00013591679733967722	0.0012791204544248356	13
EIF2A	4.358151	1.6705117	0.00013684132313033492	0.0012870989397404833	13
SNHG7	4.332571	1.7351283	0.00014931882477218502	0.0013923554911548116	13
RAB4A	4.328223	1.2235571	0.00013762933867179079	0.0012941479249763204	13
TIMM9	4.327797	1.6351901	0.0001469235595814735	0.0013738397301149158	13
RPP38	4.3226743	2.1091177	0.00015452488748301762	0.0014361095181678841	13
DCTN2	4.320369	1.1611902	0.00013498674229383358	0.001271437889154022	13
DGUOK	4.3201523	1.2569495	0.00014714272433915152	0.0013751223508106662	13
TMEM14B	4.319948	1.1883179	0.00014358983591651047	0.0013449166954693321	13
SOX4	4.319245	1.1075175	0.00013546374075432946	0.001275214518282617	13
HSPA14.1	4.312021	2.7133257	0.00016391458608739254	0.0015145617443408357	13
MTPN	4.310045	1.222084	0.000148457609074788	0.0013856302658666589	13
TRAPPC4	4.2995386	1.5627669	0.00015858049170417788	0.0014705414078655876	13
DDX49	4.298519	2.0520544	0.00016654718306722172	0.0015355027672506	13
WDR34	4.293336	1.875854	0.00016733948834873349	0.0015423835610620692	13
MRPL39	4.292461	2.6466656	0.00017272755074256558	0.0015872478847825731	13
SUMO3	4.282454	1.1604134	0.00016159735334427406	0.0014953356389960796	13
ATF4	4.277415	1.1423377	0.00016111810829961678	0.0014920106213355733	13
HSD17B1	4.2735357	3.2823718	0.00018461154011725314	0.0016817098498296543	13
RER1	4.271774	1.1159501	0.0001630897175079258	0.0015077707317897849	13
PRMT1	4.2679706	1.2589966	0.00016626608155121103	0.0015333325931562191	13
CUL5	4.265383	1.9372923	0.00018099093765127782	0.0016532181480831997	13
SDC1	4.2613873	1.525584	0.00017134842163678762	0.0015767345432426594	13
PAFAH1B3	4.252694	1.1232998	0.00016614967888985323	0.0015330522890885916	13
PPP2R1A	4.2507606	1.4759352	0.00018417138916851123	0.0016786121098100637	13
RBM42	4.2491274	1.6343362	0.00018458222283609997	0.0016817098498296543	13
KIT	4.243369	3.6406863	0.000200948567473508	0.0018128068589642096	13
METTL5	4.2365003	1.326867	0.00018243346845598504	0.0016645813290212714	13
TMEM14A	4.232781	1.1171528	0.00017493640921900544	0.0016044687179695546	13
MELTF	4.225506	2.9365494	0.00020752669982140312	0.001865626652026181	13
PAPSS1	4.22208	1.7824082	0.00020269426479265482	0.001827080982373135	13
SEC13	4.2197227	1.6166475	0.0002021492260043035	0.0018226578466156837	13
DSC2	4.2188897	2.1278825	0.00020791354765958261	0.001867602651861291	13
SF3A3	4.217022	1.9705056	0.00020720727641718102	0.0018637541588384736	13
LSM2	4.2150345	1.0756917	0.00018947388858662264	0.0017203962363518976	13
SINHCAF	4.214893	1.8934207	0.00020790768699103777	0.001867602651861291	13
CHCHD1	4.2026324	1.6090716	0.00021274881954953107	0.001904914083425206	13
GTF3A	4.198962	1.0690037	0.00019810432022889375	0.0017900369086199693	13
PUF60	4.187759	1.4595287	0.0002185826834236371	0.0019519387073248702	13
MAP3K13	4.1730814	1.1097342	0.000209578932747257	0.0018809680660413673	13
MRPL16	4.1726933	1.6480176	0.000225987612434603	0.0020132405069506025	13
STOML2	4.1719856	1.0730697	0.00021246663287295223	0.0019039121916087872	13
UROD	4.149299	1.955881	0.000250110567728174	0.002208406607736183	13
SYNCRIP	4.1455584	1.3876041	0.0002461110195274938	0.0021763273677752886	13
TUBA1A	4.1398277	1.3768827	0.0002424488587344334	0.002145640414462172	13
KCTD9	4.1333017	2.4234843	0.00026539114880671805	0.002326577240492977	13
TNIK	4.1219983	2.2989085	0.0002664431640603437	0.0023333603565921643	13
TRMT10C	4.1088867	1.7302113	0.0002761801657218236	0.002406067256746931	13
COL8A1	4.1077094	3.0680115	0.00028899539908393523	0.002506111475938066	13
DLG1	4.1053104	1.8495123	0.0002822917299129676	0.002456758410225959	13
SET	4.097282	1.131237	0.0002768694977481553	0.0024114463318542917	13
AHSA1	4.095385	1.5641196	0.00028534118698427105	0.002478153483334913	13
GPI	4.0944858	1.475727	0.00028309261840701096	0.0024618121633366748	13
CHEK1	4.094416	3.185174	0.00029988628413405295	0.0025897234439084113	13
KCTD1	4.0796194	2.034923	0.00030216157438648684	0.002607358211087511	13
PDCD2	4.078412	1.4988835	0.0002965486521944636	0.0025628802739640563	13
ROPN1	4.076644	3.70646	0.00031896081400169805	0.0027396324359618323	13
TOP1MT	4.076556	2.2039237	0.00030613119121057717	0.002638218469782623	13
CSDE1	4.0757985	1.022488	0.0002814364054215176	0.0024499502917838365	13
HEY2	4.067719	3.5114863	0.0003257942997553432	0.002791892337274902	13
EFNA3	4.0645695	2.402644	0.0003227936463641326	0.0027697164729340936	13
C8orf59	4.0624857	1.1430492	0.00029299177903966496	0.002534357390108945	13
CADM1	4.056407	2.8251665	0.0003356565312089782	0.0028661547131569086	13
KRT16	4.0533895	3.8170686	0.00034174223664845644	0.002909971149892327	13
LXN	4.0512743	2.3363657	0.0003297170764709045	0.0028204642851085457	13
EIF2B5	4.0480185	1.9283549	0.00033142167969818124	0.002833600448319321	13
LTBP3	4.0386395	1.495238	0.0003246721140254617	0.0027851220911836345	13
UQCRFS1	4.036211	1.0212996	0.00031824217761200995	0.0027341600612921175	13
PTRHD1	4.0304613	1.3139288	0.0003286406282596909	0.002812690817162106	13
DMAC1	4.0261154	1.175459	0.000326431744809025	0.0027952124464231576	13
NET1	4.0215154	1.6249834	0.00034905908679624937	0.002965499197120821	13
FAM213A	4.0170746	1.2923039	0.0003396738842940304	0.002896035016041198	13
IDI1	4.0161314	1.6611184	0.0003588841906951254	0.003036663632720787	13
SLC39A4	4.014209	1.4993284	0.0003501490095946732	0.002972500109039467	13
TRAPPC3	4.012538	1.2043936	0.00034754801007397425	0.002954906921645417	13
CSNK2B	4.011964	1.0005916	0.00033082789038048186	0.002829244842236548	13
BCL2L12	4.0113482	2.1753016	0.0003722002567912951	0.003135100153951991	13
PHB2	4.006223	1.0537814	0.0003413213414273479	0.0029071252190997145	13
XRCC5	4.004233	1.1328808	0.0003520405851151626	0.0029870461081071766	13
PCNP	3.9980059	1.054402	0.0003503540782201631	0.00297348839513727	13
PGLS	3.9934094	1.0246143	0.00035648919784016784	0.003020971244253934	13
S100A10	3.9924383	1.0329082	0.00034569971982829564	0.0029414293005481642	13
FYTTD1	3.9891632	1.5559449	0.0003805566149570711	0.0032006643486146243	13
SAC3D1	3.9851732	1.9132358	0.00039176813234276405	0.003277698909181504	13
CHST1	3.977957	4.6845756	0.00042234028766271125	0.003508196082232284	13
COMMD3	3.9727912	1.349339	0.0003907497053466075	0.00327081004917159	13
HIGD2A	3.972144	1.0284598	0.00038287984206836976	0.003214561397450611	13
FAM98A	3.9596264	2.2296798	0.000424735544221562	0.0035228114720167857	13
EBNA1BP2	3.9594638	1.3919879	0.00041290037273916484	0.0034390592009049736	13
MYH14	3.957361	2.381532	0.0004298613278949295	0.0035615243429978037	13
MPZL2	3.9564352	2.163275	0.00043058131758764995	0.003565077258259039	13
TMEM45A	3.9503856	1.9482595	0.0004299398367609227	0.0035615243429978037	13
GNL2	3.9314797	1.7964324	0.0004520162465016063	0.0037223365882421747	13
TCEAL9	3.9311025	1.6398696	0.00045318245140830483	0.0037310242029175143	13
SMOX	3.9283478	2.66064	0.000465873192175817	0.00382892740474616	13
SFN	3.9277823	1.5970937	0.00043894513211541306	0.0036271640000697385	13
BAX	3.9268193	1.1461436	0.000433314387340963	0.003584167167892291	13
YEATS4	3.926092	1.9951235	0.00046408515394880004	0.0038170378000482352	13
BCL11A	3.924019	2.2031114	0.00046467516556633213	0.0038209535984948142	13
PFDN4	3.9227428	1.3679845	0.0004508887395122955	0.003715788504172458	13
SMCO4	3.9090176	1.6068362	0.0004761374084703245	0.003901814028219681	13
OXCT1	3.9061286	2.2876768	0.0004897685014485889	0.004007642182748749	13
NIT2	3.8990114	1.339887	0.00047591056149308403	0.0039012633886052117	13
CENPA	3.8684013	3.9550123	0.0005667335027288218	0.004549738493863742	13
MRPS33	3.8645341	1.059546	0.0005109693415853826	0.0041618316382018745	13
ZNF581	3.8602264	2.3994591	0.0005670047674294279	0.004549738493863742	13
SMC4	3.8563244	1.9609051	0.0005653487859937749	0.004539708793635911	13
SLC39A2	3.855439	4.0972977	0.0005841091609187543	0.004671341289073901	13
OSGEP	3.8553197	1.8432479	0.0005577822518173549	0.00448969870607293	13
PSMD14	3.8503783	1.3222309	0.0005521535378729157	0.004449731334405446	13
HEXIM1	3.8496652	1.5863334	0.0005612421158709695	0.004512133702883074	13
VPS72	3.8490689	1.621542	0.000567001255437196	0.004549738493863742	13
SUCLG1	3.8436656	1.183619	0.0005490697317655099	0.004431267534443447	13
USP1	3.8358736	1.5065653	0.0005833677598898972	0.004666524692217277	13
YIF1A	3.829541	1.1069901	0.0005723536899234513	0.0045871720701845834	13
NCAPD3	3.8291693	2.721662	0.0006171822813252984	0.004916808110099909	13
SHKBP1	3.8257143	2.09617	0.0006150473725556117	0.00490356641856139	13
RFK	3.8176148	1.981286	0.0006261296033578939	0.004976543371143868	13
DKC1	3.8137426	1.4483284	0.0006153819419309499	0.004905067897886405	13
LINC00623	3.7887032	2.2126145	0.0006848878585031963	0.005387388288474603	13
PAK2	3.7820337	1.1603372	0.0006530160296763021	0.005166975855478379	13
FEN1	3.778468	2.4916472	0.0007026081519968772	0.005511443163683007	13
SERPINH1	3.7782924	1.5441176	0.0006763646188639517	0.0053278406954710665	13
PNN	3.7746882	1.2034891	0.0006738292295159486	0.005310363295863353	13
RRP1	3.7692914	1.7772138	0.0007057684453098933	0.005532175607417417	13
SERTAD4-AS1	3.7661195	2.9938948	0.0007395539833260172	0.005764671195616533	13
MME	3.7649152	4.1377907	0.0007473603460827483	0.005816058786069945	13
DLGAP1	3.7609415	4.2194695	0.0007559376683995563	0.005874630522657441	13
KRT7	3.7568614	1.1829844	0.0006782547015779489	0.005340220879254926	13
DONSON	3.7550743	3.538571	0.000764320154878343	0.005934273683975579	13
ARMCX3	3.7538376	1.2813026	0.0007126679948281831	0.005577134207776969	13
PSMD12	3.750231	1.565568	0.0007424601731402448	0.005784635695074785	13
HENMT1	3.7452638	2.4737608	0.0007662161167009394	0.00594624127030685	13
HLCS	3.743697	2.4797804	0.0007744857277429463	0.006002085442288854	13
FBXW9	3.7425053	2.4102552	0.0007729279790669111	0.005992782557994281	13
OGFRL1	3.7407508	1.6982679	0.0007565937010748831	0.005877005402443875	13
RARRES1	3.7336068	1.6610532	0.0007544168522846479	0.005865529819768051	13
ECHDC1	3.7298043	1.9312756	0.0007948548414073513	0.006144325013976487	13
EXPH5	3.7260818	2.6980255	0.0008139695304905203	0.00627184746661671	13
FSCN1	3.7258437	1.7228473	0.0007847196485163037	0.006068776050469298	13
PTTG1	3.7255905	2.2205002	0.0008125409757058803	0.00626227869167071	13
TATDN1	3.7217665	1.2496144	0.0007804659375175377	0.006041451190924471	13
CXCL14	3.7156413	2.2617939	0.0008109194440354005	0.006251217897584778	13
PPHLN1	3.7155797	1.5535946	0.0008108241709466716	0.006251217897584778	13
PCMTD1	3.7139328	1.3397295	0.0007999781585148398	0.006181079800678702	13
LARS	3.7130055	1.6659532	0.0008254068928648662	0.006349764356325798	13
TM4SF1	3.7105458	1.002591	0.0007277202165949354	0.005684318533956853	13
FBXO27	3.701307	3.523956	0.0008821723402346213	0.006737008757697959	13
SHMT2	3.6922052	1.6042205	0.000863345190139553	0.006617335699833352	13
PLLP	3.6908092	2.8978398	0.0008998843722637995	0.006853547168505926	13
CNOT3	3.689687	2.1385717	0.0008871228102432428	0.00677019025673916	13
AL355338.1	3.6886113	1.8492925	0.0008772491987548555	0.006708460660846465	13
HNRNPUL1	3.6882122	1.2953073	0.0008633287122135096	0.006617335699833352	13
MEX3A	3.687254	2.5288608	0.0009071912138102477	0.006901360966751989	13
FNBP1L	3.6828623	1.5336078	0.000880183056274264	0.006724879246126444	13
AC010642.2	3.671638	1.4368404	0.000894673522434312	0.0068185059340989	13
ANXA4	3.6716306	1.3023751	0.000896411969589404	0.006828651799227391	13
PSMA3	3.6699405	1.0888783	0.000881375160868422	0.006732453716849862	13
FOXRED1	3.660048	2.6085207	0.0009759429647599053	0.007360940629865522	13
NPAT	3.6557834	2.3292322	0.0009713383999125063	0.007329507597630004	13
ARPC5L	3.6542993	1.0150844	0.0009144026754673377	0.006948341671465784	13
POLR2B	3.6498404	1.6645942	0.0009779469551831974	0.0073727396771858	13
FOXC1	3.6474373	2.6798773	0.0010091217300904737	0.007580504355871126	13
AMMECR1	3.642775	2.794555	0.0010239886329423383	0.007676710491175452	13
PES1	3.6331286	1.8035119	0.0010172493363648444	0.007634719174538654	13
FDX1	3.63156	1.3014121	0.0009988221421553271	0.0075132302018461146	13
RAB3D	3.6279652	1.8845274	0.0010374191597265032	0.007768715346368977	13
EWSR1	3.6188393	1.1561589	0.0010400123163821532	0.007782921263671084	13
MAN1A2	3.6125963	1.5044707	0.0010689048826050566	0.007976004152937977	13
MARC1	3.6084175	3.9874227	0.001136420872502028	0.008406857627832052	13
TMPRSS2	3.6064699	3.4081755	0.0011373677406615428	0.008412006921616054	13
LSM10	3.5967867	1.5809144	0.0011323216557769548	0.008383929504727338	13
ERBB3	3.5932512	1.08574	0.001072909441992892	0.008002325015317677	13
EXOSC3	3.5918643	1.6161951	0.0011348853772022206	0.008399203538556858	13
SPACA6	3.5905116	2.985261	0.0011815878149826833	0.00870833594865616	13
THYN1	3.5888338	1.4572572	0.0011290549969253422	0.008362159538214573	13
KLF5	3.5888214	1.3955646	0.0010937968412202067	0.008136402717091807	13
MRPL37	3.5844965	1.194314	0.0011206512360171764	0.0083213998466354	13
PTPRF	3.583423	1.2045987	0.0011387936495159748	0.00841884015834589	13
HIBCH	3.5798702	2.0340216	0.0011930249598699175	0.008777198986399847	13
EIF2AK1	3.577538	1.4823356	0.0011838135767545195	0.00872090735293726	13
TMEM106C	3.572727	1.3273302	0.0011744750859282926	0.00866162463876888	13
MNAT1	3.5620806	1.9574233	0.001254089018300588	0.009176134328712919	13
GRSF1	3.561978	1.2895283	0.0012070874137358326	0.008872872878394382	13
ATP23	3.557911	2.8191264	0.0012847444108634216	0.009384061908704274	13
TMEM237	3.5574684	2.0159616	0.001260517994817519	0.009221163372775225	13
JPT1	3.5555584	1.0033365	0.0012008883836542	0.00883311343775121	13
MRPL3	3.5435076	1.4029015	0.0012940537940681145	0.009450001808586683	13
MCM7	3.5260055	1.8438312	0.001372159460136701	0.009955353764318643	13
GNPTAB	3.5219646	1.6579245	0.00136977118308274	0.009942327472793375	13
RBP4	3.5219183	5.8135595	0.0014368879306239331	0.010366671989902633	13
PEX13	3.519387	1.9684695	0.0014014237743933025	0.010143537940640001	13
POLR1C	3.5144453	1.6948512	0.0013882052353464786	0.01006306284822914	13
RAD23B	3.5118504	1.338389	0.0014108829153797295	0.010203196176099938	13
DAP3	3.5096965	1.0212612	0.0013472761725239688	0.009799550312351793	13
CKS2	3.505714	1.6967766	0.0014567951542242016	0.010489988464541421	13
NIFK	3.5050485	1.4270949	0.001427521960363641	0.01031240880304908	13
VANGL1	3.5034592	2.467176	0.0014705970210774123	0.01058028628999517	13
CDC20	3.5012953	3.2833679	0.0015039221786413532	0.01077382609863512	13
TANK	3.4981184	1.1875261	0.0014131666095226827	0.010215306303879375	13
MRPL22	3.4875622	1.1191896	0.001446516486376637	0.010427167304869716	13
MRPL50	3.485706	1.5506228	0.0015130988665429815	0.01083493789127202	13
UNC50	3.4846776	1.7841556	0.0015369793570517937	0.01098483371294997	13
TPD52	3.4835162	1.0640793	0.001471394072245255	0.01058375049907315	13
ARL5B	3.4828608	2.128242	0.0015506417254458984	0.0110659732155704	13
NR1H2	3.4806318	1.6648091	0.0015421972758449445	0.01101508492953903	13
ZNF146	3.4758997	1.7536013	0.0015615927423044329	0.01112991546316043	13
PPA2	3.4714794	1.3338425	0.0015476293452182078	0.011046826105121069	13
CMPK1	3.4636216	1.0919571	0.001562434354474407	0.011133548052565558	13
PRPF18	3.463003	1.9180038	0.0016167043381459523	0.011473948414251667	13
C9orf40	3.4584017	2.6061585	0.0016663019582963587	0.0118034707461918	13
HSPB11	3.4583654	1.2859251	0.0016110414861926904	0.01143859917197058	13
DCPS	3.4512324	1.942823	0.0016782494375569249	0.011878068028085423	13
PAK4	3.4486768	1.8891903	0.0016899590514717123	0.011951678813796485	13
FAM178B	3.4433527	4.6424155	0.0017612863436758139	0.012382164169614435	13
GAR1	3.4385855	1.6228178	0.0017214659878311668	0.012140389129067529	13
GUCY1A1	3.4382064	2.0638657	0.0017248313348008242	0.012157792970775657	13
SLC25A37	3.4379747	1.2842609	0.0016811894939559016	0.011896366417041117	13
NUDCD2	3.4373338	1.3709397	0.001708291687592652	0.012057135097422577	13
MORN2	3.43412	1.7248095	0.0017406883389370442	0.012247624832449632	13
SSX2IP	3.423568	2.507421	0.001821710791310535	0.012745515571828672	13
TIPRL	3.4208786	1.2598068	0.0017620784665841568	0.012384822059133327	13
AL591895.1	3.4152775	3.148161	0.0018772092217736605	0.013087398567347818	13
ORMDL1	3.4146128	1.2867908	0.0018038734493883884	0.012636532866736829	13
PPP4R2	3.4089396	1.2700996	0.0018249620455212542	0.012762938275402083	13
TM9SF2	3.401013	1.1116109	0.00183761132531474	0.012838017384374442	13
BTF3L4	3.3987145	1.0192997	0.0018649781541799034	0.013012946176273797	13
FXYD6	3.3984864	2.4594104	0.0019388343520528178	0.01347222767810308	13
FARSA	3.3903627	1.5338777	0.001945354753808335	0.013511937005070484	13
PRRC1	3.3875763	1.8424797	0.0019844284622312944	0.013749166505205504	13
ZNF462	3.3850207	2.3879929	0.0020133298748940126	0.01391079214513596	13
TFCP2L1	3.3842103	3.4271617	0.002043961115313864	0.014077310014115465	13
RFXANK	3.381734	1.4232079	0.001985915983974812	0.013755989907881556	13
CFAP20	3.3771427	1.6574689	0.002013431283055978	0.01391079214513596	13
FAM162A	3.3766582	1.2897704	0.0020104105255842595	0.01389760499559391	13
NOTCH3	3.3754487	1.7614751	0.0020317009629230616	0.014007252209126908	13
UBXN7	3.3617547	1.695637	0.002095840885352892	0.01438440743515886	13
ELOF1	3.3611975	1.2487124	0.0020762986608010483	0.014278164870312703	13
AHCY	3.360037	1.4322352	0.00210470857619834	0.014439359859739933	13
MIA	3.351251	2.0383036	0.0021673098117059577	0.014814293538705834	13
GPC4	3.348056	2.4004462	0.002212074795916695	0.01507419762898047	13
UBE2J2	3.3456993	1.3606511	0.0021717453492611735	0.014832521026179804	13
GAS2L1	3.3448045	1.9525535	0.0022190563220325994	0.01511256205021227	13
MIS18A	3.3445032	2.156811	0.002241810741450059	0.01523595830121748	13
SEC63	3.3404734	1.0300406	0.002154476149658604	0.014738585465164029	13
KRTCAP3	3.3397028	1.6326518	0.0022341632632042535	0.015194943912865072	13
ALG3	3.334027	1.3103231	0.002232551247291077	0.015193200282787268	13
HES1	3.3262994	1.1860344	0.0022421719738472162	0.01523595830121748	13
USH1C	3.3257236	9.4876995	0.002401715940807383	0.01616940071670422	13
MBOAT7	3.3248014	1.4908084	0.0023056428353848317	0.01563241688733427	13
CENPF	3.3246326	2.8249578	0.002381853631764783	0.016055014602697464	13
SOX10	3.3233247	3.1296456	0.0023899356087716977	0.016106254822947863	13
FADS1	3.3170714	2.175251	0.0023942938345446344	0.01612914430698164	13
RUVBL1	3.3144617	1.4945993	0.00235793040875395	0.015938602144299926	13
RNF24	3.313048	1.6446749	0.0023785100038778632	0.016042148409424375	13
ATF5	3.3126764	1.8702383	0.002420145072795915	0.016277137735441705	13
WDR46	3.309648	1.4031309	0.002379484769667336	0.016042271087319017	13
NUP107	3.3006158	1.9773595	0.00249649882448853	0.01674366468149766	13
SLC16A1	3.2862813	2.504206	0.002613313511596508	0.017398401844473697	13
SMIM15	3.2781045	1.227412	0.0025645032997011767	0.01713466238551338	13
AP3B1	3.2742927	1.9057546	0.0026685287325340745	0.01769575370065745	13
GPX7	3.2723114	2.337866	0.002699379320129069	0.0178791235735484	13
NELFCD	3.2707787	1.2460703	0.0026271828276627864	0.017470762082552535	13
ASF1A	3.269216	1.7323799	0.0026678166252065393	0.017694529844977762	13
LINC01436	3.2622395	3.2982917	0.0027958080966744648	0.01840514217282791	13
MRPL18	3.2582972	1.1531951	0.00273761210673646	0.018089489297093697	13
HMCES	3.2578018	1.9291168	0.0027920085051196296	0.018387346803498426	13
EMC8	3.2560413	1.386271	0.002747328453436897	0.018135828312679975	13
SUPT5H	3.254776	1.2674521	0.0027446121828768695	0.01812503194051449	13
ACTR3B	3.253143	2.1592803	0.0028240209432693476	0.018572644403568078	13
SKA2	3.231026	1.7485052	0.0029802223568109075	0.0195081260870013	13
TMF1	3.2266226	1.309553	0.0029584480420384793	0.0193731561456487	13
CENPV	3.2236032	2.0506215	0.003047042112247578	0.019888714839933035	13
HSPBP1	3.2233968	1.5723749	0.0030196325101841774	0.019731442436019382	13
PAFAH1B2	3.2200902	1.1617618	0.0029849655472846065	0.019535361838336193	13
CCNB1IP1	3.2180343	1.836215	0.003086762010014297	0.020099608731875274	13
HSPA2	3.2177396	2.3802476	0.0031066615899634563	0.020209568733313477	13
PRELID3B	3.2140548	1.1722045	0.003049588261070526	0.019890115278241003	13
TET1	3.2136495	3.5773437	0.003189558919132066	0.020705306165701192	13
KCNK5	3.2099352	3.420943	0.003208852038177026	0.02081378963691658	13
NSMCE2	3.2066379	1.4136773	0.00312587538224235	0.020322734288775086	13
NREP	3.2024918	1.9113001	0.0032072460955242118	0.020807396767887346	13
ZNF639	3.1968691	2.0421126	0.0032636572157769663	0.021120263684039207	13
TSFM	3.196785	1.5990301	0.0032331244028055085	0.020949220187324667	13
SOX9	3.194561	1.2410899	0.0031842767050090635	0.020682382835536212	13
DCUN1D1	3.193177	1.7232313	0.0032858885913759988	0.021247732647646494	13
YY1	3.1830657	1.0254611	0.0032857447564558695	0.021247732647646494	13
NUPL2	3.1800456	2.0033033	0.0034002260109278278	0.021873222215675156	13
EFNA5	3.1790338	2.2344966	0.0034213216491739036	0.02197941954317983	13
BOC	3.1774356	2.551173	0.003446741480385736	0.02211730552776315	13
WDR83	3.1734161	2.0746493	0.0034635706630145795	0.02219981341642882	13
AC011247.1	3.1715417	4.820213	0.003555145534734723	0.022725964623696845	13
LTBP4	3.1684108	1.4858414	0.003429976629061078	0.022022367173686372	13
HOXB7	3.1635995	2.582837	0.0035712680664892154	0.022820328104041682	13
RDX	3.1634967	1.184492	0.003443512632341966	0.022100814619476057	13
FHL3	3.1570237	2.1684916	0.003624319601587992	0.02310650137936948	13
FKBP3	3.1548357	1.0966047	0.0035464138600244193	0.022678792617555586	13
DNAJC9	3.153032	1.5054924	0.0036034825152549614	0.02300426475907245	13
FAM208B	3.1498177	1.8106376	0.0036702549131139967	0.02333725498402968	13
ERGIC2	3.1460783	1.0235401	0.0035957675076716445	0.022959382824065226	13
RRAGA	3.1436586	1.0299819	0.0036056473333956353	0.02300932595308657	13
RBP7	3.142131	1.4745377	0.0036501492902855713	0.023249080392227183	13
MED30	3.1414802	1.1838197	0.0036687328426157884	0.02333200005198638	13
PIH1D1	3.140149	1.1976569	0.0036936014508459816	0.02346632051344307	13
PART1	3.1355202	2.0971618	0.003824093859918396	0.02415971598333451	13
ACAT2	3.1329377	1.6577235	0.0038239763025830083	0.02415971598333451	13
TRIM47	3.130443	1.6650217	0.00385322071933531	0.024296363403010494	13
S100A2	3.126647	2.4291701	0.003931724512570546	0.02471401272041392	13
ZCCHC7	3.125567	1.5526024	0.003870779025499094	0.02439034365851308	13
GGH	3.1217813	1.5405419	0.003899304914834016	0.024537821040984564	13
DDX10	3.1191974	1.9822713	0.003985280697950564	0.024985102783170073	13
SWSAP1	3.1124778	2.3235142	0.004072875341463995	0.02545338398137579	13
BICDL2	3.110623	1.542715	0.004023394209340021	0.025200497698501145	13
NOL10	3.1094208	1.9600291	0.004083893793480092	0.025507985424043908	13
HDAC1	3.108608	1.2331893	0.003984407880297924	0.024984878127399062	13
NIPSNAP3A	3.108213	1.7811171	0.004085358407766908	0.0255123824902085	13
RBM4B	3.1075284	1.7532494	0.004070673243643797	0.025444362889499927	13
FADS2	3.1062822	1.9786855	0.004117881964732435	0.025667697264279987	13
CRIPT	3.1033995	1.2957561	0.004095547451660466	0.025561733732069908	13
CDKN2B	3.097475	2.0728014	0.004202375284547602	0.026116707322403395	13
PCID2	3.096927	1.4771141	0.004162144044647102	0.025905079495548055	13
LINC01315	3.0959394	2.1998804	0.00423186929521634	0.026265937829543163	13
AGO2	3.0923142	1.4700192	0.004241615286460614	0.02631668855404651	13
B3GNT5	3.0836225	2.2567413	0.004368703365200716	0.026995335219638397	13
PPP1R14C	3.0813673	2.1847832	0.004374809690961906	0.02702216929505301	13
VTCN1	3.08017	1.5751607	0.004334146811661376	0.02681143825339989	13
KHDC1	3.079734	3.0172467	0.004451971248377481	0.027423979364890556	13
PDZK1IP1	3.0795605	1.3738167	0.004328781202398817	0.026783185816207103	13
A2ML1	3.0787766	5.360025	0.004506488340487469	0.02772416093695712	13
FIBP	3.0777924	1.1939821	0.004361640335768713	0.02696162523074427	13
GORASP2	3.0762646	1.2527841	0.0043587408355444	0.026948987957999996	13
LRRN1	3.0741453	3.2375739	0.004527050237936394	0.027835342260426138	13
NFE2L3	3.0690558	2.856729	0.004576304731681844	0.028096986455306745	13
TCF7L1	3.0630372	2.1836798	0.004605708268532944	0.028251657102206194	13
PWP1	3.0608463	1.0974667	0.004453458025854206	0.027428100559158272	13
TMSB15A	3.0603833	2.3422546	0.004633118132898655	0.028369005418161106	13
BAMBI	3.0601327	1.3190974	0.004522253465789982	0.02781604685422002	13
MEIS2	3.0531452	2.0095565	0.004684684994752328	0.028631381087643553	13
GMDS	3.0526161	1.6178145	0.0046988018685964784	0.028707197354206643	13
TRIM2	3.0522566	2.2432213	0.004750884858830386	0.028955545522036497	13
BSPRY	3.051337	1.6086141	0.004711238478872214	0.02876745855085617	13
HAT1	3.048932	1.1703447	0.004660039645949727	0.028511928085516197	13
LINC00885	3.0480208	3.692648	0.004852615404919137	0.029460639773630136	13
GRHL1	3.0471737	1.5894418	0.004730240385962066	0.028846725961009758	13
AP1M2	3.0444498	1.0956084	0.004658294264412722	0.028506449173995096	13
LINC02562	3.041618	4.152645	0.004939192191584629	0.029904383307065414	13
SMC5	3.0412836	1.4181339	0.004770235105244119	0.02904310322472191	13
PCYT1A	3.039528	1.6594226	0.004842818558976756	0.02941150637529011	13
RDH11	3.0384934	1.5584333	0.004874071988697643	0.0295679595899634	13
ARL6IP6	3.032161	1.5531512	0.004929215691818285	0.029859278222733807	13
DESI2	3.0267255	1.3830582	0.004985437828631751	0.03015627956900587	13
MYL6B	3.023045	1.1666397	0.004983028182876023	0.030147140743478476	13
MRPL19	3.0218797	1.399872	0.005056999896783684	0.03055058240958601	13
CDKN3	3.0212855	2.463434	0.005159858873953881	0.03102668097728346	13
DIMT1	3.0196524	1.6048523	0.005076694196826201	0.030636451971167253	13
PCNA	3.0194151	1.48479	0.005101115090370717	0.03075615697395726	13
PALMD	3.018898	2.4351814	0.005162345050181373	0.03103606655818847	13
SLC7A1	3.0188758	2.040008	0.005148107787639212	0.03098207288885493	13
TUT4	3.0185428	1.8507398	0.005151290698298075	0.03099182803795798	13
UCHL5	3.0177193	1.5721117	0.0051095103781982655	0.030795703071904407	13
ATG12	3.0168457	1.1274133	0.005062127344851103	0.030559541625927077	13
RASL10A	3.0160904	4.706466	0.005266604114764001	0.031572326829901576	13
WDR4	3.0072863	2.373541	0.005321953914332735	0.03184153696764793	13
GRHPR	3.0050967	1.0682013	0.005224006896889616	0.031333765259044105	13
SULT2B1	3.0019557	2.036113	0.00534986481424574	0.031985706904566195	13
NEFH	3.0003173	4.0172405	0.005469800556793055	0.03258660399207741	13
USP46	2.9996207	2.1543868	0.0054150955950649626	0.03232385146005942	13
NAB2	2.9995182	2.0134742	0.005378137717249744	0.032126111696219706	13
BPNT1	2.997779	2.1680975	0.005448984025633109	0.032503000747600944	13
ANKRD35	2.985462	2.6605623	0.005624988539633743	0.033292348792633736	13
ENAH	2.9848068	1.1613166	0.0055210078505542656	0.03282689509360047	13
KRR1	2.9831014	1.2679714	0.005538992021513623	0.03289364932606027	13
ANKRD26	2.9786222	2.065832	0.005703335376816298	0.033661019157803174	13
ZNF750	2.9765382	2.5239599	0.005744845622823879	0.03386811672476375	13
FUBP1	2.975301	1.4477878	0.005697579954023675	0.03363917884706602	13
ZNF883	2.9730232	3.2254503	0.005835294216882274	0.03434314850472861	13
TFB1M	2.9694543	1.9445468	0.005799887389228163	0.03415873975805124	13
HSPB2	2.9637685	3.1226008	0.00594664609219912	0.034888307954950265	13
CRYZL1	2.9594133	1.7949513	0.005959988985025825	0.03494214132961916	13
YIPF2	2.9565234	1.3805532	0.0059712548512599	0.03499595648542868	13
HOMER1	2.956058	1.9970845	0.006002913036140919	0.03515692441857911	13
GMPR	2.9547749	2.7210674	0.006089747379444275	0.03558235345259457	13
EIPR1	2.9544003	1.8651689	0.006026797585237672	0.03526601845890732	13
LMNB1	2.9527256	2.0086904	0.006057099556135881	0.03542479096989601	13
EHF	2.9486063	1.6362084	0.006089644996757611	0.03558235345259457	13
NXPH4	2.9471922	2.4660916	0.006169737759168469	0.03595815363688438	13
UBE2S	2.9427402	1.8849673	0.006275758916889658	0.036487299329415156	13
PDCD2L	2.9426227	2.5488584	0.006271362452203087	0.036468466298202704	13
SMARCB1	2.9409912	1.1010532	0.006145064388079916	0.03583926354383384	13
PIK3R1	2.9407816	1.1141901	0.006092527231694064	0.03558235345259457	13
STEAP3	2.9401872	1.9869599	0.006244673945970318	0.036351182607159686	13
ALPL	2.9355676	3.2539597	0.00637983914365844	0.03704105672796395	13
HMGB2	2.925478	1.3667029	0.00644319397143285	0.03738300795637938	13
GTF2F2	2.920553	1.304531	0.006481815379627096	0.03759408086599904	13
PFKM	2.916779	2.6132317	0.006679204515831255	0.038542618378291614	13
ELOVL4	2.9139674	4.943724	0.00679300962593188	0.03909477279742299	13
PTX3	2.9095097	2.6316075	0.006790777433574132	0.03908863324172129	13
PPM1K	2.9072492	1.6187992	0.006732689539941086	0.038807551101420174	13
SMAP1	2.9050086	1.0488681	0.006674485756008149	0.03853159616859842	13
CYP27A1	2.8991516	2.0131266	0.006948543640554234	0.039887232970705046	13
SKIL	2.8971338	1.282183	0.006910555021412811	0.039696339437096606	13
MAP3K9	2.8935676	2.9114964	0.007085095462128878	0.04053235321426995	13
RNF8	2.8878713	1.4651407	0.007057288686246525	0.040407736399009	13
MPHOSPH10	2.8864045	1.3615948	0.007067941359224678	0.04045491828152815	13
GATD3A	2.8849466	4.04408	0.007287803528822782	0.04159268643189466	13
HAUS8	2.882128	2.240022	0.007245448308568493	0.04137521286054848	13
PFKP	2.87932	1.5624851	0.007217692669508094	0.04124870162344028	13
AC008105.1	2.8735077	4.546165	0.007501955036820748	0.04266967507037557	13
MCM3	2.8726866	1.3462921	0.007308104637207189	0.041679963100484586	13
UBA2	2.8717048	1.0147678	0.007232751037134948	0.041313641440147014	13
ZNF524	2.8706563	1.472173	0.0073783044769909	0.04203052147804887	13
SMC2	2.868613	1.6378345	0.007453861797011626	0.042417709286319466	13
ASRGL1	2.8675625	2.0298119	0.007495387099800158	0.042639548628629086	13
WDR3	2.8620746	2.1132958	0.00763019224099071	0.0432846483856341	13
JRK	2.8611143	2.4484088	0.007661283275573746	0.043443297099918676	13
GSDMC	2.86012	3.1358593	0.0077232638268192036	0.043750378654845955	13
SUV39H2	2.8584337	3.02256	0.007749114472885174	0.043859778693054616	13
TMEM9	2.8537889	1.059937	0.00758498034816826	0.04307616421569786	13
SCRG1	2.849075	2.9540358	0.007927644432189913	0.04473437447847946	13
CXCR4	2.842293	1.1760072	0.007770909869953939	0.043953535808448664	13
IARS	2.8406353	1.2420478	0.00787988610728434	0.04448733545268878	13
PRKCI	2.8393037	1.672941	0.008036706387157562	0.045235638350671556	13
GLI4	2.837478	1.9044621	0.008071601571056245	0.04540918958315959	13
RNF128	2.836903	4.553515	0.008207847446254666	0.046090643093056716	13
CDC40	2.83638	1.1690308	0.007966654828756338	0.044909171363246445	13
NUF2	2.8345008	2.9649668	0.008230958245431599	0.04619721728748682	13
PFKL	2.8317697	1.100902	0.008035631989670595	0.045235638350671556	13
CHAF1B	2.8299778	3.1670663	0.008317519659245204	0.04662064286275792	13
GMCL1	2.8284576	1.317073	0.008160054858031724	0.04585297369630458	13
ELF5	2.8260663	2.3111827	0.008350646777931188	0.046775057377854035	13
NIPSNAP2	2.8258111	1.1741788	0.008209400533493358	0.04609164768896898	13
VGLL4	2.823834	1.2138196	0.00828820836196275	0.04647965167506982	13
ZNF766	2.8222184	1.8728	0.008382034494087897	0.046911700144535655	13
CENPW	2.8214414	1.7943507	0.00841338323588625	0.04705574239033861	13
MTIF2	2.8158286	1.7003626	0.008474116787139285	0.04734016508285122	13
ACADM	2.8045855	1.4784361	0.008753850382656173	0.048654008071462286	13
GJB3	2.7996783	2.3046014	0.008858410692486982	0.049126976361889195	13
ITSN1	2.7954984	1.9855453	0.008961514389680052	0.049592171942626405	13
FAM241B	2.7935343	1.6733619	0.00894545925490084	0.04951966477448903	13
PNO1	2.7923963	1.3675854	0.00893694367850882	0.04948069130420342	13
HSF1	2.792231	1.0570315	0.008878345990373522	0.049213122271214396	13
DNAJC10	2.7909713	1.4271506	0.008991027583111372	0.049722680324012954	13
ERO1A	2.7864065	1.0616299	0.00889487824641745	0.049296614551071996	13
MTCO2P12	40.661125	7.7060614	1.4028897882096568e-52	4.2391285032738826e-50	7
H3-3B	36.32718	6.3939424	1.5140472038738273e-44	3.2975751470864965e-42	7
B2M	27.25956	2.5206125	1.2833462184263983e-59	4.891444944572707e-57	7
HLA-C	26.714628	2.9357512	1.939638188818647e-44	4.14378372555199e-42	7
HLA-B	25.946455	2.995037	7.114944047436605e-47	1.7547230756990525e-44	7
HLA-A	18.876179	2.8512697	4.12826925447519e-30	4.677914833255146e-28	7
RAC2	18.55771	5.5736575	4.02169911608996e-25	3.181410614452202e-23	7
HLA-E	17.64926	3.1677506	4.532420996356335e-26	3.819646548713261e-24	7
IFITM1	16.26703	4.512551	7.112313362769586e-23	4.799881338041342e-21	7
LIMD2	16.257378	5.0395527	2.1127444845374052e-22	1.37066852525859e-20	7
H3-3A	16.17045	5.3849006	1.0716234122655336e-22	7.145789437534445e-21	7
CD52	15.972579	5.542274	3.7559597292249006e-22	2.359150660635438e-20	7
CD3E	15.616452	7.029872	2.178288096002885e-21	1.2840414943415248e-19	7
TMSB4X	15.375681	1.7513164	4.556206587557258e-28	4.341469464581193e-26	7
CORO1A	14.814614	4.8037357	9.953263193704406e-21	5.620242437374402e-19	7
SH3BGRL3	14.662474	2.8277013	1.1763657697965531e-21	7.096489979270897e-20	7
ACTB	14.509199	1.932108	2.6084638244368203e-22	1.6760629336290303e-20	7
RPL28	13.964503	1.2142675	9.589227841873884e-22	5.826671939208188e-20	7
ALDOA	13.782451	3.639479	9.279916561529782e-20	4.818230362078489e-18	7
IL2RG	13.613947	5.459698	5.989982067435417e-19	2.903323533581667e-17	7
PFN1	13.611672	2.1871428	4.589575905951738e-20	2.4551669132619976e-18	7
PSMB9	12.780739	3.384085	2.7517148134532586e-18	1.2608642972409257e-16	7
CD3D	12.060081	5.5438833	7.667398060100625e-17	2.993855626703551e-15	7
LAPTM5	12.010068	3.8776612	3.4861309292432794e-17	1.412177747557353e-15	7
COTL1	11.990843	3.7526166	4.913113161631075e-17	1.964132640694492e-15	7
CD74	11.95409	3.161691	7.251105614056968e-18	3.2001228079090103e-16	7
ARHGDIB	11.797823	3.0369213	6.07458998801907e-17	2.40552329147754e-15	7
PTPRC	11.754159	4.0636163	1.2091612866510006e-16	4.6350261389212814e-15	7
IL32	11.518741	4.1974096	3.155656434286305e-16	1.1631194776087578e-14	7
BTG1	11.317443	2.225953	1.1316283736890035e-16	4.357743660379204e-15	7
MTRNR2L12	11.018547	3.5463243	1.0762553413853085e-15	3.779966534597344e-14	7
GABARAP	10.866341	3.8871038	2.9674663954639716e-15	9.983128422292585e-14	7
CD37	10.757948	4.559407	5.612728678655379e-15	1.8279906252391352e-13	7
HCST	10.566612	4.1546454	9.327137743318893e-15	2.968135930252932e-13	7
CD2	10.337404	5.492972	2.7081298241196774e-14	8.197958703140623e-13	7
CNN2	10.164162	3.5682306	3.5905861856071503e-14	1.0733676582125617e-12	7
SARAF	10.160269	2.4596093	2.302165439690373e-14	7.019721001150435e-13	7
LCK	9.993403	5.521265	9.322625044504774e-14	2.6521642630851115e-12	7
LSP1	9.970981	4.0597067	8.073539702865687e-14	2.3105340885138058e-12	7
S100A4	9.90158	3.1589267	5.132223885704437e-14	1.5073548279370623e-12	7
VIM	9.8976	2.6146367	1.8072497875612037e-14	5.576537729953112e-13	7
GPSM3	9.509375	3.943813	4.205649450889238e-13	1.118649391215511e-11	7
SRGN	9.077388	3.20209	1.1387555308477347e-12	2.911204211902734e-11	7
GSTK1	9.014618	2.206524	1.5834313343708654e-12	3.9723164088356916e-11	7
SEPTIN1	8.904332	7.83333	4.834742471025636e-12	1.1583006944333633e-10	7
GMFG	8.873985	3.6676202	4.0204716994806755e-12	9.687546068411016e-11	7
RPS21	8.864622	1.2391342	1.2833586032514623e-12	3.251142818101004e-11	7
FXYD5	8.824841	2.6015007	3.793836299187585e-12	9.181029098921413e-11	7
SPOCK2	8.784401	6.19019	7.129270625556697e-12	1.689914247715881e-10	7
TBC1D10C	8.6881695	5.484477	9.833068018932426e-12	2.293539182357528e-10	7
RPL30	8.65867	1.0937556	4.389975898499499e-12	1.0555138466779332e-10	7
SHFL	8.647533	5.988794	1.1755076657414911e-11	2.711671431680561e-10	7
LAT	8.600639	5.0934157	1.3367987643625348e-11	3.0626753658117337e-10	7
PLAAT4	8.546693	6.0349665	1.6818845410305196e-11	3.811196124796551e-10	7
HSPA8	8.53062	1.5839643	6.0368982568339324e-12	1.437073132948665e-10	7
LCP1	8.314361	3.1527774	2.740851913604331e-11	6.061495978955283e-10	7
CD96	8.267393	6.002432	4.638298711464061e-11	9.89826172581367e-10	7
ITGB2	8.254628	3.3529758	3.517344231896553e-11	7.644924802294972e-10	7
ATP6V0C	8.166785	4.3427854	5.989604047357487e-11	1.2587550711304352e-09	7
PCBP2	8.147732	1.5811874	3.5192045242370344e-11	7.644924802294972e-10	7
LTB	8.07955	4.931561	8.640422311076165e-11	1.7900457364781078e-09	7
WIPF1	7.870482	3.6706243	1.7319110303740846e-10	3.4972924665729784e-09	7
H2AZ1	7.8360844	4.6517153	2.08204828154062e-10	4.164220716228619e-09	7
PSME1	7.7618027	1.8505399	1.769931827728507e-10	3.5654824885190304e-09	7
CD7	7.7554245	5.3230524	2.924360854597478e-10	5.739379018376478e-09	7
TRBC2	7.7550445	4.678637	2.7979668096711207e-10	5.497750718405334e-09	7
TMSB10	7.6609116	1.0463817	1.389954135315088e-10	2.832348217047592e-09	7
SEPTIN6	7.5972586	7.0453296	5.474532447571518e-10	1.0409370341496387e-08	7
MBNL1	7.575777	2.63967	4.450303676649327e-10	8.583532813024443e-09	7
RPL36AL	7.5639033	1.1298388	2.3917832055242255e-10	4.7497217582290146e-09	7
FYB1	7.560467	3.4855988	5.034086557095862e-10	9.648474126374418e-09	7
MYL12A	7.544576	1.4531411	2.697970405284223e-10	5.313718459403296e-09	7
TRAF3IP3	7.541367	4.6245317	6.303624622495362e-10	1.1864751597256842e-08	7
ZFP36L2	7.4991913	2.445571	5.463006751645934e-10	1.0393347104762126e-08	7
IFITM2	7.483573	2.410375	5.719555657994359e-10	1.0856797754656977e-08	7
SEPTIN9	7.3981004	5.1994314	1.1027885343597774e-09	2.0201327269776786e-08	7
SEPTIN7	7.37766	5.4287524	1.200337948197446e-09	2.1904534886012262e-08	7
LCP2	7.376779	4.17303	1.1282815947904228e-09	2.0623265924177423e-08	7
RNF213	7.364597	2.3549442	9.56309282182118e-10	1.7682232433114896e-08	7
CD27	7.301914	4.9814496	1.5497003882883141e-09	2.786636165215531e-08	7
RBIS	7.298648	4.4512815	1.5222171919585085e-09	2.7405629004551976e-08	7
LBH	7.239657	3.899852	1.8519254630872085e-09	3.286548670944041e-08	7
CCL5	7.2335258	5.227621	1.9765652543467345e-09	3.492938629928547e-08	7
CD3G	7.11871	4.5409365	2.936674175818008e-09	5.095653829855758e-08	7
CD69	7.1102037	4.1920977	2.981300509749501e-09	5.170413671019029e-08	7
ACAP1	7.1058683	4.3717723	3.121510720858041e-09	5.3968345921803885e-08	7
STK17A	7.0756054	3.1701567	3.211529489484106e-09	5.541044784299712e-08	7
CCND3	7.0698314	3.2908936	3.4155187363087094e-09	5.883919565204439e-08	7
ARPC1B	7.052416	2.0393906	2.873305700827921e-09	4.9934480057756116e-08	7
RPS26	7.0357347	1.3987399	2.5503375080535617e-09	4.459899392993979e-08	7
TAP1	7.0327096	2.731469	3.5343627323183947e-09	6.076169164771465e-08	7
GPX1	6.995716	3.5541015	4.1522104880465195e-09	7.058757829679083e-08	7
IKZF1	6.9868927	4.1365213	4.790805434580428e-09	8.082917760626868e-08	7
CST7	6.9786077	5.423052	5.182030453651084e-09	8.668852042190074e-08	7
APOBEC3G	6.9738374	4.558296	5.194266974076625e-09	8.684990457502696e-08	7
TRBC1	6.935289	4.674371	5.8417218539282155e-09	9.714288185553113e-08	7
RESF1	6.8958344	6.04988	7.15771047793571e-09	1.1814801532502049e-07	7
RGS10	6.8800507	2.032042	5.478513524510246e-09	9.139561108042564e-08	7
PSMB8	6.86678	2.1142886	5.957896841481835e-09	9.892763265353576e-08	7
CIAO2B	6.8250203	5.2190557	9.169191589756896e-09	1.4914832934628325e-07	7
EVL	6.791828	2.0647314	7.3058084312381925e-09	1.2029657368294561e-07	7
SIT1	6.7402067	6.186256	1.2677404621783442e-08	2.0160599840934533e-07	7
RHOG	6.698425	2.5869918	1.2532140369387064e-08	1.9949716190299552e-07	7
TRAC	6.679233	4.1668696	1.4690565020830435e-08	2.3068176093804945e-07	7
HLA-F	6.6386156	3.0452073	1.658847903253426e-08	2.587879884791775e-07	7
TLE5	6.6318665	5.03175	1.8598078366989585e-08	2.886617984762599e-07	7
IL2RB	6.5049176	5.070516	2.950526235625557e-08	4.463852073482941e-07	7
GIMAP4	6.4843335	3.6728916	3.0199460719061e-08	4.5627032071082205e-07	7
PSMB10	6.4107494	3.4601717	4.008515779251674e-08	5.951732082863231e-07	7
ZAP70	6.4056964	5.860687	4.306918688965213e-08	6.37222583796128e-07	7
NR3C1	6.3688803	2.9208648	4.478356419788918e-08	6.611291931168139e-07	7
CD48	6.3278	3.5566175	5.3198072681658315e-08	7.764649938274594e-07	7
DAZAP2	6.326922	1.6273842	4.351304441381004e-08	6.43222134281006e-07	7
SKAP1	6.31421	4.3488393	5.9022085010097316e-08	8.57738194680968e-07	7
IL7R	6.289828	4.643922	6.415744898752765e-08	9.291472350995963e-07	7
EMP3	6.284037	2.420558	5.534128750105033e-08	8.066936653944934e-07	7
CELF2	6.272562	2.8237662	6.171619528450692e-08	8.953386271789129e-07	7
CD6	6.2693863	5.7556186	7.108252546279837e-08	1.0214991373383547e-06	7
RGCC	6.2402263	3.1282072	7.072058379346076e-08	1.0171694258218127e-06	7
HCLS1	6.2216988	3.2176855	7.797548602283525e-08	1.111979496892822e-06	7
PTPRCAP	6.220027	7.9128814	8.613851515939613e-08	1.2200895004059566e-06	7
CYTIP	6.2139544	3.3107774	8.049982259571129e-08	1.1445716615865843e-06	7
ARHGAP15	6.212014	5.271878	8.734471906408976e-08	1.2350882049446184e-06	7
DUSP2	6.195389	3.4850836	8.740313392610374e-08	1.2353933902298547e-06	7
MYH9	6.1332927	1.9545094	9.478132713567128e-08	1.3312648632569307e-06	7
STK17B	6.0441666	3.2475765	1.5201989968120897e-07	2.0752541535235776e-06	7
PPP1R18	5.987114	3.1718955	1.8799135779133521e-07	2.532296438425371e-06	7
ETS1	5.9508123	3.2550807	2.1281081102415064e-07	2.8415156897137886e-06	7
ITM2A	5.9224277	3.3622506	2.3429869804307948e-07	3.1184970758186226e-06	7
SH2D2A	5.902678	5.2321997	2.693303739239354e-07	3.5481579229311537e-06	7
CLEC2D	5.879623	3.8729522	2.870045824094656e-07	3.7706309042678753e-06	7
RASAL3	5.8731794	4.8826747	2.98718881109565e-07	3.916860825369789e-06	7
H4C3	5.866209	5.1875196	3.0770046907830157e-07	4.025187766519233e-06	7
CXCR3	5.8532624	5.974095	3.251814604067564e-07	4.238986149826279e-06	7
SASH3	5.848984	4.975043	3.2703038206630976e-07	4.261432029870278e-06	7
DEF6	5.8196616	3.8999922	3.557017363018193e-07	4.609965972681345e-06	7
PTPN7	5.7960324	4.146942	3.894133874142441e-07	5.019721148063475e-06	7
CLIC1	5.7678237	1.2223096	3.294873940234681e-07	4.290115171949201e-06	7
SP100	5.765136	2.2991774	4.0044478684436363e-07	5.1539979261499625e-06	7
MBP	5.759022	2.822591	4.250953188288484e-07	5.452436745253692e-06	7
IKZF3	5.683572	4.562471	5.888761617882041e-07	7.364465079246142e-06	7
GIMAP7	5.6729927	3.9164324	5.986832196020735e-07	7.47874631980378e-06	7
TIGIT	5.6381483	5.142081	7.009114335227382e-07	8.671807595642259e-06	7
ARHGAP4	5.623393	4.243331	7.320552894405656e-07	9.027156787913975e-06	7
CD247	5.6122403	4.6922164	7.660019307320427e-07	9.421514762993563e-06	7
NKG7	5.6028733	4.864734	7.905338533615375e-07	9.712562628424664e-06	7
DOK2	5.571478	3.5570533	8.647032991062139e-07	1.0569611281093848e-05	7
CD99	5.5609694	1.8747803	8.145394852831103e-07	9.98190313331414e-06	7
SH2D1A	5.5559907	5.1653256	9.402485842228672e-07	1.1397498288189083e-05	7
UCP2	5.5312233	2.1755388	9.309761843174207e-07	1.1293263001153928e-05	7
DENND2D	5.5310345	3.3020775	1.0109881432256854e-06	1.218453227162512e-05	7
ARHGEF1	5.529242	3.093219	1.0043061921848436e-06	1.2112705498767293e-05	7
RCSD1	5.512199	3.673736	1.078976203702725e-06	1.296201319784853e-05	7
ISG20	5.5089893	2.225871	1.0011943844007832e-06	1.2079518290354916e-05	7
RGS19	5.4984727	3.258622	1.125829634483665e-06	1.3491051007580067e-05	7
CALM1	5.4785833	1.4377323	1.042980714250845e-06	1.2556574349134096e-05	7
ANKRD44	5.4684086	3.3671772	1.2450051193493742e-06	1.4813308516529747e-05	7
ARPC2	5.4601374	1.382648	1.1057706339881443e-06	1.3264897294204703e-05	7
PAXX	5.4435678	2.2320664	1.310459532293343e-06	1.5553475998814937e-05	7
CAMK4	5.43498	5.999173	1.4681241982315747e-06	1.727195851732208e-05	7
GZMA	5.4326167	4.6476502	1.4494392811755572e-06	1.708209519673555e-05	7
ARHGAP9	5.4323545	4.2455807	1.4533806075537323e-06	1.711651648804766e-05	7
CXCR4	5.422398	2.3538866	1.365763167011571e-06	1.6175516378790642e-05	7
ARHGAP30	5.405805	3.230801	1.5615786245294961e-06	1.8288026761642397e-05	7
PRKCH	5.4057045	3.6205535	1.588700374879991e-06	1.8586187399319767e-05	7
SLC2A3	5.405542	2.854661	1.5085212092648846e-06	1.769755504720304e-05	7
CORO1B	5.3979397	2.2527273	1.5526866222194378e-06	1.8190241703060483e-05	7
EMB	5.390999	3.3791869	1.655254228468319e-06	1.9277389610088853e-05	7
APBB1IP	5.3889666	3.4142184	1.664191109381521e-06	1.9374742797558347e-05	7
GZMK	5.366105	5.406138	1.8664681190399083e-06	2.1550157377183326e-05	7
RASSF5	5.338237	4.1592774	2.0401881191018982e-06	2.3370884461337694e-05	7
CSK	5.32927	2.8989027	2.036395575758783e-06	2.3335409636667353e-05	7
SHISA5	5.308387	2.2842836	2.152328629693888e-06	2.4554848492708398e-05	7
FYN	5.295523	3.6545467	2.3472002743045084e-06	2.665113215993484e-05	7
CNBP	5.293486	1.1896664	1.9520684244910404e-06	2.2468883673937537e-05	7
RHOH	5.290084	2.911129	2.332664646969803e-06	2.6504032833338132e-05	7
PPDPF	5.2789598	1.0069649	1.7003878497193185e-06	1.978241722769187e-05	7
CD44	5.2781615	1.3058753	2.020682187918832e-06	2.317910439978986e-05	7
ZYX	5.2488155	2.316332	2.654524432979137e-06	2.9807634417995725e-05	7
ADGRE5	5.226427	3.2582154	2.9719945636577714e-06	3.3117498225795786e-05	7
H2AZ2	5.214533	4.30846	3.177719993125732e-06	3.525538061522033e-05	7
HMGN4	5.212408	4.0437045	3.1938272837423844e-06	3.54012428697962e-05	7
ICAM3	5.207784	2.9812844	3.178594043578983e-06	3.525538061522033e-05	7
ITGA4	5.1974792	4.4461145	3.3842181646646815e-06	3.728977051938833e-05	7
TMC8	5.1829453	4.471516	3.5620403115690327e-06	3.913344057986798e-05	7
STAT1	5.179079	1.7483535	3.179616778302421e-06	3.525538061522033e-05	7
OASL	5.166205	4.4250493	3.785157878701907e-06	4.140834325164405e-05	7
ANXA6	5.155738	2.470592	3.754463560760721e-06	4.1085958333270905e-05	7
FCMR	5.15249	3.5463846	3.907107782038583e-06	4.263936809192473e-05	7
EML4	5.1494985	2.3326619	3.810624652991383e-06	4.165976580377574e-05	7
ARRB2	5.1442394	2.7624438	3.907856578950437e-06	4.263936809192473e-05	7
TNFRSF1B	5.142451	3.5302815	4.037514030592855e-06	4.386856433434239e-05	7
PAG1	5.121875	3.455759	4.3210291797859516e-06	4.661680274017388e-05	7
KRTCAP2	5.0796537	1.3142645	4.2636184884218015e-06	4.605669169731261e-05	7
STK4	5.0748744	2.3954241	4.9607336726325625e-06	5.304047437480676e-05	7
TSC22D3	5.063191	1.7446597	4.880147686469202e-06	5.2228791816165765e-05	7
RHOF	5.0541105	3.7053616	5.551917126509376e-06	5.8762023458583455e-05	7
CYFIP2	5.05401	3.6926568	5.544647077414943e-06	5.870360089127986e-05	7
MICOS13	5.0402336	3.8312025	5.837850423392425e-06	6.157463555063061e-05	7
JAK1	5.021566	1.6827186	5.651794460759363e-06	5.9762559271226296e-05	7
BATF	5.0045238	3.0891604	6.551044487016984e-06	6.868664680807647e-05	7
NCF1	4.990536	3.1160429	6.768983247048734e-06	7.077258949166508e-05	7
IL10RA	4.9882913	3.7533596	7.011828889316242e-06	7.315202263656487e-05	7
CDKN1B	4.958641	2.3996482	7.5264220053002915e-06	7.813176121317767e-05	7
ARHGAP25	4.9540067	4.5407357	7.975946935633387e-06	8.236491261332494e-05	7
SF3A2	4.9524302	3.558176	7.951060396054102e-06	8.215850793100759e-05	7
GZMM	4.941645	5.1181827	8.35301871599874e-06	8.588859618433897e-05	7
ALOX5AP	4.910308	2.8553925	8.892559741912548e-06	9.11847588821427e-05	7
LDHB	4.9020677	1.4233737	8.234933038249634e-06	8.481342388135103e-05	7
SH3KBP1	4.888185	2.1906173	9.392123283465204e-06	9.598452378144619e-05	7
TRABD	4.884532	2.1783514	9.725708290067774e-06	9.909173200399854e-05	7
TUBA4A	4.879143	2.4003108	9.917631429729168e-06	0.00010080220478319577	7
BIN1	4.8732085	3.4575899	1.0433183543206609e-05	0.0001056187779355514	7
PCBP1	4.8712397	1.0439265	9.027566715731052e-06	9.251256193471897e-05	7
PPP1CA	4.8469796	1.4156413	1.043560508268738e-05	0.0001056187779355514	7
CD82	4.8417954	2.3482244	1.1321192658659505e-05	0.00011403126815738693	7
CYLD	4.8212304	2.4643254	1.2210308959593068e-05	0.00012211874015347616	7
CD53	4.807313	2.667811	1.2704831785272018e-05	0.00012648642413470133	7
TERF2IP	4.7734528	1.7555315	1.3878217160917717e-05	0.00013723150996295435	7
TRAPPC1	4.7594085	1.6283227	1.446724024960355e-05	0.0001425516172773069	7
TMEM243	4.758346	2.5784726	1.5267810912119e-05	0.00014973615374367936	7
FLNA	4.743301	1.8437052	1.5292573988866377e-05	0.00014989135714803248	7
TRIM22	4.7344055	2.7428353	1.6657332991034892e-05	0.00016208401678337723	7
IL27RA	4.73389	3.5971003	1.7053770312696176e-05	0.00016555633913009298	7
EPC1	4.722124	1.8576535	1.684637986498345e-05	0.00016378099334823476	7
SEMA4D	4.7033467	3.1953955	1.868939420248008e-05	0.00018008071558327617	7
MSN	4.6928525	1.7199116	1.8158456752144185e-05	0.00017536792338717768	7
CYBA	4.6715155	1.3959321	1.8387267892022654e-05	0.00017732241298629438	7
FMNL1	4.666621	3.2583756	2.1316781579215346e-05	0.00020329433350823483	7
CXCR6	4.66594	6.266016	2.182112669539722e-05	0.00020763188950079946	7
SELPLG	4.6548586	3.3592937	2.2105833881302753e-05	0.00020992405838413805	7
CD5	4.652361	6.4851756	2.2884528161408068e-05	0.00021658294555919528	7
CDK2AP2	4.646387	1.7452731	2.1753671253447523e-05	0.00020704877625195327	7
TSC22D4	4.63643	2.3152332	2.3240147319313908e-05	0.00021970061477934267	7
LY6E	4.6345644	1.4139369	2.1650435725056477e-05	0.0002061832097257579	7
HNRNPLL	4.6344	3.0346987	2.382228054890394e-05	0.00022444469435134467	7
RAB11B	4.612142	1.8611968	2.4696755501996665e-05	0.0002322270469000477	7
RGS14	4.6017146	3.507642	2.6821572574777535e-05	0.00025052140510459854	7
PTPN6	4.580852	2.8193185	2.8339654151433397e-05	0.00026352657052764833	7
SERPINB1	4.5807176	1.8067291	2.7037071529291715e-05	0.0002523234324329364	7
PPM1M	4.5749025	3.5977674	2.93428356689241e-05	0.00027180006936519837	7
CD8A	4.571813	5.231849	3.0023253234466183e-05	0.0002774896491422514	7
PNRC1	4.562488	1.2850504	2.7657860810694094e-05	0.00025775835216768284	7
GYPC	4.5581055	2.1960971	2.9771730143632018e-05	0.0002755445918177598	7
LIME1	4.551486	6.424681	3.2282701388114696e-05	0.0002965746609856902	7
MAT2B	4.5479207	2.1042585	3.102900540041821e-05	0.000285997216305421	7
OXNAD1	4.5462303	4.0276756	3.250448747081277e-05	0.00029820377851710373	7
PSMA6	4.542189	2.399294	3.204714050364718e-05	0.00029449127113228223	7
EEF1B2	4.5333776	1.1001081	3.090597945856319e-05	0.0002850199221940247	7
IRF1	4.5287037	1.744299	3.200495169227716e-05	0.00029426482585270504	7
LPCAT4	4.525581	4.3502436	3.500653559846661e-05	0.00031958470618077535	7
TWF2	4.5249667	2.200896	3.3656101851748373e-05	0.00030809479045018894	7
RAB27A	4.516669	2.7800477	3.5339862635641e-05	0.0003221892722647553	7
RNF167	4.500299	2.0870132	3.662051734235861e-05	0.0003322393216608196	7
NME2	4.4911704	2.2517831	3.792315744128313e-05	0.00034322197078739275	7
LAG3	4.4872108	4.6209183	3.994860977391779e-05	0.0003604832715703461	7
CAPZB	4.470361	1.2386662	3.8267665156881754e-05	0.00034624649501671726	7
ANKRD12	4.4609456	1.5739698	4.067056931164215e-05	0.00036680063599940556	7
CDC42EP3	4.4594564	2.5208385	4.24575962168817e-05	0.00038127717127454594	7
PPM1K	4.447809	2.7121117	4.457047532377867e-05	0.00039886294365924774	7
GBP5	4.447602	3.2332308	4.4766509795690225e-05	0.0004004036013485989	7
FNBP1	4.437876	2.1789415	4.54479373945806e-05	0.00040563312084928893	7
TNFAIP8	4.432005	2.5143936	4.6762475728549155e-05	0.0004165896941331387	7
HLA-DRB5	4.42672	2.1827488	4.577010387038225e-05	0.00040818267852073676	7
CIAO2A	4.417926	4.065516	5.02237483048405e-05	0.0004457673304823115	7
MYCBP2	4.413764	2.0478413	4.9285826233687126e-05	0.0004377902271462129	7
CDC37	4.4050374	1.450757	4.9206360409415124e-05	0.0004372258935543024	7
LEPROTL1	4.403542	1.875989	5.0661326220873646e-05	0.0004494132617758061	7
PIK3CD	4.4020324	4.521311	5.315401258500635e-05	0.0004692915862368249	7
TESPA1	4.3932858	7.1252627	5.507579979423104e-05	0.00048523703727299796	7
SEPTIN2	4.391402	3.340988	5.4324716426794067e-05	0.0004789971907652733	7
PSTPIP1	4.3795633	3.9719646	5.7051405281174993e-05	0.0005014573334737658	7
UBE2L6	4.3682723	1.560486	5.5290074325431356e-05	0.000486996949303911	7
JUNB	4.36219	1.4365052	5.6140793906721994e-05	0.0004941008576293263	7
SMCHD1	4.349238	2.161717	6.132917180941264e-05	0.0005362465463137408	7
SH3BP1	4.3431396	3.3786588	6.424849457785474e-05	0.0005600204669012021	7
C12orf57	4.3361864	1.1248453	6.080952628741114e-05	0.000532266404150988	7
HSH2D	4.326731	3.3653834	6.764444658736323e-05	0.0005873317067012038	7
CTSW	4.32345	4.9431744	6.917013351923135e-05	0.0005995720815765074	7
DRAP1	4.3231735	1.2611748	6.405022443750127e-05	0.0005585825735460817	7
RAP1B	4.3188066	1.2853119	6.469213606883474e-05	0.0005634481786249769	7
KMT2E	4.3148317	1.52091	6.749568687228284e-05	0.0005861918263550592	7
PARP8	4.314498	3.6986847	7.094871782864119e-05	0.0006130064257316986	7
SYNE2	4.3131433	2.2692845	6.97442344959286e-05	0.0006041558288295303	7
PDCD1	4.2948375	6.7473826	7.652306608804324e-05	0.0006559315511523278	7
WDR1	4.289022	1.4620762	7.294886469398455e-05	0.0006289917405400864	7
ZC3H11A	4.285727	3.5302277	7.786919663214761e-05	0.0006666183573861315	7
CCR7	4.284019	5.1277595	7.903758836107774e-05	0.0006750699646597678	7
FERMT3	4.2810087	2.8368244	7.780565975554854e-05	0.0006662444814554133	7
LPXN	4.278008	2.8364666	7.900902996044221e-05	0.0006749979301842058	7
NFATC2	4.2773585	3.609405	8.027360134014742e-05	0.0006840591622332023	7
CDC42SE2	4.275018	2.1450827	7.858220717841497e-05	0.0006718648511269988	7
CARD16	4.2659717	2.6231205	8.177756413998483e-05	0.0006956381635351843	7
ITGB7	4.254653	4.109769	8.670333517564909e-05	0.0007351154108004161	7
FKBP8	4.250113	1.4411514	8.34955786748783e-05	0.0007098923204902645	7
MTLN	4.2470913	4.036021	8.892800229169635e-05	0.0007518865956303975	7
IRF1-AS1	4.2390842	5.8843384	9.197635524864726e-05	0.0007755100380580387	7
FLT3LG	4.230148	4.628252	9.428810252604186e-05	0.0007921836386146647	7
ANKRD10	4.2298803	1.9164321	9.112435207791817e-05	0.0007690996207965409	7
IDS	4.2129803	1.7349209	9.552437745182692e-05	0.000801596983765756	7
SF3A1	4.2128806	2.224549	9.708259260224823e-05	0.000813248561056945	7
TNFAIP3	4.2109094	2.1012075	9.612129996364336e-05	0.0008055983313544633	7
SOCS1	4.201593	2.9229388	0.00010245375911669773	0.0008548262523714325	7
PIM2	4.1953764	3.514561	0.00010516108815393667	0.0008750206047559389	7
JAML	4.1946235	4.1706514	0.00010555194714226796	0.0008778373069920182	7
PRF1	4.189691	4.743268	0.00010755022523301896	0.0008920232701633751	7
TCIRG1	4.1857786	2.3028252	0.00010624610888370461	0.000882516279858429	7
TTC39C	4.1842747	2.6644104	0.00010794817953447586	0.0008948813370652137	7
HLA-DPB1	4.1746435	1.8279501	0.00010404476787079879	0.0008667579463584253	7
ITM2B	4.1745257	1.0203756	0.00010174061364117295	0.0008490873157846683	7
GNG2	4.174002	3.6270032	0.00011277250648693281	0.0009311921812107861	7
BIN2	4.17064	3.5969787	0.00011399044373664119	0.0009396297550677519	7
PHF11	4.1704783	2.171955	0.00011192126613953455	0.0009243908366378056	7
PRR13	4.1521883	1.1393487	0.00011303645933390122	0.0009329123726669244	7
HLA-DPA1	4.1424026	1.8539295	0.00011613912459415535	0.0009554629330420811	7
CD8B	4.1421833	4.7693167	0.0001260992689636913	0.0010313327433092343	7
NLRC3	4.1191416	6.756689	0.0001365043560543091	0.0011077891619689286	7
TNFRSF25	4.1007338	4.825105	0.00014458447548788633	0.0011682746066825332	7
P2RY8	4.0999336	5.4565926	0.00014510666432521305	0.0011719293590493549	7
CALM3	4.0942655	1.2669002	0.0001376956939396718	0.0011158374656754125	7
ITK	4.088281	4.91704	0.00015038053014463886	0.0012104423713898084	7
TRAT1	4.0787563	4.903276	0.00015500412449115933	0.00124493190894429	7
STING1	4.0693784	4.610432	0.0001597829977371829	0.0012793701425406665	7
ARAP2	4.068829	3.4207256	0.00015898191048822013	0.0012738681939047757	7
RABGAP1L	4.0495787	2.2158003	0.00016585743324765734	0.001323784311688635	7
IL16	4.047676	3.7733808	0.0001708691952306313	0.0013603426720224553	7
GET3	4.046869	4.073709	0.00017168545142410242	0.0013655446350997911	7
RBL2	4.038698	2.68608	0.00017439992459724802	0.0013851640707829259	7
OSTF1	4.032728	1.6026773	0.000172170547434497	0.0013687538116853434	7
ARHGDIA	4.0311494	1.390144	0.00017212488447771465	0.001368715208692989	7
PRPF38B	4.022115	1.351181	0.00017706628629957392	0.0014036441225960218	7
TBRG1	4.021582	1.8845493	0.000181283433453611	0.0014340631229876335	7
SARS1	4.01475	4.0395503	0.00019039516396509207	0.0015004803088705717	7
ZFP36	4.0138445	1.2773118	0.00017655788572710392	0.0014003140329091493	7
ITGB2-AS1	4.013774	4.8628683	0.0001916777105739131	0.0015098783678627568	7
SIRPG	4.0024996	4.8223853	0.00019863293137597444	0.001561731634149451	7
PARP10	3.9953833	2.6663158	0.00020055864810613163	0.0015757642577015137	7
MTG1	3.9860206	2.885369	0.00020718246170409383	0.0016236231186955634	7
ABTB1	3.9842525	2.8701158	0.00020792068236587805	0.0016271272998679225	7
CCND2	3.9832072	2.639013	0.00020766611817494112	0.001625737277896403	7
PHB2	3.9811127	1.346242	0.00020307231768432651	0.001594766707433855	7
SCAMP2	3.9794955	1.8157218	0.0002073127299747619	0.0016242644886903734	7
CMTM3	3.9778886	2.029264	0.00020835671867826486	0.0016297790814336945	7
MACROH2A1	3.9728656	3.4905066	0.00021681889132687984	0.0016896659930285495	7
NIBAN1	3.95835	5.378577	0.000229578404206768	0.0017779471843683227	7
FAM174C	3.957415	4.5175924	0.0002298513749588738	0.001779650269504983	7
FKBP5	3.955717	2.2756991	0.000226128114290967	0.0017536562037996125	7
BTN3A1	3.952358	3.8202808	0.0002329981654723111	0.001801104279351645	7
CCL4	3.9496257	2.9785807	0.00023121780150393097	0.0017885784779159014	7
TXNIP	3.9488518	1.2200767	0.00021562156789961228	0.0016818983741676502	7
CTSC	3.9479408	1.7178797	0.00022533979541727268	0.0017483511631021843	7
LINC-PINT	3.926	7.1915154	0.0002551598576633169	0.0019570813596810686	7
ANXA11	3.9258547	1.4468061	0.00024372614960088248	0.0018749584366429357	7
SF1	3.9255407	1.2088233	0.00024138937211266433	0.0018591138760116817	7
ADSS2	3.9145396	4.615381	0.0002638985196474612	0.002018567901367274	7
SYNE1	3.9140873	3.136772	0.00026173604191783584	0.002005228090901355	7
TNFRSF14	3.9092612	2.3286924	0.0002630032036737092	0.002012637566602756	7
PPP3CC	3.8965569	2.7761028	0.0002757209491247573	0.002097042257277434	7
MAX	3.8918977	1.537214	0.0002724989781564643	0.0020767753297764075	7
LPIN2	3.886903	2.53022	0.0002834595926229662	0.002152970606016057	7
CAP1	3.8828871	1.118569	0.00027349585206367397	0.002082952855147068	7
SLFN12L	3.874658	5.572939	0.00030001635856354106	0.002268962498890582	7
TGFBR2	3.8724995	2.1423535	0.00029296204351917987	0.002218112844622305	7
RIPOR2	3.8682206	3.7258444	0.0003039988222152977	0.002297009348034084	7
SLC66A3	3.865447	4.195088	0.0003076734919918931	0.002322159449797499	7
MATK	3.8649166	4.546144	0.00030843280933776746	0.0023268431979302875	7
MICOS10	3.864079	3.8448284	0.00030867950956111104	0.002328180667908528	7
SCML4	3.862196	5.4475403	0.0003118366504418658	0.002350935736675797	7
KIF2A	3.8612008	2.5413094	0.0003083695669021167	0.0023268431979302875	7
MAP4K1	3.8556309	4.915362	0.0003183936270912766	0.002396597990634764	7
SPN	3.8512726	3.6019049	0.0003200068362578969	0.0024065805594004758	7
P2RY10	3.8510573	5.003423	0.0003223824507791194	0.0024222736965910496	7
SNX20	3.843936	3.4531655	0.000327539377661465	0.0024560693642171243	7
GABPB1	3.8391688	2.3770456	0.0003300997238947508	0.002473609213394512	7
RSRP1	3.8332329	1.4223112	0.00032897931809450047	0.0024657643146832717	7
IRF7	3.8314545	1.8740368	0.0003340758013190219	0.0025000527559217566	7
RO60	3.8296506	3.883106	0.0003443411607134469	0.002568741371494351	7
EPSTI1	3.8270705	2.2289884	0.0003385252291338259	0.00252883623839146	7
LIX1L	3.8238056	3.0340867	0.0003486440711407816	0.002596906682241385	7
RGS1	3.8220248	1.9092662	0.0003362617957869739	0.0025152892266928836	7
SELL	3.8119392	3.7577639	0.0003637143173531159	0.002700534982808577	7
H2AJ	3.8083029	2.952742	0.00036376426022865	0.002700534982808577	7
SLFN5	3.8046417	2.2434275	0.0003678502257703344	0.0027266440712845935	7
PARVG	3.8028748	2.9054458	0.0003710260959509312	0.0027465429892496542	7
CTLA4	3.8018181	4.2221003	0.0003760276186081108	0.00277927332651711	7
SP140	3.799173	3.7347763	0.00037876182935711963	0.0027957857655077356	7
AIP	3.7968519	1.6338125	0.000370420375391056	0.0027426644174373973	7
LYSMD2	3.7963073	2.3009615	0.0003771964890239703	0.0027860707858077486	7
S1PR4	3.7952404	4.3270473	0.0003844462157995591	0.002835248576106643	7
USP20	3.7856832	3.5761201	0.00039482338584001417	0.002902207141016856	7
EED	3.7802522	2.4876127	0.0003977182069895236	0.0029215651293551487	7
MVP	3.7776484	1.7569898	0.0003943941063382835	0.002899687137372285	7
ATP2A3	3.7695901	3.181713	0.0004146195164161151	0.0030350836316265636	7
HLA-DRB1	3.7681482	1.5239744	0.000390060970672022	0.0028722360081910626	7
ARHGAP45	3.7672658	2.4853516	0.00041440670819136685	0.003034850523896645	7
CBLB	3.7668629	2.6924284	0.00041671941562627907	0.0030471301328801018	7
PCIF1	3.7627347	2.5972035	0.0004211298552796941	0.003077367423951246	7
WAS	3.758624	3.3518038	0.000429619529805296	0.003131218741677408	7
NCF4	3.7564378	3.046184	0.0004309862409855756	0.003139815271263508	7
GBP1	3.7476106	1.9118876	0.00043318900307061055	0.0031544924776359855	7
CASP1	3.7425725	2.2860608	0.0004451292150237851	0.003235821196600082	7
ZNF800	3.742328	2.1274974	0.000445977205224791	0.0032412830856868285	7
FLI1	3.7248778	3.5025942	0.00047828485492799	0.003450667308913683	7
PSME2	3.7176285	1.0788494	0.0004635833138519688	0.0033583256868053753	7
FAM102A	3.7131124	2.1256483	0.0004910101472419444	0.003535631461709329	7
CDC25B	3.7073312	2.5263412	0.0005016400356726071	0.003603664261403923	7
SUN2	3.7068715	2.1657326	0.0005001875743042807	0.0035939998778363063	7
MFSD14A	3.7009676	3.9195857	0.0005171377924601117	0.0037030996364014962	7
IGKV3-20	3.6971047	5.2562747	0.0005245781193337114	0.003747577146021728	7
LSM14A	3.690259	1.3764052	0.0005166026943008967	0.0037013208213588925	7
RNF149	3.6871846	1.6329212	0.0005254107269625762	0.0037519270157657584	7
GIMAP6	3.6791394	3.4269893	0.000549877323587099	0.003906679794627174	7
ARL4C	3.6789172	2.0578337	0.0005425823989062782	0.0038613953409114108	7
ARL6IP5	3.676967	1.1552364	0.0005330546104504387	0.003802463779055331	7
PRMT2	3.6758907	1.4013976	0.0005416859641896002	0.003856652287175415	7
M6PR	3.6751335	1.4844947	0.0005411968110194596	0.0038539877363914427	7
CASP4	3.6743178	1.7433478	0.0005471919119657862	0.0038908975872894713	7
RBPJ	3.654803	1.613621	0.0005828622565210543	0.004117477452816487	7
BET1L	3.654306	2.3979523	0.0005906630317328423	0.004167317784465979	7
DIABLO	3.652742	5.3439646	0.0006022567477035778	0.0042437591543541394	7
DCK	3.6488056	2.3267193	0.0005996468075563651	0.004227144508669197	7
PDCD4	3.63521	1.3820702	0.0006126749788901932	0.004310831018870562	7
TRANK1	3.626885	3.7593412	0.0006487533092791374	0.004542762995100532	7
GZMH	3.6234941	4.6487613	0.0006581795239130573	0.00460002222139336	7
LMF2	3.6209311	2.3627818	0.0006557031416755114	0.004585683710370794	7
AKNA	3.6137094	2.8091204	0.0006717792910028921	0.004683464809712742	7
CCDC69	3.6045656	3.5247846	0.0006949773653415763	0.004833327050827216	7
ICOS	3.6031244	4.386403	0.0006999766423092722	0.004862865898859838	7
NLRC5	3.6024327	3.1785648	0.0006988160354774185	0.004856814887266493	7
IGFLR1	3.6022394	3.561693	0.0006997680846056237	0.004862424140409619	7
PDE3B	3.6003726	5.0443645	0.0007075291830562761	0.004905174933627647	7
ICAM2	3.5983882	2.9627461	0.0007035935431610963	0.0048819261545648175	7
PPP1R16B	3.5982091	5.760224	0.0007128906523867462	0.004932150447958716	7
OPTN	3.5975637	1.7781996	0.0006981375686124909	0.004854111150255298	7
TAGAP	3.596507	2.929487	0.0007082970304645068	0.004909109322498727	7
SLF1	3.5932214	3.5715334	0.0007210307270481306	0.0049761505382554215	7
ARID4A	3.5879493	2.227821	0.0007248235211034617	0.004999240329288754	7
SSU72	3.5825195	1.0609658	0.0007102808691738831	0.00491815248409604	7
MFNG	3.5716832	3.5396528	0.0007683640367313351	0.005264902585496571	7
ORMDL1	3.5671766	1.5015626	0.0007617104695743349	0.005222512440718063	7
PRPF8	3.5580282	1.8498362	0.0007889277232737839	0.005393686254856499	7
KANSL1-AS1	3.538242	2.5863929	0.0008462376752409692	0.005746843058363504	7
STAT4	3.5360677	4.238431	0.0008590853831317975	0.005824657941302531	7
GPR65	3.5325634	3.0304258	0.0008615449526066244	0.005838973379547138	7
LARS1	3.5315902	4.0411425	0.0008715376483934753	0.005900588305778172	7
SNHG32	3.5299027	3.9253547	0.0008754257271854197	0.005921083749854035	7
ARMH1	3.5042038	4.4467244	0.00094784672436514	0.00634818829511405	7
GPRIN3	3.5029774	2.6743493	0.0009403853876543909	0.006303250656937634	7
DDX60	3.5024536	2.7554052	0.0009457653718675005	0.0063367791326024445	7
ATXN2L	3.4948628	2.1025944	0.0009604181311795965	0.00642639345894481	7
TPR	3.4887857	1.2085917	0.0009604815124680342	0.00642639345894481	7
TBC1D4	3.4842439	2.680825	0.0010001357635171556	0.006661150445617339	7
SLAMF6	3.4770758	5.4604616	0.0010304728195868861	0.006851537689072391	7
VOPP1	3.4669502	1.5990162	0.0010367672221525202	0.006884618768207816	7
TBX21	3.4666486	6.3440046	0.0010648675633969896	0.007044718529368526	7
TNFRSF4	3.461899	4.1713758	0.0010765478441437054	0.007116375884986997	7
NAP1L4	3.4615889	1.3477722	0.0010472923556090836	0.0069435131250216	7
HLA-G	3.4601936	4.03455	0.0010826593224456337	0.007149729540096279	7
ITGAL	3.4589021	3.327426	0.001080999996199092	0.007140177406954262	7
RCAN3	3.4570196	2.2271953	0.001080707835589061	0.00713965363669346	7
VAV1	3.4445574	3.884845	0.001132335366184233	0.007438241386052754	7
LBR	3.4432786	1.9263576	0.001119200722458979	0.0073675453268497	7
RNF166	3.4302127	2.975503	0.001178529425284532	0.007719509374928911	7
CHMP7	3.4268894	2.4652414	0.0011857535844520726	0.007760265556313554	7
RORA	3.4246602	2.2019532	0.00118964628716543	0.00777519375820837	7
TMC6	3.424315	2.0033917	0.0011891475678033247	0.00777519375820837	7
ACTR3	3.4242039	1.1511858	0.0011652878042245384	0.007644224181790581	7
RFTN1	3.4236958	3.1522956	0.0012017223907342099	0.007847930433725883	7
SLA	3.4235325	2.379284	0.001189657266245054	0.00777519375820837	7
KLRB1	3.4215279	4.3288627	0.0012150228232460107	0.007920909720990174	7
CXCL13	3.4196064	3.4919512	0.0012157381050782198	0.007922763381679668	7
PIAS1	3.4169433	1.8222086	0.0012137133059894288	0.007916989108555315	7
FGD3	3.4167674	2.3300178	0.0012177874142930206	0.00793276513163764	7
VPS13C	3.4113052	1.9277239	0.0012330125322144198	0.008021038274438296	7
CENPC	3.4084191	2.1583827	0.0012485905364751093	0.008111364552374907	7
PHTF2	3.4045637	2.5671337	0.0012675005859608748	0.008226245579278967	7
VSIR	3.3993692	2.232147	0.0012781779302516417	0.008289127215500834	7
RNF4	3.3985784	1.976593	0.0012856732843904187	0.008334512491638777	7
GRB2	3.3982773	1.2157526	0.0012584786513192077	0.00817243609756003	7
WBP1	3.3954246	3.295463	0.001310200610367263	0.00847549444017905	7
SLAMF1	3.3884168	4.5622582	0.0013430760217267603	0.008664764924935038	7
AHNAK	3.3864	1.0055152	0.0012949601026648063	0.008389850647765165	7
PHF1	3.383405	2.077926	0.001347582168283001	0.008690492887210178	7
SENP7	3.3792665	2.7369907	0.0013718304979427223	0.008833282152331897	7
TRPC4AP	3.368043	2.111527	0.0014107915187234897	0.009049408745363276	7
PCED1B	3.3612437	3.1898644	0.0014507348397284577	0.009282544307388821	7
PLP2	3.3611786	1.3074664	0.0014222336564467975	0.009115830130113136	7
VASP	3.352392	1.4190103	0.0014567064474250565	0.009315422488671845	7
GRAP2	3.351802	4.6070666	0.001497615076073531	0.009542459587116699	7
TAPBP	3.3474526	1.2105188	0.0014778440946729848	0.009434405934416936	7
TNIP2	3.3406484	1.9848176	0.0015297946250808804	0.009727173747836552	7
GALM	3.340361	2.3995135	0.0015345343376005156	0.009755461754635878	7
BTN3A2	3.34011	2.2762876	0.0015349759670706942	0.009756420108303611	7
IRF3	3.3251638	1.819479	0.0016001407599830501	0.010126475703885186	7
USP10	3.321765	1.9707105	0.0016176195820010748	0.01022358741283174	7
IFI16	3.3160095	1.5370884	0.0016245892010528589	0.010265702033254321	7
TACC3	3.3156846	2.9112418	0.0016567707234937897	0.010446105596554237	7
TPST2	3.3142426	1.8343089	0.001645225607275379	0.010384127690608515	7
MAPRE2	3.3136363	2.5485008	0.0016657219354527654	0.010495957061247644	7
PPP1R12A	3.312485	1.4497466	0.0016452861758880746	0.010384127690608515	7
FAM107B	3.3042483	1.5374769	0.001686556399408995	0.01061328108678745	7
BCL11B	3.2996492	3.080373	0.001739532441477114	0.01089961846059852	7
EML2	3.2984192	2.1928704	0.0017337061102128488	0.010874122997064552	7
NCOR1	3.2983854	1.3282145	0.0017170160499719546	0.010782706484199461	7
TAZ	3.2970865	2.5437553	0.001747672572650843	0.010944489499492518	7
LSM6	3.2883763	1.4221725	0.0017701520258855052	0.01107285884002718	7
SRSF8	3.2870305	1.5885274	0.0017836263525183658	0.011150906149080802	7
GZMB	3.2794824	3.3217404	0.0018403594066784957	0.011469248394537982	7
AKAP13	3.2757256	1.3296175	0.0018301216016928395	0.011411806774935774	7
INPP4B	3.2756467	2.319938	0.0018591795618981314	0.011575782752111607	7
OVCA2	3.2749205	4.8586636	0.0018813917779541267	0.011693162925061647	7
GPI	3.2723677	1.2552226	0.0018433113722296365	0.011485511190034227	7
NELL2	3.2721906	3.611652	0.0018901440533022314	0.011735898128806025	7
JAK3	3.262319	3.5777884	0.0019448376458638997	0.012042052700742305	7
HERC5	3.2582881	2.8168519	0.0019623081915124013	0.01213902232598994	7
PIK3IP1	3.2579007	2.2394078	0.0019555438394911677	0.012101641313722003	7
ELMO1	3.2472076	2.6477604	0.002023507657033925	0.012480777919193616	7
PTGER4	3.246628	2.8623927	0.0020301816460804216	0.012510439572144667	7
IRF2	3.23903	1.6644956	0.0020522780223448086	0.012630359109627015	7
CISH	3.2388704	2.6393685	0.002078575027138135	0.012775789808546855	7
BAK1	3.2373421	2.479643	0.0020828632862083286	0.012799801664110216	7
POLD4	3.2345517	2.382116	0.002098674724105145	0.012885163631925803	7
CYTH1	3.2294283	1.9581534	0.0021223246196603314	0.013020832278768461	7
TYK2	3.2265828	2.5444217	0.0021497648474184516	0.01317231690669753	7
REST	3.2219965	1.5423717	0.002155612266121263	0.01320091126857281	7
IGHV3-23	3.2129233	5.5468826	0.002254944047722238	0.013748968970123903	7
API5	3.2123237	1.8678215	0.002227887526835265	0.013593883124901151	7
DDX24	3.2106624	1.1000024	0.0022092141178933007	0.013489759826735701	7
TIAL1	3.201872	1.3662251	0.0022792760478584887	0.013887229413482572	7
SF3B1	3.1918917	1.1070833	0.0023311105557813024	0.014169586653037454	7
IFNG	3.187796	3.6948452	0.0024141177762707585	0.014595913619523592	7
DHX15	3.1873906	1.441028	0.0023820207495928183	0.014442400210067376	7
STMN3	3.1867578	2.6025953	0.002414302756659518	0.014595913619523592	7
CD70	3.1853998	4.7580924	0.002439778790838756	0.014732119743505138	7
LINC00861	3.183891	5.4987483	0.0024515477078396603	0.014794415557511702	7
HOPX	3.183387	2.5128732	0.0024331346328967923	0.014699165836093535	7
LYPLA2	3.1826897	1.5065687	0.002410889331173272	0.014583163040014916	7
RAB1B	3.1797884	1.45748	0.002433680849445044	0.014699818003103948	7
CHD2	3.1764302	1.5487696	0.0024600166190724324	0.014832180014436178	7
CALHM2	3.1754572	2.4517107	0.0024898703165454226	0.014987928981918525	7
SERPINB9	3.1742103	2.1800258	0.0024863207006125695	0.014969248361020678	7
SYNRG	3.1733437	1.8515309	0.0024924751029441593	0.015000218941652375	7
LSM8	3.1730993	1.0854622	0.0024571830055741604	0.014817758933830081	7
PSMA5	3.1726317	1.1022983	0.0024640042813265867	0.01484821552281262	7
SLC9A3R1	3.1707869	1.0605186	0.0024632262583080063	0.014846194416874904	7
KCNAB2	3.169481	2.9834228	0.002542336945786539	0.015251748077021338	7
ISCU	3.1621823	1.0238143	0.0025348405082076374	0.015212217836069486	7
EPB41	3.161932	2.1580925	0.0025871339116367268	0.015481723198966539	7
HNRNPUL1	3.1609678	1.2800188	0.002566551525082528	0.015383256737454087	7
THAP1	3.153973	2.3312564	0.002649603090735688	0.015790749336596608	7
SAMSN1	3.1537435	2.2422836	0.002642111669598786	0.015762907774815527	7
MYO1G	3.1520298	2.8435616	0.002669468270253137	0.01588092147083371	7
PLEC	3.1502578	1.5275879	0.0026552344102139637	0.01581488509712362	7
RPS6KA1	3.1492193	2.4905126	0.002689200240392089	0.015981301428595156	7
ANXA2R	3.145159	3.1945486	0.0027306292314362595	0.016201669034424833	7
ZZZ3	3.1400454	4.5436535	0.002780234703340685	0.016466864238875143	7
NCBP2AS2	3.1389472	4.2735977	0.002788197566431439	0.01650528319373048	7
ILRUN	3.1384177	4.1150866	0.002789141476714557	0.016507957344359087	7
DHRS7	3.1305072	1.3199826	0.0028034628482827154	0.016583941339373996	7
PSMB8-AS1	3.1278245	2.5735807	0.0028616472064765396	0.01689238101943499	7
DARS1	3.1276598	3.6370964	0.002874329331742171	0.01695232637875227	7
CCDC85B	3.1265612	1.126175	0.0028205284456303673	0.016673130876786773	7
APOBEC3C	3.1208053	2.330204	0.0029156164683718263	0.01716866080857785	7
NUCB1	3.1183977	1.4495113	0.00290857796772488	0.017130221881555788	7
RASGRP1	3.1153386	2.5585682	0.002963958773571651	0.017428846638212963	7
USP15	3.1148283	1.8496765	0.0029544726681973456	0.01737915955173749	7
SUPT20H	3.1147218	1.8318706	0.002952636708700346	0.01737140639300444	7
C16orf54	3.1143215	5.3747373	0.0029938987835158087	0.01759256466326274	7
DOCK10	3.1136043	2.5050695	0.002973936140358732	0.017484450847286982	7
RNF10	3.105328	1.3431439	0.0030116109906379337	0.017681156001573068	7
LTO1	3.1020324	5.0232596	0.003100969082296091	0.01816761641734379	7
SIGIRR	3.0953174	1.3412532	0.003095599826977888	0.018145668262262382	7
CNTRL	3.0945523	2.4522824	0.003142587124940825	0.018375909899321224	7
BIRC3	3.0943606	1.682583	0.003111901378728461	0.01822529843616751	7
SAMD3	3.0881224	5.6990085	0.0032252784881814938	0.018786778897078565	7
CTDSP1	3.087945	1.8879118	0.0031922287470779994	0.018614489639385116	7
TMEM35B	3.0835145	4.667374	0.003265781480751977	0.01899330302524315	7
ZFAND2B	3.081711	1.8784134	0.0032498107317393892	0.018910808770518886	7
XAF1	3.0804825	1.789878	0.0032464173613584615	0.01889434057215411	7
ERAP1	3.0742474	2.6874115	0.003337080837186824	0.019374939996552407	7
MIR4435-2HG	3.0737984	1.5429503	0.003296263157624598	0.01914789791650271	7
FAM13B	3.0724034	2.4090588	0.0033497230258086328	0.019431209986339838	7
CYTH4	3.0711937	2.6872392	0.003359364889583363	0.019473981638699546	7
NUMB	3.0711591	1.8771678	0.0033508278990188015	0.019431209986339838	7
C19orf12	3.0701747	2.653154	0.0033736995581382986	0.019536819212623735	7
SGMS1	3.064097	2.3304102	0.0034309543534969318	0.01983413305250613	7
R3HDM4	3.0612783	1.8190097	0.003440672939580151	0.01988688800042355	7
CERT1	3.0597217	4.582571	0.003492952444045731	0.020161833692554823	7
PYHIN1	3.0589058	3.7456205	0.0034930507613796864	0.020161833692554823	7
ARHGEF6	3.057579	2.6372628	0.003496485692194155	0.020178187646573323	7
FBXO7	3.0526514	1.384928	0.0035070436809116704	0.0202321555042068	7
RAMAC	3.0449464	3.4589584	0.0036324587544061164	0.020880256912002664	7
HDAC7	3.0441177	2.131573	0.00361885007654462	0.02081630087761672	7
CLEC2B	3.0428772	1.5040817	0.003580898717724133	0.02061213727324269	7
MLLT6	3.0415208	1.5345818	0.003618063501061853	0.02081534612163218	7
TUT4	3.0411656	1.8736987	0.003642306152081173	0.02092838391534902	7
UTRN	3.0391364	1.522664	0.0036438658608703087	0.020931478821622027	7
CARD8	3.0387728	2.3450742	0.003681969451775758	0.021110587586668495	7
H1-10	3.0385644	3.6859195	0.0037025990149103724	0.021196408915546604	7
GIMAP2	3.037575	2.9810755	0.0037026254386031293	0.021196408915546604	7
SAMD9L	3.0366507	1.9861451	0.0036799659813671506	0.021102707981028482	7
SF3B4	3.0361028	1.3555515	0.003672813211527978	0.02106889480551734	7
NUTM2A-AS1	3.0343442	1.9471064	0.003719038215614504	0.021272213640846877	7
ARHGEF3	3.0332098	2.4990702	0.003740069783936295	0.021368500704936583	7
KPNB1	3.0330446	1.1079718	0.0036948051429198077	0.021164964336052305	7
DDX60L	3.0316043	2.5826051	0.003755812307603697	0.021444451221015983	7
UQCRHL	3.0306375	2.212532	0.0037683036812423826	0.02150632529735422	7
SPSB3	3.0304654	1.3977566	0.0037394295815369617	0.021368500704936583	7
STAT5A	3.0289354	2.566633	0.003790529488562693	0.021607435346002936	7
SAMD9	3.0286226	2.0976348	0.003774422474172564	0.021530255817384686	7
PASK	3.025918	3.527349	0.003834077853691254	0.021829707229784136	7
IGKV4-1	3.0215263	4.2991242	0.0038799239513752936	0.022060777971364423	7
PARP15	3.0201604	7.2329535	0.003910167811172862	0.02221015047494479	7
ARID5A	3.0163646	1.6257864	0.0038827945670099496	0.02206961744993742	7
RUNX3	3.015405	2.1195529	0.003920278715623722	0.022244607140585806	7
CRLF3	3.0140648	3.0763118	0.003957738664895085	0.022423397391764535	7
CNPPD1	3.0109198	1.6308991	0.00395365248030284	0.02240781646533247	7
N4BP2L1	3.00695	2.298676	0.004026909285561661	0.022776823667288983	7
PSIP1	3.001008	1.33014	0.004041397454339812	0.02284721254272908	7
IL4R	3.000585	2.1556065	0.004090552790633993	0.023074542743130637	7
MAPK8IP3	2.997343	2.8721888	0.004145523304459925	0.023320974125393475	7
NRDC	2.99729	1.4285914	0.00410707181113123	0.02314048305344408	7
MX1	2.9948912	1.5603093	0.004128700596447691	0.023250629064044993	7
GET4	2.9922755	4.061013	0.004216806679486631	0.023663361692598476	7
FAM78A	2.9910643	4.2585526	0.004232870572609748	0.02373762111284126	7
GRK6	2.9900763	2.5449653	0.0042261137622307005	0.023706444601129213	7
CD28	2.9882805	3.833079	0.004260647866221146	0.02386546260536464	7
IFI27L2	2.9881907	1.2918562	0.004179787288949482	0.02348312319240445	7
CCDC88C	2.986893	2.2508602	0.0042593835491581515	0.023862365729466106	7
PPWD1	2.9838057	2.3159673	0.0042921668533049614	0.02401393968752322	7
ILK	2.9831028	1.2721066	0.004249220669079902	0.023809407026663714	7
TCF7	2.9824142	2.1611526	0.004308668509994879	0.024086175082289704	7
PKIA	2.9820585	3.458645	0.00433205802808558	0.024196698277653247	7
ATP2B4	2.9813359	1.8753308	0.004310567932128606	0.024092777705636653	7
PTPN22	2.9764059	3.1364236	0.004390717255053412	0.024479562408867436	7
RASA2	2.9751925	1.8618343	0.0043764433511901775	0.024416215309758772	7
DDB2	2.9723685	2.1342106	0.004425401117849701	0.024652446253744697	7
GLIPR2	2.9709713	1.8325558	0.004421966992049601	0.024637407787431172	7
DOCK8	2.9709306	2.3200235	0.004451154558568846	0.02477122532751911	7
MX2	2.9665964	2.0357513	0.004487899004148792	0.024950873611495877	7
OTUB1	2.966292	1.3088413	0.004466505069407809	0.024844286323881814	7
CD47	2.9529057	1.0541446	0.0046071984527475355	0.025559054466358762	7
EZR	2.9500492	1.0216347	0.004645487544347926	0.025737412904686785	7
OAS1	2.9451602	1.9789207	0.004771312079277484	0.026339668224636844	7
SYTL1	2.9434586	1.7630675	0.004781458002509683	0.02636877390039087	7
DENND10	2.9411576	4.0895243	0.004861494943315821	0.026739816643777628	7
DHX30	2.9400504	1.541473	0.004824247892348043	0.02656980271875956	7
KLRG1	2.9316423	4.084101	0.004990150242184182	0.027362208480153614	7
TNIK	2.9265172	2.425778	0.0050384359428017386	0.027599898735507614	7
PPP2R5C	2.9260364	1.5429235	0.00501809349648386	0.027501940190451817	7
CLN3	2.9256158	2.7513103	0.005059223898266607	0.02768212541138014	7
NSF	2.9157054	2.1026504	0.0051834202444627836	0.028264850986754388	7
ENO2	2.9081795	2.4325616	0.005297473844892523	0.02878849161236878	7
KXD1	2.9066792	1.1638782	0.005253472492968574	0.028600344243898547	7
TOX	2.9053197	4.3130417	0.005366149976276889	0.029123954102638048	7
RAB33A	2.9025433	4.2538056	0.005405380660265215	0.02930789007948343	7
SESN1	2.900902	2.3084562	0.005400834789794762	0.02929324056993954	7
ARL5A	2.8976293	1.6435333	0.005423031024782672	0.029389866473135497	7
AOAH	2.8920252	3.526931	0.005558973555786229	0.030047505925658864	7
ATP8A1	2.8912544	3.5246248	0.00557000311498165	0.03008762364991552	7
SHISAL2A	2.887492	5.612132	0.005642441797284915	0.030397227806413962	7
ST8SIA4	2.8861709	2.526314	0.0056227909595103955	0.030320583854170125	7
RGL4	2.879012	4.097489	0.005764010860806207	0.030967593830258044	7
GOLGA8B	2.878625	2.3682096	0.005749655997823087	0.03091027597739769	7
NGRN	2.8759997	2.2103326	0.005774090616197824	0.031001884641890697	7
PPP1R2	2.8745952	1.1396415	0.005754328524254423	0.03093043798590026	7
OGT	2.8731298	1.5381192	0.005800843760041677	0.031130576088889264	7
KCTD13	2.872585	2.8083634	0.005855880271181525	0.03137573165745999	7
IGKV1-5	2.8724499	4.734717	0.0058713557867508944	0.03144358046358163	7
CCM2	2.870676	1.6497966	0.005846052002561123	0.03134309945938341	7
DGKA	2.868164	3.4650822	0.0059344155283588135	0.031740748084306006	7
ADD3	2.866367	1.4568765	0.00587268336684914	0.031445669349854245	7
GRK2	2.8648458	2.1326287	0.00595399289941524	0.031830232043239814	7
CZIB	2.8626213	3.6098301	0.006022299616171593	0.0321288295571833	7
LINC00869	2.8558288	5.3821306	0.006151749881664708	0.03273613244183975	7
NLRP1	2.855427	2.7784276	0.006127479507679262	0.03264323223746349	7
CNOT6L	2.8544073	2.0681698	0.006135609403499409	0.032674728774907257	7
ABI1	2.854042	1.3244369	0.0060915803529738785	0.032462296888957236	7
ITM2C	2.8486202	2.2982428	0.006234636421499715	0.03312465392262347	7
MARS1	2.8485413	4.2656407	0.006269460046633814	0.03327804390317214	7
PTBP3	2.8453557	1.1901808	0.006229809134694208	0.0331099208474191	7
POLR3GL	2.8450146	1.5282614	0.006264634571596783	0.03326295839257998	7
CDS2	2.8443947	1.7475193	0.006285757135362233	0.03335399146925877	7
DPYD	2.8376396	2.458754	0.006423917250626054	0.03401714690610175	7
TNFRSF18	2.835659	2.9806302	0.00647930373403375	0.03428337695901972	7
WARS1	2.833974	3.651224	0.00651461010768263	0.034437594581841306	7
APOL6	2.8311098	1.6542917	0.006506705556767732	0.03440665475004674	7
EMD	2.8279877	1.1186167	0.006526355768775389	0.03448338040965585	7
EOMES	2.8268902	5.052741	0.006648339896852704	0.035039592784465196	7
MCRS1	2.826191	1.6189468	0.006598452215715932	0.0348259143614993	7
RALGDS	2.8253405	2.09194	0.00663989994021709	0.03500611189795999	7
PBXIP1	2.8247259	2.0603192	0.0066452208134352405	0.035028658070632	7
GARS1	2.824295	3.6955142	0.006686639367198623	0.03519720197978798	7
ARID4B	2.8235085	1.0222633	0.006595547040089025	0.034821539945163855	7
AUP1	2.8231351	1.0044535	0.006603432819316624	0.03484671809199165	7
NOP58	2.820109	1.139729	0.006653657317411009	0.03506138550239095	7
KMT2A	2.8165083	1.2488867	0.006737232739818176	0.03543015417470075	7
MIAT	2.8155775	3.0374258	0.006833153608772849	0.03586710566382631	7
TMEM109	2.8147976	1.4670858	0.006797843242629899	0.035709704025223096	7
RETREG3	2.811904	1.9268827	0.006866348268511736	0.036007533970317716	7
TRAF1	2.8099914	3.1964533	0.0069408937528645295	0.03637002302215735	7
ADA	2.8061035	2.7683132	0.007003635243423269	0.0366529770166422	7
ANTKMT	2.8015542	3.3096378	0.00710558968513757	0.03714018756883267	7
NRROS	2.7932327	4.1276574	0.007273799911679943	0.03794844032316954	7
PPP1R21	2.7929096	2.366404	0.007243527901073421	0.03780814960004725	7
TAF15	2.7920353	1.3152583	0.007212485036332972	0.03766370241376992	7
RASA3	2.7915075	2.9842346	0.007291996655576275	0.03803745875967089	7
SH2D3C	2.788035	3.2301395	0.00735764838935489	0.0383322281185698	7
ZC3H12D	2.7869656	4.788666	0.007401840579146601	0.038532536840781645	7
LIN37	2.7865891	3.8711722	0.0074033529222896615	0.038534428983010176	7
LRP10	2.7850897	1.1019541	0.0073181632589711535	0.038156150142880686	7
CMPK2	2.7841363	2.6196775	0.007432583696794953	0.0386595103209027	7
TRAPPC5	2.7813153	2.8991818	0.007493664083787372	0.038931999230841424	7
SPTAN1	2.7793844	1.4667213	0.007481632404511915	0.038881535866088335	7
TRIM14	2.7754307	2.020138	0.007586250069176112	0.03939470716368416	7
SEL1L3	2.7751415	2.679889	0.0076065214975059815	0.03946942103153591	7
SLC7A5	2.7741227	1.6758661	0.007596294701210985	0.03943465726254723	7
ST6GALNAC6	2.7739186	3.7310655	0.007657573067337202	0.03968520677558051	7
ZFAND3	2.7736866	1.4479476	0.007588663364299705	0.039401138994113995	7
MYD88	2.7723234	2.037686	0.0076530005490475705	0.0396676389144807	7
FBXO31	2.7709148	2.947433	0.007703583373594182	0.03989283463543654	7
UBASH3A	2.7702837	6.667495	0.0077464932620304764	0.04007656252104856	7
CMTM7	2.7695086	1.4839	0.00766223305762939	0.039703222460365735	7
VPS26B	2.769306	1.7565237	0.007701829384145237	0.03988991034181831	7
SENP6	2.7671807	1.5101599	0.007738932314330773	0.0400449751241852	7
DDOST	2.7634284	1.1271049	0.007783077253753758	0.040242360747364696	7
INPP5D	2.763007	2.6798162	0.007859860343991892	0.040564329250320365	7
SAMHD1	2.7550416	1.568973	0.007965932393794586	0.04106121690798589	7
COPS7B	2.7549555	2.0988748	0.008017716679131807	0.04127106125456721	7
TSPAN17	2.7505343	2.4671319	0.008129087203671245	0.0417610221930368	7
RNF44	2.748157	1.8544762	0.008147098153445366	0.04182839319174803	7
ETV7	2.7470129	2.9199958	0.00821204951948292	0.04212270269658611	7
HELZ2	2.7461598	2.0199015	0.008197424471587896	0.042054116580227834	7
YARS1	2.7393417	3.997663	0.008401818626853855	0.042984291540103185	7
THEM4	2.738693	1.7188226	0.008350105752708944	0.04273281920225979	7
PCGF5	2.7377899	1.4928069	0.008352337483421027	0.04273771953187257	7
NUP210	2.735718	2.0228493	0.00843619878912901	0.043114207463991486	7
DENND1C	2.7339592	4.0868473	0.008515101169360632	0.04344062892130749	7
MICAL1	2.73296	2.6431527	0.008515611793255919	0.04344062892130749	7
ILKAP	2.7323909	1.6522044	0.00849349562238894	0.04336078183722183	7
ATP6V0A2	2.726477	2.4143229	0.008657527635776738	0.04408880048174846	7
MIR155HG	2.72538	3.2572358	0.008708440684826648	0.04432318801362225	7
SNRPA	2.7208998	1.4119023	0.008745223452295453	0.04446991203963641	7
S1PR1	2.720219	2.5477195	0.0087883148482405	0.044641658083421874	7
GPR132	2.7185986	3.9799771	0.00887340788421583	0.04501935771358088	7
MLLT3	2.7139902	2.0241601	0.008942706465301035	0.04532980467774853	7
LY75	2.7105403	2.9303772	0.009047126736222467	0.04578990159342656	7
TMEM43	2.70564	1.6896538	0.009116090604867452	0.04607637055121446	7
TRAF5	2.7040892	2.1746066	0.009183142490522715	0.04640828420590966	7
HSPA14	2.7032983	2.5202868	0.00921725126638442	0.046552601223580764	7
CRTC2	2.7007396	2.4375749	0.009268941314915716	0.04677140975531639	7
UBL7-AS1	2.7002795	3.0475154	0.009301372005517608	0.04689977727556616	7
TNFSF14	2.6998854	3.6672993	0.009312064009402625	0.04693957603537322	7
PIBF1	2.6995156	2.3836238	0.00929982386439276	0.04689902153594911	7
MARCHF7	2.6994143	3.6467612	0.00933020738732761	0.047023964835214926	7
RSAD2	2.6992264	2.4089916	0.009299378568612569	0.04689902153594911	7
SYTL3	2.6971056	2.8587198	0.009365489450762236	0.04715926762768596	7
GYG1	2.6934328	1.4066498	0.009388299757522357	0.047247698188984485	7
GTF2B	2.6905916	1.5085344	0.009470533510189403	0.0476238627384202	7
TSPAN32	2.689684	5.1243773	0.009580427842788822	0.048094878299342815	7
ADSL	2.6885915	1.9343756	0.009544781193627125	0.04794690819461546	7
FOXN2	2.6826427	2.3120728	0.009710552513020686	0.04864849019256562	7
PLEKHF1	2.6818752	2.2325594	0.009725088279528029	0.04871403613853787	7
NDE1	2.680714	1.8239288	0.009744154773970781	0.04878653690959727	7
LYST	2.6737022	1.8028835	0.009931749353511767	0.04953469220314322	7
IFI44	2.671397	1.8508327	0.00998145633787367	0.04973823013350479	7
PTK2B	2.6711915	2.3199413	0.010015751454585088	0.04986467560312282	7
IFI44L	2.6707666	1.4767599	0.009944553277114914	0.04958380577786701	7
PRKX	2.6707642	1.6484559	0.009986296918499645	0.04975487161973651	7
MTCO2P12	64.034134	8.769836	1.4720385747999556e-48	6.171705729670664e-46	17
H3-3A	48.049217	7.000082	2.8371533136357786e-30	5.200052420363806e-28	17
PPDPF	25.201706	3.0937326	2.8984861183565097e-24	3.574195694698371e-22	17
H3-3B	21.625444	6.684938	6.02345859720931e-18	4.1315506095909506e-16	17
MTRNR2L12	19.359776	5.510537	5.742269113147833e-17	3.573310729574981e-15	17
GABARAP	17.754715	4.6498265	6.024762375177504e-16	3.340108344228573e-14	17
RPS26	17.227558	2.375416	4.697899170139705e-17	2.950790937559098e-15	17
EEF2	16.05125	2.2036934	2.8196665510476673e-16	1.624990305647591e-14	17
ATP5MC2	15.5942545	1.6550441	1.1742148877218076e-17	7.845486364357998e-16	17
PABPC1	14.966299	1.7979157	2.7397022440269425e-16	1.581623975334039e-14	17
ATP6V0C	14.805569	5.2617793	8.638476375382122e-14	3.758017329529076e-12	17
ALDOA	12.799074	4.124738	1.5284123548862618e-12	5.734281744434017e-11	17
SEPTIN2	12.553309	5.140557	3.5173848267815932e-12	1.264486650322416e-10	17
GATA3	12.271596	3.6578434	2.449343368229528e-12	8.968714619409017e-11	17
RPL14	11.975134	1.4286592	1.5715169072420183e-12	5.885586528632867e-11	17
H2AZ1	11.699256	5.06811	1.4957976599933368e-11	4.967381120181833e-10	17
COX8A	11.262291	1.8269339	5.614197031376675e-12	1.9656135973841863e-10	17
GPX1	11.134871	4.3227572	3.186129471189872e-11	1.0062708907079048e-09	17
CCNI	10.769326	1.6101954	1.265337441085854e-11	4.2568388276289496e-10	17
AR	10.721349	3.3115792	6.435529803188351e-11	1.9516646033340008e-09	17
SPDEF	10.612714	3.4614022	9.092735276618203e-11	2.7085207274693706e-09	17
DCXR	10.566487	3.0763566	9.196156184969333e-11	2.73689684649562e-09	17
GPX4	10.527844	2.0111325	4.208399630121124e-11	1.3033604062224619e-09	17
RPLP0	10.466495	1.3399879	2.8752278832287e-11	9.158406308772444e-10	17
YWHAZ	10.417239	1.4552543	1.7043378679606833e-11	5.615441692462602e-10	17
MLPH	10.303599	3.7623518	1.8597867833768425e-10	5.3406770977091325e-09	17
RAB25	10.089205	2.7015584	1.932531442469987e-10	5.530634565860566e-09	17
SARAF	9.794466	2.083356	2.1276095466959425e-10	6.063054528948905e-09	17
TMA7	9.758488	1.2707101	9.696440497819758e-11	2.8781266436935622e-09	17
EEF1D	9.62394	1.226106	1.6428999018824738e-10	4.746296779417747e-09	17
RHOB	9.47533	2.5997632	5.877879321985957e-10	1.579727166175729e-08	17
H2AJ	9.181926	5.9169927	2.390914556695335e-09	5.913987105170961e-08	17
BCAM	9.069584	4.010134	2.6696920673157493e-09	6.560010375812275e-08	17
ATP6V1G1	9.001657	1.8267531	1.5905766568880865e-09	4.032466488940538e-08	17
HMGN2	8.89518	1.7318733	1.3163332487536565e-09	3.3677447365710443e-08	17
ATP6V0B	8.788066	1.125013	3.795513588122165e-10	1.0512412985896411e-08	17
TOMM20	8.725133	1.507492	1.6061752021284489e-09	4.059737939305976e-08	17
H1-0	8.585684	6.8839364	8.634996905108381e-09	1.9707015071092213e-07	17
TMEM219	8.548155	1.7765	3.1871306987835405e-09	7.746344258543386e-08	17
EIF4B	8.451106	2.2307477	6.805330336344378e-09	1.5774539378806274e-07	17
TCEA3	8.43452	3.236428	9.551930197994862e-09	2.1676677318737867e-07	17
SELENOW	8.387216	2.106511	7.232040472627974e-09	1.6682934628089055e-07	17
ENSA	8.383772	1.8398947	5.587578921438236e-09	1.3091529354727472e-07	17
KAT6B	8.338568	4.1791105	1.3454184198874801e-08	2.971980646071905e-07	17
NFKBIZ	8.333191	3.1707802	1.1605325926999422e-08	2.589848549018547e-07	17
FOXA1	8.255381	2.4578714	1.0198039477685278e-08	2.2971957160580381e-07	17
PCBD1	8.201975	1.8833895	8.795412284443182e-09	2.0041231211447605e-07	17
EEF1A1	8.109535	1.1265512	1.1855947726753708e-08	2.6440182360574874e-07	17
PKIB	8.001817	3.3970733	2.5237600236781224e-08	5.360952182025832e-07	17
MYO6	7.957718	2.2509575	1.945555292411898e-08	4.1938219834696314e-07	17
ESR1	7.736807	3.4520755	4.6451229920660526e-08	9.488554828068664e-07	17
LYPLA1	7.6626554	2.6777065	5.01337081041296e-08	1.0148067009780393e-06	17
FSIP1	7.6334505	4.830123	6.766319097350042e-08	1.3428941351728863e-06	17
TPRG1	7.611191	4.777347	7.094468341554693e-08	1.4063567532156382e-06	17
LDLRAD4	7.550106	3.4834697	7.474852720030013e-08	1.4773956103861322e-06	17
ZG16B	7.5483007	3.1181097	6.930533942368345e-08	1.3746720222411396e-06	17
MICOS13	7.5356984	4.82729	8.387471220673463e-08	1.6422893882814282e-06	17
NFIC	7.522264	2.2165794	6.142622597206042e-08	1.2292941797905003e-06	17
ANKRD30A	7.498077	3.3866942	7.67248342828295e-08	1.5146719639084074e-06	17
CPB1	7.4465485	7.8348446	1.072837949833088e-07	2.058584535203181e-06	17
SRP9	7.4304914	1.4986901	4.826542760570745e-08	9.811337620139598e-07	17
HMGN1	7.3405886	1.1597017	4.264211105608839e-08	8.763842199339832e-07	17
CERS2	7.258083	2.593319	1.324939882628515e-07	2.507889876029516e-06	17
PRKAR1A	7.233833	2.1131704	1.2134751210440183e-07	2.3138811276257767e-06	17
IGF1R	7.2206254	3.4821224	1.6381037522193075e-07	3.0530855214208123e-06	17
BNIP3	7.1563034	2.5131552	1.540632434920224e-07	2.8820051589324727e-06	17
NDUFC1	7.1373806	2.10241	1.6307123649078315e-07	3.042031336561378e-06	17
MAGED2	7.1216106	3.1154547	1.967893377462146e-07	3.6048668363439563e-06	17
ALCAM	7.118968	3.3436024	2.0518988194037343e-07	3.7424001251560983e-06	17
RBIS	7.0897846	4.572169	2.332423777674065e-07	4.215076827961521e-06	17
BNIP3L	7.086636	1.8931466	1.5295734641822847e-07	2.8645127617050815e-06	17
QDPR	7.0564947	3.580767	2.4597896504723547e-07	4.419057561140506e-06	17
SH3YL1	7.046801	2.6936314	2.2425760732031416e-07	4.06804997681485e-06	17
PSD3	7.022845	4.128962	2.736578923697008e-07	4.8693683649719546e-06	17
KRTCAP2	6.968002	1.7728636	1.9991270615253244e-07	3.654099224556998e-06	17
NECTIN2	6.9377685	2.448779	2.7591183838610995e-07	4.904270785007162e-06	17
TCEA1	6.921255	2.2816198	2.885563576162666e-07	5.1127674542034856e-06	17
NEDD4L	6.9159827	3.3168228	3.3200366709524893e-07	5.818043363658174e-06	17
NDUFB2	6.892752	1.195459	1.7330830032041375e-07	3.2133409071569917e-06	17
MTRNR2L8	6.872975	2.8346043	3.398006414911829e-07	5.945359059079691e-06	17
CIRBP	6.870203	1.2983173	1.8952093646463548e-07	3.4888703237982097e-06	17
FASN	6.8104944	3.066536	4.0840394339329665e-07	7.013966546520514e-06	17
FBP1	6.786116	2.7356937	4.059471944671513e-07	6.975345722142788e-06	17
KRT19	6.7790265	1.7413843	1.718607067118067e-07	3.1935623068258775e-06	17
KIAA1522	6.735775	3.4541125	5.26731966384188e-07	8.833558442246025e-06	17
SLC44A4	6.7347383	3.8372605	5.326036481822318e-07	8.923106375464654e-06	17
HNRNPF	6.688492	1.4464527	3.5026956464279216e-07	6.106232571561274e-06	17
NDUFA3	6.6724906	1.9662329	4.946837382528224e-07	8.346170656306799e-06	17
ASAH1	6.6662226	3.6828647	6.27043542099133e-07	1.0345138930421555e-05	17
ERBB3	6.6516476	2.2432165	5.365555274882286e-07	8.97139030283284e-06	17
C1orf43	6.6382475	1.8756083	5.346655342773008e-07	8.953178574735369e-06	17
AZGP1	6.6378145	2.2624931	4.64861196065317e-07	7.882663992531243e-06	17
GNG5	6.618103	1.73754	5.468632452329314e-07	9.111942428394313e-06	17
SMIM29	6.5972548	2.3719451	6.181084493277899e-07	1.0212795812267686e-05	17
AFF3	6.583893	4.1074204	7.832686124365916e-07	1.2697734427131812e-05	17
HIGD2A	6.5693927	1.5619075	5.417114299830435e-07	9.053085736453044e-06	17
SPINT2	6.526651	1.4293809	4.778338355033248e-07	8.088367287942034e-06	17
MUC1	6.4910493	2.4165652	7.891049116846119e-07	1.2779994129798922e-05	17
ANKRD50	6.4823594	4.679353	1.0242245134940031e-06	1.6281286448863678e-05	17
ACSL3	6.4821	2.79832	9.225584956229093e-07	1.4779160146130429e-05	17
RAB1B	6.4188	2.5096934	1.0283788894382849e-06	1.6339581397749653e-05	17
PDCD6	6.4156	1.447829	7.556208762205517e-07	1.227920533396973e-05	17
VAV3	6.413495	2.800439	1.0716617268752062e-06	1.695500282128363e-05	17
PLAAT3	6.3836403	5.1266418	1.2914274888499808e-06	2.0044317169605368e-05	17
NAXE	6.3784394	2.3145914	1.125384516147251e-06	1.767159272289089e-05	17
NUMA1	6.364188	2.714802	1.2263542955878736e-06	1.912280308150296e-05	17
CNBP	6.3480263	1.4202119	9.342679623962391e-07	1.493626393075894e-05	17
FN3K	6.3299947	4.824624	1.4823821307559868e-06	2.2807605067746127e-05	17
EVL	6.328268	2.5393038	1.264883480784279e-06	1.9650512658168365e-05	17
ELF3	6.2782354	1.5902376	9.226785529947562e-07	1.4779160146130429e-05	17
PCBP2	6.2554455	1.2600316	1.1455371887268871e-06	1.7954382589555724e-05	17
C12orf57	6.2072625	1.4936116	1.422284922836536e-06	2.1953455405826163e-05	17
COX16	6.1919117	2.9284637	1.916222770176683e-06	2.8795711440186434e-05	17
IER2	6.178421	1.0173686	6.395677152206317e-07	1.0541395939172094e-05	17
COX6C	6.163412	2.9707	1.9527705964719615e-06	2.9266254949180542e-05	17
PHPT1	6.155416	1.5030924	1.560905850752666e-06	2.3895181716154806e-05	17
MAST4	6.154009	3.502738	2.208687389989902e-06	3.28230322320121e-05	17
GSTM3	6.1503963	2.1385381	1.7408804987725484e-06	2.6421209415986444e-05	17
PLEKHF2	6.142034	2.808816	2.138029082823263e-06	3.1857678128376305e-05	17
SIGIRR	6.141126	2.3438606	2.0080766836382488e-06	3.0068258949067186e-05	17
NGRN	6.129244	4.1676617	2.3736772668570323e-06	3.510384003864714e-05	17
DUSP4	6.125619	2.801828	2.1844924142521497e-06	3.24922661048476e-05	17
CERS4	6.0884056	2.8728654	2.4488971695446208e-06	3.615249118120428e-05	17
SUMO2	6.0833845	1.0689529	1.7952974104236178e-06	2.714881444680729e-05	17
C9orf16	6.0821433	1.2343265	1.5429216108886234e-06	2.3641449863323584e-05	17
ZC3H11A	6.067959	4.551442	2.791928191466448e-06	4.085692123471908e-05	17
RBM47	6.0402975	2.2392979	2.5718616222462196e-06	3.785116747334815e-05	17
RAB11B	6.012708	2.2067316	2.7486511956369554e-06	4.0258737883344595e-05	17
POLR2L	6.0109034	1.0714562	1.6573447846605945e-06	2.5222114760947425e-05	17
KIAA1324	5.980413	2.730847	3.1849531484888594e-06	4.592713394387998e-05	17
GSE1	5.9632444	2.628943	3.2568593002256206e-06	4.680304960962619e-05	17
AHNAK	5.9579887	2.0175152	3.109865167176601e-06	4.4902276182638985e-05	17
NCOR1	5.9485316	2.1797588	3.271310495998343e-06	4.69704731790584e-05	17
CUEDC2	5.930907	2.2963881	3.4649131452841675e-06	4.95593397893289e-05	17
NME2	5.89479	2.9722447	4.010517890847247e-06	5.678209395394997e-05	17
CIAO2A	5.8445787	4.686625	4.846388740714949e-06	6.750528436558144e-05	17
PRKACB	5.838899	4.643568	4.962512131879884e-06	6.895096081830289e-05	17
NAT1	5.834782	4.2575235	4.9599488228763005e-06	6.894390529137753e-05	17
AKR7A3	5.8087854	4.632373	5.336660231835504e-06	7.384361420626842e-05	17
PLAAT4	5.783333	4.3856425	5.554601004322046e-06	7.641791316077349e-05	17
EIF3F	5.779294	1.2239125	3.838245389164377e-06	5.457337371681322e-05	17
KDM4B	5.767635	2.6594834	5.422818126065854e-06	7.491216753145586e-05	17
MRPS30	5.7506356	2.777402	5.692199407639117e-06	7.815065916153238e-05	17
PRLR	5.7336	2.4846954	5.762701554283615e-06	7.908624092971633e-05	17
CA2	5.725524	4.6541586	6.544443286438841e-06	8.894131777570712e-05	17
ABHD2	5.705255	3.9784317	6.870176174795788e-06	9.298978369222437e-05	17
SMIM22	5.680655	2.1015167	6.095996190797322e-06	8.325155058450039e-05	17
NDUFB1	5.67082	1.171643	4.90219476661575e-06	6.822593969587505e-05	17
TMEM141	5.647806	1.7964145	6.500489929568023e-06	8.841562559920562e-05	17
EMD	5.619521	2.2401412	7.763204896112206e-06	0.00010423765229003183	17
DYNLRB1	5.607914	1.4155275	6.840800972807014e-06	9.263112855426729e-05	17
TC2N	5.5958357	3.0679154	8.707419016927196e-06	0.0001159871093116581	17
EFHC1	5.5865703	2.8039808	8.642577380962727e-06	0.00011535244247308828	17
RABEP1	5.5796623	2.462776	8.691677711353753e-06	0.00011582342555284714	17
LYPD6B	5.5595355	3.6079018	9.69036485508746e-06	0.000127962412442712	17
SCAND1	5.558669	1.2935114	7.030899345630559e-06	9.49369544894503e-05	17
GNG10	5.5569444	4.7173133	1.0032843602491865e-05	0.00013217266585670843	17
SLC39A6	5.5272202	2.6835713	9.889059758075715e-06	0.0001304321483860077	17
SNHG9	5.4818563	2.103836	1.0427601124375725e-05	0.00013688434136124565	17
WBP1	5.476082	5.174729	1.236665741683848e-05	0.00015916732786576342	17
JTB	5.4758377	1.1555772	8.821056981553777e-06	0.00011736099651657884	17
VPS28	5.4569325	1.3224046	9.48197143917081e-06	0.00012540804575758208	17
NDUFV2	5.4318256	1.6754866	1.1790633880834224e-05	0.00015263205364610604	17
TMEM14A	5.4315434	1.7979883	1.1559707721861596e-05	0.00015016427447674664	17
H2AW	5.4268913	6.7509623	1.4093948431317883e-05	0.00017879165065613962	17
PBX1	5.4263263	1.7320596	1.1175734028945188e-05	0.00014562754276023718	17
FIS1	5.4232535	1.457973	1.0931774925922646e-05	0.00014283703264136012	17
ZNF428	5.416877	2.0883894	1.274534637901573e-05	0.0001634142442272808	17
CRAT	5.4106035	3.6174316	1.4219226834621201e-05	0.00018017645910843586	17
PAFAH1B3	5.4104533	1.8235896	1.2335290280741325e-05	0.00015882455712335692	17
NME3	5.4078155	1.4250195	1.0781324183909032e-05	0.00014103603527788333	17
TMEM230	5.4048667	1.424004	1.1411016281812852e-05	0.00014840515591635705	17
CANT1	5.403408	2.708737	1.3975193872698229e-05	0.00017762106013041731	17
TBC1D9	5.384143	2.244353	1.3851580297992042e-05	0.00017618348683160831	17
NAA38	5.369662	1.6021367	1.3239125160742506e-05	0.00016901025402667582	17
UBE3A	5.3524923	1.9092567	1.4440904092176321e-05	0.00018277825062478715	17
RO60	5.3477974	4.8558774	1.6952729774959317e-05	0.0002119312371904251	17
TMEM14B	5.346882	1.4698199	1.3386601880161071e-05	0.00017065754985271095	17
C18orf32	5.332066	2.994018	1.684629977313343e-05	0.0002107578294258368	17
H2AC6	5.320087	6.2556276	1.8411818748082675e-05	0.0002282997458888876	17
EIF4G2	5.306069	1.06305	1.2197030118579955e-05	0.00015728588512391016	17
APBB2	5.289053	3.732782	1.9365649638182358e-05	0.00023906634321467594	17
ZNF91	5.288425	2.5920644	1.8567286530168092e-05	0.0002299724363029424	17
SLC25A3	5.242631	1.0254296	1.5031809673213474e-05	0.00018947084864684446	17
FAM3B	5.2404103	4.843562	2.2396588035750617e-05	0.0002721753475750404	17
CD9	5.2033343	1.3100986	1.7934327843752506e-05	0.00022279084822492696	17
TFAP2A	5.19721	2.1645317	2.2362407599194624e-05	0.00027185846802630915	17
CUX1	5.1764994	2.4453533	2.4479281030557018e-05	0.0002947091044673054	17
TMEM179B	5.1734967	1.7598865	2.325431537871673e-05	0.00028157869751535666	17
TTC3	5.159077	1.706854	2.385759728416074e-05	0.00028784448579425735	17
UHMK1	5.1427116	2.0580597	2.5684482089396452e-05	0.00030844368555690886	17
OLA1	5.1204333	1.8103807	2.6438443592776664e-05	0.00031613969217302035	17
MKNK2	5.1146502	2.4055867	2.8518617281457354e-05	0.00033895922829105637	17
MED13L	5.1109047	3.0902178	3.02821984770653e-05	0.00035776513530089724	17
ADIPOR1	5.101698	1.9548187	2.8873194864016185e-05	0.00034268783755625156	17
PARK7	5.098905	1.19431	2.5839195016103825e-05	0.00030985786200755754	17
SERTAD3	5.0765085	2.572188	3.204242784543549e-05	0.00037604446198871645	17
NORAD	5.0757008	2.004518	3.090953548037575e-05	0.0003642785416539997	17
KIF5B	5.074538	1.6183964	2.967711287263223e-05	0.00035135899853898963	17
FLOT1	5.068115	1.8387632	3.096324762878599e-05	0.0003647833820572922	17
ARF5	5.062955	1.6835634	3.0592307171761e-05	0.0003609203569637833	17
PHGR1	5.0453887	6.1233144	3.6892133575865374e-05	0.00042683651337292185	17
MRTFB	5.040238	6.4782586	3.742240648575429e-05	0.00043207743061572624	17
LAGE3	5.020153	1.4874208	3.1792731124653315e-05	0.00037376796167262424	17
H2AZ2	5.01148	4.0430017	3.9191051488032674e-05	0.00045094581748202534	17
ZNF703	4.9986305	2.1217585	3.701283602577656e-05	0.00042793779149967996	17
RAB2A	4.9941573	1.3203938	3.416962681860517e-05	0.00039877642766974114	17
PTPRF	4.9845686	1.6140448	3.6244776439024885e-05	0.0004200711978373648	17
GSTM1	4.933621	7.030984	4.909420237158782e-05	0.0005527588592633189	17
TSTD1	4.9327326	1.2343922	3.7370168689600716e-05	0.0004316228746618105	17
RAB14	4.9199133	1.9372596	4.59939698817593e-05	0.0005208250316691724	17
GLUL	4.9088855	1.3231014	3.981773968484259e-05	0.0004572156134095533	17
KRT18	4.907708	1.28775	3.548451312661836e-05	0.0004126858719763892	17
PEBP1	4.902854	1.0905788	4.130034309268807e-05	0.00047326778533373785	17
PNPLA2	4.8989897	2.5648441	5.075908079919101e-05	0.0005699733274474943	17
DNAJC4	4.894132	1.9616939	4.858026809402932e-05	0.0005478919879427834	17
FAM162A	4.8934693	1.6011506	4.599100243117987e-05	0.0005208250316691724	17
TMEM256	4.847051	1.7925972	5.506302422601508e-05	0.0006121540920002559	17
NONO	4.8441133	1.3232589	5.0786350998197715e-05	0.0005700886876942937	17
RBMX	4.8373437	1.5488209	5.469605011766694e-05	0.0006086795676830348	17
SRSF5	4.8360434	1.4409829	5.429332686320888e-05	0.0006043984322332854	17
UQCRHL	4.8091083	2.9820766	6.445831707519283e-05	0.0007088644323096069	17
NUDT14	4.796288	2.3305697	6.476504731059095e-05	0.0007117576840906065	17
CREB3L4	4.7813606	2.4129925	6.809674614047431e-05	0.0007451983563776995	17
MACROH2A1	4.77555	4.014443	7.162863857438369e-05	0.0007795250377752769	17
CYB5A	4.774999	1.484077	6.184493625090645e-05	0.0006821246322892644	17
TADA3	4.773814	1.9580082	6.674653737988083e-05	0.0007318553809279447	17
CDC42SE1	4.7734623	1.6789248	6.445951279163713e-05	0.0007088644323096069	17
CTBP2	4.7723994	1.6253854	6.410785878670631e-05	0.0007061549069178707	17
SELENBP1	4.764513	2.2610817	6.972438702877471e-05	0.0007612713754336369	17
MYOF	4.746321	2.4499443	7.412053287399577e-05	0.00080351544703513	17
GOLGB1	4.7346373	1.7788571	7.245086103175543e-05	0.0007874511762365875	17
SECISBP2L	4.711306	2.8070543	8.270574101543936e-05	0.0008882591288500966	17
LSM4	4.7091436	1.0787481	6.517274418038171e-05	0.0007157691593170213	17
SERP1	4.7081575	1.2314144	7.668995938320374e-05	0.0008289584040193479	17
FLNB	4.6935706	1.9620032	8.19980049094843e-05	0.0008815048341887862	17
PNRC2	4.685806	2.051153	8.61459546173478e-05	0.0009228430098436483	17
SYNGR2	4.680596	1.6688905	8.36211417931311e-05	0.0008978030463775321	17
TMEM25	4.674901	3.2200532	9.217000990198675e-05	0.0009826682460656508	17
XBP1	4.6694427	1.2443932	7.06863757588504e-05	0.000770520549017745	17
GASK1B	4.6512628	6.534377	0.00010043325058325437	0.0010618104409177848	17
PTPRT	4.64741	4.209681	0.00010044794517253901	0.0010618104409177848	17
COX20	4.6287684	1.4725009	9.318305959235143e-05	0.0009918924156734558	17
DHCR24	4.627543	1.709143	9.475233444325697e-05	0.0010066797749639792	17
POLR2E	4.625899	1.5529466	9.500827684228617e-05	0.0010090793583176442	17
RGL2	4.6245093	2.636522	0.0001031829989816283	0.0010883210593845268	17
BCL2L1	4.6173234	2.289591	0.00010303924759738934	0.0010871467139553432	17
KCNC2	4.6027956	6.1597085	0.00011363593906902367	0.001183684171526125	17
CD164	4.601758	1.4780936	0.00010162038238555614	0.0010731893090661017	17
DOP1B	4.59062	5.4946055	0.00011666771534751285	0.0012107524258882822	17
LRRC26	4.5814095	3.0111775	0.00011675908051872308	0.001211325802560622	17
GINM1	4.5799537	1.8962619	0.00011039704306317104	0.0011538881961302024	17
CHMP4B	4.5713263	1.3075129	0.00010479435958032142	0.0011028891166249013	17
MICOS10	4.5589666	4.208454	0.00012527129141696542	0.001291933657359646	17
PIK3R3	4.548297	2.7647083	0.00012609612336253502	0.0012993517891560023	17
PRRC2A	4.5455794	2.1709082	0.00012386725318320162	0.0012787416248131011	17
WWP1	4.539344	2.0282755	0.0001234323896324269	0.00127503719761664	17
POLD4	4.530648	3.5245335	0.0001342417224891998	0.001372326002441405	17
SLC35E2B	4.5251956	2.9064808	0.00013346728284300012	0.0013669087431563563	17
MRFAP1L1	4.5202527	2.269252	0.0001328326264294306	0.001361240184255891	17
ZMIZ1	4.5175505	2.6901631	0.00013653497471537176	0.0013927556682170167	17
GPR160	4.515178	2.2804048	0.00013408213799113544	0.001371112497061181	17
PTP4A2	4.5029397	1.5002202	0.00013263388978058296	0.0013596189783406274	17
FAM214A	4.501393	2.5441425	0.00014085530652935976	0.0014338172492568302	17
TMEM150C	4.5013537	3.6731856	0.00014486900765459584	0.0014697675092990921	17
H2AX	4.494361	5.2693577	0.0001490802362673121	0.001509296771699944	17
PLAT	4.484633	3.261704	0.0001499207895209236	0.0015166229218631065	17
SLC25A36	4.4821296	1.8970921	0.00014172197448309755	0.0014417717884263746	17
GRIA2	4.4706044	5.4257436	0.00015862037453773042	0.0015986436245102212	17
TFF3	4.458518	3.7177222	0.00015924041525639123	0.001602966016841122	17
CALM3	4.4583097	1.3471885	0.00014217495587972895	0.0014459339585087899	17
COPA	4.448716	1.5783055	0.00015160121905989632	0.001531583279665055	17
ERGIC1	4.4482045	2.1357803	0.0001591365425355865	0.0016024013128748446	17
HMG20B	4.4416018	1.9914587	0.00016137711269883346	0.0016220406763654699	17
CERS6	4.436145	2.1597838	0.0001652707717414388	0.0016562136106900503	17
DNAJC19	4.435348	1.6988913	0.0001615802643125355	0.0016231365004202942	17
ALKBH7	4.426008	1.4279377	0.00015907080652673974	0.0016022203969109242	17
SPTY2D1	4.4240766	1.9885451	0.00016503019753216286	0.0016542970279217796	17
NAPA	4.407245	1.873721	0.00017462648998914007	0.0017395744284899755	17
REEP6	4.40375	2.9753568	0.00018416539535490005	0.0018248424004722904	17
PRR15	4.4031873	3.5820441	0.00018604114522786726	0.0018412631353724657	17
EIF2S3	4.401107	1.2517906	0.00016158292164525096	0.0016231365004202942	17
SYTL2	4.3946757	3.3265078	0.00018960343537264142	0.001872089733833902	17
NUCB2	4.3884797	1.9968514	0.00018559878506696365	0.0018385023183493882	17
MOSPD3	4.3851757	2.354489	0.00018852829838453825	0.001862570738178438	17
SNHG7	4.374382	1.5573854	0.00018165393174725218	0.0018020865201817762	17
RHOA	4.3735156	1.090602	0.00017681524129412192	0.0017587663132402561	17
SF3A2	4.3656316	3.0047498	0.00020093483037262664	0.001974671885592813	17
FDFT1	4.36562	2.0267324	0.00019724273781883663	0.001942371893476688	17
EFNA1	4.354209	1.8053107	0.0001978120346279275	0.001947406355578314	17
ADAM15	4.350928	2.1478648	0.00020479319187124222	0.0020108221453610468	17
SNRNP70	4.348295	1.4102587	0.00019270526622928291	0.0019011985856139594	17
SARS1	4.3373938	4.3186083	0.0002211329474715417	0.0021511079440669897	17
DBNDD2	4.30434	6.190831	0.00024294845575408204	0.002335770634428473	17
KCNJ3	4.303525	2.8185885	0.00023202742660540228	0.002243422287625194	17
TOM1L1	4.3025737	3.036159	0.00023834789988155819	0.002297249112048087	17
MAZ	4.300904	2.3300672	0.0002358905760520708	0.0022761811885392714	17
TPBG	4.2996783	2.1935256	0.00023508093825676173	0.002269674654597019	17
HCFC1R1	4.2980328	1.4801818	0.00021980684922150967	0.0021394490800170215	17
SHROOM3	4.278316	2.3006163	0.00024557127222189014	0.0023587359798380348	17
PHB2	4.265366	1.3752968	0.00024134410630188754	0.002322475155035292	17
PLPP2	4.26521	1.7162217	0.000248885667356994	0.0023864706028647615	17
DCLK1	4.261737	4.0045533	0.00026808191063527897	0.0025501234726653123	17
IP6K2	4.2553353	1.7768456	0.0002553045287876608	0.0024410402508742673	17
CMBL	4.2499614	2.5085223	0.0002682393684520853	0.002550897833073828	17
SLC38A1	4.2480974	1.502207	0.00025001904506120523	0.0023966529838233453	17
RAMAC	4.241873	4.550435	0.00028268587631658437	0.0026723694976140237	17
BAIAP2	4.2374496	2.5274858	0.00027815603886938075	0.002632514587956518	17
LRP2	4.2371087	5.2189827	0.00028784659937579115	0.0027188574456951313	17
BRD3	4.2335978	2.1957164	0.00027729859164394427	0.0026258814405221726	17
M6PR	4.2334337	1.7678021	0.00027000949673689964	0.00256482258002049	17
KDELR1	4.2309966	1.3880628	0.0002660459703744657	0.002531474579384384	17
FNBP1L	4.230442	2.2595012	0.0002815322349006465	0.00266296466181686	17
XAB2	4.2245584	2.7864792	0.00029051705130829915	0.0027402228396883185	17
MLF2	4.2235904	1.3347214	0.0002708576761990778	0.0025714229599188418	17
GDI1	4.215768	2.0978923	0.0002880014122515375	0.002719553876218699	17
MCCC2	4.2096305	2.5078654	0.0002995533317999329	0.0028199040982041955	17
BCAT2	4.20396	2.8769183	0.00030598385101122597	0.002876855573227108	17
SPR	4.1976314	2.3933923	0.0003065125723126651	0.0028805654771474083	17
HSD17B14	4.1903434	4.1237974	0.00032141253352250626	0.0030071123533830916	17
ERBB4	4.1868925	3.5021758	0.0003232828034906819	0.0030212394850601732	17
MTLN	4.184399	4.039366	0.00032593750911207194	0.0030426579440935163	17
H4C3	4.180612	3.5060499	0.0003239889322537895	0.003026995202430182	17
CD46	4.179161	1.6993932	0.0003121897071718029	0.0029273567146350125	17
LMX1B	4.174807	4.053135	0.0003342849917567317	0.0031127853716025923	17
SLC19A2	4.165595	2.9709117	0.0003379874652032852	0.0031428992432446325	17
GRB2	4.1583233	1.726893	0.00032943358020170506	0.003073583230471596	17
EFHD1	4.154947	1.7360004	0.00033008009106523956	0.003078758713687208	17
ABCC5	4.1504617	2.6502364	0.00034763371339121413	0.003217434431803177	17
SEPTIN9	4.148305	3.3461037	0.00035274246931756324	0.0032593209816474903	17
KDM5B	4.1464653	1.7681068	0.0003398618356647917	0.003156372804235443	17
DHPS	4.139546	1.4707319	0.0003337908385325228	0.003109047074484684	17
FASTKD1	4.1297054	4.607982	0.0003763922461738778	0.0034550006373612577	17
PRR13	4.1264024	1.2070606	0.0003437188959433352	0.003189121850300251	17
PCSK6	4.1193986	4.716975	0.0003870376471338213	0.003539157503412078	17
BAD	4.1186657	1.8489077	0.0003703338455641753	0.003404980129952852	17
SELENON	4.118435	2.8318312	0.000380302824850179	0.0034861265505055626	17
DOCK1	4.1129937	3.2700467	0.0003887517808418334	0.0035528946815302277	17
GLCE	4.1113305	3.5220304	0.0003930705335562268	0.003588453665217584	17
H1-10	4.1112604	4.425292	0.0003934242611329864	0.0035907056170507473	17
DPP7	4.1044025	1.5327064	0.0003739342243098832	0.0034333774480092504	17
MRPL55	4.1007476	1.0872589	0.0003505831664305767	0.00324204852088447	17
SMIM14	4.083727	1.4046282	0.00038568247227125014	0.0035286895260365526	17
ATN1	4.0742555	3.3875692	0.00042921643579202297	0.0038835577213110987	17
SMARCE1	4.0740366	2.2564538	0.0004191284841377606	0.003801511218622128	17
EIF2AK1	4.0701485	1.775919	0.0004154983260069334	0.0037757326883225556	17
MRPS27	4.066036	2.756681	0.0004333551020638265	0.003914551165655381	17
KRTCAP3	4.0652165	2.395055	0.0004328753838706497	0.003913496832993386	17
ZNF75A	4.0632453	2.506029	0.00043345884228985674	0.003914551165655381	17
LINC00993	4.0600824	8.266119	0.00045242550373459284	0.004065042545074197	17
PCM1	4.0513835	2.3504295	0.00045000092474490336	0.004046509655996998	17
FXR1	4.0428004	1.5780692	0.00043805225330388565	0.003952841169778216	17
NINJ1	4.0419183	1.5039617	0.0004408238934122812	0.003973575439113497	17
EIF4EBP3	4.040306	5.1278214	0.0004740655670425529	0.004240168849113138	17
ICA1	4.03915	2.5442789	0.0004652939561449769	0.00417284079760927	17
POLD2	4.0386715	1.4952513	0.0004370652022970238	0.003944995680905402	17
STC2	4.0382195	2.270771	0.0004539950918732528	0.004078052859271765	17
ASH1L	4.0297565	1.5854015	0.00045539529838912795	0.00408892452904759	17
PRDX3	4.0287466	1.2132385	0.00044138788890916883	0.003976521939807261	17
EFR3A	4.025941	2.1074624	0.00047270790151420573	0.004230281676811092	17
CHD6	4.0228076	1.8894137	0.0004699636377024616	0.004213592721779809	17
PAGR1	4.017927	3.9348567	0.0004982712006034178	0.004427156116407744	17
PLEC	4.010678	1.956964	0.0004874201414102532	0.004344554600861361	17
MTERF4	4.0042515	2.3175209	0.0005026482274045895	0.004461318919126048	17
SERINC2	4.004128	1.5732147	0.00048313353354885447	0.004308636492624867	17
FOS	3.9950912	1.0653738	0.00044045677806387823	0.003971333546516274	17
TSC22D1	3.9947903	1.7374874	0.000504415609236898	0.004474637384135096	17
CNTD2	3.9931588	4.9170847	0.0005337782139079778	0.004701537571609108	17
COQ4	3.9905748	1.94746	0.0005170404274689129	0.004575333197617208	17
SRI	3.9897242	1.7573628	0.00051804258484393	0.0045773620490648734	17
DNALI1	3.9870584	2.7862394	0.000531328210222478	0.004682991065271108	17
SLTM	3.9829729	1.3478072	0.0005050544300178952	0.004479119681975205	17
RAB13	3.9746041	1.2773249	0.0005160403243999021	0.004569300031863019	17
EPB41	3.973258	2.6821816	0.000548551391322914	0.004815221726344375	17
RNF115	3.971861	1.6165156	0.0005251782925625355	0.004633089192751184	17
SNHG8	3.970707	1.1069765	0.0005016565989624761	0.004454875294095952	17
SNAPIN	3.9685	1.7168617	0.0005393785563364255	0.004744635761363768	17
PAIP2	3.965446	1.1023831	0.0005065888564128768	0.004491540267762173	17
POLR2D	3.9651866	2.6723843	0.0005576980745478675	0.004884607960152891	17
CISD3	3.963921	1.3565066	0.000517501512947755	0.004576140599231192	17
NBPF1	3.95933	3.5606205	0.0005760299877680764	0.005019647134250208	17
IL6ST	3.9488814	1.4192569	0.0005472552982353507	0.004805102083275365	17
SLC29A1	3.948196	2.3157308	0.0005770427269881582	0.005024556102261115	17
RAD50	3.9381957	3.671129	0.0006084382444448847	0.005271926416152384	17
SERINC3	3.9360595	1.5323405	0.0005769796428892203	0.005024556102261115	17
DNAJC25-GNG10	3.9357471	6.050671	0.0006181772223597583	0.005346643170492175	17
NFIX	3.9342434	2.451639	0.0006044208727860196	0.005239824371702219	17
KRCC1	3.9329808	1.6576189	0.0005842075394357246	0.005085622912072057	17
PRXL2B	3.93169	5.7771173	0.0006243026128478303	0.005389892905412889	17
ACBD6	3.9240832	1.6073636	0.0005931488569156718	0.005152759857500272	17
SLC9A3R1	3.9215965	2.0320213	0.0006213975870187195	0.005370341784641811	17
NDUFB9	3.921268	1.0305595	0.0005728590451075928	0.004995908796659846	17
TIMM17B	3.9193733	1.5143044	0.0005991690097981805	0.005199670829919993	17
COA5	3.9191186	1.8227136	0.0006152997034490489	0.005327250220285119	17
UBR5	3.916082	2.157465	0.0006304722006257943	0.005437433742976269	17
ROMO1	3.9116998	1.0940728	0.000596134771236295	0.00517601769661832	17
TBC1D8	3.9059877	3.410525	0.000656953745961547	0.005645627874275237	17
SDHB	3.9051561	1.7236743	0.0006373370126772372	0.005492528453804525	17
PDAP1	3.9046164	1.1390847	0.0006041383351650833	0.005238729033033108	17
CRIP2	3.9045758	1.998146	0.0006445142494806824	0.00555295464727243	17
LDLRAD3	3.9042242	2.5480673	0.0006519553400344685	0.005608421149037217	17
AUP1	3.9018579	1.0799451	0.0005902485063141151	0.005131551360881736	17
PEX2	3.8881812	1.704563	0.0006601127187547271	0.005666967161441593	17
CACFD1	3.8861246	3.2936492	0.0006929423192361468	0.00590947834464775	17
PPP2R5A	3.8818703	2.5055885	0.000691314389824286	0.005899040867072683	17
CASZ1	3.8796856	2.522929	0.0006956663530503313	0.005929693811349723	17
RHBDD2	3.8791962	1.9455146	0.0006859646741156715	0.005860402734211344	17
RNF7	3.8734252	1.0052644	0.0006501297790887365	0.0055955870978740855	17
ARPC1A	3.8689015	1.2164651	0.0006733050540880467	0.005761052249787545	17
VSTM2A	3.8547928	4.651542	0.0007538792945107287	0.006358024998034788	17
UCP2	3.8528044	1.748226	0.0007226129173881155	0.006126683483851057	17
CNOT7	3.8519833	1.5726153	0.0007243938526515728	0.006140231036589942	17
ARID1A	3.8492491	1.8590828	0.0007396688499345419	0.0062523268386225975	17
ATF5	3.8484676	2.2279925	0.000745468120821504	0.006296586814523814	17
SMG1	3.8477323	1.6194423	0.0007250790780269453	0.006142934416797619	17
CRELD1	3.8424227	2.570941	0.0007631789325268187	0.0064299885897719225	17
RESF1	3.8390658	3.1060421	0.0007665778441318014	0.006453761915166855	17
TBC1D16	3.8370578	2.8591754	0.0007787037760171537	0.006544350626758044	17
ENTPD5	3.8357258	3.6408882	0.0007896658586233427	0.006626515527667135	17
MCRIP1	3.8312936	1.6153792	0.0007643733088939662	0.006438434242494355	17
POLR3K	3.825414	1.7740967	0.0007810272552362645	0.006558947212789071	17
RET	3.8084352	5.114731	0.0008512772183737117	0.007090312684746129	17
PRXL2A	3.8058367	5.6887827	0.0008569746282516644	0.007127147534388563	17
SPAG16	3.8038938	3.2246387	0.0008548758276001439	0.007111455886293756	17
SF3B2	3.79963	1.2687094	0.0008111500931124501	0.006789814143520012	17
MRPL43	3.786622	1.3953813	0.0008485771637388971	0.0070766103055610015	17
ERP29	3.784437	1.0520555	0.0008187676541338138	0.00684674292877144	17
AK1	3.7810104	3.9217625	0.0009084366315181379	0.007488295172708249	17
STARD10	3.7798548	1.7475868	0.0008711430768142198	0.007229194858481769	17
VAMP3	3.774085	2.1474175	0.0009013781473842765	0.007442915913691782	17
CBX5	3.7740114	1.6316063	0.0008833516242068429	0.007310263219225689	17
EIF4H	3.7683294	1.3834242	0.0008829812134919198	0.007309001204771096	17
ARFIP2	3.760063	2.0741627	0.0009341830308086559	0.0076628596322702676	17
ITPR2	3.7501235	2.562664	0.0009706264167638934	0.00793849808453493	17
SPIDR	3.7500887	2.7677324	0.0009717978058907387	0.00794614095743083	17
POLR2A	3.7458217	2.0283504	0.0009655590572963002	0.007904763568653944	17
MRPL57	3.7408774	1.1174334	0.0009314620388429035	0.00764492227978327	17
CYBC1	3.7380183	1.8559519	0.0009748912587376223	0.007967550611432405	17
BSCL2	3.7375243	3.8579874	0.0010108755926239855	0.00823355469941746	17
GSTZ1	3.7298145	2.3601952	0.0010123583554710052	0.00824162902933325	17
RELL1	3.7281554	4.1813493	0.0010368673680573855	0.008426839930218746	17
TM7SF2	3.7274501	2.7004712	0.0010262284429615792	0.008348466700309079	17
ABHD14B	3.7158618	2.2212608	0.0010503637618429552	0.00852207327914237	17
ZNF689	3.7118933	3.2154276	0.001072002800139115	0.008668284937190466	17
RALY	3.7059007	1.1716189	0.0010220663590894366	0.00831662487875274	17
AKAP9	3.6996665	1.3488808	0.001059923833272928	0.008587175191257797	17
GTF3C1	3.694732	2.439973	0.001102974298589164	0.008899413266533355	17
ZNF706	3.6868281	1.0295665	0.0010623204350083029	0.008599565506310164	17
NXPE3	3.6855736	2.8353665	0.001132700082648868	0.009106398243558408	17
OXR1	3.6786838	1.9030882	0.001135899738186175	0.009127746314926329	17
GNB1	3.6785703	1.4363421	0.001108690109601311	0.00894338022273631	17
PSMA6	3.6783955	2.2598593	0.0011507442682248425	0.00923155070569946	17
C9orf152	3.6777003	2.8685663	0.001162053742687303	0.009312480619357666	17
HEXIM1	3.6749039	1.8045815	0.0011444969905821923	0.009192426619041502	17
GAPVD1	3.6738422	2.0151396	0.001146205839387336	0.009203947823531395	17
ECHDC2	3.6697795	1.9550494	0.0011710818947234447	0.00936662774290495	17
VEZF1	3.6673493	2.0474818	0.0011793311568475296	0.009424814470293778	17
TMEM14C	3.6612735	1.3153949	0.0011622206813342235	0.009312480619357666	17
NUDCD2	3.661096	1.6043	0.0011751060448785973	0.00939552606704959	17
ASCL1	3.65839	7.199958	0.001242055970048354	0.009864977336346637	17
RAC3	3.6574972	2.179342	0.0012090799941283981	0.009641881141954495	17
CCNG1	3.6530252	1.8891654	0.0012112679059299474	0.009651421443668921	17
MEF2D	3.6522634	2.6287308	0.001235418406532784	0.009816908024997894	17
PLGRKT	3.6489265	1.6138012	0.0012108600567503481	0.009651421443668921	17
HEBP1	3.6483667	1.4506731	0.0012005366277962062	0.009582865072087709	17
ARFGEF3	3.6456897	1.879147	0.001232271813483496	0.009794224856883872	17
MBOAT2	3.6423273	2.364799	0.001265361248022289	0.010033447191469405	17
RNASET2	3.64225	1.3039021	0.0011888520899416767	0.009496377220465296	17
NOVA1	3.641889	2.6336484	0.0012674001918379723	0.010044865272787671	17
TRH	3.6377726	5.823581	0.0013056877080932427	0.010321487489313094	17
PFN2	3.6376362	1.7780991	0.0012565878114317501	0.009970951450965776	17
TSC2	3.6374333	1.9968952	0.001265171485170481	0.010033447191469405	17
RHOH	3.6329606	2.2595499	0.0012813879565986008	0.01014374166917009	17
ST6GALNAC2	3.6277158	6.6669707	0.0013409638649393512	0.010572935823679073	17
PMVK	3.6260862	1.3147668	0.0012652504810915942	0.010033447191469405	17
SESN3	3.6260164	3.330724	0.0013362654857299663	0.010540846814879774	17
HSPA5	3.6022108	1.1300987	0.001309481070605368	0.010349035011586863	17
SECISBP2	3.5972824	1.8501815	0.0013987066535890024	0.010963781226461492	17
SH3BP4	3.5970888	2.5759666	0.0014191970352884491	0.011095871272869434	17
LRRCC1	3.5960898	2.400874	0.0014199232152534715	0.011098961678586969	17
UFC1	3.5958397	1.270474	0.001382194849769447	0.010854647027889726	17
ATRX	3.5942607	1.3715583	0.0013845080269358598	0.010867723784567206	17
HDLBP	3.594212	1.254384	0.0013620286585991083	0.01071635074784722	17
EPS8L2	3.5931182	2.1273885	0.001416237103418953	0.01107531095494873	17
YWHAE	3.5887191	1.0111855	0.0013704693089773344	0.010780232432553652	17
SLC7A2	3.588501	3.2629416	0.0014660906594522992	0.011411962591944666	17
CCDC106	3.588217	2.5825086	0.0014489902376377665	0.011299832959918234	17
THAP4	3.5866442	2.0097282	0.0014380244928198485	0.011222145070653918	17
MACF1	3.5845268	1.6052331	0.0014336718456977144	0.0111907813303577	17
COPS5	3.581973	1.737414	0.0014539037622117905	0.01133288080138175	17
WASF2	3.5817015	1.2092243	0.0014079799832879872	0.011026163114513746	17
EPB41L5	3.5798	2.686475	0.0014848482900986447	0.011528540856064499	17
DCAF8	3.5749576	2.4048717	0.0015006278397397825	0.011640277144475495	17
SNHG32	3.5744333	3.7037373	0.0015142876715758017	0.011735756223636195	17
COX17	3.5691345	1.1013556	0.001452508347149349	0.01132463562801867	17
ZNF664	3.5689702	2.162718	0.0015129249678175476	0.011732951756200777	17
CDK2AP2	3.5645106	1.4093196	0.0014866408752888297	0.011537117445178768	17
ELOVL5	3.5621228	1.3873827	0.0014804028268327488	0.01150734442984872	17
BRD2	3.561934	1.0969467	0.0014658613785388413	0.011411962591944666	17
FOXJ3	3.5604565	2.4187949	0.0015532641432642186	0.01200692155547941	17
IARS1	3.5571215	4.369577	0.001589807312954951	0.012258328065246439	17
COBL	3.556884	2.9598043	0.0015767601551309237	0.012166117405853764	17
ZNF580	3.5521183	1.7064202	0.0015596904504526763	0.012048267480108985	17
NOP2	3.5505848	3.7670531	0.0016114549221250842	0.01240514671257457	17
TWF1	3.5487075	1.8604782	0.0015774049658472662	0.012168293458942768	17
HECTD1	3.5447083	1.7188143	0.0015854484562652462	0.012227529701446914	17
CCDC126	3.5329685	3.1712472	0.001680639182518132	0.012896435328492486	17
GPAA1	3.5228243	1.5356984	0.0016719696912162387	0.012847545340912682	17
BCL9	3.5226192	3.3658018	0.001726559677066193	0.013206508125080315	17
BEX4	3.5200453	1.6263046	0.0016791686486905622	0.0128910495870291	17
SMG5	3.5161145	2.679973	0.0017396208580453393	0.013284387710982977	17
CUTALP	3.5093796	4.6455927	0.001791549358922716	0.013623323127123596	17
BCL2	3.5091403	2.2902684	0.0017593567067311592	0.013411496204652228	17
TOM1L2	3.5036414	2.8405826	0.0018017969543602389	0.013691452570502213	17
ILF3	3.5003083	1.3009332	0.0017461259370565316	0.013325781582437572	17
PKN2	3.4976919	2.0062652	0.0018071598673498556	0.013729093796326503	17
MAPT	3.4838178	2.3383195	0.001875615040006746	0.01418169613545227	17
NARS1	3.480256	4.715065	0.0019287471779568816	0.014537552605809386	17
XPA	3.4800534	2.1496525	0.001887102457771228	0.014258910460938218	17
PPP2R1A	3.477579	1.3136277	0.0018504515534519255	0.014026213684594585	17
EXOSC10	3.4758434	2.2323418	0.001903629636512531	0.014367606129222953	17
TP53TG1	3.474824	1.6755453	0.0018835440865804692	0.01423523033077862	17
HNRNPUL1	3.47376	1.5695249	0.0018983094865430842	0.014340360019851709	17
RALGPS2	3.470736	2.3369014	0.0019370123199852797	0.014596569360733827	17
SORD	3.4703069	2.2837875	0.001943399978355636	0.014634840295021642	17
ATRAID	3.4692347	1.0840563	0.0018624378940083795	0.014094771977196538	17
ZNF678	3.4669058	3.7439473	0.0019867218385228418	0.014921754610856595	17
VCP	3.4644127	1.2629257	0.0018993408534565025	0.014341691032369328	17
JUN	3.4634833	1.0034208	0.0018317105397984354	0.01389357829384426	17
CYTH2	3.4611275	1.7434998	0.0019600503215764175	0.014753601399460194	17
MMEL1	3.4604588	2.9191215	0.002003890583462122	0.015026267395462336	17
IGBP1	3.4585962	1.5987966	0.0019666773850394335	0.014786892215110432	17
FKBP4	3.4524412	1.4612918	0.00199514301884915	0.014970714092890235	17
CLTC	3.452022	1.6099135	0.002011319016534793	0.015075229303596312	17
PAXX	3.4517965	1.5422268	0.0019898676531954164	0.014934471012715923	17
MRPL41	3.4502451	1.1550356	0.0019728307806621795	0.01482651069105762	17
LETMD1	3.449299	2.0002356	0.0020323139470799063	0.015202016525202304	17
RNF167	3.4473042	1.9717802	0.0020474398163270935	0.015298101777551134	17
ANTKMT	3.4396756	4.125139	0.002126921294758829	0.01581446844325114	17
NEU1	3.4381595	1.9320846	0.002099156436325032	0.01563575528109658	17
CIZ1	3.4359937	2.404306	0.002106975850176712	0.015687031518485484	17
RAB17	3.4354105	2.386061	0.0021195323234588933	0.015766518886922765	17
ECM1	3.4337173	2.822608	0.002145503169502528	0.015917346119947863	17
ZBTB4	3.4316242	2.6948397	0.0021506063989589343	0.015948151498448287	17
PPP5C	3.4312494	2.2836	0.0021257406427273046	0.015809194434083487	17
DAZAP2	3.4311295	1.0661094	0.002053274231296994	0.01533486328032342	17
HPN	3.430839	2.5473568	0.0021493313035725633	0.015942220533641607	17
IKBKB	3.4290783	1.9968692	0.0021376415270831953	0.01587727219123072	17
TULP4	3.4290032	1.8258291	0.00212897953697102	0.015822757068368047	17
COA3	3.4241943	1.4423857	0.002141824700715467	0.015900606969167216	17
LRATD2	3.4241078	5.302305	0.0022145547827423884	0.016334732837553677	17
ZNF800	3.4230394	2.055924	0.002167246887596048	0.01604671696619405	17
PPP6C	3.4221666	1.6093943	0.0021514201999396254	0.015950659798005078	17
MRPS26	3.4204233	1.2697601	0.002128580730360388	0.015822757068368047	17
GARS1	3.4194508	3.9155324	0.0022272795510178216	0.01640790323318444	17
CCDC71	3.419267	2.8292148	0.002218170190581762	0.016353366522942347	17
PAWR	3.4185758	1.623262	0.002174702097187819	0.016087711301671075	17
KIF13B	3.4164233	2.6147223	0.0022271170900057	0.01640790323318444	17
HK2	3.4157708	2.5291567	0.002228379473814302	0.01641240139025154	17
TIMM22	3.4157352	2.2160826	0.002214912046307329	0.016334732837553677	17
MFAP2	3.4129884	2.5115032	0.002232041917479028	0.016435766839553036	17
GAMT	3.4125745	1.8791648	0.002218413812330809	0.016353366522942347	17
AKT2	3.4119158	1.9589242	0.002233633309339802	0.016440266585158285	17
CH17-340M24.3	3.4078915	4.921788	0.0023056501471671316	0.016885111700028987	17
SP3	3.407132	1.9550345	0.0022594319971913383	0.016608285912293377	17
CAPRIN1	3.4066992	1.3521223	0.0022134230912249668	0.016330933546585265	17
EPN3	3.405697	3.505139	0.002307706771985541	0.016896483920359535	17
HDHD3	3.4044979	2.1761396	0.0022862683885753123	0.01678715587154215	17
CPA6	3.404193	6.9262834	0.002332421499670122	0.017051383940809843	17
PTAR1	3.397674	2.541079	0.002334361903309672	0.01706185064260399	17
MTA1	3.395911	1.6362015	0.0022913124041068515	0.016813150152296633	17
CD151	3.3944323	1.4126034	0.0023038833853794875	0.016879544043034815	17
MRPS34	3.3904707	1.0271722	0.0022529406060928505	0.016564200102797084	17
TMEM205	3.3890064	1.0425272	0.002239584595938446	0.01646961344713252	17
CLPP	3.38589	1.3341266	0.002319660344621596	0.01697659341456534	17
DENND11	3.38577	4.886816	0.002429121398384082	0.017623872122691	17
CHID1	3.3833072	1.4974413	0.0023551586601929055	0.017183897459545412	17
PYGB	3.3821359	2.681586	0.0024367611966308635	0.017667835559056592	17
RTKN	3.3794436	2.6647618	0.0024377923611512047	0.01766986104286821	17
FUNDC2	3.3779974	1.2944925	0.0023795311582253185	0.017320280941413933	17
CHD3	3.3774865	2.1655924	0.0024380941804476334	0.01766986104286821	17
BTG2	3.3768272	1.2032164	0.002330114619530922	0.01704194820185056	17
INPP4B	3.376125	2.364862	0.002447428619029531	0.017726021012927983	17
SCAMP3	3.3742132	1.6583053	0.002423564423174068	0.01759497279603494	17
DMAC2L	3.372351	4.307884	0.002507706207266649	0.01811175148534252	17
INTS11	3.3720305	1.8745494	0.0024577182013276085	0.017785183644170293	17
GET3	3.3707588	3.5423236	0.0025102544741856703	0.018122547470054835	17
SMIM19	3.3652587	1.220174	0.002432021731173255	0.017637284515736682	17
BTBD3	3.362714	3.209663	0.0025579778359401326	0.018399557065251555	17
MKKS	3.3598664	2.0219045	0.0025286331715655553	0.018227570429288693	17
TM9SF2	3.359469	1.4361614	0.0025039354868848277	0.018088412699893173	17
RANGRF	3.3519096	2.3428934	0.002605321922450358	0.018680013381981074	17
ZNRD2	3.3511233	4.623255	0.0026476872786922985	0.018923093759773787	17
AARD	3.3490787	1.9911348	0.0025943024024496224	0.018612940509211293	17
C5orf30	3.3449628	2.4235065	0.002646222551479126	0.018918575350340777	17
MARCHF5	3.3432205	5.0586634	0.0027030652033704487	0.019259787347179966	17
TP53I11	3.3430145	1.7407136	0.002620564175348324	0.01877324711776124	17
PYGO2	3.3423398	3.041797	0.0026891013579407536	0.019178215744565345	17
LARS1	3.3412642	3.4600375	0.0026916842452096054	0.019192555541788985	17
PPP1R16A	3.3321936	2.2228603	0.0027344973061871622	0.019427615790473123	17
CLMN	3.3321366	2.0812707	0.0027241616997711986	0.019386704425249437	17
PKP4	3.3318844	2.3370364	0.0027446397198152162	0.0194872906101444	17
FOXO3	3.3277726	1.5426012	0.0027265895043455473	0.019389258588325284	17
LAMTOR3	3.3252401	2.047594	0.0027775350504400153	0.01969583575619631	17
AFF4	3.324975	1.2929218	0.0027009713811996005	0.01925059096829915	17
ADD1	3.3247006	1.6450689	0.0027367192906960942	0.01943928456781823	17
AJM1	3.3219912	3.5922675	0.0028292161484824276	0.019994677378055013	17
IRF6	3.3218396	2.1164396	0.0028076625914630125	0.01988425062927806	17
MAP7	3.3205621	1.9255556	0.002789465159637249	0.019776252572266534	17
POFUT1	3.3204916	2.6798668	0.0028273919089074843	0.019994677378055013	17
SPG11	3.3197174	2.0556874	0.0027920163022839813	0.01978597481405177	17
DNAH14	3.3194232	2.6729555	0.002829094717129693	0.019994677378055013	17
ENOSF1	3.318399	2.0682325	0.0028222786975188245	0.01997089658090272	17
KIFBP	3.3172178	4.6903896	0.002876815826681849	0.020258509267842933	17
HOXB2	3.316142	2.139976	0.0028443370548420534	0.020084612453991013	17
OCEL1	3.311733	2.2439878	0.0028789419555020493	0.02026497211531883	17
SPTLC2	3.3070395	1.9295552	0.0028854414965342463	0.020303012909296623	17
MRPL37	3.3066075	1.4899026	0.002860423793892788	0.020176966239949107	17
ECI2	3.3063889	1.7475795	0.002866124623246144	0.020208678996909594	17
ZBTB7B	3.3061292	2.0782495	0.0029036647438638553	0.02041391310708439	17
ZMYM2	3.2985134	1.7645587	0.002943932545893727	0.02064373082248272	17
RNF11	3.298188	1.5854944	0.002931429914318748	0.02057398844029402	17
C12orf10	3.2970488	1.8170465	0.002956866925505862	0.020713507424476217	17
CCDC170	3.2968993	2.2900493	0.002960251522438667	0.02073288709837447	17
RSRP1	3.2962327	1.226236	0.002899368684593954	0.020391638718801803	17
COL9A2	3.2961223	3.8903027	0.0030287260793005343	0.021172676412217428	17
SEPHS2	3.2958205	1.1406738	0.0028463271665907174	0.020094434749446277	17
DDR1	3.2952154	1.5326352	0.002932731732790147	0.02057881904801555	17
SPSB3	3.2949262	1.5512438	0.0029519107084794724	0.02068489769715159	17
ARPP19	3.2933848	1.1753198	0.00292282304327481	0.020522170335876156	17
MRPL52	3.2928188	1.016172	0.0028764190420376787	0.020258509267842933	17
CDK17	3.2884915	2.3611877	0.003041396558669532	0.02124796541852422	17
SHMT1	3.2850935	3.1658287	0.003094631740306598	0.02154806792643214	17
AUTS2	3.2848501	2.1440914	0.003076378889180396	0.02144768745001032	17
MFSD10	3.2814336	1.3535203	0.003030425125982377	0.02118013943541882	17
TNRC18	3.2788715	2.343085	0.0031127249432894495	0.02164708839371168	17
ZKSCAN1	3.2788074	1.3726346	0.0030555970991922284	0.021324965106951005	17
TMEM106C	3.2771022	1.4253535	0.003055137631562646	0.021324965106951005	17
GCNT1	3.2743099	3.3275764	0.0031828155719640676	0.022057430775947986	17
FAM102A	3.273721	1.8805518	0.003131796926584971	0.02177069444861897	17
SERPINB6	3.2715988	1.718325	0.003147614149279709	0.021857997138921472	17
C5orf24	3.2685094	1.4501472	0.0031380941802465695	0.02180091485079747	17
IMP3	3.2679882	1.2024597	0.0030939484066838693	0.021547783120553086	17
TARBP1	3.265345	2.1690834	0.0032022728404760632	0.022168716892137796	17
VPS37C	3.264184	2.645298	0.003245180650050472	0.022433347935561187	17
METTL26	3.2620187	1.102451	0.003138978609259619	0.021802543287052577	17
ABITRAM	3.2615995	4.989766	0.0032988753583165003	0.022748268584147562	17
KIAA0319L	3.2602186	2.0079107	0.0032491252642296853	0.02245319799277565	17
SGSM3	3.2595017	3.3462048	0.003298754123865699	0.022748268584147562	17
ARRB1	3.2588503	3.2783687	0.003301646658856299	0.022758021081935705	17
SNHG12	3.2584524	2.0286965	0.0032493909858660446	0.02245319799277565	17
HINT2	3.2571597	1.2701379	0.0032049759855985425	0.02217827512543031	17
FAM174A	3.256595	1.7581913	0.0032501281171574644	0.02245366574203471	17
TASOR	3.2563925	4.136339	0.003332838633053657	0.02294473329048701	17
TRPT1	3.2555816	2.2817552	0.0033075726713060155	0.022784821312030204	17
TMEM181	3.2532687	1.8193399	0.0032808313554590646	0.022642461829928497	17
PTK2	3.25211	2.0036218	0.003315569329802189	0.02283521784207294	17
DLGAP4	3.2508528	1.8484317	0.003307032887246648	0.022784821312030204	17
RELCH	3.250325	3.9714565	0.0033748580477689777	0.023162699770865415	17
ZNF322	3.2501848	2.3146832	0.0033470201807745317	0.023032910111481036	17
SPTAN1	3.2497466	1.5593601	0.0032822457186742022	0.02264756298087871	17
INPPL1	3.249178	2.079658	0.0033224774790697967	0.02287809836285774	17
WARS1	3.246713	3.640717	0.0033980002269634866	0.02329293390815089	17
MAGEF1	3.2456653	1.4275713	0.0033023272238553586	0.02275803521991629	17
COPS7A	3.2403188	1.7723376	0.003388347850316374	0.02324101743301871	17
GLTP	3.2352812	1.5572414	0.0034045626417147255	0.023333149890836454	17
DHX9	3.230863	1.5561678	0.0034564684474144053	0.023630943374383727	17
TLE5	3.2306855	2.805159	0.0035102203546948114	0.023954486453065856	17
ZNF467	3.2249186	2.682324	0.0035669207749042075	0.02428213714452243	17
CBWD2	3.2248971	2.2189085	0.003543835558687996	0.02415439717007805	17
GSTM2	3.2243412	4.818991	0.0036114925165858917	0.02453576473542787	17
RNF14	3.2233682	2.016478	0.0035468446516876205	0.024160177998020813	17
PPP1R37	3.2231357	2.3649383	0.003575704587429094	0.02432712121033656	17
ACYP2	3.2219152	1.9057832	0.0035504501061555875	0.024179826804175547	17
NOSTRIN	3.22151	3.108188	0.0036143948516493864	0.024550509866174984	17
G6PC3	3.221136	2.0614805	0.0035816970287110756	0.024358008929440022	17
TASOR2	3.2206779	4.1590204	0.0036323816574636686	0.02464772671919662	17
CRYZ	3.2186875	2.2806659	0.0036100785737293354	0.02453112752055422	17
TUSC2	3.2179496	1.353908	0.0035302070358987745	0.024076184260081495	17
SELENOT	3.2175333	1.0265619	0.003479801058248796	0.02377108091542217	17
SNX17	3.2168696	1.4996748	0.003578068283055047	0.024338265723372405	17
SIPA1L3	3.2166579	2.6037183	0.0036380501272986606	0.024676206131390165	17
ZNF32	3.2155464	1.875709	0.003627812515824687	0.024626686823168552	17
NIBAN2	3.2141345	5.644592	0.0037071356337645524	0.02503846884657609	17
STK16	3.2132185	2.0843909	0.003644156568966338	0.0247026385367219	17
CYB561	3.2111676	1.7289792	0.0036491211666685513	0.024726297586107046	17
TCTA	3.2032542	2.403043	0.003752469268414708	0.025293724222648254	17
TSTA3	3.2030973	1.3442421	0.0036793299319429155	0.024895784798728532	17
PLD3	3.20249	1.5607203	0.0036965827327564258	0.02497909449707853	17
PIAS3	3.2008097	2.3471656	0.0037771748372184373	0.025439803456856144	17
TRAPPC1	3.200116	1.2778069	0.003696855343713599	0.02497909449707853	17
PTP4A1	3.1915388	1.41399	0.003803820374940162	0.025588435458457275	17
GLMP	3.190066	2.4031281	0.003879215068948975	0.026043385233710484	17
NEK10	3.1870618	3.8564942	0.003942436883558026	0.02641495715369951	17
CITED2	3.1856704	1.5906309	0.003856771844891439	0.025913458423378156	17
TAF15	3.1829572	1.5070806	0.0038741320981808785	0.026019676552880424	17
CCDC24	3.1807685	2.8689392	0.003981400371416007	0.0266175303682807	17
RALGAPB	3.1795776	1.9799125	0.003939255796261346	0.026398916815664697	17
LRP10	3.1792257	1.3905257	0.0039049152058260443	0.02619495218372227	17
AP1G2	3.1765318	2.145626	0.003987438521324523	0.026652585779941375	17
SP1	3.1762955	1.8413823	0.003964870796809338	0.02653346596085036	17
CCDC125	3.1751838	2.9859207	0.0040422418340526085	0.026970525831700523	17
GRINA	3.1744447	1.4375247	0.003970411429278274	0.02655994610080227	17
RAD21	3.1722028	1.1887246	0.003944526559744856	0.026423679916197765	17
RASEF	3.1711085	2.2729359	0.004064458434696595	0.02708642963603387	17
CRACR2B	3.170492	1.6522306	0.004014436526962374	0.02681167175444942	17
SLC9A3R2	3.1672478	2.1279855	0.004072178363532255	0.02712436488447603	17
VWA8	3.1667166	3.498122	0.004134357703425949	0.02747038267246628	17
RAB10	3.1660564	1.4521788	0.0040695735849709804	0.02711513063438849	17
PDXDC1	3.1648784	1.5796268	0.004073946957179222	0.0271281030158325	17
MRPL24	3.163211	1.2727958	0.00403732716535573	0.026948455811581402	17
SUSD3	3.1606767	1.9987036	0.004143598693407403	0.02752087995555994	17
FGD3	3.1604118	2.649209	0.004178247355503726	0.02772904522179471	17
LNPK	3.1535676	1.9454827	0.004200819025052056	0.027845784766654346	17
WWC1	3.1535506	2.5559244	0.00424143792474478	0.02806511529569238	17
IRF2BPL	3.1495154	1.5496488	0.004203727685469099	0.027859559434562153	17
ACACA	3.1473875	2.8260415	0.004324006128129869	0.02851582570656782	17
VPS37A	3.1428065	2.1357276	0.004338651673359456	0.028595542498752114	17
SNRNP25	3.1418724	1.5202378	0.0043084872096275425	0.028430251721053987	17
CDH7	3.139837	9.380736	0.004441058080159531	0.029178752020887527	17
USP21	3.1390061	3.356581	0.0044083100201771945	0.028997671383950437	17
PRCC	3.1384163	1.5058885	0.004317084319728801	0.028475776827536624	17
CTR9	3.134163	2.0116293	0.004428161663465011	0.029116025779838097	17
TRAK2	3.1335878	3.1549408	0.004481164674748665	0.029378957067190185	17
NDST1	3.1327755	2.3348317	0.004447208655654061	0.029213440172207766	17
MIR570HG	3.1327255	4.098068	0.004497246617850638	0.029472870029177072	17
RAB3B	3.1319356	4.8905535	0.004516809894300603	0.029572188300748883	17
C6orf120	3.1307948	2.9163787	0.004504813493260474	0.02950516488526646	17
HID1	3.1251032	2.8013349	0.004566339915773557	0.02987897134509576	17
KCNE4	3.1239552	1.7392566	0.00445528551294018	0.02924576037152572	17
YY1	3.1230297	1.1511862	0.004438945491770274	0.029170585959926876	17
ZNF385A	3.122054	2.7920916	0.004595813649263776	0.030065961694939792	17
PPP6R3	3.1204815	1.5939232	0.004503632002324071	0.029503187693349937	17
NME4	3.1202216	1.2752135	0.00449632050748639	0.029472559339769593	17
NCBP2AS2	3.119269	3.8672414	0.004638512222436879	0.030280330566904504	17
FUCA1	3.1184552	2.274967	0.004603109317315307	0.030107817787065665	17
H1-2	3.115697	5.1945376	0.004698830087092567	0.030614502710017828	17
TFDP2	3.1138182	1.7270142	0.004617367209020042	0.03018341718139568	17
CLN3	3.1115577	2.7857597	0.00469592465186339	0.030607463806480755	17
H2BC12	3.1100829	5.1686573	0.004761332731103258	0.030949585491072552	17
NOTCH2	3.1098444	1.7299052	0.004683161663248853	0.030530209008169055	17
MEA1	3.1045833	1.114469	0.004644782402871453	0.030309464314146186	17
TMEM120A	3.1038644	2.3430536	0.004785931871423014	0.031062004390063323	17
SNRNP200	3.1034005	1.2386854	0.004639534107024183	0.030281107897197533	17
POLB	3.1031783	2.9256396	0.00482039606534403	0.031260809054080456	17
EPS15L1	3.1025953	2.398262	0.0048011964126568754	0.031148342142538542	17
NSD1	3.1000748	1.787876	0.0047860361553873545	0.031062004390063323	17
CACNB3	3.0965407	3.1313484	0.004892806655311286	0.031644741231352844	17
ANAPC5	3.095923	1.2404786	0.004754649441742542	0.030912133538570773	17
MRPS24	3.0957537	2.8980966	0.004888033131223707	0.031644377389379336	17
RGS22	3.0943475	4.4823365	0.004939365690164541	0.03189666881433305	17
GATA3-AS1	3.0914278	1.9528816	0.0048901107755798985	0.031644741231352844	17
PANK3	3.091036	1.7457602	0.004884354301287368	0.031626665563606104	17
PDZD8	3.0859115	2.511829	0.0049922229791694766	0.032206991910814275	17
XPO1	3.0856895	1.3774022	0.004905445175120196	0.031714251468524766	17
LINC01087	3.0854053	3.6167967	0.005034494810097624	0.03244849931312153	17
CIAO2B	3.0838358	2.677726	0.005004923767898301	0.03227651376640587	17
MYO1C	3.0744615	1.6285255	0.0050613388801198774	0.032587528834321755	17
RAB3A	3.0694685	3.72643	0.005235850772087474	0.033527237637759826	17
ATXN7L3B	3.0687888	1.6816823	0.0051393662894809	0.03304821409422524	17
ICK	3.068275	2.2570834	0.0051896198933574144	0.033294766802429425	17
ATP9A	3.066148	2.5032914	0.005242631015382527	0.03355143806276385	17
SPINT1	3.0658529	1.4745368	0.0051687850463883415	0.03318648913493709	17
SIAH2	3.0645137	1.6637883	0.00519941827922198	0.0333425259357059	17
KEAP1	3.0565228	1.6827611	0.00529462671809615	0.03383900052432602	17
WNK1	3.0563211	1.2699506	0.005237691526269486	0.03353262292090186	17
COPG2	3.0530777	3.5810072	0.005447654099219373	0.03468484550909586	17
MARF1	3.0517251	2.21156	0.005403358683487532	0.034435503249639995	17
DICER1	3.050784	1.4940643	0.005328631148249347	0.03401743763673989	17
AP2B1	3.046229	1.417375	0.005408051695526609	0.03445231945292649	17
MCF2L	3.0446143	2.7923222	0.005534003130235595	0.03514123418993413	17
ICE2	3.0415232	2.2721007	0.00555568472121273	0.035252217410933824	17
NUTM2A-AS1	3.038236	2.0984263	0.005582313058365422	0.0353877078606378	17
FAM174C	3.0367417	3.3114874	0.005637150408763674	0.03568235950535043	17
ZNRD1	3.0364575	1.5006814	0.005530666805247241	0.03513335138537836	17
IMPDH2	3.0343742	1.360903	0.005580349470951823	0.035381947373382815	17
TBX3	3.0318482	1.4001166	0.005548419469919495	0.03521277908052409	17
MAPK13	3.0309148	1.8836087	0.005675541073148779	0.03585216898812991	17
GSK3B	3.0295486	1.7573383	0.005654630882658664	0.03575829080604341	17
USP22	3.0288954	1.4645716	0.005637304284870813	0.03568235950535043	17
AHCY	3.027711	1.432642	0.005645292649592474	0.03571270478309716	17
HINT3	3.0273964	2.3304937	0.005749691480038166	0.03626370852424974	17
CBX4	3.0250447	2.1213944	0.005773301280049309	0.03639208762152488	17
EIF4G3	3.0198333	1.968312	0.0058185482533155706	0.03664287025243289	17
TP53INP1	3.0184512	1.8728889	0.005832114512820277	0.0367076286122171	17
LRPAP1	3.0176134	1.10975	0.005691535128064637	0.035937458533587346	17
RABEP2	3.0170991	2.017495	0.005854094314081695	0.03681143183138623	17
DNAJC12	3.0157723	2.0641842	0.005877775814463041	0.03693926342835227	17
ARHGAP32	3.0116248	2.2166092	0.005963543870601648	0.037415492885119694	17
GNPTG	3.007386	1.9757425	0.006007101030138317	0.037639487325213765	17
ALOX15B	3.0044484	4.321897	0.006127501911844512	0.03830088364241088	17
LFNG	3.0021856	2.9322956	0.006116797238179992	0.038241099005740006	17
ACOX3	3.0008395	3.0033042	0.006142665315467205	0.03836706468269749	17
PBRM1	2.998395	1.3172331	0.005998640045005199	0.03759349509520168	17
STRADB	2.9939115	2.4530458	0.006219656348741944	0.038761332886130345	17
C20orf96	2.9929504	2.9682183	0.006275373390281105	0.03902156078669235	17
CASC3	2.992473	1.6968765	0.00617116435425045	0.03849489001411834	17
ZNF512	2.9923372	2.6762958	0.006257604702220464	0.03893436021836507	17
MARCHF7	2.987768	4.093959	0.0063656537563592215	0.03953896160037864	17
FOXP1	2.9840586	1.1643593	0.0062244290691814905	0.03878387059435563	17
SORBS1	2.9829817	2.9545083	0.0064009006946012265	0.03972236846063974	17
LINC00667	2.979766	1.7961465	0.00640110317312417	0.03972236846063974	17
RALGAPA1	2.9701107	1.75494	0.006513455173372788	0.04034493074240013	17
CCS	2.969875	1.5894248	0.006524751673758756	0.04038507028779156	17
EHMT1	2.969472	1.614463	0.00651868402692355	0.040362411103386155	17
RIC8B	2.9687624	3.3847275	0.0066562004793127155	0.04110118707251076	17
SMIM15	2.9658267	1.4767941	0.006572008447618621	0.040662559553878645	17
CTNND1	2.9648206	1.5022289	0.006606149913264369	0.04085872657953166	17
WASL	2.9626079	1.4198396	0.006578057680057191	0.04069248112261126	17
CLSTN2	2.9601762	2.8932068	0.0067731856693643315	0.04172257493776842	17
SPATA20	2.957205	2.450253	0.006790830264603176	0.04180055751606811	17
PNKD	2.957012	1.0882635	0.006635165330948068	0.04098528183523557	17
LYPLA2	2.9566462	1.7456046	0.00676398515891259	0.04167355367654063	17
NDUFV3	2.9562104	1.250164	0.006686913037912802	0.04125174732474403	17
SERTAD1	2.9528542	1.4286702	0.006760802630250421	0.04166159857086705	17
PRRC2B	2.9527788	1.6438544	0.006811905905084488	0.04189952979322186	17
NDUFAF6	2.9523344	1.604606	0.006808665804263335	0.04188728168393187	17
GCC2	2.9518583	1.3361919	0.006745829050244673	0.041576966588433774	17
SRSF1	2.951784	1.3798435	0.006800632039782867	0.041845532791479935	17
RPP21	2.9506283	1.836299	0.006844603160212272	0.04204667300305491	17
PIGG	2.9458747	3.1686985	0.007012300260539741	0.04291179767173207	17
INO80E	2.944651	1.6334062	0.0069293875325208325	0.04248968687902765	17
UBE2V2	2.943524	1.0379951	0.006784934510842307	0.041779601326998685	17
SDF4	2.9434662	1.2298577	0.006874027390092951	0.042188792807156025	17
SNAP23	2.9428866	1.5999315	0.006943861873285718	0.04255510160640897	17
ARFIP1	2.9421177	2.1249464	0.007016826326768608	0.04293166213537867	17
APPL1	2.9365692	1.4961169	0.007075176304357846	0.04323346482500757	17
RBM33	2.9287746	1.7418686	0.00716593430994448	0.043756162878180925	17
MEAF6	2.9244454	1.1882244	0.007245145766786357	0.04416747258520196	17
ZNF692	2.9210575	2.2714357	0.007379146319420255	0.04490274794986843	17
SCO2	2.9209552	3.766547	0.007454726354367969	0.045288711583382726	17
WBP1L	2.9196827	2.1822345	0.007404645388313905	0.045025237666685404	17
CIC	2.919203	2.8088772	0.007461168101567892	0.045311432064944535	17
PDCD6IP	2.9169254	1.3731333	0.007339329258677768	0.04467666836031053	17
SLC25A11	2.9095545	1.4012531	0.007497512629976219	0.0455239086028299	17
AGGF1	2.909189	2.4832115	0.007618698389126292	0.04617614070648446	17
CELSR1	2.9080224	2.4894218	0.00764233803325585	0.04629432183013084	17
CRTC2	2.9039063	2.647663	0.00771194651711419	0.04661495731312436	17
GRHPR	2.9032054	1.1616118	0.007571992332677334	0.04593550118031484	17
RAB40B	2.9023685	1.8743256	0.00770470543458493	0.04658797998583255	17
SLC25A39	2.900484	1.1268927	0.00761103146061636	0.04614634964217884	17
CYHR1	2.899903	1.316919	0.007660508248376819	0.04639477058959029	17
MARS1	2.8984	3.7792559	0.007846441718662774	0.047308556837258334	17
ARMT1	2.8952448	1.820068	0.007825769466813601	0.04720937656230126	17
PIGP	2.894734	1.5822101	0.007832136652188047	0.04723929067632427	17
NSD3	2.894085	1.0308781	0.007661686720602862	0.04639477058959029	17
BIK	2.893552	1.805953	0.007852895291125395	0.04733045120568497	17
SNAP29	2.8923068	1.5862029	0.007856569262102682	0.04734408724760799	17
CADM4	2.8913243	3.1510887	0.007983179468533235	0.04799494937337753	17
PEX19	2.8884847	2.1025057	0.007965942944405035	0.047925684717181935	17
ZSCAN16-AS1	2.8877816	1.8832389	0.007970100787236192	0.04792857027682596	17
PPCS	2.8867583	1.3411682	0.007943110255927654	0.04779688932437557	17
PNKP	2.8858624	1.557419	0.007940300700857748	0.04779688932437557	17
SEPTIN7	2.8846502	2.4758286	0.008034838651092557	0.04824499162124874	17
ARL14EP	2.88457	1.9189172	0.008032490701525176	0.04824499162124874	17
GPHN	2.8828623	3.092644	0.008131086814713995	0.04871825345700645	17
FBXO8	2.8826516	2.115398	0.008076210114998796	0.04844689588179425	17
PRKAA2	2.8819196	2.900624	0.008141951220921378	0.048751797320327174	17
PTPA	2.8799126	1.5150951	0.008077130728690065	0.04844689588179425	17
SYNE4	2.8749444	1.9327549	0.008229785358193943	0.0492216887837345	17
IFT122	2.874132	2.0258262	0.008224262957600866	0.04919743247028547	17
EPHX1	2.87401	1.9504157	0.008265178273043853	0.049406940733588284	17
TECR	2.8740082	1.1507858	0.008140386166732688	0.048751797320327174	17
DACH1	2.872179	3.3927724	0.008356630874412272	0.049811579200046564	17
OGFOD3	2.8708427	1.7665851	0.008278956031337515	0.04947166653253012	17
KITLG	2.8703794	2.8943727	0.008364261829109897	0.049839350863417134	17
PMS2	2.8689792	2.099429	0.008325112670581758	0.04966784135254051	17
ATP8B1	2.8674579	2.2071683	0.008388810346591207	0.04996787210708856	17
DNPEP	2.8665345	1.4724679	0.008324441013905311	0.04966784135254051	17
JUP	2.8663118	1.3227319	0.008301506521137529	0.049579919911943354	17
PIN1	2.8652503	1.1551999	0.008295471026009053	0.04955269700505247	17
RAB3GAP1	2.8649528	1.6791978	0.008370022893095706	0.04986482022332559	17
GOLPH3	2.863787	1.2818075	0.008361080565966064	0.04982924720381445	17
