names	scores	logFC	pvals	adj_pvals	cluster
ANKRD30A	9.824461	2.4204974	3.405541716199652e-17	1.245888776372051e-15	0
TFF3	9.271479	2.8041759	8.404124943748711e-16	2.5246537940773568e-14	0
AGR2	8.983657	2.6068368	5.0446559614557325e-15	1.259459714701279e-13	0
SCGB1D2	8.872413	5.0453453	2.0197625951262842e-14	4.3389667377858255e-13	0
AGR3	8.828814	2.6712804	1.2405006971736924e-14	2.7612349855763813e-13	0
EVA1B	8.571337	2.8234584	7.426661191138893e-14	1.4442901632241164e-12	0
SRARP	8.1683855	3.6176152	6.796969368728893e-13	1.0825345610971234e-11	0
MAGED2	8.09742	1.7936414	4.805692010887856e-13	7.927246419745816e-12	0
CD24	7.437659	1.4196182	7.321526566936708e-12	1.0286327248985223e-10	0
STC2	7.3058476	2.4574664	4.066085040297567e-11	5.058647886834853e-10	0
STARD10	6.90272	1.7263399	2.5225368628868376e-10	2.765808222067319e-09	0
SHISA2	6.3940816	3.9712162	4.5830319500456734e-09	4.003381336978431e-08	0
GLUL	6.392648	1.214499	2.5447811427397828e-09	2.3332422636286593e-08	0
KRT7	6.302919	1.411421	4.073303461392326e-09	3.5920898066455e-08	0
RARRES3	6.25985	1.6330254	6.0082103470656214e-09	5.0918204661485025e-08	0
TFF1	6.2316523	2.8971791	8.615003259065908e-09	7.073874898277451e-08	0
SLC40A1	5.8069596	2.1532059	6.121245796675592e-08	4.40127991426179e-07	0
TFAP2B	5.6950927	2.6219878	1.0666502209530552e-07	7.179002853226847e-07	0
GSTM3	5.4744687	1.5168314	2.4717003240795544e-07	1.5427251178165463e-06	0
AFMID	5.4546604	2.3698807	3.117889391353637e-07	1.913721146354101e-06	0
BTG2	5.2656384	1.2087957	5.856122294477218e-07	3.375721041824231e-06	0
TCEAL4	5.2572207	1.0624851	5.913119233065695e-07	3.4032672221460657e-06	0
SUSD3	5.0970387	1.8209195	1.3949058442077304e-06	7.5243461231351295e-06	0
GFRA1	5.002993	2.2766736	2.1718397216667895e-06	1.1176807481279649e-05	0
PGR	4.8206754	2.595173	4.6757513217469044e-06	2.25841844886991e-05	0
ZFP36	4.8010864	1.1273055	4.456533259233268e-06	2.1581769846483517e-05	0
CYP4X1	4.7557964	2.6546218	6.1116887469738295e-06	2.8804451428658547e-05	0
DEGS2	4.7195992	1.4831989	6.596149848228779e-06	3.089071443498776e-05	0
DUSP4	4.7128286	1.3574709	6.62475889024118e-06	3.098542291068502e-05	0
CLDN3	4.6088376	1.1860712	9.995061133432758e-06	4.559475418275808e-05	0
RND1	4.5689473	2.3036213	1.2879351493325799e-05	5.706139540508253e-05	0
SHROOM3	4.5587425	1.8490896	1.3204256471856552e-05	5.836091825778703e-05	0
KCNK6	4.55747	1.6966507	1.329759879417418e-05	5.870325871502222e-05	0
SCGB2A1	4.5525813	3.5396106	1.4199523358998721e-05	6.223871745136451e-05	0
ANO1	4.4994683	2.931799	1.741188760816315e-05	7.457285554400884e-05	0
C9orf116	4.469924	2.588983	1.9454155132258734e-05	8.243475139185324e-05	0
GADD45G	4.431246	1.69089	2.1924161982765968e-05	9.153647291109634e-05	0
SLC12A2	4.398764	1.5959277	2.459482342107918e-05	0.00010165310127616059	0
SLC2A10	4.3380203	2.1350455	3.222703954253532e-05	0.00012988707801477799	0
CRIP1	4.3303633	1.1030821	3.0074607684609915e-05	0.0001222504679808951	0
ERBB4	4.2281013	2.2480292	4.919980081039739e-05	0.00018971496546453387	0
BCAM	4.212187	1.3262008	4.95337295812752e-05	0.00019025689272641563	0
KRT15	4.1940813	1.7104669	5.408889220301718e-05	0.00020519348736154877	0
SEC14L2	4.140475	2.2935903	6.835952778012004e-05	0.00025695671937695175	0
INPP4B	4.0899444	1.9332007	8.190851775511737e-05	0.00030356266108842397	0
DHRS2	4.069795	2.2501986	8.867880550457756e-05	0.00032506764517799014	0
SLC39A6	4.0634813	1.0941552	8.583243381504789e-05	0.0003158872937715159	0
MAOB	3.9947271	2.0792718	0.00011711454496681346	0.0004168961884897647	0
AREG	3.9723222	1.598116	0.0001240311124735778	0.0004373183483213927	0
C16orf89	3.9707785	3.2431254	0.00013081216765082544	0.00045815256821781994	0
CAPN8	3.9650636	2.2294707	0.00013123247149761068	0.0004591893770678707	0
MUC1	3.9552093	1.1397899	0.00012922592736861754	0.00045302637725525783	0
ACADSB	3.9159207	2.2691057	0.00015829849216030158	0.0005446116653001064	0
INTS6	3.8809052	1.186821	0.0001725689569574845	0.000590956715438281	0
BPIFB1	3.8312364	5.391759	0.0002190611025494194	0.0007284324675004589	0
NPY1R	3.8141372	2.1449175	0.00022597430850241807	0.0007495287880757942	0
NTN4	3.7715092	1.9637111	0.00026336440335909887	0.0008598295119676284	0
CCDC74A	3.7673512	1.8175261	0.0002653892120213998	0.0008639763334088741	0
PDZK1	3.7620926	3.4693964	0.00027710199808984095	0.0008957934233962925	0
NEK10	3.676281	3.2026272	0.00037383250602979976	0.0011775883288832993	0
ANXA9	3.671905	2.3106241	0.00037554319296738626	0.0011809634876719082	0
ENPP1	3.6418169	1.5684628	0.0004079366252871164	0.0012730792486789655	0
RAB11FIP1	3.635186	1.1176167	0.0004143056968932797	0.0012918645991735597	0
MAPT	3.5934894	1.5820613	0.00048538363118623965	0.0014871413907405933	0
CHAD	3.58594	4.238621	0.0005119864137246924	0.001559595876927237	0
TMEM150C	3.4988844	1.9172825	0.0006746262055970158	0.0019973908891674466	0
GREB1	3.4720633	1.9846165	0.0007378192617292563	0.0021671241431554865	0
MSX2	3.4615571	3.1543796	0.0007773597852529653	0.0022634707695111953	0
AKR7A3	3.4368424	1.9837884	0.0008309643196571694	0.0024025142105893907	0
RASD1	3.4355888	1.1631423	0.000809603619808592	0.0023469192261264455	0
BAMBI	3.3408058	1.1721485	0.001120520138884145	0.003148533774279023	0
DNAJC12	3.1648138	1.463754	0.0019979911185690966	0.005330380637626579	0
BCL2	3.161958	1.228244	0.0019917160972576335	0.0053213239185588975	0
RSPH1	3.1441832	2.8882368	0.0021660524454512283	0.005725009861189048	0
DRC3	3.1142254	2.8820174	0.0023757606717598827	0.0062170224377852456	0
GDF15	3.108205	1.8424762	0.002387608735279673	0.006243605291477984	0
TTC36	3.0886183	1.6689651	0.0025295299576820695	0.006568245392575718	0
GSTO2	3.0753064	1.2253873	0.002632299945051661	0.0067921426654789716	0
LRG1	3.0746782	2.1055098	0.002666478620205844	0.0068611688730226975	0
OBP2B	3.0516467	2.6664681	0.0028652967317067644	0.007298805821911069	0
FRMD6	3.022456	1.3017317	0.0030854382135436127	0.007814046743689958	0
PEG10	3.0002954	1.7425234	0.003342992988607488	0.008380162206855269	0
SHROOM1	2.9991155	2.4101698	0.003371726429779126	0.008426310136830512	0
C19orf33	2.9866595	1.2237788	0.0034365191192718444	0.008545045858485508	0
LINC02584	2.9849987	27.002346	0.0035424956435717967	0.008761393174697315	0
RIC3	2.9798112	1.6586968	0.003520420854683838	0.00873017117990388	0
TNNT1	2.9772167	1.1695161	0.003535843375955323	0.008755030273786341	0
KIAA1217	2.9726195	1.2155035	0.0035990188920691207	0.008883349903938144	0
PRR15	2.9633355	1.6748526	0.003723592089452875	0.009178567558724733	0
ANKRD28	2.9256222	1.1852143	0.004148572503278841	0.010091491375651953	0
SPTSSB	2.9044218	1.9717578	0.00445989552018957	0.010728720017643531	0
CASD1	2.8844757	1.4695762	0.004700109218186705	0.01124071427909377	0
PCSK1N	2.8823686	1.6952155	0.004736933919115221	0.01130344107795633	0
AL121944.1	2.8720808	1.4292674	0.004867219418182133	0.011572957368200116	0
HMGCS2	2.8606694	3.2183566	0.005104122240063943	0.012081826827057187	0
PI15	2.842037	1.9648404	0.0053654209422495155	0.012563517352098834	0
P4HTM	2.8312604	1.2338281	0.005477103142827312	0.012800693303445236	0
LY6G6C	2.8086028	3.344744	0.00593664964181336	0.013701386899750385	0
PITX1	2.8046052	1.2366171	0.005936166325831278	0.013701386899750385	0
LINC00052	2.8018734	8.569874	0.006070254590590342	0.013966121240492723	0
TMC5	2.7906296	1.2025559	0.006152075326902209	0.014110439685228841	0
ARHGAP40	2.7329583	3.4098625	0.007374241963303304	0.016706207268182532	0
ZNF101	2.6979113	1.7337717	0.00805266237326777	0.018103240234786704	0
HDAC11	2.6969402	1.6499143	0.008089690212058508	0.018160027541650175	0
GAB2	2.6960745	2.307495	0.008152171583261477	0.01824486614182384	0
LRRC26	2.6949737	1.0287427	0.008057940706759912	0.018103240234786704	0
SERPINA3	2.6884818	2.8250442	0.008324490047137537	0.018574269760974156	0
SYT1	2.682865	2.3732092	0.008462908779967587	0.01882627811076474	0
LINC00623	2.6774797	1.0680665	0.008483477523888065	0.018860679573264982	0
MB	2.6667006	1.1609428	0.008776937261222166	0.019477947855985524	0
TMEM67	2.6626682	1.5817238	0.008905863090269679	0.019728515658601	0
PLA2R1	2.659091	1.8834711	0.00900989358950527	0.01991121818972606	0
PDK2	2.6563678	1.6676369	0.009060252468331436	0.019986646489841584	0
DYNLRB2	2.6520295	2.6483102	0.009229453808569201	0.020311394772283026	0
LRRC75A	2.6440177	1.5123601	0.009380759267072925	0.020570863793373566	0
FAM241A	2.625852	1.0253782	0.009787149553565938	0.021360612876802212	0
MRPS28	2.5976305	1.2525543	0.010650208355480322	0.022972866242556796	0
HRASLS2	2.5723405	1.7121549	0.011419459108562117	0.024475000815624724	0
NME5	2.5722632	2.5517502	0.011491745424222613	0.024583016312668363	0
MIR29B2CHG	2.5661383	1.2979507	0.011592294231612439	0.024759264269253158	0
CITED1	2.555957	2.4522042	0.011978155136532262	0.025467267554838146	0
MS4A7	2.530367	1.0068977	0.012684411278779664	0.02675165506569113	0
DCDC2	2.4957285	3.9260678	0.014129530931016548	0.02933068358994727	0
CYP4Z1	2.4876957	1.9722873	0.014372855312115181	0.029735232719554874	0
GLI3	2.4852598	1.1749703	0.014356967223987592	0.029735232719554874	0
SLC9A3R2	2.481321	1.0522963	0.014484744851362436	0.02990454730243525	0
RBM24	2.4761724	2.6836839	0.014839805142160567	0.03056470457094944	0
ELOVL2	2.4529808	1.8642665	0.015735109885481848	0.03221120832512766	0
C6orf141	2.4501786	1.8439163	0.015889312852988103	0.03245495356096796	0
PLIN5	2.436086	1.559582	0.016430381479180925	0.0334860780836037	0
TSPAN1	2.3813775	1.2740166	0.01894296245710516	0.0378756743934002	0
PLA2G10	2.369266	5.1839395	0.019682266675290154	0.03914401655434106	0
KCNK15	2.359381	1.3063796	0.01997451207566635	0.039637928098596766	0
DDHD2	2.343268	1.290435	0.0208645142242762	0.04111700269797362	0
EGR3	2.3101175	1.2368996	0.02268304473377632	0.04425229688030807	0
ZMYND10	2.2931726	2.6966372	0.023810911895804893	0.046232958200209714	0
PIFO	2.2840798	2.5068963	0.024362478257458388	0.04716109545287716	0
CYP4B1	2.2765856	1.8524574	0.024766158093103965	0.04783635867957091	0
PTPN13	2.2748976	1.6640544	0.024805491328651064	0.047887299090577685	0
IGFBP7	25.004944	5.691474	1.3514044198963426e-25	6.1647399154530686e-24	11
IFI27	18.568787	3.6573188	1.2175355100371329e-23	4.32576318229539e-22	11
PCAT19	12.916869	10.201089	1.1336716722562209e-14	1.3469185945294972e-13	11
CD93	12.201177	6.4942327	5.057433819766114e-14	5.545168535322194e-13	11
TCF4	11.769833	4.036614	7.812436263821356e-14	8.319006338564815e-13	11
TM4SF1	11.166129	4.2212367	3.455704129318343e-13	3.3779964967807612e-12	11
SPARCL1	10.739601	5.76937	1.530894998992335e-12	1.3341172219992166e-11	11
GNG11	10.354414	5.8506126	4.3103023454430516e-12	3.579003857620691e-11	11
SPRY1	9.667522	5.051174	2.4247882066037126e-11	1.882267315840487e-10	11
EMP1	9.22175	3.9105897	6.828597418647527e-11	5.00628322656798e-10	11
CAV1	8.425196	4.691596	6.816525975080398e-10	4.4421628708857264e-09	11
ADGRL4	8.40936	8.951126	8.039128163683279e-10	5.202202901017463e-09	11
S1PR1	7.954471	6.3338556	2.808743409687935e-09	1.7125918974912407e-08	11
UPP1	7.9476223	3.7694762	2.5163482652230446e-09	1.54194143283568e-08	11
ADAMTS9	7.5703516	7.405659	8.51274565768725e-09	4.945691069992829e-08	11
HMOX1	7.4813733	4.7928286	1.0227906047609868e-08	5.886621938616583e-08	11
AKAP12	7.446571	5.8045626	1.1807584489462687e-08	6.712157644394558e-08	11
PLVAP	7.2256613	7.413318	2.2952801766656128e-08	1.2696197983202752e-07	11
PKIG	6.843317	3.7115977	6.56962074219526e-08	3.4432267577888636e-07	11
TUBB6	6.7835217	3.668595	7.723158735872157e-08	3.9745224970818414e-07	11
SERPINE1	6.742936	5.498666	9.242460453865793e-08	4.671804565941738e-07	11
SRGN	6.6246448	2.6049585	9.039791205851769e-08	4.5799509474263173e-07	11
SPARC	6.6209025	3.1702926	1.0386978597997825e-07	5.207582892754676e-07	11
PNP	6.522924	3.7592103	1.706570309412597e-07	8.374206232774961e-07	11
ID3	6.512898	3.1931052	1.6191051823061388e-07	7.98744145343282e-07	11
ECSCR	6.505661	8.217929	1.9084875865572477e-07	9.278765305696093e-07	11
ENG	6.449908	4.270276	2.1572457581754686e-07	1.0406035347856863e-06	11
TFPI	6.4251094	4.7584896	2.3432833924267723e-07	1.1244717058463536e-06	11
ANGPT2	6.1678343	6.2848797	5.169966176617302e-07	2.346808970835495e-06	11
NNMT	6.1653323	2.8414645	4.408160343376438e-07	2.028412511678199e-06	11
CALCRL	5.926736	7.1341834	1.0674698790855654e-06	4.6349015313997225e-06	11
ID1	5.913263	3.2246242	1.0031465639075028e-06	4.37618247182789e-06	11
ICAM1	5.9115453	3.0460873	1.0257446291031089e-06	4.469488684594325e-06	11
ESAM	5.8063207	6.4804764	1.5257155568099547e-06	6.450250551959706e-06	11
FABP4	5.792611	7.1903596	1.5914678513257065e-06	6.68995871518599e-06	11
ADAMTS4	5.7700977	4.5132217	1.6649248848113896e-06	6.967041279023879e-06	11
CFLAR	5.5869017	2.6924596	2.738257438092172e-06	1.1155304557608132e-05	11
EMCN	5.4949207	8.299021	3.902730033781833e-06	1.555618929322964e-05	11
PECAM1	5.4249253	4.0225677	4.683672639782274e-06	1.8410819578718617e-05	11
SOX7	5.418485	5.613062	4.871178916596359e-06	1.906674374663511e-05	11
CXCL8	5.4085355	4.265929	4.839209045272293e-06	1.8961693979089205e-05	11
CAVIN1	5.3899355	2.7898624	4.934709702829912e-06	1.929497603381643e-05	11
IL6	5.355546	5.3692174	5.83689739681811e-06	2.2630992530160458e-05	11
SOD2	5.2743406	2.4357684	6.711185559132983e-06	2.564408546121652e-05	11
FAM241A	5.242735	3.5442955	8.110820145372267e-06	3.064364052878377e-05	11
ETS1	5.2111363	2.9223874	8.491572879917399e-06	3.198405891059611e-05	11
PLPP3	5.2084007	3.1711528	8.699532201801047e-06	3.270068309832642e-05	11
RDX	5.154542	2.9698484	1.0433627951177417e-05	3.866889410600652e-05	11
HLA-DRB1	5.0841336	2.0383852	1.0805099603720668e-05	3.9765779916083534e-05	11
SPHK1	5.0814886	2.7864091	1.2588534273699203e-05	4.564733478048926e-05	11
VWF	5.056097	7.89955	1.450235117728602e-05	5.212664163431113e-05	11
CD74	5.022073	1.7296114	1.1868410176090022e-05	4.333377035637612e-05	11
PTPRE	4.9480586	2.9577043	1.918883034632464e-05	6.743186533140213e-05	11
ZNF385D	4.94391	3.6845837	1.9607314735472002e-05	6.860703404125857e-05	11
STC1	4.9290595	4.066789	2.0842444738454148e-05	7.238048243288353e-05	11
FERMT2	4.9254236	2.7354782	2.0288578904904055e-05	7.072292363549103e-05	11
ZEB1	4.9230466	3.8192446	2.1027421731151527e-05	7.295429417521586e-05	11
PLIN2	4.917272	2.5444424	2.048524292414452e-05	7.127398550349717e-05	11
IL32	4.915812	2.0859563	1.915075734282166e-05	6.739242703021526e-05	11
WTAP	4.8840694	2.1883895	2.2666742944156922e-05	7.783793232217456e-05	11
PHLDA1	4.828732	2.7445698	2.7286504764750383e-05	9.283944300713873e-05	11
CXCL2	4.815023	3.6267426	2.8539996449228467e-05	9.67479696145864e-05	11
EGFL7	4.812135	4.573029	2.977032944235375e-05	0.0001002747194981742	11
RAI14	4.7834435	3.6881995	3.2114800734646854e-05	0.00010758312666774264	11
A2M	4.7669353	3.5181165	3.346072689494068e-05	0.00011158608833646732	11
RCAN1	4.7388296	2.6910245	3.563902740242798e-05	0.00011842284734889512	11
FOSL1	4.714072	4.1714706	3.957064439916495e-05	0.0001306644602814249	11
CLEC14A	4.7105126	9.260415	4.061806809916356e-05	0.00013388381947048114	11
CDC42EP2	4.7069864	4.161228	4.0457461093095274e-05	0.00013347349887409557	11
COL4A2	4.694566	4.196091	4.196917496165623e-05	0.00013784542354072869	11
ELK3	4.68612	3.0898786	4.230305206641671e-05	0.00013864587362459534	11
CSF3	4.680062	6.791695	4.4385573034882975e-05	0.0001442999213737075	11
SOX17	4.5997653	7.7250466	5.633047313586321e-05	0.00017896913004042522	11
SELE	4.5968294	8.577756	5.686231072178248e-05	0.000180194029259851	11
PRSS23	4.5676994	2.3504891	5.807961401122448e-05	0.00018357927610904571	11
EDNRB	4.566148	5.039011	6.17515662862842e-05	0.00019441872343921424	11
COL4A1	4.5557103	4.3105254	6.337410385764648e-05	0.000199121865437078	11
SGK1	4.53099	2.1477232	6.328952045688704e-05	0.00019902534305378522	11
EPAS1	4.524594	3.290942	6.874073205616883e-05	0.00021506943687344947	11
NEDD9	4.5207705	3.0802715	6.94286780984488e-05	0.00021703804194058232	11
RAMP2	4.516329	3.8700128	7.12576866780604e-05	0.00022181731446961516	11
ERG	4.4351087	6.5000377	9.133259523587188e-05	0.0002793201499948214	11
CCL2	4.430526	3.2003167	8.913437421723827e-05	0.0002728678647329705	11
ITGA5	4.417517	3.2124918	9.393697264495189e-05	0.0002866202427110629	11
CYP1B1	4.4067683	3.3998113	9.715212067296379e-05	0.0002959415382412211	11
CXCL3	4.4027686	3.6404827	9.788782772553658e-05	0.0002974469765179751	11
LRRC32	4.367034	4.303253	0.00011046058194709599	0.0003302199436039803	11
TXNRD1	4.356478	2.8647892	0.00011239922218636198	0.0003354726381087298	11
CLDN5	4.333796	7.238864	0.00012301501904059375	0.00036538625028536485	11
PTPRB	4.3205523	7.1217585	0.00012787674281629954	0.0003777014905725234	11
APOLD1	4.254682	3.8729687	0.00015325824412122636	0.0004476594561485624	11
ACKR1	4.1994243	8.448981	0.00018213411049549185	0.0005257699517819081	11
ADCY4	4.1665354	5.430224	0.00019976585914764842	0.0005726414659042366	11
COL15A1	4.158827	3.8541062	0.00020179033791518203	0.0005779963555012385	11
TMEM173	4.1449656	2.9350104	0.0002084178375500938	0.0005946748337819278	11
NDRG1	4.1177945	1.941817	0.0002167758189233451	0.0006166178990929639	11
SOX18	4.0972824	7.1393104	0.0002444576056993404	0.0006900464882040205	11
CDC42EP3	4.07715	2.6823504	0.00025288812232610204	0.00071275485278028	11
TMEM204	4.0550675	3.9328225	0.0002737667385589954	0.0007675023512712353	11
IL3RA	4.0245852	5.453465	0.0003009085710416999	0.000837241844878826	11
IGFBP3	3.945346	3.0690653	0.00037103303797123564	0.0010208243300846727	11
TFPI2	3.9441593	4.501695	0.00037630036713317	0.0010330088087348165	11
CYP1A1	3.939689	7.897278	0.00038463929059496805	0.0010519927303837208	11
AQP1	3.9189737	5.743369	0.0004075288137613017	0.0011088504910515536	11
CLEC2B	3.8834794	2.1179082	0.0004329756141166526	0.0011729068139010495	11
MCAM	3.8761122	4.291963	0.0004581215533626984	0.001232890851911996	11
CAV2	3.8754718	2.7221146	0.0004518884755379568	0.0012178905303521156	11
RGCC	3.8596363	3.0261035	0.00047600426793241777	0.001277295403057577	11
KDR	3.8585095	6.4192085	0.00048397450394536084	0.0012967989790269095	11
JAG1	3.8391104	3.3845892	0.0005065010161478415	0.0013503039355456526	11
PALMD	3.8340857	3.9699335	0.0005164963790234015	0.0013739606852966836	11
HSD17B11	3.8121786	2.75315	0.0005417278579375113	0.0014328449785820361	11
CDH5	3.8057365	6.916467	0.0005624237911015927	0.0014822795350359378	11
TINAGL1	3.8006463	3.25939	0.0005639518134960106	0.001485247292136678	11
MT1A	3.774687	3.8716028	0.0006081380604403327	0.001592087770974879	11
EFNB1	3.7619064	3.679591	0.0006321483364842584	0.0016472412576229443	11
CXCL1	3.7553732	2.5953207	0.0006214922959293975	0.0016217613230643528	11
FLT1	3.7180803	4.8686805	0.000718097016482957	0.0018503266917046905	11
CCL14	3.7051713	7.8159738	0.0007468433596429851	0.0019145076627821156	11
DAB2	3.6891377	1.9002912	0.000747150216436214	0.0019145076627821156	11
GIMAP6	3.6596537	3.9453259	0.0008426641964375972	0.002141121105068526	11
KCTD12	3.6544788	2.5484886	0.0008431207599119635	0.002141121105068526	11
THBD	3.6506267	3.410721	0.0008620559800309924	0.00218171016864008	11
GJA1	3.646875	2.2299242	0.0008523551872577209	0.0021601182557731678	11
GIMAP7	3.6426156	3.3026485	0.0008790769331101887	0.002220225063460114	11
RBP7	3.6279988	3.1539917	0.0009195378934178939	0.002314504438814113	11
FILIP1	3.6010134	4.8514833	0.0009954222837853907	0.002491927736170067	11
GPX3	3.589392	3.424908	0.0010198125986847204	0.0025443670169750456	11
CD55	3.5636127	1.8908292	0.0010792103789480077	0.0026798940525624253	11
CLIC2	3.5050976	4.368247	0.0012975993076905848	0.0031794624946397286	11
RELB	3.4866483	2.3622282	0.0013461467659012468	0.003289690674606552	11
RGS3	3.4752042	2.6206274	0.0013919389511942068	0.0033881517949028946	11
MAP1B	3.4743483	2.453688	0.0013885349761248575	0.0033820940914840794	11
RAMP3	3.4729216	4.326464	0.0014179317734341296	0.003446880199236256	11
LAMA4	3.4699726	3.1095407	0.0014196217291389756	0.0034487194537597076	11
PLPP1	3.453538	2.7502258	0.0014831017588875484	0.0035952349361386793	11
SLC9A3R2	3.4480639	2.75285	0.0015078686120431712	0.003643933630804132	11
SPRY2	3.4445074	3.216692	0.001523131600518737	0.0036736104855853353	11
TM4SF18	3.4403498	3.0243068	0.0015372460899628878	0.0037004067116696224	11
IL1RL1	3.4269342	4.827131	0.0016072552281540067	0.003853866364717102	11
LAMC1	3.4215207	2.671535	0.0016158952437944681	0.003872070639312944	11
CDH13	3.4181943	4.499067	0.001646856472282888	0.0039437036066657626	11
ZBTB16	3.412759	3.2130582	0.001662391189999387	0.003975751098412773	11
MCTP1	3.3971982	4.4983125	0.0017447440203471167	0.0041512100162154515	11
FSTL1	3.3811808	2.0359263	0.0017707030882500665	0.004207554926742119	11
SNAI1	3.3729587	3.707678	0.0018592621138793521	0.004395376526413439	11
SLC9B2	3.355674	4.6497054	0.00195330063892615	0.004600029229338512	11
F2RL3	3.3375115	6.1051307	0.0020554752851559125	0.004816094596481355	11
MECOM	3.3284311	6.6430507	0.0021075780635067065	0.004931919534298468	11
TIE1	3.3275032	7.1628227	0.002112314961712791	0.004939875812359977	11
MAFF	3.3106995	1.6276643	0.002150977939497597	0.00502393393580507	11
ADGRF5	3.3049285	6.097964	0.002243896111232425	0.005227740309586262	11
NRP1	3.280779	2.3230004	0.002355027627526547	0.005462540542191206	11
LCN6	3.2749972	10.669864	0.002434225539215198	0.005614521452809087	11
HSPG2	3.23741	3.27343	0.0026760224300883826	0.0061074137610726215	11
C11orf96	3.226155	3.3460555	0.0027512017328021558	0.006259661578019684	11
HIVEP2	3.2224443	3.023435	0.00277989637723519	0.006321056685467094	11
TMEM255B	3.214728	3.8194413	0.002845138728852407	0.006453636645239931	11
FNIP2	3.2118435	2.3197603	0.0028466880669404124	0.006453636645239931	11
RGS5	3.2096949	5.288233	0.002893840752529895	0.0065439054960819846	11
HLX	3.2021503	5.047306	0.0029527768537101766	0.006665792650578312	11
ITM2A	3.1967971	2.3792222	0.002953153604599918	0.006665792650578312	11
PLS3	3.1897488	2.1781259	0.0030114419922266694	0.006780791079389119	11
EDN1	3.1873565	3.744361	0.0030656004125325996	0.006881770063370569	11
GSN	3.1764793	1.3338684	0.003060531002077646	0.006874566597371977	11
HYAL2	3.1731484	2.7599106	0.003174830874663397	0.007101089637942646	11
ADAMTS1	3.154945	3.129512	0.0033247539463398625	0.0074005818263408385	11
RNASE1	3.1407514	2.025092	0.0033704276211747276	0.007493219049482923	11
SOCS2	3.124558	2.8559482	0.003604246705756142	0.007940877798978535	11
MTUS1	3.123514	2.1839957	0.0036015591988369294	0.007940191670466858	11
SOCS3	3.097791	1.723666	0.0038276611651926144	0.008398579575645314	11
TSHZ2	3.0946908	2.5339541	0.003886797638612054	0.008519468079748444	11
INSIG1	3.0913808	1.6307142	0.003888347843449563	0.008519468079748444	11
RHOJ	3.0798407	5.1127515	0.004077717338858258	0.008878706875121547	11
G0S2	3.0775208	3.3071744	0.004085073228714298	0.008883792712379884	11
LIMS2	3.0768187	4.0370784	0.004102307157009154	0.008895554545275132	11
WARS	3.07575	2.4313128	0.004087265929917673	0.008883792712379884	11
PLK2	3.07557	1.9006705	0.00406678160488076	0.008860116762991987	11
ARID5B	3.0566938	1.4653205	0.004235533380327416	0.009152219789654855	11
RASGRP3	3.055237	3.1002975	0.004318580145875406	0.009315326117343623	11
BCL6B	3.0433602	7.6146417	0.0044889463836346654	0.009643405167168656	11
IRAK2	3.033962	3.5830252	0.0045811095224620076	0.009835676749272004	11
CTSL	3.0202296	1.5470946	0.00462864859147913	0.009914699446675586	11
ICAM2	3.0006683	3.2237837	0.0049930343223668515	0.010615225443697075	11
SH2B3	2.984863	2.81231	0.005185737666389073	0.010980688067225	11
CD36	2.9818227	3.886576	0.005250000098517275	0.011091338115506765	11
CXorf36	2.975239	7.558418	0.005356204337946004	0.011271412277497244	11
PTPRM	2.9708602	3.7558956	0.005402383530094577	0.01135483910335578	11
CHST7	2.9566545	4.004634	0.005603062731070289	0.0117299245276514	11
PODXL	2.9405866	3.2905297	0.00583428257325848	0.012179476897282535	11
AKR1C1	2.9312294	3.4716942	0.005956221022564411	0.012399006579366477	11
HEY1	2.923688	3.1684804	0.006083174564374096	0.012634811700597125	11
CD40	2.9153903	2.661929	0.0061931069506664825	0.012827090909592295	11
HLA-DRA	2.8998804	1.0127594	0.006031217964696272	0.012540996274368443	11
TNIP2	2.8835115	1.5743083	0.006641941858795667	0.01368003075153288	11
HOTAIRM1	2.8831322	2.4945962	0.006725174369354184	0.013812962365071546	11
PDK4	2.879124	2.475691	0.006781291243530375	0.013912754661213068	11
ACVRL1	2.875927	4.057262	0.006892916385957434	0.01410261685831269	11
MEF2C	2.8637803	2.1438015	0.007038679870379509	0.014376960818713258	11
ITPRIP	2.8632665	2.5159354	0.0070671368452923594	0.01442711085268247	11
ACKR3	2.8580937	4.3320155	0.007213526876391052	0.01471782540489505	11
AL049629.2	2.8569636	5.15625	0.00724125365275742	0.014758098316016915	11
LINC00987	2.8090503	5.1915016	0.008165413767049918	0.016523112743291043	11
LDB2	2.8027778	4.932041	0.008298077502540854	0.016754861405403526	11
COX7A1	2.7838519	2.4032018	0.008651540516970667	0.01739251480424734	11
SYNPO	2.7815535	4.1891193	0.0087487985049603	0.01755937559795128	11
A4GALT	2.7765605	2.0842009	0.00877932886642649	0.017601530201544157	11
GIMAP4	2.7585752	1.9306028	0.009157467577518714	0.018280303997261833	11
SH2D3C	2.7567418	3.3951035	0.009278897262510933	0.018502712026431674	11
MEDAG	2.7491932	3.2972033	0.0094445633282102	0.018812755524386354	11
ESM1	2.747218	7.484677	0.009542525599378187	0.01896698875185713	11
LMO2	2.7367096	3.586122	0.009766226528656765	0.019380347488392454	11
NIP7	2.7350645	1.8233353	0.00973121560255965	0.019321247528994036	11
CYR61	2.7259138	1.3383145	0.009860594871948283	0.01954661912652838	11
SELP	2.7053294	27.963518	0.010586879916739485	0.020763546333520382	11
IL33	2.6970136	4.576728	0.010791266677611117	0.02113075271530105	11
NRP2	2.683409	1.8479263	0.011037573361083925	0.021555937404442446	11
APLNR	2.678027	6.1776605	0.011318534600501355	0.022011571236238165	11
CREM	2.66903	1.3279196	0.011371826863696605	0.022087813305646145	11
IPO11	2.662281	3.4624605	0.011739417870456657	0.022710549231066673	11
JAM2	2.6612458	4.410828	0.011779167186633114	0.022751710796973003	11
MMRN2	2.6600947	5.9615197	0.01182836095688075	0.022824066604368524	11
SSH1	2.6580954	2.55226	0.011828981744889236	0.022824066604368524	11
TIMP3	2.6493742	1.6428618	0.011950319087996472	0.023034130949476768	11
GARS	2.633055	1.6408966	0.012521027446825955	0.023984031319866202	11
CSRP2	2.6260178	2.1631248	0.012778169830713736	0.024438580499217006	11
PGF	2.6211576	3.8211877	0.012990973511496277	0.02476048384298011	11
GADD45B	2.5918381	1.3342338	0.013812767055290545	0.02613321775181698	11
SPRY4	2.590905	3.8081932	0.013973361499061041	0.02641001060819977	11
SYNE2	2.5856326	1.5112406	0.01402642104284345	0.02649674118267206	11
ROBO4	2.5821726	28.114616	0.014298584795125751	0.02696951037161289	11
RND1	2.5812492	2.4522402	0.014268922864366524	0.026927308469782592	11
JCAD	2.5696185	3.9514823	0.014710295942917511	0.027661345297241832	11
ABCB1	2.5671608	5.15028	0.0148022162791613	0.02777764812163586	11
TSPAN7	2.5561833	4.4384193	0.015204601928697275	0.028417301025056366	11
CD34	2.5541444	4.5046425	0.01527582183744797	0.028535976587143706	11
AFAP1L1	2.5454004	5.312964	0.015607858830815424	0.029112083987815746	11
EHD2	2.53123	2.4059558	0.016075950895308364	0.029879596860243666	11
FMNL3	2.5186627	2.783016	0.016589065877912673	0.030740520771758942	11
THBS1	2.4947062	1.6830455	0.017472499215207344	0.03216785480826663	11
CALD1	2.4776313	1.1027043	0.01797910197056958	0.033034700040405075	11
MIR4435-2HG	2.4711034	1.8028388	0.01853655833374632	0.033991356348978985	11
LHFPL6	2.4566572	2.0585322	0.019144485763801736	0.035036589845095306	11
USP12	2.4497209	2.4213681	0.019527340371434297	0.03566659548811158	11
LGMN	2.4464588	1.2396282	0.019456218003666755	0.03555426583756116	11
SLC22A23	2.4413326	2.874919	0.01992366575166878	0.03631867042546431	11
FABP5	2.4385164	1.2321302	0.019837279821943016	0.03621479690814202	11
CD200	2.438453	3.1299825	0.020064382723714826	0.036555697349373056	11
DLC1	2.436119	2.5202258	0.020152650027236884	0.03666373306284603	11
VWA1	2.4360013	2.248565	0.020169749458710206	0.03667678358756605	11
C1orf54	2.4330466	2.318233	0.020274859004853263	0.03683166372808889	11
NUAK1	2.4316015	2.5561576	0.020360613778506738	0.03696927170102329	11
SLC2A3	2.421362	1.4804918	0.020678462520266953	0.03745437206489528	11
VEGFC	2.414302	4.9881473	0.02128234796519701	0.03839759557197409	11
NRN1	2.4117131	3.2888982	0.02138650064336219	0.038566676367605315	11
CMTM8	2.4062479	1.9488782	0.021602285858032647	0.03891781874472483	11
AKR1C3	2.4041092	2.63437	0.02174889688968141	0.03914377691542757	11
GBE1	2.4025004	2.2290716	0.021800936253966712	0.039218334692505845	11
CNRIP1	2.4020612	2.941329	0.021831956260368456	0.039255025976672235	11
MED24	2.4015777	2.594565	0.021887352180049908	0.03932427643886286	11
SLC7A11	2.3945916	3.2001593	0.022256246421729464	0.03984907406407016	11
CLDN14	2.3878536	5.438624	0.02263798355098236	0.04044842805651829	11
AKT3	2.3701982	2.6511958	0.02349282875140436	0.04187457898525765	11
CTGF	2.3427224	1.7936352	0.024903337363565748	0.04421808340142981	11
CAVIN2	2.337152	5.9812417	0.025450118831257803	0.04508062755584735	11
PHACTR2	2.3331134	1.6256357	0.02550724138974136	0.045160161444702605	11
TNS1	2.331092	2.0571985	0.02565304649597031	0.04537482374466744	11
APOL3	2.328161	2.1638477	0.02585872659240898	0.045673037647682206	11
IL1R1	2.3226519	2.0126688	0.026181504644079576	0.046198977870044906	11
ITIH5	2.3122609	4.1705027	0.026928334822136007	0.04729593119118274	11
TMEM88	2.3103614	4.42423	0.0270479244172548	0.04745587878525949	11
HLA-F	2.3099566	1.1206851	0.026717980805694708	0.04705677338341492	11
SERPINH1	2.308668	1.2019651	0.026891491877394133	0.04729369942264223	11
FKBP11	2.3081648	1.3439624	0.026931160819011767	0.04729593119118274	11
FGFR1	2.3076499	1.416871	0.02702625225932824	0.04744038104428401	11
PELI1	2.3070247	1.6228905	0.02709233585293276	0.04751123919154559	11
KLF4	2.299209	1.4800447	0.02758310614357215	0.04832602048387819	11
SCARF1	2.2948472	4.6069465	0.028021313811329874	0.04895730318002137	11
HHEX	2.2948055	2.6689284	0.027942248425503885	0.04890083301734206	11
TYROBP	38.264782	7.883925	7.217922655584622e-61	5.334044842477035e-58	2
HLA-DRA	32.12154	6.3046145	1.2582523550102269e-57	6.376811486491356e-55	2
AIF1	31.670248	7.889435	2.4193176788672493e-52	8.939378823414485e-50	2
FCER1G	30.377567	7.8409634	5.86491893658e-51	1.9700795882421002e-48	2
CD74	25.87484	5.1545143	2.2262887641396734e-50	6.855114152913412e-48	2
SRGN	25.285458	5.1927958	1.0741772507952946e-47	3.053142262837395e-45	2
HLA-DPA1	25.17663	5.9301653	1.4663682372862353e-45	3.3863941479828993e-43	2
HLA-DPB1	24.59903	5.8397617	1.7915559408479136e-44	3.89399953025473e-42	2
LAPTM5	23.07533	5.277412	1.6283824029153913e-42	3.0084364893861854e-40	2
CTSS	21.641266	5.6996965	6.187789522029812e-39	9.526617618291731e-37	2
HLA-DRB1	21.159819	5.2776265	3.644549774283203e-39	5.855048441728885e-37	2
CTSB	20.851707	4.366498	8.760594379130029e-39	1.2450152396494408e-36	2
ITGB2	20.39728	5.0823116	2.05313231631368e-37	2.4472012608964665e-35	2
PSAP	19.721495	3.464374	1.5379277376862192e-37	1.8942143302501933e-35	2
GRN	19.434446	3.8581111	2.2748492665596894e-36	2.5471418302842587e-34	2
LYZ	19.036255	8.480625	5.811905139747669e-34	5.651313024044116e-32	2
CD68	18.480476	6.422171	3.6564009651069814e-33	3.295219894163487e-31	2
CST3	18.020388	2.5997193	2.766168387301968e-38	3.7855526633632485e-36	2
CTSZ	17.56843	4.124081	2.2946366328683183e-32	1.9717865949880084e-30	2
HLA-DQB1	16.971144	5.1787066	8.597058729672415e-31	6.482884082885627e-29	2
SAT1	16.417814	2.0832832	4.998465617925719e-36	5.432156017128098e-34	2
CD14	15.869921	7.2798142	2.7238382270379563e-28	1.5483972690623458e-26	2
CTSD	15.802224	4.0107574	5.968662964242266e-29	3.557130589173415e-27	2
C1QA	15.658143	7.9486446	7.028102220046496e-28	3.818946721039971e-26	2
FCGR3A	14.655344	7.966288	5.917105339483343e-26	2.6992227443692537e-24	2
HLA-DQA1	14.189241	5.895684	3.413466129031163e-25	1.4171637468281063e-23	2
MARCKS	14.168552	3.1698465	4.0966737351638253e-26	1.8921511814287915e-24	2
FCGR2A	13.985536	6.8755484	1.196670841920684e-24	4.6544197483125553e-23	2
C1QB	13.713472	7.7415757	4.20824621117725e-24	1.5244578186568565e-22	2
SGK1	13.546221	4.3498178	4.2597178227637236e-24	1.5281220733118406e-22	2
MS4A6A	13.387787	7.2479353	1.8041464199395483e-23	6.230206562314608e-22	2
CD83	13.13993	4.757548	3.562157883649805e-23	1.1751940517933955e-21	2
RGS1	13.096941	4.6085663	2.782858209544928e-23	9.34787371297137e-22	2
C1orf162	13.02649	6.715215	9.194947211237315e-23	2.9289077539243e-21	2
SPI1	12.936116	6.0953493	1.3490288338762848e-22	4.188791211069641e-21	2
LCP1	12.690723	3.7754042	1.4450682647663265e-22	4.4496060319263134e-21	2
C1QC	12.424876	7.2933664	1.6543192543990973e-21	4.596022289477191e-20	2
PLAUR	12.301553	3.824465	1.384338066734309e-21	3.875097845896418e-20	2
HLA-DMB	12.2602415	5.0478325	2.790116535982353e-21	7.47063811627159e-20	2
TNFSF13B	12.125839	4.938893	4.754986983033426e-21	1.2286487344271687e-19	2
SAMHD1	12.01374	4.0437016	6.21350308470228e-21	1.594367631803814e-19	2
CYBB	11.929782	7.0026307	1.7168104773620172e-20	4.229076475901769e-19	2
ZEB2	11.690839	4.2978344	3.246913888592026e-20	7.841403149246756e-19	2
APOE	11.613269	5.1566377	5.664407919636575e-20	1.3590900820166978e-18	2
LST1	11.576632	6.8268147	9.358120609171591e-20	2.1747330598043415e-18	2
LGALS1	11.492343	2.3106685	4.076102026867968e-21	1.0606476753012071e-19	2
HLA-DRB5	11.478732	4.5161777	9.920803296012113e-20	2.291085511172797e-18	2
MS4A7	11.470796	4.1334977	8.740917135550763e-20	2.0571776315834438e-18	2
APOC1	11.388919	6.0926805	2.1610617071331444e-19	4.7249248567201e-18	2
CLEC7A	11.378421	5.3222876	2.182808110507981e-19	4.744397628427641e-18	2
EMP3	11.312033	2.8525417	6.092710028094344e-20	1.452423455084426e-18	2
PTPRC	11.167818	3.3759067	1.6618617413665684e-19	3.744255569725287e-18	2
RNASE1	11.102491	6.1743827	8.710020496842315e-19	1.8073982146560955e-17	2
KCTD12	11.069379	4.5367575	8.074369063922091e-19	1.6855815644741315e-17	2
FYB1	10.973697	4.0083604	8.990934834740304e-19	1.8456391230203013e-17	2
SPP1	10.941049	6.852426	1.9492383142966267e-18	3.9143671583293675e-17	2
CTSL	10.84409	3.632819	1.508821427480212e-18	3.046500095376712e-17	2
FPR3	10.815527	7.244261	3.754372757243186e-18	7.301267020007142e-17	2
MNDA	10.694622	6.9361787	6.544176420033468e-18	1.2464294779393643e-16	2
COTL1	10.687035	2.9958365	2.056534456458648e-18	4.1075107116836243e-17	2
MSR1	10.625375	8.420572	9.665146015510078e-18	1.7679561647183038e-16	2
LY96	10.586834	4.654399	9.373531247868719e-18	1.7379968935354963e-16	2
PLEK	10.585472	5.2718525	9.449719553167352e-18	1.7379968935354963e-16	2
LILRB4	10.545155	6.6262803	1.3428198442096163e-17	2.340433643563459e-16	2
ALOX5AP	10.528591	4.195544	9.454326809218803e-18	1.7379968935354963e-16	2
CD53	10.484105	4.1107855	1.2308917702166935e-17	2.1866082168032127e-16	2
TGFBI	10.475083	4.006549	1.2852879831623579e-17	2.250776823594745e-16	2
GPNMB	10.353668	4.3404574	2.7005401222750112e-17	4.598385139081183e-16	2
CD86	10.334197	6.3916564	3.706655400397251e-17	6.253923152725043e-16	2
CCL3	10.330584	6.0212755	3.5652440148970375e-17	6.042925061947043e-16	2
FGL2	10.285158	5.6770306	4.447556524808639e-17	7.436073013198154e-16	2
RNASE6	10.274828	6.1748896	4.881262375693252e-17	8.088010976765277e-16	2
TXNIP	10.271516	2.330374	1.0181516864963066e-17	1.853236690445248e-16	2
OLR1	10.218166	8.458047	6.957110932715174e-17	1.1080398662233866e-15	2
LYN	10.196469	4.111054	5.71383430060443e-17	9.259920061725162e-16	2
GLUL	10.011053	2.4434466	7.141663958366044e-17	1.1325514303074047e-15	2
CLEC2B	9.987427	3.1326113	9.140860918853677e-17	1.437254514687844e-15	2
C15orf48	9.8460045	3.7567663	2.8435619080538487e-16	4.3417195249004015e-15	2
BCL2A1	9.818697	5.609376	4.484493937842889e-16	6.708585060862135e-15	2
GPR183	9.712136	5.1918674	7.085736202012151e-16	1.047271810657396e-14	2
CTSC	9.546978	3.098255	1.0477818485109707e-15	1.5242338308063138e-14	2
CD4	9.545636	5.177962	1.6320361091378939e-15	2.2756126125526484e-14	2
LGALS9	9.538456	3.950226	1.4221790035674122e-15	2.0057066481609115e-14	2
HCST	9.534027	3.1979253	9.147396176576594e-16	1.3412551139861316e-14	2
SERPINA1	9.458799	3.4983492	1.7671514699888022e-15	2.4455523152092224e-14	2
SLC16A3	9.433057	3.857293	2.430210351764178e-15	3.325787870284681e-14	2
MAFB	9.43232	2.5784178	1.1279287380424456e-15	1.6280065183854828e-14	2
ADAP2	9.398098	7.022974	3.727594448591859e-15	4.9015877179882273e-14	2
C3AR1	9.373271	6.2447953	4.091686416363267e-15	5.3612699675398124e-14	2
SOD2	9.25238	2.5342624	2.6538631901932693e-15	3.605156061677989e-14	2
LAIR1	9.189976	5.464055	9.669181653994609e-15	1.2111059732715282e-13	2
SNX10	9.050396	3.4977708	1.5471458919892713e-14	1.8867010134984678e-13	2
TREM2	8.890632	7.8611307	4.494993404020344e-14	5.272698612017514e-13	2
CSF1R	8.878649	6.5855026	4.6146899283182985e-14	5.3789524558789e-13	2
AP1S2	8.860441	3.3888242	3.989731065213097e-14	4.709922136090221e-13	2
HCLS1	8.811446	3.253862	4.2152485752568914e-14	4.960300473112807e-13	2
EVI2B	8.789924	4.6846585	6.368986184739e-14	7.26339628166994e-13	2
DAB2	8.768442	3.4198835	6.175732958133508e-14	7.086749465932706e-13	2
TMEM176B	8.672457	2.9252164	7.921540687406326e-14	8.869725103020114e-13	2
LSP1	8.671192	2.8260088	6.683631652438683e-14	7.598775063311057e-13	2
SLCO2B1	8.391722	7.8704624	5.071855853680678e-13	5.121032764025142e-12	2
GMFG	8.346155	2.7535124	3.5010404912718895e-13	3.603438611490148e-12	2
FABP5	8.338427	2.7261727	4.0468141983155976e-13	4.1306570339160595e-12	2
NCF2	8.319605	5.7593417	6.854779270431323e-13	6.827064529445752e-12	2
MARCH1	8.269656	6.1055675	8.883545803310087e-13	8.753253798194872e-12	2
CD37	8.223255	2.922787	6.673334901378541e-13	6.696113832901181e-12	2
C5AR1	8.215745	7.3201485	1.1831740159028722e-12	1.1535166197258873e-11	2
ABCA1	8.171151	4.1466217	1.3195998893697554e-12	1.2764192647176038e-11	2
IL4I1	8.155365	6.060186	1.5530730748676684e-12	1.4905467562691e-11	2
RASSF4	8.141629	4.222326	1.5354329432846006e-12	1.4774543555824478e-11	2
IGSF6	8.098405	6.169833	2.046036027960733e-12	1.9460815475391143e-11	2
CD163	8.085068	7.393303	2.2208382320349944e-12	2.1041018634280267e-11	2
IL1B	8.076524	8.102984	2.324960754783189e-12	2.1859363839500977e-11	2
DSE	8.031792	3.7539475	2.4962480279758215e-12	2.3410244830890002e-11	2
LGMN	7.9429264	3.130763	3.684352411076387e-12	3.403420539731812e-11	2
FCGR1A	7.9255977	7.6740437	4.800890396326367e-12	4.3692832547847115e-11	2
SAMSN1	7.9232836	3.5940046	3.7813995893135105e-12	3.484356978182898e-11	2
LY86	7.817444	6.465252	7.906459793327436e-12	7.022684840467519e-11	2
NR4A2	7.8132133	2.3315115	5.269150398456888e-12	4.783663568132236e-11	2
PLIN2	7.808132	2.8373735	6.34889788944122e-12	5.693975170263424e-11	2
GLIPR1	7.7913675	2.694289	6.052172460346125e-12	5.441065022135993e-11	2
SLC7A7	7.789507	6.0493073	9.043303983569803e-12	7.994021105093402e-11	2
PLXDC2	7.7844005	3.5016007	7.826655911295758e-12	6.968552672828392e-11	2
RGS2	7.769658	3.399523	8.171522711452011e-12	7.240713769500044e-11	2
EPSTI1	7.7315807	3.4144058	9.907459369425852e-12	8.716205326197268e-11	2
SIRPA	7.7268977	4.598523	1.1659547265447422e-11	1.020901117199721e-10	2
IL18	7.6949015	5.753853	1.4198994818035072e-11	1.2286952190313723e-10	2
ARHGAP18	7.675375	3.6265585	1.392754313531852e-11	1.2080345512911252e-10	2
VSIG4	7.6163673	8.907208	2.125047110774679e-11	1.796807568492549e-10	2
CPVL	7.6106052	5.590263	2.0845961500582205e-11	1.766647425336038e-10	2
RASGEF1B	7.5246825	3.807868	2.915736662056394e-11	2.3994759390419545e-10	2
LCP2	7.508367	3.3360744	2.7785153248756758e-11	2.2967816835381705e-10	2
TNFAIP3	7.5059896	2.843286	2.7070633908897672e-11	2.247775107716335e-10	2
CD84	7.499978	3.9418223	3.1394058722588514e-11	2.566394844689481e-10	2
ADA2	7.4923673	4.7393284	3.610157303336812e-11	2.9382227391694976e-10	2
ASAH1	7.479086	1.7897832	2.1417143114073484e-11	1.79855326832958e-10	2
SLC11A1	7.455879	6.326649	4.4976732275571004e-11	3.581660037892993e-10	2
ITGAX	7.4478335	5.863399	4.58048389941445e-11	3.6241730210570436e-10	2
CCDC88A	7.4477863	3.3204565	4.056162484827351e-11	3.265254985062541e-10	2
SLC15A3	7.4068365	4.7803802	5.510460301991319e-11	4.313872935653201e-10	2
A2M	7.406599	3.156761	4.426684239914012e-11	3.532742606151679e-10	2
FN1	7.3975015	2.9103305	3.981669404788219e-11	3.219314759451306e-10	2
CCR1	7.382362	5.03151	6.048983854211018e-11	4.685743258136207e-10	2
SLC2A3	7.3671103	3.2033472	5.650946463188529e-11	4.4144285795944216e-10	2
PARP14	7.3293524	2.4154189	6.01295491702074e-11	4.677445982819292e-10	2
ANXA1	7.328469	1.8895254	4.164017432500229e-11	3.344792263714858e-10	2
TMEM176A	7.3152914	2.538768	6.212865169106017e-11	4.792596409153806e-10	2
MS4A4A	7.290862	7.210327	9.89675055321619e-11	7.44775830837756e-10	2
FERMT3	7.2750826	3.7809367	9.449988743040388e-11	7.140635665753422e-10	2
NCKAP1L	7.2634406	4.2261863	1.0352817413165481e-10	7.728012190231607e-10	2
GM2A	7.2594547	3.8205154	1.0608474509101385e-10	7.902885748211616e-10	2
LIPA	7.2568817	3.0228872	9.945471477231996e-11	7.469210794384599e-10	2
HAVCR2	7.2444425	4.669216	1.1519548720907445e-10	8.530006517786174e-10	2
GIMAP4	7.2330437	2.930375	9.611940524267021e-11	7.248187803503396e-10	2
DOK2	7.2221823	3.41903	1.1364013298468887e-10	8.431732758602919e-10	2
PLTP	7.2169952	4.1866474	1.3192425700521136e-10	9.67182796893365e-10	2
CCL4	7.197684	3.739022	1.2776616199384126e-10	9.403617437032478e-10	2
PIK3AP1	7.1715775	5.058507	1.6722635246587584e-10	1.2115713183557081e-09	2
GPSM3	7.0528617	2.5204027	2.1365526477703875e-10	1.5359070104108135e-09	2
APBB1IP	7.018118	3.4101396	3.071162532018239e-10	2.153310352145615e-09	2
CXCL8	7.006835	3.3086748	2.9460011658052527e-10	2.0773805930630552e-09	2
GNA13	6.986699	2.9008515	3.5341149217911457e-10	2.468535848018579e-09	2
SLC8A1	6.96958	7.9209723	4.493334322549446e-10	3.109151745659214e-09	2
NABP1	6.8547506	3.069136	6.646671664294482e-10	4.506321431113414e-09	2
CASP1	6.801793	3.057789	8.422406106819777e-10	5.637824377662877e-09	2
PTPRE	6.7859545	2.5720477	8.396509802080393e-10	5.630690330070246e-09	2
TFEC	6.7830696	6.5834885	1.056652182240561e-09	6.997006834012317e-09	2
MYO1F	6.76172	4.0835476	1.0945442767221052e-09	7.234957249531626e-09	2
C3	6.721907	3.1488261	1.1954173375319192e-09	7.873559825633586e-09	2
ZNF331	6.694852	2.7339385	1.3337029108593348e-09	8.722180983407508e-09	2
CORO1A	6.6853266	2.189985	1.1137236410869534e-09	7.348587238957666e-09	2
FPR1	6.6794333	8.489838	1.7257026790629622e-09	1.1089515476761123e-08	2
XAF1	6.673707	2.5456429	1.3989730714803965e-09	9.132871906572552e-09	2
STAB1	6.6556773	6.1432314	1.909926033606445e-09	1.2188560784414188e-08	2
CELF2	6.5942516	2.449208	2.0167928257756246e-09	1.2782246125627674e-08	2
SLA	6.5735507	3.2618418	2.3920350532347274e-09	1.5108665849063794e-08	2
NCF1	6.560479	3.6122031	2.74339050103901e-09	1.7123020103613418e-08	2
CXCR4	6.556542	2.1232002	2.168988802925573e-09	1.372331100481163e-08	2
WIPF1	6.543912	2.4125793	2.474488756719204e-09	1.557621116878613e-08	2
HMOX1	6.5298786	2.5137725	2.5653133643220826e-09	1.609309487465211e-08	2
CLEC5A	6.527859	6.856958	3.4390443793442437e-09	2.1178781636128298e-08	2
DMXL2	6.5211573	4.1861243	3.3925355198093587e-09	2.0927243315017665e-08	2
CD300A	6.512755	6.8641286	3.696808854838131e-09	2.26529166146383e-08	2
CARD16	6.5117583	2.8285384	3.1502357329155224e-09	1.9530404417991367e-08	2
SPRED1	6.461964	3.1529884	4.225631410461589e-09	2.5680440890880875e-08	2
IFI44L	6.3993397	2.499805	5.073372794182967e-09	3.0284511267376514e-08	2
PTPN6	6.399294	2.5277903	4.964911259997133e-09	2.9829832692177897e-08	2
NPL	6.3792324	5.0587716	6.640114315912164e-09	3.919364600206941e-08	2
ADAM8	6.364517	4.403007	6.992798481489893e-09	4.1143933740613306e-08	2
TLR2	6.3414574	4.9244037	7.923659299981265e-09	4.632582454656768e-08	2
PLEKHO2	6.3102074	4.091185	8.835211552464745e-09	5.10893688362398e-08	2
CD48	6.284724	2.7066505	8.497004952972554e-09	4.9365461165461617e-08	2
IL10RA	6.280188	3.3095868	9.46232307568223e-09	5.454490446902627e-08	2
SERPINB9	6.2747583	3.2805488	9.949133092401178e-09	5.717270105197878e-08	2
ISG15	6.2671666	1.9225279	8.161130744786655e-09	4.7488784412577467e-08	2
GBP1	6.266354	2.5962758	9.887904882159374e-09	5.6909359095917265e-08	2
IFI6	6.263694	1.7165375	7.722854401582971e-09	4.5295153990236634e-08	2
DOCK10	6.248675	3.5609524	1.1329748266133066e-08	6.460404296815074e-08	2
MEF2C	6.247171	3.015421	1.0945448531671858e-08	6.260593239090947e-08	2
GSN	6.2423797	1.4780022	7.919352014292198e-09	4.632582454656768e-08	2
THEMIS2	6.2264147	4.048408	1.2900755032900798e-08	7.322317948781635e-08	2
FCGR2B	6.2176332	5.839527	1.4064969089517932e-08	7.934360425308207e-08	2
MPEG1	6.2163215	5.7835793	1.3997376512198982e-08	7.90830370222863e-08	2
TNFRSF1B	6.203387	3.1475005	1.3373375360475152e-08	7.578929747999338e-08	2
MPP1	6.2026777	3.8830655	1.4398713577881172e-08	8.109625635749661e-08	2
SIGLEC1	6.202206	7.431005	1.5165620859976262e-08	8.503333699182441e-08	2
PECAM1	6.1772547	2.8237188	1.44195508597768e-08	8.109625635749661e-08	2
LILRB2	6.171799	9.053581	1.7426594797718346e-08	9.71210675378119e-08	2
IRF8	6.146692	3.6771593	1.726240781237118e-08	9.635135478355213e-08	2
FMNL1	6.1363387	3.008429	1.8073695516875038e-08	1.0057576044405611e-07	2
C2	6.1134567	4.384813	2.182807100307768e-08	1.1913548353969279e-07	2
LHFPL2	6.111779	3.0716708	2.0960999672936857e-08	1.152543062373537e-07	2
C1orf54	6.106774	3.9135804	2.2131571973962616e-08	1.2043616854755797e-07	2
AKR1B1	6.100197	2.6316488	2.092439881475181e-08	1.1522452104397607e-07	2
SH2B3	6.0984206	3.8192232	2.2733400089303707e-08	1.2334789035238942e-07	2
S100A9	6.089732	2.1716552	1.9316193631553712e-08	1.0700649995291e-07	2
DOCK4	6.065615	4.3575196	2.7118474588690903e-08	1.456435517517629e-07	2
FGR	6.058204	4.863321	2.798618948438899e-08	1.4943492795493832e-07	2
CSTA	6.024373	2.1665964	2.5781278236778492e-08	1.392716711767493e-07	2
ARL4C	6.0001917	2.3731408	3.2126467581900206e-08	1.7034537604290973e-07	2
LPXN	5.9920926	2.7979639	3.4165525895836716e-08	1.7957555929604078e-07	2
SLC16A10	5.943239	7.137013	4.8198929345470594e-08	2.497826703106786e-07	2
PHACTR1	5.94069	4.214669	4.746143565909648e-08	2.463061864611819e-07	2
LAT2	5.935373	3.9281847	4.726661229253724e-08	2.4564012998723645e-07	2
CCL3L1	5.9347625	5.7365565	4.977081258303566e-08	2.571248950354899e-07	2
VAMP5	5.920216	2.0565596	4.4286201192425065e-08	2.3080044203950722e-07	2
PARVG	5.8731194	3.3742623	6.068669006522093e-08	3.1057800525068055e-07	2
EPB41L3	5.8687525	3.2699873	6.355827829350385e-08	3.2437546725759216e-07	2
CFD	5.8451295	2.164158	5.819411604803318e-08	2.99480861834934e-07	2
GPR65	5.84078	3.659773	6.987123037121278e-08	3.5317947499539155e-07	2
OTULINL	5.8199854	3.8062215	7.975006963708058e-08	3.976740989325408e-07	2
IFI30	5.8161945	3.678386	8.054612710275894e-08	4.0056250288653333e-07	2
BCAT1	5.811959	4.554861	8.375317480264415e-08	4.148364355171182e-07	2
BMP2K	5.802133	2.9816856	8.386920809297131e-08	4.1485505207969076e-07	2
SLC43A2	5.7947555	3.270824	8.773025457471073e-08	4.327947805788467e-07	2
SERPING1	5.789582	1.9560385	7.493927596298566e-08	3.752040984867642e-07	2
MX1	5.768797	1.9549353	8.486161399429015e-08	4.192027589691204e-07	2
PLD3	5.7526054	2.1304607	1.0015587038200043e-07	4.888717847575847e-07	2
CCL4L2	5.747197	4.4010715	1.1048605546956714e-07	5.364598882523661e-07	2
EVI2A	5.731818	3.605239	1.1368355293257297e-07	5.512607980129359e-07	2
ERO1A	5.713884	2.0452585	1.1444285393290275e-07	5.542153935544897e-07	2
PTAFR	5.7098413	5.060789	1.3227827683821333e-07	6.355893796062396e-07	2
CPM	5.709616	3.2289739	1.2573794309455446e-07	6.057388523264391e-07	2
ARRB2	5.7084346	2.5178578	1.2144269100355577e-07	5.865761349779589e-07	2
CYTIP	5.6962566	2.3010747	1.195689235484498e-07	5.782816394129869e-07	2
ALOX5	5.696018	3.9006164	1.3650323636676418e-07	6.541886619652317e-07	2
DRAM1	5.6874046	3.4741795	1.4122461742726074e-07	6.759390691628606e-07	2
IL1RN	5.679207	4.7817326	1.5101560001385173e-07	7.190755696535852e-07	2
LINC01094	5.6679635	6.1736383	1.5995029461608437e-07	7.596611036072387e-07	2
TBXAS1	5.616201	3.7958624	1.9403156871966214e-07	9.098307695674513e-07	2
SLC1A3	5.5810456	5.3200655	2.3198081778240104e-07	1.0777557223562322e-06	2
DOCK2	5.5802193	3.5903766	2.2194204197645488e-07	1.0354492993724756e-06	2
SLAMF8	5.571368	6.6522617	2.4352582263678645e-07	1.1247848933036575e-06	2
HLA-DQA2	5.5651507	4.7014484	2.470717800757075e-07	1.1383169917453107e-06	2
ENG	5.5571985	2.4184728	2.239515555304424e-07	1.0435069327679506e-06	2
CSF2RA	5.5328474	4.96386	2.843774785585251e-07	1.2972528188564818e-06	2
KLF4	5.525075	1.8558067	2.48646329642352e-07	1.1427216269011077e-06	2
DOCK8	5.521476	2.654966	2.711688403550507e-07	1.2431375497666406e-06	2
HBEGF	5.5214295	3.3387094	2.863750202304508e-07	1.304754253701006e-06	2
GPRIN3	5.514745	3.2757764	2.931772011226654e-07	1.3308227987079221e-06	2
ACSL1	5.5002627	2.6079319	3.0905706094510657e-07	1.3960462594036292e-06	2
HSD17B11	5.497063	2.6972556	3.076035340549253e-07	1.391181221949754e-06	2
PTGS1	5.4729686	5.6085315	3.68594307801523e-07	1.6409108040079848e-06	2
IFIT3	5.4654965	2.9010842	3.5967447247974354e-07	1.6050690529138315e-06	2
SYK	5.460519	3.933923	3.835173366587783e-07	1.7032410564353196e-06	2
PPP1R18	5.4525623	2.0665348	3.4929108372307993e-07	1.5625067244028818e-06	2
MMP9	5.4522786	4.4242444	3.9419624515372447e-07	1.7464689758309496e-06	2
CD302	5.4454756	3.2011118	4.0135709206744894e-07	1.7760652157954776e-06	2
PLXNC1	5.4445143	3.837541	4.060241918131909e-07	1.7945686468298328e-06	2
METRNL	5.4314184	2.681182	4.1395752868453133e-07	1.8274469157578773e-06	2
NCF4	5.4277396	3.224524	4.235318269568e-07	1.8652563773604004e-06	2
BASP1	5.4093738	1.995444	4.300461886157064e-07	1.8871979417280703e-06	2
CLEC4E	5.408646	9.023435	4.899646686251353e-07	2.1249054584153463e-06	2
MRC1	5.404105	8.388263	4.990677170268053e-07	2.161846675749174e-06	2
TREM1	5.3684916	5.855617	5.776197482819879e-07	2.4645553924964727e-06	2
CCL2	5.3595047	2.493737	5.288266826265877e-07	2.27475505507013e-06	2
ITGAM	5.346386	6.2117786	6.351482680503446e-07	2.6882850520573002e-06	2
TLR4	5.344883	6.3425727	6.395077553449842e-07	2.7036397665900646e-06	2
GPR34	5.323131	6.469775	6.98849243388533e-07	2.9310419458803963e-06	2
IFIT2	5.311345	3.4901218	7.057495000724226e-07	2.956626306992745e-06	2
NR4A3	5.297838	3.4919763	7.535527315648469e-07	3.1285138686877633e-06	2
MX2	5.2954736	2.5899963	7.256825379539789e-07	3.028880188420986e-06	2
IFI44	5.2785673	2.530319	7.844051551815012e-07	3.249301623761936e-06	2
PILRA	5.277457	5.513928	8.47438612178636e-07	3.5025566800895527e-06	2
ID2	5.2688885	1.264247	6.976420547652553e-07	2.9293038549518387e-06	2
OTUD1	5.257989	3.070895	8.82483009533202e-07	3.6352003569957427e-06	2
MARCO	5.255815	6.055777	9.309433391467886e-07	3.8009233570689326e-06	2
SAMD9L	5.2420006	2.5951943	9.134601073929784e-07	3.737801879088655e-06	2
RGS19	5.2393227	2.345877	9.09011293971778e-07	3.7278543076867035e-06	2
MAF	5.236081	2.7219884	9.486760371121084e-07	3.869048517802694e-06	2
FAM49A	5.211282	3.3811188	1.0716858850833828e-06	4.351515764157252e-06	2
ATP2B1-AS1	5.210961	3.2833922	1.0902889062234737e-06	4.412505485756555e-06	2
LPCAT2	5.203681	3.5820885	1.1295535816001106e-06	4.551472719751809e-06	2
TIMP2	5.1742034	1.7311413	1.097886577434391e-06	4.43354197116948e-06	2
PLA2G7	5.1721787	5.6344724	1.3147936712058927e-06	5.241237055984884e-06	2
LILRB1	5.1715703	5.4923353	1.3149192830576421e-06	5.241237055984884e-06	2
CXCL10	5.167856	4.6770024	1.3265946960276613e-06	5.28207694161876e-06	2
AQP9	5.1607413	9.807631	1.3877041935928129e-06	5.495784560906156e-06	2
MERTK	5.1506424	5.756496	1.4375994353861813e-06	5.6630382875820255e-06	2
CYTH4	5.1480427	3.3479288	1.3978538512083487e-06	5.524139016272565e-06	2
POU2F2	5.1450634	3.7231028	1.4423794325277814e-06	5.67581682980847e-06	2
AXL	5.140231	2.8922722	1.4254137390994193e-06	5.621028565605501e-06	2
GBP4	5.111521	2.6025121	1.5957627742649755e-06	6.246126536979962e-06	2
KCNMA1	5.109941	2.4641953	1.5978150526546425e-06	6.247541396358628e-06	2
FCGR1B	5.1056395	7.981633	1.740716685231157e-06	6.776601636240831e-06	2
ACP5	5.1031103	2.3940487	1.642551474923122e-06	6.402138923882844e-06	2
ME2	5.091143	2.501165	1.7422927075585356e-06	6.776601636240831e-06	2
NLRP3	5.0873837	6.648118	1.8729702225820583e-06	7.226375942563956e-06	2
GK	5.056406	3.1080065	2.0646516461083173e-06	7.938488899448734e-06	2
LRRC25	5.0452204	6.5191875	2.2275304295087246e-06	8.520419189476953e-06	2
FNIP2	5.025604	2.342456	2.2675421518612318e-06	8.66449664025569e-06	2
AC020656.1	5.010336	5.494003	2.5668310414436686e-06	9.757655039232877e-06	2
FCN1	4.9924364	8.421598	2.7735463591636975e-06	1.0478787113609266e-05	2
NR1H3	4.988021	3.1661685	2.7317117050962874e-06	1.0352486923416188e-05	2
CEP170	4.9811954	2.5830803	2.768152522143248e-06	1.0469113172281782e-05	2
SLC43A3	4.9704638	2.274719	2.8229995008915176e-06	1.0654732539115585e-05	2
STK17B	4.9250154	2.0294058	3.302998517409931e-06	1.2303003550231546e-05	2
G0S2	4.919356	3.047408	3.5421485248015373e-06	1.3140802007170361e-05	2
GAL3ST4	4.910483	4.418237	3.827684490784158e-06	1.4129165028419044e-05	2
WASHC4	4.8994603	2.1551013	3.7833878898691863e-06	1.3993611864931574e-05	2
TM6SF1	4.8976617	5.624706	4.053015362193189e-06	1.4931098467900134e-05	2
UPP1	4.866611	1.7868994	4.103460192902742e-06	1.5101877901170947e-05	2
PLXND1	4.8556185	2.796265	4.606605034526822e-06	1.686957938808385e-05	2
TAGAP	4.8441057	3.0024772	4.830762758553006e-06	1.762060058524517e-05	2
CIITA	4.8227563	3.2493992	5.33087218552632e-06	1.9347219093217885e-05	2
NRP2	4.7781367	2.1250646	6.0183999969033965e-06	2.161126140773377e-05	2
VSIR	4.7400126	2.6859632	7.3534890571577425e-06	2.6126098140574864e-05	2
NFKBID	4.727408	2.5692182	7.678352418797688e-06	2.7149772428188957e-05	2
IRAK3	4.7261786	3.6367571	7.932262922399372e-06	2.7860942488845703e-05	2
TRIM22	4.725419	1.7842301	7.222712112566074e-06	2.571090679762201e-05	2
LPAR6	4.7227182	2.4026418	7.75017857092405e-06	2.7377542848531892e-05	2
GLIPR2	4.7207484	2.2610943	7.793345118800093e-06	2.7477490662181625e-05	2
ADGRE5	4.7193317	2.3044033	7.766270440604305e-06	2.7408184601750626e-05	2
CXCL2	4.7140794	2.0386827	7.47629040783486e-06	2.648599526073807e-05	2
SIGLEC10	4.6768427	6.350837	9.802550223799938e-06	3.391425381736027e-05	2
FBP1	4.6759357	2.0176625	9.348617667548584e-06	3.243487538177654e-05	2
NCEH1	4.668236	3.2752419	9.896449980734362e-06	3.4175123998891095e-05	2
GPR137B	4.645928	2.226664	1.0577976069777241e-05	3.612349498874946e-05	2
VASH1	4.6113014	4.501481	1.2602480415710628e-05	4.2760482218595753e-05	2
CXCL9	4.5983257	4.5972095	1.322625532395153e-05	4.475367529487262e-05	2
INPP5D	4.591099	3.0965328	1.3268216744289775e-05	4.48545845106594e-05	2
SMIM25	4.5830503	5.5919514	1.4155484107146728e-05	4.7636169194815265e-05	2
ICAM1	4.547048	1.5723597	1.469057456179301e-05	4.9212758844809766e-05	2
CD52	4.5139313	1.8553411	1.670263183237644e-05	5.5301276541784004e-05	2
SDC3	4.512093	2.3968763	1.7958000918988213e-05	5.9034531490801996e-05	2
AOAH	4.50325	3.8910785	1.8937786954381182e-05	6.214486926859545e-05	2
WAS	4.4891553	2.8297718	1.9618901483545108e-05	6.420889369503913e-05	2
ANPEP	4.4832916	2.738164	2.0120276190923878e-05	6.567528314970294e-05	2
RASGRP3	4.4611797	3.513763	2.2305313338693558e-05	7.229660770743219e-05	2
TCIRG1	4.446459	1.82871	2.2545230496982942e-05	7.294625804409103e-05	2
HERC5	4.4428725	2.5474315	2.3271408443273755e-05	7.509856261825024e-05	2
RCSD1	4.4374557	2.3045313	2.3542935418267434e-05	7.590850468629858e-05	2
PARP12	4.4278483	2.3608913	2.4648746898191046e-05	7.933547019931701e-05	2
GALM	4.427411	2.190507	2.4469730572464103e-05	7.882794635157356e-05	2
SDS	4.418472	6.833035	2.681742918542723e-05	8.616556594795967e-05	2
ST8SIA4	4.4032936	3.0245874	2.7665647672187156e-05	8.858281468694242e-05	2
CD300E	4.3918953	8.592577	2.9711757409297607e-05	9.439805986874863e-05	2
MTRNR2L8	4.3765144	1.3464162	2.8763038020759435e-05	9.177843306278594e-05	2
FGD4	4.3662543	3.1553574	3.212719962232052e-05	0.00010128839812668457	2
COLGALT1	4.357744	1.9362351	3.1803029825977964e-05	0.00010035200273867512	2
THBD	4.352903	2.839473	3.3501157929649416e-05	0.00010517143462196652	2
STXBP2	4.325239	1.9492557	3.66561768767785e-05	0.00011439575469568967	2
RAB8B	4.323915	2.1314845	3.6454633917586975e-05	0.00011395928284727907	2
PRKCB	4.30873	3.1776571	3.959479819665987e-05	0.00012315048765711972	2
TNFRSF14	4.2987404	1.8565825	3.989134893706948e-05	0.00012396848975817639	2
ANKRD22	4.288644	4.6061597	4.364823116954868e-05	0.0001341765508914163	2
PAG1	4.2798963	2.3275356	4.3190395819207826e-05	0.00013321244787309927	2
RIN3	4.2655716	2.8609238	4.63079098266798e-05	0.00014188037048887386	2
CD40	4.262295	2.7860005	4.702273022741152e-05	0.00014383194386613044	2
CD72	4.2582254	4.229696	4.86851712421884e-05	0.00014830313910955164	2
CCRL2	4.256717	4.731527	4.914421760591886e-05	0.00014896463006880246	2
CXCL3	4.2482057	2.0534315	4.722494276350008e-05	0.0001442117053811015	2
SMAP2	4.248092	1.9460511	4.881214882555312e-05	0.0001484451768810031	2
ITGA5	4.238814	2.1844237	5.036284954623494e-05	0.00015240845951952343	2
SNX20	4.236774	2.9837286	5.1738597648097696e-05	0.00015555257795746215	2
SELPLG	4.2341514	2.5208204	5.180690753136498e-05	0.00015563131977918177	2
ABI3	4.2310696	2.9894705	5.30913696811234e-05	0.0001593603663458578	2
LRP1	4.213623	1.8553329	5.3449055007778026e-05	0.00016024784117223988	2
MYO9B	4.2132616	1.9208351	5.565881943526123e-05	0.00016625653824841572	2
PLCB2	4.2127614	3.2777066	5.686135278091628e-05	0.00016957441366060184	2
TLR7	4.212526	6.660997	5.823374910940256e-05	0.00017296921459746177	2
KCNAB2	4.2067933	2.7946947	5.775416437493056e-05	0.00017182096406229342	2
VMO1	4.2025104	6.396359	6.051170430619885e-05	0.0001793029249490014	2
ADM	4.2023134	2.1730127	5.7643123733671736e-05	0.00017162880112483244	2
CSK	4.191777	1.753797	5.9171740884891834e-05	0.00017561412254592395	2
IFI35	4.184907	1.5988742	6.0416339575428986e-05	0.00017916402466389256	2
ADAMDEC1	4.168145	6.0912814	6.862583361721352e-05	0.00020253390991661658	2
OAS2	4.1554914	2.1697755	6.946176210885068e-05	0.0002048373591318462	2
FGD2	4.152065	4.4403677	7.244628614761749e-05	0.00021262035529423875	2
TNS3	4.151431	2.2461455	7.082647977029774e-05	0.00020836293212679152	2
AHR	4.148276	1.7168505	6.982311484823713e-05	0.00020557482817867427	2
PTK2B	4.14383	2.3592148	7.235555351429364e-05	0.00021252286982139504	2
PTGER4	4.1205277	2.5745318	7.926455305483726e-05	0.00023097990815270007	2
TENT5A	4.096934	1.8423169	8.49960976853503e-05	0.00024632202427244656	2
APOBEC3C	4.0965285	1.9542764	8.490095363901193e-05	0.00024623942205349224	2
CKLF	4.0957384	1.3449578	8.443729675810169e-05	0.00024508704754217257	2
CD300LF	4.088932	9.084359	9.199712885053405e-05	0.00026371558658085597	2
TRIM38	4.085527	1.7549661	8.86447966381165e-05	0.00025569283651665924	2
PRNP	4.084735	1.5286514	8.818654415861696e-05	0.00025474943035225516	2
S100A8	4.08443	1.8090178	8.75086874003074e-05	0.0002530082941659905	2
LMO2	4.073094	3.6372194	9.587396856626993e-05	0.00027376685769116494	2
IL17RA	4.0720572	2.414132	9.516093168844458e-05	0.0002719409455443177	2
STX11	4.0690365	2.9377959	9.666007727624409e-05	0.00027579844442912887	2
CFLAR	4.049351	1.3155166	9.933193705646813e-05	0.0002826169917179119	2
GRK3	4.0460653	2.9551115	0.00010516904156025796	0.00029754947057056134	2
TMIGD3	4.042261	6.340101	0.00010879999358466695	0.00030600713937739603	2
FOXN2	4.0224915	2.5990906	0.00011419341193559164	0.0003198973897664982	2
CXorf21	4.017211	4.5951095	0.00011818317038234177	0.00033032285519118975	2
LYL1	4.016948	4.3876624	0.00011842957330526052	0.0003307613555275417	2
RELT	4.0079074	3.159688	0.00012118259054247558	0.0003381946163553227	2
ACSL4	4.001065	2.0773618	0.00012164859243126417	0.0003389432654700814	2
NRP1	3.9825416	2.1883755	0.00013124959806527995	0.000362727946784749	2
DDX60L	3.9744353	2.6208363	0.00013589747388882367	0.0003738951347871954	2
SLC2A5	3.9309828	4.986036	0.00016208268940654015	0.00044068840129298447	2
CD36	3.9057755	3.4865334	0.00017551750136666805	0.00047546713163477896	2
SH3KBP1	3.90562	1.2852284	0.00016460408372492678	0.0004468861788123471	2
PIP4K2A	3.896182	2.1608458	0.00017826914516310584	0.0004815091311240322	2
ENTPD1	3.895482	2.293446	0.0001774962341967816	0.00048012341534195316	2
CCL8	3.8837569	5.763111	0.00019203349596592196	0.0005145495051443667	2
DENND3	3.873245	3.0473328	0.00019704435909656372	0.000527211373542218	2
CLEC4A	3.841475	5.050919	0.00022232496679388817	0.0005884604242861152	2
SLC6A6	3.8384366	2.1812167	0.00021762812048085303	0.0005764415090872773	2
TNF	3.836052	2.6310995	0.00022348072512042258	0.0005906733042345932	2
SERPINF1	3.8331287	1.576054	0.0002119211166367558	0.0005633442632897932	2
HS3ST1	3.8304586	3.1221538	0.00022858839103481838	0.0006020200319840726	2
MMP19	3.8193812	3.0796812	0.00023756984196231668	0.0006247833210325694	2
MIR3945HG	3.8123558	7.063722	0.0002470950776053885	0.0006452412097186647	2
IGLC2	3.8093154	1.4267086	0.0002252943473986357	0.0005941917299343032	2
PHACTR2	3.8063006	1.7571994	0.00024326890507278304	0.0006361490475894786	2
FCGBP	3.8052578	5.8758044	0.00025315452408026	0.0006596657027338228	2
IKZF1	3.8046856	1.8013	0.00024045753955103045	0.0006299895582000455	2
FOLR2	3.7901888	6.463769	0.00026687995492306204	0.0006915297569710479	2
LUCAT1	3.788742	4.2811465	0.0002674756614007815	0.000692102639268829	2
CAMK1D	3.7855186	2.219213	0.00026369417797882664	0.0006847153813294198	2
TCF4	3.781758	1.2634268	0.0002530792380553617	0.0006596657027338228	2
EREG	3.777416	4.447452	0.00027817918037265006	0.0007152902376318316	2
PLD4	3.7768924	4.226726	0.000278040536128022	0.0007152902376318316	2
SIGLEC9	3.765501	5.880705	0.0002905103097123341	0.000744924076604493	2
PLEKHM2	3.7616656	2.342082	0.00028841819661580196	0.0007400730808995752	2
ARHGAP26	3.7569094	2.755723	0.0002948401986123392	0.0007534125407141032	2
OSCAR	3.754609	5.0115657	0.00030084662141824614	0.0007682296241467999	2
ARHGAP4	3.754008	2.2697608	0.000293802038700144	0.0007513182113673651	2
HRH2	3.725878	3.255292	0.00032860097526975045	0.0008356370293336048	2
SDSL	3.701458	1.9188967	0.00035399492048373145	0.0008958981035530053	2
NFAM1	3.7005978	5.962121	0.00036357240216988154	0.0009169966047902473	2
PRMT9	3.6908565	2.150931	0.0003679013217794471	0.0009272819808833951	2
OLFML3	3.686449	2.436034	0.00037384996256006013	0.0009390724756352292	2
BTK	3.6829112	3.430662	0.0003813772797558743	0.0009566795985729502	2
GATM	3.6812592	2.3038206	0.00038174031045980905	0.0009569406018649894	2
FLI1	3.676673	2.431469	0.0003848747903566063	0.0009641439663509561	2
TLR1	3.6576142	4.609944	0.00042005733468672044	0.0010473089417459055	2
CD80	3.6493852	6.337949	0.0004334392369834318	0.001076315847213562	2
DUSP2	3.6366463	1.5846306	0.0004323104891192819	0.001074957777453396	2
PSTPIP1	3.6283045	2.3808396	0.00045294871895881257	0.001119495328797868	2
SLC39A8	3.626171	2.6154861	0.00046288110158970995	0.001143279191426456	2
F13A1	3.596575	3.732004	0.0005151496502853085	0.001260581429009414	2
VCAN	3.5916164	1.707995	0.0005074424266430326	0.001242544576836319	2
IFIT1	3.5879488	2.0227587	0.0005205671507234805	0.0012696340738767393	2
RSAD2	3.5852537	2.286916	0.0005266095632998686	0.0012835239685969752	2
MFNG	3.5728023	2.744457	0.0005521067199809482	0.0013412454505783062	2
AC245014.3	3.5670507	3.1656528	0.0005684352500618579	0.0013754867380344237	2
CLEC10A	3.5625525	8.513874	0.0005814816837616613	0.001406135354384384	2
APOBEC3A	3.5596144	5.791295	0.0005865153630445856	0.0014173801611836127	2
TCN2	3.547693	2.616685	0.0006023137141669391	0.0014527083380201306	2
FRMD4B	3.532727	1.6916556	0.0006240846112115119	0.0015003205194707458	2
P2RX7	3.527777	4.1070833	0.0006495885724629463	0.0015555629408473867	2
TNFSF12	3.501469	2.2449632	0.0006987675578304844	0.001664697695798607	2
GIMAP1	3.4857552	2.6278522	0.0007369526719984056	0.0017477792830770918	2
FAM20A	3.4802396	3.0125594	0.0007540436205150714	0.0017848758345952525	2
GPR84	3.4770892	5.5487146	0.0007711581792551294	0.0018195590500304617	2
RGCC	3.4709866	1.553642	0.000760361548047581	0.001797527779933341	2
CCL13	3.4663901	6.508496	0.0007996341203432135	0.0018747766971244759	2
ARHGAP30	3.450406	1.6838678	0.0008177740499559631	0.0019124526041691672	2
CCL7	3.4305847	7.261372	0.0008995440636542061	0.002086513066668105	2
KLHL6	3.4267845	2.8935971	0.0008985260765655268	0.002085460962882928	2
SLC37A2	3.423972	4.440133	0.0009140262366919635	0.002116119639459151	2
GBP5	3.414893	2.2376938	0.0009318780838441129	0.002152055949877498	2
KCNMB1	3.4125164	2.2134793	0.0009345334202727793	0.0021568400923847094	2
CCL18	3.4055345	5.2178073	0.0009754492582034325	0.002244478988329288	2
CREM	3.4019682	1.1451088	0.0009449860585505817	0.002178242973390143	2
STAC3	3.3997428	3.5033915	0.0009874319669447656	0.0022661870297272725	2
SAMD9	3.3991716	1.7114064	0.0009688765383616283	0.0022319194571360453	2
MITF	3.3982048	2.2343967	0.0009828520034638776	0.0022584814383078532	2
ZFYVE16	3.379738	1.7088045	0.001041643963453311	0.0023832039906872965	2
CLEC12A	3.377459	4.2417574	0.0010631322873876094	0.0024263581234695597	2
CD93	3.3745272	2.13084	0.0010545903899942673	0.0024083507361117537	2
LGALS2	3.361245	4.8592043	0.001125160649119698	0.0025521599745225807	2
CSF2RB	3.3479905	3.1652844	0.0011616957560239938	0.0026237566127803526	2
AC007952.4	3.347742	2.0696356	0.0011562684156158588	0.0026130958995110695	2
PER1	3.3427749	1.7842758	0.0011677774081421237	0.002635881199196791	2
FUCA1	3.3393269	1.7692217	0.0011865487675244292	0.002673352253660223	2
KCNE3	3.3304372	5.4065323	0.0012414281656486746	0.0027884967003476307	2
PTGS2	3.324362	2.4064102	0.0012495950491801515	0.0028034327302493382	2
SP140	3.321228	2.329209	0.001255474449433998	0.0028132068469730884	2
AC004687.1	3.3159113	3.591423	0.0012944087662786323	0.0028951818349876187	2
MIR181A1HG	3.303507	2.8472958	0.0013416992431051356	0.0029916796222619144	2
IL10	3.2879183	7.43187	0.0014252324452046438	0.003160580589538415	2
CYP2S1	3.28778	7.505276	0.0014258965744954094	0.003160580589538415	2
CACNA2D4	3.2735567	3.9380593	0.0014848306215198808	0.0032794077385032636	2
SH3TC1	3.2687643	3.0604603	0.0015010588681169997	0.003311291055338695	2
LRRK2	3.2316365	3.0658672	0.001687473394598018	0.0036872940230867394	2
ALDH3B1	3.2272646	3.645022	0.0017180642088053266	0.003747489522748336	2
ANKRD44	3.222428	1.7058033	0.0017127196693777617	0.003738038498730555	2
SRGAP2B	3.2174122	2.1578264	0.0017476903086337545	0.003805371650207262	2
SCIMP	3.2054527	3.9010355	0.0018388549210356952	0.003987423082879632	2
SEMA4D	3.2046478	1.6847694	0.0018059800698013182	0.003923043126346779	2
CHST11	3.2014098	2.1429024	0.0018432846642676705	0.0039923428103570005	2
GRASP	3.1995819	3.4409294	0.0018735464708601482	0.0040555092031799925	2
MYO1G	3.1993234	1.9898485	0.0018424037934771692	0.0039923428103570005	2
IL6R	3.1934795	2.0531418	0.0018867084438191335	0.004081608723601697	2
MMP14	3.1709442	1.3126386	0.0019893090248497185	0.0042885045780745095	2
ALDH1A1	3.1520948	2.6945515	0.0021635115498856664	0.0046289375662000795	2
MCTP1	3.151011	2.6915343	0.002162507384251746	0.0046289375662000795	2
RAB42	3.1465425	3.345432	0.002208705223631561	0.004720165298622682	2
MRO	3.1362247	7.8105283	0.0022911937506821635	0.004887968192130828	2
AC025164.1	3.1293716	2.6038058	0.002313775023199674	0.004924768842582255	2
P2RY13	3.127198	26.994013	0.0023560143339517664	0.005003145381581481	2
MCEMP1	3.1203022	7.4383926	0.0024059593169940907	0.005091649299136979	2
ARHGAP24	3.1168048	2.5159388	0.0024001714189338724	0.005082311399977455	2
LBR	3.1149206	1.2954371	0.0023834085839303356	0.005049710273866164	2
LTC4S	3.0976176	1.941674	0.002553006171580894	0.005359862388631479	2
RPS6KA3	3.0946207	1.6964339	0.0025573873767686453	0.005366011560000082	2
CMPK2	3.092903	1.8549186	0.0025646814969027387	0.005378262276422031	2
HK2	3.0901136	1.7472427	0.002604987691458143	0.00545041309169753	2
HGF	3.0875742	3.2431693	0.002642584366076607	0.0055067282094495035	2
WARS	3.0860305	1.5357298	0.0026174442833562465	0.005473376698925484	2
SNCA	3.0859032	3.449594	0.0026606107699828937	0.005532333593183339	2
TLR8	3.0840917	26.721085	0.0026881965367687058	0.005583409895087334	2
CD69	3.0824006	1.5563972	0.002626637864129798	0.0054832920383952564	2
SH3BP1	3.0809412	1.6766038	0.0026555722986926133	0.005524966015579508	2
LINC02345	3.0697894	26.909384	0.00280768977074162	0.005808742274854584	2
RAC2	3.0590324	1.1485795	0.0027791756366057022	0.0057561961755930886	2
VAV1	3.0527465	2.6967993	0.002925204270513247	0.006041715919254582	2
PLAU	3.0460494	1.6378714	0.0029585081249832368	0.006107088001012883	2
RCBTB2	3.044945	2.49213	0.0029963447946774265	0.006181738702586874	2
CXCL11	3.0419698	3.764632	0.003041100998708966	0.006262078545170571	2
AL136987.1	3.0391705	3.4688761	0.0030643428736152854	0.0063009164819190205	2
FAM129A	3.0386245	1.5546334	0.0030420652201843504	0.006262078545170571	2
C9orf72	3.0377412	2.1162605	0.0030568390132664275	0.006288986722727979	2
NFATC2	3.0290577	1.5716448	0.003088097391026145	0.006346229065540382	2
PRDM1	3.0258439	1.5967683	0.0031463220973956007	0.006455113908871041	2
OTOA	3.0208921	6.0098286	0.003253000288766768	0.0066518185207488706	2
DYSF	3.0167701	3.1481194	0.0032747672194083453	0.006692624378160307	2
IL7R	3.0147603	1.646565	0.003227127364091278	0.006602566783121414	2
IFI27	3.0135963	1.0630836	0.003219127308858092	0.006593500779507011	2
NFIL3	3.0046258	1.8438985	0.0033613729971379734	0.0068608948117765325	2
FRMD4A	2.9997168	1.3852743	0.0033964918398061393	0.006907010098009733	2
PDK4	2.9864142	1.9488775	0.003562979236164333	0.0071980362370843145	2
IRF5	2.9763815	3.667923	0.003704417086706301	0.007475598653948544	2
KCNE1	2.9740875	6.208673	0.0037397390563662864	0.007542759723402527	2
ZGLP1	2.9680312	3.8714452	0.003800303199851694	0.007648213683797391	2
CCL5	2.9459662	1.3022071	0.003910598056864881	0.007836041117199422	2
AC016831.1	2.9272096	2.9276745	0.0042750950459488945	0.00848816560708284	2
CYSLTR1	2.9215772	2.2558506	0.004330290048213204	0.008588524813820605	2
LILRB5	2.9171283	7.844259	0.004428107628625809	0.008754337981686658	2
WDFY4	2.9158847	5.2976427	0.004439506875366935	0.00877218069758333	2
OAS1	2.9054503	1.252323	0.004475267678861945	0.008831836541117497	2
MIR155HG	2.9041338	2.159701	0.004536947406273454	0.008945581999029034	2
SECTM1	2.897732	2.5829558	0.004657044922561881	0.009162822677777504	2
FKBP5	2.8835034	1.1877856	0.004781946718531683	0.009378605692661662	2
SSH1	2.882046	1.6268182	0.004818564236132219	0.009445408409818858	2
ARHGAP10	2.881697	1.8967757	0.004855270589054591	0.009512314330093696	2
CDK6	2.8753343	1.5252098	0.00493518169080437	0.009643308486262372	2
SEMA4A	2.867877	1.6232996	0.005035107773410501	0.00982297952626811	2
BIN2	2.8522117	1.8614076	0.005273572968513901	0.010250316737853163	2
SASH3	2.8420265	1.8748674	0.005422382839903019	0.010500893392789127	2
EPB41L2	2.8340764	1.4944077	0.005534520717571564	0.010684458752051687	2
SLAMF9	2.8112714	4.666271	0.006012734332980631	0.011529347877718438	2
HACD4	2.8023999	1.5054221	0.006065542657961617	0.011624574751643245	2
GBE1	2.7845669	1.574102	0.006410620192169361	0.012216215373938005	2
TMEM173	2.7806368	1.4208611	0.006466656108016404	0.01231030104024761	2
SFMBT2	2.7782743	2.2097704	0.006566287360947325	0.012487098197992982	2
CH25H	2.7738352	3.5966632	0.006677061955584055	0.01266516628638762	2
ITGB7	2.7737305	2.0784936	0.006623983922032476	0.012571413797576807	2
IL2RG	2.7703612	1.1327766	0.006555263215217768	0.012472552821951418	2
GPR132	2.769984	2.863419	0.006722212226145116	0.012744265867422371	2
PLAC8	2.7623081	2.475909	0.00685150568841153	0.012976070486253512	2
BHLHE41	2.758718	1.5118451	0.006898086527325505	0.01305091127417703	2
GLA	2.7567925	1.3347715	0.0069112339344456035	0.013069093852495653	2
AC004817.3	2.7359507	6.0595536	0.007445306306970221	0.014035921838905594	2
MT-ATP8	2.732253	1.2348956	0.0074075685655187505	0.013971907018678807	2
DDX58	2.7205098	1.849494	0.007702884438556078	0.014462478658772716	2
FAM26F	2.7012098	26.605814	0.008210305541579813	0.01532175705865526	2
LILRA2	2.7011921	4.527993	0.008201947193381878	0.015321635429497492	2
VPS13C	2.6996207	1.2150214	0.008133033374779249	0.015223687092101987	2
MOB3B	2.6995428	2.3375466	0.008190939761737686	0.01531655992895787	2
ARHGEF40	2.697059	1.8302426	0.008209394459552448	0.01532175705865526	2
CPQ	2.6928556	1.1979886	0.008245210284054389	0.015379127713064596	2
ITSN2	2.6743298	1.0861899	0.008694846512520532	0.01616069309042423	2
ADAM9	2.6636164	1.2696724	0.009008580760280506	0.01666001296758582	2
FMNL3	2.6580136	1.8507808	0.009155826485632401	0.016898490941264596	2
APOBEC3G	2.6548533	1.2149014	0.009118404802409519	0.01683783395547385	2
KCNJ5	2.653607	26.403381	0.009366316902796936	0.01726111768370807	2
CX3CR1	2.6497536	4.4437723	0.009450881104451817	0.01739960422568483	2
APOL6	2.6454086	1.1198661	0.009437243173517006	0.01738315729119907	2
PPM1M	2.6391313	1.5441288	0.009611634931509634	0.017669149787028906	2
CD209	2.6317728	26.2332	0.009944358551174258	0.018226391292950835	2
ACSL5	2.6263468	1.9048184	0.010004853822871808	0.01831002222660294	2
OLFML2B	2.6206372	2.0111415	0.010156350074427035	0.018513918857922	2
CARD8	2.6148567	1.4084971	0.010286871940000632	0.018733362157862164	2
GPR155	2.6144266	1.9232363	0.010348838466847613	0.018827650484983718	2
IQGAP2	2.6072435	1.2303779	0.010498490111237485	0.019034308616792204	2
WNT5A	2.6055686	2.3039482	0.010620921179080495	0.019227978322735144	2
WDR91	2.6052196	2.6601653	0.010648671515377383	0.019259852602453328	2
CCR5	2.6031446	2.4632561	0.010648952332019524	0.019259852602453328	2
FYB	2.6025221	5.610035	0.010763724501237875	0.019429390342977013	2
TMEM37	2.5932958	3.8980784	0.011022301136623582	0.019867025707231284	2
AKNA	2.5855792	1.4624681	0.011128380890564199	0.0200289173846248	2
AC096667.1	2.5749974	26.369093	0.011601566702285585	0.020789422388431247	2
KLF2	2.572132	1.1879203	0.01155270934363993	0.020711917042576196	2
EPHB2	2.5711474	3.0225296	0.011682266522513628	0.020893501839635942	2
TMEM255B	2.5667791	2.402393	0.011798257384864789	0.02105000532934592	2
USP3	2.563509	1.0865294	0.01179132840304584	0.021047806014132548	2
ST3GAL5	2.5366056	1.8884014	0.0127606625641848	0.022625071101085813	2
IFFO1	2.5349813	2.4384348	0.01284473836430829	0.022741403093492638	2
COMMD9	2.5335767	1.0979409	0.012792787393582205	0.022660282559581135	2
IL1A	2.5304332	6.087982	0.013069610358470318	0.023051174355392754	2
LPIN2	2.5228512	1.2293744	0.013173434037273245	0.023223205518952596	2
GSAP	2.522137	1.5879415	0.013231729065535705	0.023303736366613172	2
TBC1D2B	2.5180402	1.518673	0.013372890877216062	0.0235187205099064	2
ATP5E	2.4995112	3.0947745	0.014150515348531931	0.0247919175973568	2
RALGDS	2.4889007	1.190055	0.01441044562372518	0.025187604815356923	2
CREB5	2.487402	1.4199047	0.014479203606369949	0.025295819066447737	2
ZNF641	2.4872448	2.0363321	0.01455888411455973	0.025398997546410864	2
ELMO1	2.4758728	1.4651964	0.014939720288878149	0.02601426317973834	2
PDE4DIP	2.4683907	1.1467674	0.015256570305323288	0.026516005304877494	2
PIK3CD	2.4601307	1.8927945	0.015599828107647292	0.027074384620834543	2
FHAD1	2.4595263	2.8329513	0.015675096784253308	0.027192245360476982	2
AC103591.3	2.4575138	2.0818882	0.015758316575082896	0.027310966109254833	2
ITGAL	2.4351718	1.8073994	0.016645704393190422	0.028719242862775912	2
AC245128.3	2.4326441	7.881955	0.016901741774278528	0.029115121611169775	2
U62317.5	2.4252615	2.4019306	0.0171409467567384	0.029485939602489936	2
DNAJC13	2.4131982	1.4481856	0.01764710690112344	0.030229976819495182	2
ATP5L	2.4005027	2.946826	0.018311994280078143	0.031296400955082675	2
AL360012.1	2.397296	3.3883564	0.018481671136811224	0.031496146745179227	2
IL21R	2.395007	2.3058097	0.01852566131717709	0.031538898927620365	2
PPP6R1	2.3943217	1.1613624	0.01848853647910521	0.031496146745179227	2
CPNE8	2.3932836	1.6457586	0.018530703537716863	0.031538898927620365	2
EGR2	2.3850224	1.407356	0.018970046299248707	0.03219766700768212	2
PRAM1	2.3724182	5.499465	0.019725219358436	0.033372108758892405	2
GPBAR1	2.3696356	6.563954	0.01986917846028489	0.03359960613342986	2
ATP5J2	2.364288	3.0489028	0.020089814649341956	0.03391889931046314	2
JAZF1	2.362621	1.8815765	0.020094308684872476	0.03391889931046314	2
CATSPER1	2.3460524	3.586873	0.021057047533346276	0.035398448878851	2
FNDC3A	2.3454947	1.0847875	0.0209277538120636	0.03519710984778107	2
ATP5J	2.3392723	2.625735	0.02136958986978255	0.03584232163815094	2
SQRDL	2.3348277	5.2950115	0.02169526975352788	0.036322619727814004	2
ENPP2	2.330106	2.087517	0.02183168885301771	0.03651792227790875	2
LRMP	2.3259265	2.3565454	0.022084181747732055	0.03684020386359817	2
ARHGAP9	2.3175986	1.4496752	0.022438439947264903	0.037330047548466375	2
EBI3	2.3085942	4.3614917	0.023156412542519992	0.03836903333839075	2
MSL3	2.3072205	1.0865325	0.023068406184729103	0.0382575228243151	2
TIPARP	2.3057055	1.0122145	0.023119227810391878	0.03832460599344907	2
C19orf43	2.3028593	2.5975463	0.023429617088238545	0.0387869333069182	2
ANKH	2.2974346	1.1652039	0.023623485458079144	0.03905538199892726	2
PCOLCE2	2.2965045	2.9147186	0.023815796577627536	0.039338117279541236	2
LINC01678	2.2952104	4.8614655	0.023956131951816496	0.039499289407390434	2
SIRPB1	2.2918117	5.424168	0.024163399880468433	0.039787772976083276	2
EMB	2.2917209	1.105634	0.02390482602692392	0.039467530013174205	2
SNHG12	2.2912662	1.0133586	0.023948941971661086	0.039499289407390434	2
ACOT11	2.285886	2.1740785	0.024416701761254343	0.04015118513922332	2
IGLC3	2.2851307	1.1378119	0.024155207080357226	0.039787772976083276	2
RASSF2	2.28478	1.9445977	0.024450091315351172	0.04018820614333745	2
GIMAP6	2.2795253	1.6607542	0.024729716735731346	0.04061169037267881	2
C14orf2	2.273366	2.786236	0.025242661405328867	0.041398861026493636	2
PNPLA6	2.270522	1.5034677	0.025293072515323173	0.0414631335155808	2
IL2RA	2.2680805	2.3617346	0.025454708634920588	0.0416911118821062	2
SLC36A4	2.2678843	1.4642718	0.025486388605061985	0.04172450416291716	2
ATP5G2	2.2630403	2.8952007	0.025904106784242976	0.04233333682785396	2
IGHA1	2.261628	1.1164225	0.0257619409600912	0.04213827881697078	2
PARP10	2.2551823	1.0574094	0.02620429716543335	0.042804985864843596	2
SNX18	2.2531593	1.4142265	0.02644208852676014	0.043155263739566574	2
ATP5G3	2.2505524	2.9008965	0.026701018374245652	0.043539392273979564	2
BTN3A3	2.2498634	1.8097925	0.026676301091064406	0.043518292508381004	2
KBTBD8	2.245807	4.659686	0.02706597018777319	0.04401794007210473	2
GIT2	2.2456388	1.1010048	0.026828763545480642	0.04368946870861381	2
OASL	2.2386174	1.3422744	0.02729075408807839	0.04430550806478455	2
GAB3	2.2247393	2.3051734	0.02836930276476609	0.045866186135183194	2
C10orf54	2.2225537	5.9392576	0.02866273771490282	0.04624839120374057	2
SPN	2.2223864	1.6717952	0.028483873438420713	0.046020075362905345	2
HPGDS	2.2221272	3.4684072	0.02861300793426075	0.046188319928830705	2
ATP5F1	2.2155867	2.669789	0.029073427968887545	0.04684968004580875	2
AC026369.3	2.2139308	7.8798037	0.0292775568709002	0.04711697414546004	2
CCL20	2.2116725	1.370528	0.02918823575292522	0.04699369547148526	2
TCEB1	2.2108917	2.711559	0.029411447829851025	0.04731184141545474	2
HCAR3	2.204839	6.117447	0.02992819605186553	0.04812214291194218	2
SLC9A9	2.2031586	2.4546242	0.029970761996710865	0.04816193187601683	2
LINC00998	2.2013357	2.8561797	0.030107857691327462	0.0483269045045417	2
NFKBIE	2.2002387	1.1212438	0.02997901036937448	0.04816193187601683	2
JAML	2.1995125	1.9451016	0.030187730836915522	0.04843407096934557	2
RASSF5	2.1956174	1.3806683	0.030379077541599776	0.04867766327676113	2
ATP5H	2.19481	2.6957588	0.030594228221228214	0.04895871514830587	2
ATP5I	2.190162	2.4376624	0.030884400690837487	0.049316275087573254	2
DAPP1	2.1899023	1.3935021	0.030818929119104617	0.049240521283934205	2
GNB2L1	2.186254	2.2887297	0.0311558206717197	0.04970671734974279	2
CRYAB	10.909231	3.733578	7.456808659654614e-16	7.06484820446764e-14	5
KRT7	10.78541	2.5410402	3.2182144460332224e-16	3.6034249630584116e-14	5
SFRP1	8.2780695	3.4464154	1.9707939023832946e-11	6.620075881187521e-10	5
KRT17	7.9685454	3.5762255	5.738587738561433e-11	1.710006588224556e-09	5
FBXO32	7.4945073	3.099862	4.282616577690698e-10	1.0342658989913155e-08	5
KRT14	7.096479	3.2018905	1.6451122765898203e-09	3.3959161240220034e-08	5
CALD1	6.99431	2.1387036	2.023099531157633e-09	4.0848922227472424e-08	5
TAGLN	6.791346	3.7518573	6.589180694414867e-09	1.1818943041681037e-07	5
ANXA1	6.7342863	2.1478486	6.3780132823522755e-09	1.1495980038191053e-07	5
GABRP	6.60521	3.087346	1.3413145877781806e-08	2.273466698091916e-07	5
SYNM	6.4200344	4.9093494	3.046604903079387e-08	4.915810094706697e-07	5
TM4SF1	6.1661353	1.7024971	5.067500246777966e-08	7.769466145993603e-07	5
KRT15	6.055567	3.2285495	1.1071892959700356e-07	1.482269727756986e-06	5
SAA1	6.0379763	3.0803387	1.1415700646341821e-07	1.5173026578501088e-06	5
NDRG2	5.8248057	2.6510146	2.643222875870948e-07	3.1303552969048567e-06	5
KRT23	5.814197	2.9805846	2.796839196747643e-07	3.270354693665361e-06	5
DSC2	5.585964	2.5564508	6.480512144828071e-07	6.92066253616755e-06	5
ACTA2	5.583156	3.384154	6.681302697998508e-07	7.114528377263541e-06	5
MIA	5.5220566	3.58978	8.641817786339458e-07	8.9695271686866e-06	5
KRT5	5.49935	2.7715938	8.769332102424773e-07	9.051028524709367e-06	5
CSRP1	5.4699764	1.980477	9.410835004519911e-07	9.659176483805853e-06	5
ACTG2	5.4203606	5.4150343	1.290424021509488e-06	1.241697072780614e-05	5
TUBA1A	5.3518877	1.7168115	1.4070536941279922e-06	1.3434272350911967e-05	5
S100A1	5.328511	3.0160615	1.7400790378594652e-06	1.6154753881634983e-05	5
CLU	5.3005414	2.0405922	1.7684628539235797e-06	1.637711840914192e-05	5
MFGE8	5.1404004	2.0002704	3.137062726190382e-06	2.7273992407702265e-05	5
MYL9	5.091426	2.361925	3.924151215668237e-06	3.2953951686123036e-05	5
PTN	5.076646	5.597686	4.523222779047257e-06	3.7389951160133366e-05	5
MYLK	5.0407734	3.0780041	4.96817814641283e-06	4.0885118599098904e-05	5
PCSK1N	5.026101	3.3652225	5.243090436179453e-06	4.3051598137073506e-05	5
PRNP	4.969227	2.057882	6.067857377740527e-06	4.8846912877453696e-05	5
STAC2	4.9016213	4.869055	8.404530049786978e-06	6.496807224678427e-05	5
NNMT	4.822833	2.15113	1.0204843937648873e-05	7.695285377471956e-05	5
AARD	4.783385	2.5253022	1.2303190437993683e-05	8.966526364573306e-05	5
RARRES1	4.647863	2.3366396	1.9515521743624645e-05	0.0001345333075423378	5
PROM1	4.6230483	3.691424	2.2344006229951266e-05	0.00015093437480744046	5
CD24	4.611966	1.4978589	2.02673462965656e-05	0.00013816945491846843	5
S100B	4.5558114	4.9274664	2.8450207029712903e-05	0.00018839339601216698	5
DST	4.5269895	2.3642635	3.052343697047655e-05	0.00019961787540869177	5
TPM2	4.524426	2.3494666	3.0378295761762486e-05	0.00019902092702076663	5
ELF5	4.487339	3.351335	3.567775763209127e-05	0.00023047082945905115	5
CHI3L1	4.314677	2.951414	6.404653491765955e-05	0.00039051476323556444	5
CTGF	4.2731752	2.1759284	6.911688016556647e-05	0.00041798178758063514	5
MMP7	4.1847563	2.584846	9.819393731781401e-05	0.0005686937278829511	5
SFN	4.1748905	2.0244722	0.00010021587465379239	0.0005785900888215044	5
TNFRSF12A	4.1584563	1.543711	0.00010276622206064975	0.0005903379116137307	5
FXYD6	4.1092396	2.994982	0.00012801193290778033	0.000718851203790651	5
KLK5	4.1070623	4.693221	0.00013103817031803446	0.0007347284360017259	5
FAT1	3.9722524	2.2853343	0.00019820655334426413	0.001061410455952255	5
GPM6B	3.927669	2.2467625	0.00023045239629300562	0.0012147241145544305	5
CAV2	3.9130695	2.404419	0.00024260373271365733	0.0012700357904183812	5
IFRD1	3.8281999	1.4123089	0.000310093518867176	0.0015695829482386511	5
KRT16	3.8131497	2.611799	0.00033457168218984615	0.0016842539042118277	5
FHL2	3.8004847	1.5308021	0.00034176056607933703	0.0017157680593249324	5
ID4	3.7533534	2.253491	0.0004029169189410465	0.0019823941617671996	5
HRCT1	3.7410471	3.9299433	0.0004307605623532212	0.002091537815893761	5
NTRK2	3.7029603	2.6396797	0.00048122169486128184	0.002324332238578348	5
ANXA3	3.677455	2.0407176	0.000512808448737668	0.0024640145878877546	5
SERPINH1	3.6099489	1.3532039	0.0006196334404684023	0.0029112076822838807	5
SAA2	3.5686545	2.9194515	0.0007347637184835784	0.003351792518267682	5
SYT8	3.5625334	6.8042636	0.0007579964950074427	0.0034365607963834366	5
PPP1R14A	3.5360944	3.570906	0.0008168303154837909	0.003662849533631805	5
MT1X	3.5338957	1.3256872	0.000781895638664536	0.0035362354771915063	5
KRT81	3.5130987	2.959669	0.0008743050928205054	0.0038875539325773376	5
PPP1R1B	3.4986076	1.960316	0.0008962891421427373	0.003975736350801218	5
KLF10	3.471569	1.3366884	0.0009611869114424514	0.004238169018830379	5
ITGA2	3.444887	2.438496	0.0010741909152710376	0.004658609661885545	5
HIST1H2AC	3.4048023	1.6373287	0.0012030269091093657	0.005140186635385884	5
SLC12A2	3.4018583	1.7320156	0.0012129280353508866	0.005163328445416504	5
CLDN3	3.3933134	1.1720248	0.0012158053875895298	0.0051696212970578975	5
SDC2	3.3593187	1.6095412	0.0013690860880514394	0.005739126525457209	5
LTF	3.3305554	2.8807054	0.0015251672687368672	0.006286023975392746	5
PDLIM3	3.3210213	1.6195946	0.001525998242470174	0.006286023975392746	5
SYNE2	3.2844298	1.3343781	0.001700084919405726	0.006941230693043268	5
STMN1	3.2617033	1.10166	0.0018026785591249222	0.007271721916994091	5
FMO2	3.2592173	3.2640958	0.0018862535145025576	0.007546889451414532	5
PACSIN3	3.2277386	1.6346387	0.0020249749011142385	0.008011008843273139	5
CHI3L2	3.21838	1.6328521	0.0020803513057426667	0.008186259930478333	5
ASS1	3.1648693	1.8271712	0.0024580575599681166	0.009441291771395209	5
CRABP1	3.1593394	2.811112	0.002535378711982367	0.009677917707412033	5
VGLL1	3.155102	2.4788864	0.0025477476910882695	0.009705080122238304	5
CRIM1	3.142595	1.9605708	0.0026390479404831343	0.010011583306042281	5
PCP4	3.1389978	6.180316	0.0027032062672882654	0.010213033903507302	5
PIGR	3.1329508	3.216785	0.002729377056501912	0.010290865534463841	5
C1R	3.1319613	1.4193307	0.0026375549070736643	0.010011583306042281	5
MYC	3.1276555	1.2182733	0.0027172065032233625	0.010255442318090219	5
MT1E	3.1250198	1.2281632	0.002736947793308077	0.010308891025762839	5
APOE	3.1098104	1.391893	0.0028241011401314215	0.010593963160188428	5
RCAN1	3.1081986	1.6382065	0.0029037073232516543	0.01081886845233202	5
MAOB	3.029998	1.8124287	0.003621667350974788	0.013145442889834815	5
LAMB3	2.9929676	2.3231723	0.004060204838840004	0.014481135984086693	5
CITED4	2.9839025	1.6463436	0.00414134074768214	0.014685464551521598	5
CRISPLD1	2.9837105	3.0566657	0.004193334281138509	0.014791772308754277	5
PPP1R1A	2.96149	2.516494	0.0044446332289992795	0.015540090825808586	5
CTNNAL1	2.9303427	2.0834265	0.004843574161949526	0.0166949687764958	5
C2orf40	2.9231784	4.157855	0.004981870924753859	0.017091934138315234	5
TFAP2C	2.9117887	1.5973427	0.005056837574322721	0.017284935094470356	5
DEPP1	2.8873985	1.5790287	0.00540785534350064	0.018309182236401267	5
TINAGL1	2.8863072	2.0752208	0.005463179131982905	0.01846884436658448	5
CAVIN1	2.883723	1.1993625	0.005410995129134014	0.018309182236401267	5
EDN2	2.8701231	2.4233615	0.005733615919392969	0.019207353419906637	5
SLC1A5	2.8459623	1.5196551	0.006088315251307856	0.020237513772898355	5
MCAM	2.8434298	1.9615624	0.006069826716305498	0.020205414159233166	5
CX3CL1	2.8397057	2.117605	0.006212654230048179	0.020569675071709696	5
FAM167B	2.828412	3.8209486	0.006444835692875297	0.021243236293643376	5
TNS4	2.8171787	3.8090968	0.006664639758356374	0.02185703455769772	5
SBSPON	2.8162136	3.1060317	0.006666543422604961	0.02185703455769772	5
SERTAD4-AS1	2.8042598	2.055242	0.006856803526257277	0.02233970197843472	5
CCL28	2.7873728	3.0263839	0.007220070390839524	0.02336091076545713	5
RIC3	2.770617	1.9282645	0.0074736406625884365	0.024075939187675914	5
PPP1R14C	2.759666	2.1658144	0.007735540170090579	0.024773118553440613	5
TGFB1I1	2.758503	1.9799293	0.007736990205864809	0.024773118553440613	5
KCNMB1	2.7556746	2.0780787	0.007798609079610102	0.024927215007923293	5
RAI14	2.7331433	1.5131284	0.008223085576543577	0.0260139565114114	5
SLPI	2.7247744	1.2949187	0.008394417096816821	0.026465333765134946	5
SCRG1	2.7106004	2.8521433	0.008867765455637314	0.027697712052899302	5
CALML5	2.7073662	1.4276093	0.008835828073624598	0.027649726843228105	5
HIST1H2AE	2.7035348	2.0076766	0.008993174963682857	0.028018365506583605	5
PRSS21	2.7004788	3.3314805	0.009117707284177448	0.028334674865463136	5
DEFB1	2.6929648	2.511246	0.009283347202303517	0.028680575177685193	5
SNORC	2.6903262	2.178317	0.009300169274263527	0.028708542580120077	5
TTYH1	2.6871586	1.6586732	0.009340769611831893	0.028785774575245077	5
KIT	2.6846452	2.5390282	0.009471659789608539	0.029164819102169625	5
CMTM8	2.679794	1.3415524	0.009490558626918083	0.029198679539102677	5
TNC	2.6682181	2.0968597	0.009849414143308989	0.030202145443590633	5
KLK6	2.6524343	4.163816	0.010359785248417092	0.03137656269909931	5
HLA-F	2.65032	1.0780988	0.010216147357616978	0.03106885965958414	5
TUBB2B	2.6406813	3.356282	0.01067372283128229	0.03211097154629574	5
PRICKLE1	2.6375604	2.0871036	0.010684323345102251	0.03211097154629574	5
BOLA1	2.6370895	1.2873746	0.010635444456049867	0.03202768318264406	5
TUBB6	2.6276524	1.4224349	0.010940733044226412	0.032813318667545936	5
FOXC1	2.625683	1.647037	0.010977298305284832	0.03289628324252024	5
KCNN4	2.6187525	1.8527515	0.011230449156045624	0.0335460870101767	5
MELTF	2.6053061	2.263843	0.011671273528549691	0.0346666846366488	5
A2M	2.5936203	1.6123649	0.011965045414680648	0.03534107836607982	5
TSHZ2	2.581448	1.7203683	0.012360966957074768	0.036306655728450925	5
MSRB3	2.5802634	1.7469734	0.012326665971548086	0.03623471023458248	5
MUC5B	2.5519345	2.3858557	0.013290526005732292	0.03854669826623298	5
PBXIP1	2.5455225	1.4863839	0.013529398825642473	0.03914732079933354	5
EN1	2.5435703	2.0242872	0.013649919898554115	0.03940347970715426	5
KRT6B	2.5401356	1.3499212	0.01367713582221572	0.03945122315619601	5
MCM5	2.511537	1.6120956	0.014769566145397511	0.042141735063508726	5
ITGA6	2.509222	1.524177	0.014882087385101406	0.042363425546418386	5
CSRP2	2.5012765	1.468065	0.015158310170566862	0.043018399447192435	5
SCGB1D2	2.5000393	1.8216419	0.015231861084037275	0.043137997094687575	5
LINC01235	2.4772894	5.858991	0.01627749312446827	0.045599194158385335	5
PTP4A3	2.4636018	1.5140064	0.016609426110279775	0.046388382069148734	5
TCF7	2.4607296	1.3326887	0.016744983863690333	0.046548095178918135	5
SPHK1	2.4601302	1.2249388	0.01675479474640355	0.046548095178918135	5
BHLHE41	2.4513516	1.6000055	0.01722781070742764	0.04757605423314285	5
SERPINB5	2.4415736	1.1962773	0.017468294546513746	0.04806057211419828	5
ROCR	2.4382892	2.2253668	0.017855294575236744	0.04901583466233266	5
KLHL21	2.4370735	1.506389	0.01780187513578398	0.048905523142544094	5
COL1A2	28.549557	9.054719	1.9907187992100547e-37	6.687005420982866e-35	4
COL3A1	26.355892	9.0493555	2.596523014946645e-35	6.852966100162753e-33	4
CALD1	25.862368	5.150784	4.748959278451095e-37	1.4622837111563999e-34	4
COL6A2	23.44834	6.6903553	8.506445846749666e-33	1.309638225155834e-30	4
COL1A1	23.064775	9.112276	4.676156252914369e-32	6.399406427599479e-30	4
SPARC	21.436531	7.1616683	1.5352645007702317e-30	1.7190310091957595e-28	4
COL6A1	19.821981	6.626198	1.4916106950679605e-28	1.450395136388451e-26	4
DCN	19.706827	7.748165	1.7458934305143803e-28	1.6541221091668296e-26	4
LUM	18.415499	7.4109397	8.29950077709035e-27	6.666664211162792e-25	4
COL6A3	17.58414	7.20869	1.0260137304977378e-25	7.736981090181921e-24	4
LGALS1	16.597626	3.4082975	6.463570563007949e-27	5.4279302796169025e-25	4
VCAN	16.018394	5.922683	7.132883715948055e-24	4.623860584285625e-22	4
BGN	15.798304	6.0978804	1.9606231541725128e-23	1.2074170924445724e-21	4
FSTL1	15.567746	5.7643285	4.047438361737711e-23	2.4516860240362032e-21	4
RARRES2	15.447304	6.393425	6.520485069316457e-23	3.6504836865339865e-21	4
AEBP1	15.205589	7.6951685	1.7923803512395488e-22	9.461207711185904e-21	4
IGFBP7	15.148383	5.2671866	6.368610977373656e-23	3.6203103940608706e-21	4
FN1	15.004464	5.9146566	1.4949353201440465e-22	8.005486968017757e-21	4
THY1	14.679899	7.944927	1.0066604973226278e-21	4.8942243915883026e-20	4
THBS2	14.649552	6.9816957	1.0064733212716197e-21	4.8942243915883026e-20	4
COL5A2	14.623408	7.8519154	1.1974296856213698e-21	5.600636314393622e-20	4
TIMP2	14.330903	4.6983733	1.6916707030260737e-21	7.622833228879685e-20	4
FBLN1	14.22743	5.8501062	3.5100929720923274e-21	1.4907808657334655e-19	4
PRRX1	14.057952	5.6883583	5.457593185559761e-21	2.2915689568912863e-19	4
TIMP3	13.987213	5.3217	5.805322638840759e-21	2.4101873202827645e-19	4
TAGLN	13.960227	5.86424	6.268410946048383e-21	2.5735309384054197e-19	4
MMP2	13.666824	6.8898077	2.698207904166666e-20	1.0278224954531785e-18	4
IGFBP4	13.304485	4.843698	6.358865953451117e-20	2.3035303625492035e-18	4
NNMT	13.289323	4.1814647	3.408584507996434e-20	1.2851754854129412e-18	4
MXRA8	13.212636	5.768414	1.2132956848411008e-19	4.1898388369045494e-18	4
C1S	13.199888	5.6478453	1.1181205794003243e-19	3.972553404696345e-18	4
CCDC80	13.098352	6.492883	1.767516971228246e-19	5.937250189716699e-18	4
SERPING1	13.061655	4.3926673	1.1948488535051438e-19	4.1650627487750065e-18	4
SERPINF1	12.869221	5.839685	3.7152370337362987e-19	1.2041930561101424e-17	4
PCOLCE	12.07183	6.338338	7.336495553310549e-18	2.0382218849234945e-16	4
CTSK	11.680789	6.3750296	2.843490209623847e-17	7.399081918704306e-16	4
COL5A1	11.600742	7.1835194	4.283486841966511e-17	1.076699583746004e-15	4
C1R	11.578	5.433346	4.0272172735766904e-17	1.0333727656851298e-15	4
ISLR	11.246092	6.904749	1.5607801579695935e-16	3.7206985056113855e-15	4
LRP1	11.137724	5.4582267	2.0945000353703867e-16	4.898213690312392e-15	4
CTHRC1	11.091391	4.877529	2.220906862364427e-16	5.153663408020318e-15	4
MYL9	11.059812	4.4266124	2.2316269155162404e-16	5.153663408020318e-15	4
SFRP2	10.976577	7.9806147	4.351257583215912e-16	9.803595591452923e-15	4
POSTN	10.6235	8.079324	1.6343824044464777e-15	3.411888691768212e-14	4
TCF4	10.606363	3.865104	1.04518459777989e-15	2.2195155682739617e-14	4
CAVIN1	10.467471	3.7406933	1.827851655816254e-15	3.752173260133922e-14	4
FBLN2	10.235116	5.766813	6.458854411030687e-15	1.205326618624161e-13	4
FBN1	10.139815	6.903534	1.0061526801161112e-14	1.8135288551361124e-13	4
TIMP1	9.991026	2.9235053	7.108085641376021e-15	1.3132188222442198e-13	4
HTRA1	9.872437	5.747477	2.630540800090446e-14	4.5208596541089294e-13	4
CDH11	9.845271	6.096638	3.044236652932476e-14	5.159841482837385e-13	4
PALLD	9.822138	3.8072374	2.6462500129928776e-14	4.526802684263279e-13	4
TPM2	9.771684	3.6343634	2.477496221491585e-14	4.277732961874489e-13	4
CXCL12	9.754947	6.50749	4.3091273130384717e-14	7.140011399855226e-13	4
PDGFRB	9.503809	6.4892435	1.1473853976984697e-13	1.8040804444663172e-12	4
COL12A1	9.495069	6.342946	1.1932097654477855e-13	1.8602996132192265e-12	4
MXRA5	9.398631	5.318844	1.6680257035356542e-13	2.5468408985802654e-12	4
NBL1	9.337024	3.6391068	1.7001983725961697e-13	2.5852810645032294e-12	4
EMILIN1	9.237876	6.6998987	3.283219858212016e-13	4.757449951409175e-12	4
MEG3	8.992582	5.3686485	7.732486852312128e-13	1.0781712799733327e-11	4
ASPN	8.962771	8.291174	9.793748447986789e-13	1.340292611678192e-11	4
LOXL1	8.816731	5.1658688	1.6423730623047896e-12	2.1908189405112626e-11	4
EFEMP2	8.722365	5.5909524	2.4114328590722306e-12	3.1264015488673305e-11	4
SPON2	8.701227	4.2442727	2.3533362380050075e-12	3.061823027967783e-11	4
MRC2	8.548621	5.0525117	4.713422475397401e-12	5.923842192718842e-11	4
CRISPLD2	8.545517	5.7990737	4.803301144922421e-12	6.016338213724863e-11	4
ACTA2	8.367985	4.8056045	9.123418668608526e-12	1.083956012235e-10	4
SPARCL1	8.323138	4.0960417	9.517648877393695e-12	1.1271702757041571e-10	4
CAVIN3	8.289919	3.9917414	1.1793224599887415e-11	1.3746361166114828e-10	4
PRSS23	8.277648	3.1676362	1.0339658279283008e-11	1.2090201690490733e-10	4
MFAP5	8.167299	4.8703337	2.0593767712754082e-11	2.334170911000808e-10	4
ADAM12	8.159413	5.8916297	2.2723744438436107e-11	2.5598852347567504e-10	4
CST3	8.067495	1.6929431	9.118815749553637e-12	1.083956012235e-10	4
FLNA	8.024713	2.8611093	2.936609738684797e-11	3.239036711773231e-10	4
CTGF	7.9694986	5.242318	4.659181341027626e-11	4.947033061809506e-10	4
SULF1	7.886566	5.507298	6.612590048264304e-11	6.844123313259553e-10	4
GSN	7.881471	2.518737	4.555216694218043e-11	4.850583770932469e-10	4
MFGE8	7.8185005	2.5859559	5.430202358300166e-11	5.667965455909354e-10	4
LAMB2	7.8103766	3.7810838	8.193097621805651e-11	8.409304364603301e-10	4
SDC2	7.7256837	3.1699069	1.0356479539277911e-10	1.0512964807041726e-09	4
MMP11	7.5632935	6.989456	2.463632193823189e-10	2.3892705921723578e-09	4
SERPINH1	7.5600276	2.8729968	1.997588130184745e-10	1.9735529788857308e-09	4
GAS1	7.5189495	6.225784	2.8796265756574706e-10	2.7565337298068273e-09	4
IFI27	7.4913955	2.116149	1.12917118453881e-10	1.1430924731153157e-09	4
COL10A1	7.392722	8.407757	4.862833815313279e-10	4.469694265567803e-09	4
PDGFRA	7.3831983	5.3614745	4.917640721448993e-10	4.508854209864523e-09	4
C3	7.37823	4.297407	4.761487582912849e-10	4.416487555693154e-09	4
DPYSL3	7.339298	5.1268163	5.819998894879047e-10	5.25792076199953e-09	4
THBS1	7.281998	3.4738445	6.589437158176422e-10	5.8669807950510555e-09	4
COL14A1	7.2761517	7.3101416	7.696164640494149e-10	6.803188599671263e-09	4
LAMA4	7.271976	4.531271	7.369307723920918e-10	6.545575009588413e-09	4
UACA	7.2204347	3.8281415	8.8724577026696e-10	7.787109551392916e-09	4
ANGPTL2	7.1937485	6.040644	1.0520109990559459e-09	9.189552343999338e-09	4
ANTXR1	7.1477637	4.779686	1.2467646323404493e-09	1.0763540459107384e-08	4
PLAC9	7.132975	6.1535735	1.3419927606873816e-09	1.153177500172064e-08	4
DDR2	7.10131	4.6911454	1.4738157908327515e-09	1.2605901266497723e-08	4
COL18A1	7.0542865	4.1125727	1.7622335755060057e-09	1.4866331190627149e-08	4
LHFPL6	7.051803	4.3129997	1.7612531967345747e-09	1.4866331190627149e-08	4
CLEC11A	7.0516615	3.4966042	1.7027681996154116e-09	1.4463743672595279e-08	4
HSPG2	7.004958	4.275863	2.0923053187890246e-09	1.750254326834786e-08	4
MARCKS	6.9892664	2.1783807	1.6699639154880743e-09	1.4217780340388097e-08	4
OLFML3	6.9746094	4.7032294	2.422623612548669e-09	2.0025937915810586e-08	4
COL11A1	6.9468136	7.929051	2.8497546263817385e-09	2.3244687294658993e-08	4
MFAP2	6.945741	4.3877172	2.739698213291574e-09	2.239642676573532e-08	4
RCN3	6.853269	4.769226	3.974795745047784e-09	3.178976250638867e-08	4
FBLN5	6.8273277	4.4242606	4.33994065228529e-09	3.441219036522349e-08	4
ITGB5	6.777782	3.313894	5.0814626560954075e-09	3.969556979761635e-08	4
LAMB1	6.7039075	5.3449864	7.2722190365966764e-09	5.5633228447670226e-08	4
PODN	6.689087	29.773054	7.908237026000009e-09	6.014435803903803e-08	4
COL8A1	6.681301	4.859781	7.910732884160346e-09	6.014435803903803e-08	4
NID1	6.6759796	5.849314	8.19091404545477e-09	6.176617836317423e-08	4
GPNMB	6.6387877	2.6421225	7.182442494814408e-09	5.506976319381559e-08	4
FAP	6.6164823	6.494251	1.0417728795348213e-08	7.776466242184172e-08	4
PSAP	6.577759	1.3202562	5.784879749055499e-09	4.4811594701803074e-08	4
SFRP4	6.403532	6.872745	2.4073201142449893e-08	1.730554050999073e-07	4
MMP14	6.397787	3.6994414	2.3501588807836956e-08	1.696061926659327e-07	4
DAB2	6.3550887	2.516691	2.3578447321536762e-08	1.6982916735492854e-07	4
CPE	6.3471937	4.0722136	2.8966339455952024e-08	2.0543306005708776e-07	4
SLIT3	6.3396463	5.736729	3.072638072678001e-08	2.1708217358595056e-07	4
ITGBL1	6.311676	7.099162	3.4632329356565935e-08	2.4190256516542744e-07	4
LOX	6.287042	5.1708865	3.7311493762385574e-08	2.5866035544468047e-07	4
IGFBP6	6.2693005	4.1724515	3.887402488322263e-08	2.6848508774487406e-07	4
SMOC2	6.2647142	4.24803	4.022615105094566e-08	2.7730527636799294e-07	4
PLS3	6.2628865	2.9780338	3.7485257184645824e-08	2.5937832452671594e-07	4
ELN	6.261605	6.0781403	4.187783168461393e-08	2.870845789882161e-07	4
PLXDC2	6.246907	3.3302975	4.09446244887021e-08	2.8120889867240566e-07	4
DPT	6.2450624	5.607438	4.42104325384719e-08	3.0084263025718906e-07	4
INHBA	6.223513	4.2184415	4.6247505835536675e-08	3.129753371104542e-07	4
COX7A1	6.1838613	3.3581767	5.2272565198547115e-08	3.49904218131579e-07	4
TGFB1I1	6.1804	4.3227434	5.600406279844729e-08	3.7352890259975224e-07	4
FIBIN	6.1639996	6.021236	6.108834818797778e-08	4.0307401170460336e-07	4
SSPN	6.161141	3.2659733	5.78504001877872e-08	3.844554472911397e-07	4
BMP1	6.1183043	5.2323437	7.253818115124028e-08	4.7438686611297843e-07	4
EMP3	6.106997	1.9289552	5.5419844604039026e-08	3.7030077000347957e-07	4
P3H3	6.0629063	5.2355566	8.996864248433143e-08	5.79155875315857e-07	4
ECM2	6.013097	7.6751857	1.107590782825841e-07	6.983870209115158e-07	4
GLT8D2	5.9992647	7.2078056	1.166467521917832e-07	7.330097778038077e-07	4
CAV1	5.982295	2.9978166	1.103126415219597e-07	6.967610434592156e-07	4
FGF7	5.9620667	4.3681264	1.3100548872291395e-07	8.162989558704334e-07	4
SPOCK1	5.9542813	6.0903907	1.3806378462093857e-07	8.545153838766634e-07	4
LRRC15	5.9517727	7.7680125	1.4047331864122756e-07	8.679747698651101e-07	4
CPQ	5.9432297	3.2181795	1.3606589981694943e-07	8.438557114722644e-07	4
CFH	5.9385204	5.094042	1.454973612389816e-07	8.960212496300616e-07	4
DLC1	5.8766856	4.220367	1.813178425173729e-07	1.1001140034510556e-06	4
CNN2	5.874524	2.5111837	1.6728627542600918e-07	1.0200046001635379e-06	4
COL16A1	5.8614984	4.591969	1.948879977340145e-07	1.1785779895698585e-06	4
CERCAM	5.860266	4.2763553	1.9575644290138516e-07	1.1818955171905526e-06	4
TSHZ2	5.8541884	3.3583646	1.9101762112712606e-07	1.1570657542044767e-06	4
ADAMTS2	5.851992	6.714723	2.059202221055453e-07	1.2392104571335342e-06	4
CYR61	5.8290615	2.5542018	2.0152114807670265e-07	1.2147155663024735e-06	4
PDGFRL	5.8234057	4.187583	2.2440598310016974e-07	1.3417153843934097e-06	4
LAMC1	5.820444	3.4283142	2.2072163248785723e-07	1.3239714805886892e-06	4
MAP1B	5.8013725	3.3769748	2.3600216728967698e-07	1.4019742896066824e-06	4
ARID5B	5.759754	1.8606	2.3518175216151396e-07	1.3993503610898456e-06	4
FILIP1L	5.73757	4.6115804	3.132187605020666e-07	1.8399734818046678e-06	4
VAMP5	5.7258387	2.1494718	2.8205020033250776e-07	1.6648170770425178e-06	4
MFAP4	5.7145095	5.4379697	3.451561675335263e-07	2.0021225102611923e-06	4
FKBP10	5.7098255	2.9842	3.338518839479395e-07	1.939595457842196e-06	4
FNDC1	5.673535	6.7877593	4.0886503303946614e-07	2.3278217212339406e-06	4
HTRA3	5.6328673	5.7588034	4.746928202636474e-07	2.663820894077685e-06	4
FKBP9	5.609499	2.8356552	4.886447212414947e-07	2.7274052039083427e-06	4
ID3	5.587008	2.215242	4.863155460409037e-07	2.718511259638637e-06	4
MTRNR2L12	5.5437784	1.9661958	5.388054358263452e-07	2.9983224177384718e-06	4
GNG11	5.541106	3.0536692	6.141521353499153e-07	3.3870031942058763e-06	4
LOXL2	5.538357	5.0918174	6.771024413822557e-07	3.701025918502123e-06	4
PLPP3	5.5353193	2.921859	6.396285375273162e-07	3.5170051282193946e-06	4
CYP1B1	5.528003	3.2407877	6.673705823714146e-07	3.6532360027590766e-06	4
MIR4435-2HG	5.5276937	2.1890714	6.188170040172969e-07	3.4076435616153683e-06	4
LTBP2	5.5112906	4.9346766	7.488743912301102e-07	4.033660168506205e-06	4
COL15A1	5.5046973	4.4542007	7.600081169331841e-07	4.081729639633888e-06	4
NEXN	5.4864974	4.974239	8.23798729341751e-07	4.398751885719321e-06	4
DKK3	5.4797525	6.826396	8.541787055312241e-07	4.54782466417561e-06	4
MXRA7	5.474901	3.8546708	8.507090884683198e-07	4.535887564055472e-06	4
TMEM119	5.4674287	6.0385966	8.917233248730503e-07	4.720512443274958e-06	4
EHD2	5.4469237	3.773111	9.385526219334625e-07	4.940102475846359e-06	4
ITGA11	5.4273834	9.008524	1.04369818391031e-06	5.424001110476225e-06	4
PRICKLE1	5.4234176	4.4830074	1.0423170339098324e-06	5.424001110476225e-06	4
KIAA1217	5.4086475	2.8172796	1.0636870753906218e-06	5.504655103036901e-06	4
SRPX	5.3827486	4.5640407	1.2110442445013784e-06	6.20639179394257e-06	4
ITGA1	5.2873445	4.368835	1.7319864918331186e-06	8.683432954305797e-06	4
TMEM176B	5.2746596	2.4598038	1.7050915484585083e-06	8.560208249394277e-06	4
MIR99AHG	5.248531	4.276533	2.0083062527865782e-06	1.0000932080925076e-05	4
EDIL3	5.236003	3.8629036	2.0768442055991842e-06	1.0314434596356164e-05	4
OGN	5.2130504	6.5096383	2.326259432960603e-06	1.1415044627874408e-05	4
TMEM176A	5.2121906	2.3858232	2.1406654374577052e-06	1.0577581707060827e-05	4
PLOD2	5.2000504	2.9197767	2.3172216604893807e-06	1.1385816536580135e-05	4
OLFML2B	5.1620216	4.802439	2.7884153309840543e-06	1.352125281887937e-05	4
OAF	5.148377	3.8727915	2.899892888593706e-06	1.3988386714561024e-05	4
PARVA	5.0800977	2.7890768	3.6448629595913125e-06	1.7377765981535355e-05	4
HMCN1	5.0698695	7.4138207	3.9605675832499675e-06	1.878600413364394e-05	4
PXDN	5.0589595	2.737376	3.9577843202914915e-06	1.878600413364394e-05	4
MSRB3	5.049643	4.084309	4.1926724072418415e-06	1.978534424617957e-05	4
BICC1	5.0456676	5.520818	4.313100286315928e-06	2.0250197659386726e-05	4
CD248	5.030637	6.456933	4.57049698037557e-06	2.1350172367241127e-05	4
RUNX1T1	5.0259385	5.0786576	4.6190324923345025e-06	2.1468333407768538e-05	4
GGT5	5.0254564	4.639854	4.618541753987165e-06	2.1468333407768538e-05	4
IGF1	5.0146384	6.02091	4.846920398554804e-06	2.2386713590825e-05	4
PLXDC1	4.999939	4.502821	5.048808465827989e-06	2.3203168260241814e-05	4
AKAP12	4.975474	2.890181	5.154799995124493e-06	2.366085215153416e-05	4
HEG1	4.974554	3.9640553	5.508814669793682e-06	2.516077899244457e-05	4
PDLIM7	4.9744406	2.7923312	5.39781661508233e-06	2.4714910028165065e-05	4
CTSB	4.9664955	1.451823	4.687589514796443e-06	2.1732300197205593e-05	4
ZFHX4	4.9595647	6.3656216	5.944088700626704e-06	2.6948966562964015e-05	4
COL8A2	4.9511204	6.5076995	6.120325846286039e-06	2.768005385805008e-05	4
ADAMTS12	4.9397774	5.7500963	6.3621288709455864e-06	2.8738467210444915e-05	4
BNC2	4.928657	5.592922	6.612528167755739e-06	2.976040387315159e-05	4
FERMT2	4.8676686	2.3920531	7.825367072065778e-06	3.500572800397464e-05	4
PRELP	4.8655543	4.024926	8.272629014953127e-06	3.691710653412054e-05	4
PDLIM3	4.850831	2.7677107	8.483113621151157e-06	3.771974107118354e-05	4
FHL1	4.8453765	4.3168364	8.876943670075653e-06	3.928180462386771e-05	4
ANXA1	4.8448505	1.4266403	7.337527907278205e-06	3.29430930952527e-05	4
EFEMP1	4.837595	4.009306	9.171358950313406e-06	4.0487659882207925e-05	4
SPRY1	4.83537	2.5787377	8.810248618960856e-06	3.903341564395727e-05	4
SPON1	4.8327913	4.614166	9.355376076403735e-06	4.1201566868071276e-05	4
NREP	4.8260183	2.7872386	9.326566817101017e-06	4.112370452170436e-05	4
SERPINE2	4.8182216	2.8393998	9.51760371705118e-06	4.181634451189549e-05	4
CLMP	4.8152666	3.3197503	9.729678372012795e-06	4.2697341549391066e-05	4
RBMS3	4.7820215	5.9402785	1.132722475788516e-05	4.906693491252716e-05	4
TUBA1A	4.7514963	1.4788688	1.1123421427674548e-05	4.824065983011439e-05	4
CILP	4.739566	7.8852353	1.3245709987743674e-05	5.638582765519917e-05	4
ECM1	4.737754	2.2307184	1.2354419923010724e-05	5.3204640577534526e-05	4
NID2	4.737429	6.7039385	1.3316458098185927e-05	5.662176372013464e-05	4
FRMD6	4.7354765	2.5924745	1.2845908712922289e-05	5.500073313354329e-05	4
LMCD1	4.7297926	2.1857786	1.2826129942970442e-05	5.497975654208327e-05	4
EPB41L2	4.7036366	3.206692	1.470732225985017e-05	6.210692085731014e-05	4
TUBB6	4.6899977	1.9940588	1.4396260139432728e-05	6.100250139358249e-05	4
ZEB2	4.6639605	2.1460948	1.5898081011188595e-05	6.675387424584301e-05	4
COL4A2	4.651205	3.3906393	1.7708543774261713e-05	7.342809350889959e-05	4
MRVI1	4.6476054	6.9066687	1.839770489874332e-05	7.595477050375035e-05	4
NRP2	4.6461363	2.6566439	1.772607832474653e-05	7.342809350889959e-05	4
ZEB1	4.6360345	3.185738	1.8572479963567142e-05	7.659075163546941e-05	4
MTRNR2L8	4.6278267	1.6641413	1.7989126798268215e-05	7.443429285509636e-05	4
WNT2	4.62312	6.0261335	2.002597673922129e-05	8.203545903705396e-05	4
PLPP4	4.619068	7.38759	2.038882404025364e-05	8.342935196980865e-05	4
PLAGL1	4.596438	4.099088	2.1854418233310456e-05	8.903205663956134e-05	4
PLAU	4.5569196	3.0057654	2.4740740853064792e-05	9.99093305487152e-05	4
IKBIP	4.5526514	2.681814	2.4822285492123225e-05	0.00010002000533630896	4
SH3PXD2B	4.5146203	3.4824646	2.907780618923517e-05	0.00011540547139551446	4
OMD	4.4937325	6.672913	3.176124980364099e-05	0.00012511494458896958	4
PDPN	4.480128	3.6594062	3.2678908847842174e-05	0.00012859272437995404	4
P3H4	4.476345	3.0276475	3.314941583801498e-05	0.00013030541651219718	4
SVEP1	4.473177	6.9124856	3.4177427567198276e-05	0.00013406114104118645	4
ABI3BP	4.4577284	5.728222	3.599480548749464e-05	0.0001404443572083344	4
EMP1	4.4491906	1.6954902	3.393133256242902e-05	0.0001332372729204838	4
LAMA2	4.4424796	7.8433757	3.8093697602924275e-05	0.00014769801956223002	4
MAF	4.4395666	2.4502332	3.6567269225335e-05	0.0001425274892274397	4
AXL	4.4076242	2.5491874	4.0884991098945626e-05	0.00015818852577026605	4
RECK	4.4065866	3.8431566	4.2437442492404636e-05	0.00016351027112558407	4
GPC6	4.404195	3.542908	4.286048629292905e-05	0.00016491381086660453	4
TRIM22	4.374275	2.0817826	4.5526731524085546e-05	0.00017415837558773598	4
F2R	4.3631954	3.6839597	4.9513822258054774e-05	0.00018783734419251785	4
SOD3	4.357462	3.385752	5.019370121802898e-05	0.00018983185875191103	4
FRZB	4.3569016	4.2691755	5.0898811674616373e-05	0.000192301747584568	4
CD55	4.3549113	2.0003219	4.965529183926132e-05	0.0001881808239446878	4
KCNQ1OT1	4.3248425	2.00487	5.509720587947163e-05	0.00020689448752504844	4
OSMR	4.3224597	2.8205879	5.63537256502519e-05	0.00021118358648852006	4
IGFBP5	4.310734	1.9036766	5.415109347041207e-05	0.00020375589651035908	4
FXYD1	4.3088536	3.9645755	6.001521459824142e-05	0.00022377014928405857	4
GJA1	4.3058276	2.2630813	5.843282021482309e-05	0.00021853165049976852	4
SGCB	4.2924333	2.6446588	6.248921573910303e-05	0.00023252532946222126	4
SLC2A3	4.2626038	1.9989519	6.632428189115485e-05	0.0002458056385033272	4
VGLL3	4.2358217	6.133384	7.792430377772504e-05	0.0002870690951731745	4
WISP2	4.2325606	6.0064583	7.891482015273286e-05	0.00029013956265109246	4
MAP1A	4.2000113	3.8784726	8.68286207646925e-05	0.00031640212398968324	4
GAS7	4.181753	4.340415	9.320841589698334e-05	0.00033765205562681703	4
SGCD	4.1752334	5.722764	9.585291970465888e-05	0.0003462136249352049	4
APOL1	4.159126	3.3072932	9.999447596223449e-05	0.0003594159422961638	4
NUAK1	4.1535053	3.725702	0.00010247670318100976	0.00036762273616876805	4
COMP	4.152256	7.141512	0.00010391766601255405	0.0003720695503065768	4
LRRC17	4.150334	6.399116	0.00010451881513732497	0.0003738596533711672	4
SYNPO2	4.148252	4.437827	0.00010489289965023442	0.0003748348783439228	4
MYLK	4.1234975	2.2794185	0.00011025314195702035	0.00039134040300786764	4
CCND2	4.102541	2.1872346	0.00011724360297158285	0.00041455991672727146	4
NTM	4.093026	6.6795816	0.00012693466463890442	0.00044499391445991635	4
SLIT2	4.0882583	4.7991652	0.00012828495891682628	0.0004488758742402208	4
JCAD	4.0800486	5.107229	0.00013208239420516376	0.0004599853407993215	4
APOD	4.0721154	2.2216299	0.0001309722565122883	0.00045698063060708717	4
TRAM2	4.0700088	3.4416502	0.00013571862856557272	0.00047131610202048044	4
NOX4	4.0655074	8.053894	0.0001394136866941179	0.0004827868531722265	4
STEAP1	4.051744	2.6912644	0.00014271522949280537	0.0004932953909971149	4
ALDH1B1	4.0446653	3.5427682	0.00014806633950191852	0.0005103592578914076	4
SULF2	4.044312	2.2671213	0.00014507217295417265	0.0005005057694357311	4
COL5A3	3.9871006	6.8476696	0.00018127146315108228	0.0006173253975513816	4
C1QTNF6	3.9820466	4.5076513	0.00018347684767567555	0.0006227386406678483	4
ADAMTS1	3.9769702	3.13802	0.00018412830665469023	0.0006241780670542021	4
PRKG1	3.9709833	3.9981098	0.00019004055325013425	0.0006408028006533492	4
STEAP2	3.9669845	2.8652263	0.00019007303640489057	0.0006408028006533492	4
PCDH7	3.956204	4.397393	0.00020026244123419576	0.0006714788751001391	4
VCAM1	3.9492607	4.7409196	0.00020485947608403393	0.0006844084666641098	4
GLIS2	3.9482315	4.3727055	0.0002055040177377169	0.0006859415948878627	4
CNPY4	3.9474268	3.2813222	0.0002045772855811206	0.0006844084666641098	4
NDN	3.9468868	3.4112146	0.0002046960577557191	0.0006844084666641098	4
CARMN	3.925259	5.097524	0.00022216267527721818	0.0007362251884747275	4
RAI14	3.9215624	2.5334659	0.00022067640030817837	0.0007326139255514097	4
BASP1	3.9053383	1.626327	0.0002255134751796755	0.0007466597587714166	4
TGFBI	3.896081	2.0478141	0.000236263985811158	0.000777377940847933	4
RGS16	3.8929348	2.3699985	0.00024084951497092036	0.0007910568513933785	4
NRP1	3.8639956	2.4176204	0.00026623961028510976	0.0008698102210464018	4
SEMA5A	3.8555894	4.301012	0.0002785267337907741	0.0009059474307719282	4
TNS1	3.8498986	3.0534523	0.00028199406640361035	0.0009148095481662338	4
ABCA6	3.8456593	5.201837	0.0002888228297989234	0.0009353202069299053	4
PTGDS	3.8409321	4.0744586	0.0002908000808609549	0.0009400755019958253	4
EDNRA	3.8397818	4.771014	0.00029418304221139	0.0009493505161319528	4
SHOX2	3.8273814	4.8377857	0.00030649644001531895	0.0009873621149578062	4
LEPR	3.826755	4.632827	0.0003068337029783159	0.0009875875718683602	4
LMOD1	3.815601	6.83823	0.00031946017827933767	0.001024657429463674	4
PHACTR2	3.8036036	1.994107	0.00032136271667131567	0.0010289733432413443	4
DNM3OS	3.802123	6.475824	0.0003336802416436081	0.0010674878726174303	4
ADAM33	3.7846503	6.25798	0.0003531184258456435	0.0011257744465053088	4
FMOD	3.7761354	3.1014369	0.0003586286188196615	0.0011423558159815942	4
AC245595.1	3.7707217	2.6454084	0.0003641695604880976	0.001155027060947228	4
ZMAT3	3.7637427	2.4949741	0.00037223228620772273	0.0011767939357290825	4
IL1R1	3.7522693	2.4191236	0.0003836363270159782	0.0012105347808061822	4
ANKH	3.7454987	2.1746018	0.0003906148975029858	0.0012294054908633155	4
LRRN4CL	3.7319417	5.56851	0.00041850866142263427	0.0013104995796242658	4
ACVRL1	3.7219708	3.599748	0.0004277264291811614	0.001334838814040871	4
ADAMTS5	3.719821	5.7225337	0.0004354131615889969	0.0013542522155482691	4
EVA1B	3.7126637	1.5173407	0.00042628634944045146	0.0013314691979564397	4
CSF1	3.7074165	2.5359733	0.0004438012565166915	0.0013748045898669895	4
PODNL1	3.6842077	4.324872	0.00048690121726484075	0.0015005004151739671	4
ARHGEF17	3.6758475	3.6297505	0.0004996177922000118	0.001535846707303697	4
TWIST2	3.668442	3.0955217	0.000505602125418607	0.001551661007825376	4
PKD1	3.6612332	2.378165	0.0005167616129358514	0.0015804575807934344	4
HIC1	3.657219	5.514298	0.0005322436764857842	0.0016199673678871274	4
SPHK1	3.646535	1.9263123	0.0005353355117696038	0.001628036803282869	4
SNAI2	3.6346095	2.6950605	0.0005632644502132773	0.001704555400113071	4
MICAL2	3.6323116	2.559452	0.0005675684314131091	0.0017161745941664795	4
GPC3	3.6202679	4.1855655	0.0005973073834902306	0.0018002045530150098	4
MMP19	3.6123154	2.9810686	0.0006045041499526052	0.0018174473832993296	4
COL4A1	3.6115072	3.0879357	0.0006097156910084855	0.0018316255920945966	4
FXYD6	3.5838308	2.6956518	0.0006634164958925663	0.0019809233979776	4
ST5	3.5764642	2.6226857	0.0006796315579463647	0.002026826962559982	4
ANTXR2	3.5723376	3.1773853	0.0006894383670142592	0.0020527596826089346	4
CAV2	3.563398	2.1052122	0.0007006546648845384	0.002082798863031673	4
GEM	3.5593286	2.2289228	0.000703765989438845	0.002090366021685315	4
SGIP1	3.5548794	5.8553324	0.0007364212015994641	0.002169917336451372	4
ADGRA2	3.554298	4.6972632	0.0007358039855921972	0.002169917336451372	4
SYNE1	3.5355911	2.3968608	0.0007673637231274403	0.002259290005542543	4
PCSK5	3.5218365	3.7050762	0.000810852112145804	0.0023703311347933113	4
HSPB6	3.5203595	8.366655	0.0008215802539901785	0.0023978981346711764	4
CNTN1	3.5194154	6.490671	0.0008231871467262808	0.0024006917972798796	4
LIX1L	3.5184464	2.3743706	0.0008095282929699381	0.0023683349505335878	4
CXCL14	3.5098052	1.9724159	0.0008165423997276546	0.0023850783928803824	4
GREM1	3.5085838	6.3138165	0.0008516442390994359	0.0024797678987174276	4
TWIST1	3.507887	5.7572036	0.0008536889022549959	0.0024818099872794728	4
P4HA3	3.5048246	5.028676	0.0008603814051011835	0.002497336442929201	4
HOXC8	3.4978292	2.7024753	0.0008670183636007323	0.00251462547370856	4
DIO2	3.496246	5.275149	0.00088436177549142	0.0025589011436498014	4
ARHGAP21	3.4837837	2.1127045	0.0009035517971701582	0.0026103392420201207	4
FST	3.4732254	3.4220517	0.0009442197658243737	0.0027108718218500864	4
ANK2	3.471682	5.106678	0.0009544292612371815	0.002738055993999523	4
PCDH18	3.470763	5.7139153	0.000957722289681126	0.002743243302613768	4
PEAK1	3.4500597	2.823476	0.0010127203432250128	0.002889576577773299	4
DSEL	3.4399915	3.3283644	0.0010455277719427039	0.002973999320499069	4
C11orf96	3.437023	3.161059	0.0010543807620357723	0.0029922710566222567	4
LRRC32	3.4349287	3.281079	0.0010628131639250642	0.0030138869076769856	4
TFPI	3.4196572	2.0606525	0.0010889531704147241	0.003078563094630762	4
SELENOP	3.3807356	1.309202	0.0012203903595579847	0.00341875843712415	4
DACT1	3.3776047	6.3392835	0.0012765935380014046	0.0035546444031011233	4
LIMS2	3.3758032	3.5750113	0.0012762091746371226	0.0035546444031011233	4
CEMIP	3.3750935	7.143815	0.0012873763090208146	0.0035792742376462828	4
PLPP1	3.3738592	1.9690574	0.0012638007353366685	0.003524334880806785	4
CCNL2	3.373723	1.6869574	0.0012625879290463482	0.0035236120829503447	4
FSTL3	3.3453097	2.54556	0.001394695958578232	0.0038486942247547176	4
UCHL1	3.3450973	3.5420234	0.0014011059590017143	0.0038634974018741304	4
IGFBP3	3.336685	2.1842222	0.0014211174719683682	0.003912838344950165	4
SNHG18	3.3339443	2.8763094	0.0014474661513020257	0.003976496229785119	4
GRP	3.3291981	5.090276	0.0014779037562963316	0.004051663916256242	4
SEPTIN11	3.3290691	4.0861626	0.001476380780999289	0.004051663916256242	4
CHRDL1	3.3254528	4.911088	0.0014939522954965508	0.004085976115366214	4
SPSB1	3.3232057	2.0146527	0.0014781171743202745	0.004051663916256242	4
LHFPL2	3.3198216	1.8723675	0.0014877032186620103	0.0040718988095971315	4
CTSZ	3.3034878	1.0973791	0.0015197063329797712	0.004144143837904247	4
SNED1	3.3031592	4.238157	0.001597198377366447	0.004329895821253868	4
CNN1	3.2956398	4.531298	0.0016349991310653953	0.0044258767687081575	4
CCN1	3.2921138	5.608024	0.0016547933398602525	0.004469635519578678	4
MT1M	3.2915792	2.6225836	0.0016384595809427823	0.004431997182711259	4
DEPP1	3.2915766	2.062314	0.0016342051912164696	0.0044258767687081575	4
SLC7A6	3.2808778	2.7426682	0.0016955741459145648	0.004564200195066222	4
TENM4	3.2764757	6.519761	0.0017353423391792853	0.0046464419878749705	4
FGFR1	3.275684	1.4131595	0.001686756828125225	0.004549318598483727	4
DSE	3.274665	1.6952317	0.0016955637837836003	0.004564200195066222	4
TMEM204	3.272925	2.6087348	0.0017329276554354177	0.004643341324752624	4
DENND2B	3.2683394	5.3060355	0.0017756804385224817	0.00473728463562496	4
CNRIP1	3.2598464	3.5149412	0.0018147053103379017	0.004834416814490661	4
FAM198B	3.2566733	2.1213205	0.0018164670777850067	0.0048356238129795386	4
ARHGEF40	3.255216	2.8406622	0.0018350329259488832	0.004874512337441498	4
SRPX2	3.246691	4.4968615	0.0018942790047911536	0.005021062354880425	4
LMO7	3.2403095	2.09248	0.0019044643613000882	0.005044441444447187	4
F13A1	3.2356355	3.396573	0.0019467691032724378	0.005145430498277294	4
TLN2	3.2354987	2.8439267	0.0019486950247488714	0.005146839254072251	4
AKT3	3.2328079	3.0538635	0.0019624233981545202	0.005176694987521252	4
DST	3.2269096	1.4894886	0.001964076125324762	0.005176694987521252	4
FAT1	3.2233567	2.0262892	0.0020032160942442096	0.005268244461375341	4
GADD45B	3.2214487	1.133894	0.0019817969412486173	0.0052193440469805	4
RASAL2	3.2107954	1.9907434	0.002080281597804592	0.005447654503109829	4
CPXM2	3.1956003	4.467132	0.002205604064249419	0.005747325118054728	4
WIPF1	3.1894658	1.4384813	0.002175875189064285	0.005677866400842184	4
SETBP1	3.185797	2.749453	0.0022583314864266465	0.005872297566746276	4
STMN3	3.1846483	2.083206	0.0022433354841305776	0.005837411699903158	4
PTGIS	3.1842246	5.7016582	0.002284774268354259	0.005928539973011928	4
CILP2	3.1753716	5.5779076	0.0023441070318577085	0.006061214473557896	4
TNFAIP6	3.1739933	1.6459416	0.00228100083223172	0.005922907993742941	4
BOC	3.1709309	2.7579978	0.0023577796060642747	0.006092304646438808	4
PDGFD	3.163434	5.474156	0.002429065749846712	0.006245927589202227	4
MYO1E	3.1630957	1.9640594	0.0023990016102557977	0.006181527859062184	4
MX2	3.1439452	1.9610435	0.00253311166692581	0.006486380879619451	4
PLXNC1	3.1421454	2.6304667	0.0025627237110351702	0.006544066421751869	4
CHN1	3.1421044	3.0725706	0.0025698579198192837	0.006557076704434743	4
LAMP5	3.1381884	4.913955	0.0026110314131394152	0.006653628325206992	4
CTSL	3.1286309	1.0929521	0.0025434562990773236	0.006503855380685613	4
AOPEP	3.1029773	5.921813	0.002900724772754532	0.007316162481452558	4
SUGCT	3.099997	4.749323	0.002919765813891519	0.007359164176213617	4
OLFML2A	3.0831566	4.0850754	0.0030643240504515837	0.0076972653748596884	4
GUCY1A1	3.0829713	2.1026642	0.003039144896363681	0.007639211151063811	4
FAM20A	3.0818713	3.3931992	0.003070957835998976	0.007708688317945798	4
SSH1	3.0657384	2.338684	0.00320172077839014	0.00800430194597535	4
SYNDIG1	3.0615962	5.380973	0.0032657749640812254	0.008142401141889424	4
TNC	3.043476	2.743954	0.00342277691920325	0.00849372781494695	4
GJB2	3.041027	2.160273	0.0034277075862473466	0.0085002547189154	4
DZIP1	3.0309968	4.4104533	0.0035679755844902268	0.008801716752755224	4
PI16	3.0291047	6.265408	0.0035904245586196293	0.008850312704536045	4
PLAUR	3.027183	1.1544641	0.0034826115429206685	0.00862483220582565	4
STAT2	3.020337	1.5574045	0.003619341181593099	0.00890970397467455	4
CASC15	3.017625	3.1441166	0.00369744407334735	0.009083813730730358	4
TLE4	3.0136786	1.8488861	0.0037021794494299337	0.009089404030327977	4
EBF1	3.0100152	4.065555	0.0037851311261833053	0.009280729602685675	4
ABCA10	3.0051913	4.9968195	0.0038435570495710357	0.009399035935251474	4
MITF	2.9977808	2.3476841	0.0038926164502033726	0.009506422857568713	4
TCF7L2	2.9890883	1.6427214	0.003973957540229549	0.009674122819339456	4
PTGIR	2.9884467	3.9223247	0.004023275964135498	0.009773836086443567	4
FAM229B	2.9880064	1.8852186	0.003985144553433552	0.00969394939100525	4
EPAS1	2.9787917	1.9322244	0.004099469659570281	0.009921736457231965	4
C1QTNF3	2.9760182	4.213146	0.0041756865038803	0.010097618869003736	4
C12orf75	2.9674487	1.3855258	0.004200868339273538	0.010145234322624656	4
PTPRD	2.9657588	5.012019	0.004300349105170416	0.010371925550655801	4
ITM2C	2.9544833	1.577936	0.004332122059511289	0.010421348313733212	4
CLEC2B	2.9516473	1.4604692	0.0043936551871013715	0.010541919426194524	4
GFPT2	2.944018	2.614226	0.004530230667953588	0.010841452278554733	4
NBPF1	2.937965	2.2603326	0.004611675454064241	0.011022083313562336	4
GLIS3	2.9348316	2.662191	0.004665396124499632	0.011121702374210415	4
IGSF10	2.9342887	4.312035	0.004696458125595833	0.011188531769230563	4
F3	2.9313352	2.4917243	0.004701018592700939	0.011192180219091475	4
ITGA5	2.924948	1.7748659	0.004751385747232944	0.011290270312556739	4
CSRP1	2.9201336	1.3129457	0.004822983066223587	0.011446538199927235	4
ITIH5	2.9159787	3.5014143	0.004926739763000767	0.011661949663220907	4
RFTN1	2.9081168	2.4108033	0.00501589526084432	0.011819982773481992	4
CDKN1C	2.9064314	2.4473503	0.0050539304616841	0.01189444143689347	4
SEPTIN2	2.8933468	2.2037463	0.0052268308304044215	0.012270101599964636	4
TNXB	2.8870454	6.0897903	0.00537090822440922	0.012544567565860979	4
ANGPTL4	2.8857105	2.152626	0.005326241899005073	0.012471776816745085	4
NINJ2	2.878341	2.207165	0.0054525514041086215	0.012719177675619543	4
ALDH1A1	2.8748543	2.6138113	0.005513355086251822	0.012828619045151436	4
ZNF503	2.8634222	1.957395	0.005676745609879464	0.013175612455090841	4
CCDC3	2.8594866	3.970184	0.005787477831849294	0.013415765739449902	4
SCT	2.8396652	4.067438	0.006104929928661306	0.014028430401992243	4
ABCA9	2.824223	4.9947057	0.006385939229958354	0.0146196068492541	4
CCN2	2.8183641	6.176064	0.006495043854983697	0.014850982081785126	4
RARRES1	2.8025784	1.2504036	0.006625154405684936	0.015111077487040641	4
MAP7D3	2.7999356	2.2091653	0.006779829285083959	0.015425781532256915	4
MATN3	2.7943873	2.8253171	0.006904973745078588	0.01568154762634627	4
ENG	2.7904716	1.4841378	0.006873173122561805	0.015618926622303733	4
MRGPRF	2.7773001	5.3744245	0.007266803313265317	0.016442644361613808	4
NRN1	2.7764835	2.4573538	0.007220042327999583	0.01635731015166918	4
ABCA8	2.776472	6.1712747	0.007284743853773516	0.016473150881085155	4
EVA1A	2.776342	2.4471052	0.007233930785808034	0.016378293047524927	4
SH3RF3	2.7659464	5.446335	0.00749599157735651	0.01689913903498005	4
TGFBR3	2.7599843	2.179065	0.007561121654496311	0.0170251947064984	4
CEP290	2.758775	1.9155449	0.007581981225330119	0.01706176652106869	4
NAV1	2.756804	1.7480004	0.007615495337361132	0.01712675305632951	4
ITM2A	2.7504113	1.6767147	0.007717464874662671	0.0173349742929353	4
ADH1B	2.7476223	5.411002	0.00787487456546392	0.017634946375387383	4
METRNL	2.7475343	1.6300381	0.0077873676326226555	0.017470748878288228	4
RUSC2	2.7394276	4.6835184	0.00805087272988094	0.017985474447950466	4
ARL4C	2.7373948	1.2829114	0.007953884788542717	0.017790317369046814	4
PLA2G2A	2.713462	3.661356	0.008622598255554045	0.01914693542925012	4
ETV1	2.708921	3.112196	0.008709346829672981	0.01929318737148781	4
MOXD1	2.708087	4.3105145	0.008758209543219233	0.019355014510882215	4
PKIG	2.707189	1.2547228	0.008647835972416994	0.019191443794643118	4
EXTL2	2.7069356	2.0517874	0.008718169197154513	0.01930115948681002	4
EGFL6	2.6950169	5.2418365	0.009076989363150939	0.019987768591682192	4
PDE5A	2.6943414	2.9353848	0.009056549583199382	0.01995465158611909	4
VEGFD	2.687753	27.518261	0.009259479276318056	0.020341127185490616	4
KCTD11	2.6812909	2.48762	0.00935596379139172	0.020528673520898103	4
FMO1	2.6755216	5.4469295	0.009562901416785946	0.02094541833729939	4
ENTPD1	2.6580274	2.1144412	0.009944503505557053	0.021716867880043327	4
F10	2.6445065	5.7291064	0.010382583692888615	0.02254033298779285	4
MICALL2	2.643703	2.2359517	0.010352159968459099	0.022503179214845428	4
PHLDB2	2.6409202	2.4308705	0.01042280477653371	0.022601093690899094	4
AFAP1	2.6329968	2.143584	0.010634800284092007	0.022979875467672495	4
SCARA5	2.626838	5.741851	0.010869969456639761	0.023433218869477197	4
CADM1	2.6247647	1.5662525	0.01083857832202852	0.023379186748333555	4
PRDM2	2.6205018	1.2866634	0.010921545959996996	0.023521741951143458	4
VSTM4	2.6160538	4.3154454	0.011179702546768715	0.02399786195434197	4
ADAMTS6	2.6117191	3.3164313	0.011286898480205233	0.02417378159421295	4
ST6GAL2	2.601948	5.7706842	0.011614566361268838	0.024773808311791795	4
COL4A4	2.6011684	5.810685	0.011638452295899583	0.0248005082083904	4
NOTCH3	2.5991158	1.5847565	0.0116192178090217	0.024773808311791795	4
ACVR2A	2.596389	2.3533735	0.011735902541123704	0.024952181757549024	4
LSP1	2.5940022	1.1880494	0.011649738180971252	0.024802454755151693	4
AADACL2-AS1	2.5936115	27.15843	0.011874709539561908	0.02514444226285458	4
SCARF2	2.5911813	5.396164	0.011943569797282004	0.025232413036567754	4
WDFY1	2.5893981	1.5427192	0.011872990541359619	0.02514444226285458	4
PLN	2.5866308	5.1406384	0.01208100412142329	0.025435504403794332	4
CCL11	2.5810966	7.9181356	0.012268204712816281	0.025800237002763893	4
MAGEH1	2.5800698	1.6987911	0.01219381150302939	0.025658390377957627	4
GPX3	2.568808	2.4890873	0.012611248201249696	0.026461420842485876	4
GALNT15	2.5565927	4.7550254	0.013059593313382458	0.027293663627233136	4
LSAMP	2.5541477	5.13857	0.013149630955370691	0.027435283105643537	4
PTN	2.5439806	1.7986044	0.013266875818889268	0.027648678032033754	4
FEZ1	2.5438604	6.2119384	0.01350883629351676	0.028105377311117355	4
RGCC	2.5424087	1.303741	0.013362942517030464	0.027833186358752857	4
IL11RA	2.5318127	2.932563	0.01389614081082358	0.02878152482959256	4
BTN3A3	2.5240283	2.313263	0.014137607359621626	0.02924885733135605	4
TBC1D2B	2.5091732	1.7301812	0.014634770601453568	0.030226650291990457	4
VASN	2.5045838	1.7703118	0.014786912478081055	0.030472750477696316	4
A4GALT	2.4921966	1.6578234	0.01531165969280922	0.03144860567726543	4
XG	2.4857392	3.1657746	0.01564883177947073	0.03203458915520462	4
ZFPM2	2.46411	4.938904	0.016557062050421147	0.03370707673625682	4
THBS4	2.4586692	7.643432	0.016797742105464086	0.034103108285543846	4
KLF2	2.4334545	1.2920862	0.017720030192108764	0.03573990805668225	4
SPECC1	2.4312932	2.0645833	0.017898957739050043	0.03604177048816889	4
PTGER3	2.4191442	2.189666	0.018476258461004393	0.03706285288458808	4
CDKN2C	2.404994	1.4714699	0.01905361998485117	0.0381795693297316	4
HOPX	2.396295	1.703084	0.019501636798531907	0.038929523484913776	4
RMDN2	2.3958278	3.6562371	0.019631369996505773	0.03910650375332736	4
C5orf46	2.3947873	1.8812534	0.01961214577805471	0.03910650375332736	4
ANKRD28	2.3943372	1.0627968	0.01947058482081586	0.03891003263969803	4
MIAT	2.3941083	2.184297	0.01963262908319953	0.03910650375332736	4
FOXO1	2.390599	1.8750627	0.019774193045521842	0.0393460653221342	4
CFD	2.3886337	1.6813748	0.01992674579043119	0.03958565897615228	4
PPP1R12B	2.38719	1.8063226	0.019987390717056706	0.0396847977966279	4
EP400P1	2.380673	3.7539036	0.020379219371425557	0.04033273464243034	4
OSR2	2.3793077	2.0819736	0.0203956035405952	0.040343551971359345	4
ADAMTS10	2.373521	3.8220444	0.02076218239001077	0.04093717392267332	4
CALHM2	2.37298	1.6593678	0.020664780190191145	0.04076687816484585	4
ARHGAP24	2.3710802	2.3228261	0.020805181794364823	0.04100007825609494	4
GASK1B	2.366963	3.2811358	0.021077500501404587	0.041514586541945606	4
PLTP	2.3617861	1.5611537	0.021213245172842933	0.0417374552255882	4
CCDC102B	2.359533	3.5225396	0.021487875416582026	0.04225529519120308	4
RAMP1	2.354972	1.4786679	0.021565274891163385	0.04238494187385569	4
LDB2	2.350487	3.2309628	0.021940316706953258	0.04300767651575187	4
LINC00702	2.3481903	4.2527204	0.022087610168333834	0.043250513816636735	4
PARP16	2.33945	2.1995912	0.02249858230228915	0.04392030245041822	4
CRY2	2.3317246	1.7273037	0.022870821583811592	0.04457156421528683	4
BTN3A2	2.32749	1.2747731	0.023033110630101623	0.04484053939843282	4
HEYL	2.322073	5.9183393	0.023575218514266263	0.04577531918560896	4
GALNT2	2.3219645	1.0699295	0.023317920954592928	0.04537109948774137	4
PTPRM	2.3212488	2.3010483	0.0235345802035334	0.045744489138377656	4
JAG1	2.3183615	1.8170542	0.02368101286397859	0.04593246327160152	4
CHL1	2.318199	4.559916	0.02379322986992966	0.046101722270262234	4
MTCO2P12	2.3054318	1.591691	0.024310233107883106	0.04698028835440799	4
SYNPO	2.3046546	2.5696077	0.02452199139413316	0.04729058361238101	4
FGF1	2.3027809	4.0429773	0.0246830507355511	0.04757635496497722	4
IGF2	2.2922502	5.2540016	0.02534501927501471	0.04869986802973445	4
CDC14B	2.2918367	2.5590355	0.025302820866759813	0.048694751615977874	4
FAM126A	2.2875538	1.5781422	0.025430496336466435	0.048800555492741766	4
KRT7	12.798927	3.3307061	1.317028032723099e-15	1.6253726046095195e-14	10
SOD2	12.126281	3.8902931	1.4842048031973918e-14	1.5361727584914182e-13	10
TNFRSF12A	11.796744	3.4736269	3.6080639118895324e-14	3.555145641181819e-13	10
RPL23	10.550392	1.1286433	5.88547667811465e-15	6.509522868180128e-14	10
CXCL1	8.5757	5.1447372	3.303852396457575e-10	1.883909661251657e-09	10
CXCL3	8.459273	3.736939	3.312340388836604e-10	1.885839404738252e-09	10
MT1X	8.029173	3.316605	1.2447633612547172e-09	6.570572314051686e-09	10
BIRC3	7.770313	3.5924869	3.324607324261687e-09	1.6555827578365138e-08	10
ANXA3	6.8588796	4.175454	5.499595969811799e-08	2.325058021562311e-07	10
SAA1	6.693679	4.3186593	8.67310889592342e-08	3.552897712908762e-07	10
ALDH1A3	6.6871743	5.4135003	9.524630186042301e-08	3.858937339630077e-07	10
CXCL8	6.524637	3.1689332	1.193085940120903e-07	4.776221612943376e-07	10
TM4SF1	6.355081	2.4274585	2.0179697101310804e-07	7.767081332223273e-07	10
PDZK1IP1	6.137809	2.546865	4.245103443543925e-07	1.556116788084802e-06	10
PI3	6.0957093	5.688022	5.693001247014413e-07	2.0363639504083503e-06	10
GLIPR1	5.94358	3.2545156	8.494995234230869e-07	2.9640233607632728e-06	10
WFDC2	5.7927637	3.0936265	1.32223768459123e-06	4.469961797405851e-06	10
SAT1	5.620472	1.7366887	1.9119171299698998e-06	6.318903215777084e-06	10
GPAT3	5.4177175	5.973169	4.497696148095745e-06	1.4083887514587949e-05	10
SLPI	5.379368	2.4502833	4.258873619142195e-06	1.3404206152240553e-05	10
CXCL2	5.1669574	2.5701501	8.136167347533253e-06	2.4561387540143274e-05	10
CCL2	4.9736447	3.0017636	1.5935791639907994e-05	4.5716420892437914e-05	10
KRT23	4.958415	3.2026944	1.7536895873469673e-05	4.972198310627903e-05	10
SDC4	4.9303284	2.2471962	1.8376989982545947e-05	5.195331138906448e-05	10
FOSL1	4.9254684	3.5379763	1.924692008514297e-05	5.399952142338897e-05	10
S100A9	4.9222784	2.8720155	1.897297328972951e-05	5.335246294181928e-05	10
SLC34A2	4.916957	3.9924393	2.006183339635452e-05	5.5946018414739585e-05	10
LAMC2	4.8616757	4.245366	2.393941619447338e-05	6.557164035476586e-05	10
LAMB3	4.8488393	3.9711454	2.47818881130679e-05	6.767854883797923e-05	10
SFN	4.8463826	2.6206672	2.405501886966681e-05	6.579074368868902e-05	10
C15orf48	4.821674	2.5595229	2.5450921255247762e-05	6.945432351413625e-05	10
MMP7	4.7281404	3.5711892	3.535331010612256e-05	9.397876319577184e-05	10
IL32	4.6998205	1.7188404	3.2797042230664486e-05	8.768818454580701e-05	10
SNORC	4.6045303	3.460594	5.05785676142546e-05	0.00013059944607594041	10
LCN2	4.4404984	3.175894	8.33043908533344e-05	0.00020925202189195827	10
GARS	4.428853	2.402384	8.521591769408146e-05	0.00021332846604311042	10
CXCL5	4.3350635	5.6802983	0.000116686641885127	0.0002838427529727085	10
DEFB1	4.317856	3.856956	0.00012149702036125032	0.0002943813050720131	10
ITGA2	4.2754364	3.1146026	0.00013637995564037448	0.00032764885311520396	10
CAV2	4.2700186	2.658988	0.00013650592695811173	0.000327738401631074	10
WTAP	4.2533846	1.6528546	0.00013841930874743694	0.00033168569767949384	10
CCL20	4.2282624	4.1850843	0.00015862096390993822	0.00037578794554925953	10
MALL	4.2115283	2.8842587	0.00016419194393613596	0.00038790871665218824	10
PIGR	4.1913414	5.2547307	0.00017807061924778714	0.00041802473832310894	10
SAA2	4.177839	3.956181	0.00018390499898618583	0.000430354003327395	10
USP53	4.05184	2.923545	0.0002641697639053472	0.0006066546163022113	10
NME2	3.9830823	2.1646502	0.0003162790051634332	0.0007160851250483368	10
LTF	3.9213147	3.200678	0.00038361537391442706	0.0008549208725053124	10
ERRFI1	3.9117215	1.9555116	0.0003860417862463189	0.0008598097650272142	10
TUBB6	3.8464408	1.7353733	0.00045224951070011154	0.000997648920619052	10
PHLDA1	3.7947614	1.7161	0.0005302164843643967	0.001153119428914918	10
MT1E	3.7730682	1.7859813	0.0005738528943366011	0.0012414440542000828	10
KCNN4	3.7483225	2.9842231	0.000632606274869904	0.0013582104506939543	10
ISG20	3.7392826	1.7209707	0.0006295353520619159	0.001352402980156267	10
EMP1	3.7301087	1.7360159	0.000643603734309136	0.0013794175163992213	10
S100A2	3.6782176	2.9915771	0.000770147079238464	0.0016251818719509564	10
LIF	3.6683474	2.7827857	0.000787236789125563	0.0016565147698285622	10
CAVIN1	3.6681676	1.63982	0.0007586492467213906	0.0016018336952203075	10
S100A8	3.5825691	2.9275002	0.0010100583678648882	0.0020888053936438064	10
CALD1	3.478597	1.4586039	0.00128946948741928	0.002626565466380507	10
FSTL3	3.469037	2.8675182	0.0013862440928629706	0.002814380177543229	10
AREG	3.459706	2.5698721	0.0014162915617213455	0.002872226849923365	10
MFGE8	3.4312057	1.4966089	0.0014793440965509927	0.0029935248832179177	10
ANKRD36C	3.3694062	2.6573415	0.0018209329458758303	0.0036173909865651575	10
MTRNR2L1	3.3354084	3.5290904	0.00201009034941561	0.00395489022422294	10
PALLD	3.323246	1.4374318	0.0019949394886607102	0.003935381279947948	10
CYP27B1	3.300213	5.1037855	0.0022237038355730956	0.004340510128073211	10
KRT17	3.2964804	1.7023841	0.002142086608886189	0.0041900529485624505	10
SCGB3A1	3.2819588	2.864873	0.0023172209743106474	0.004496917804662732	10
SFRP1	3.2813175	1.5841235	0.0022457814680086163	0.00438128961155852	10
TXNRD1	3.281306	1.9213141	0.0022923807608415973	0.004457701565777342	10
S100A1	3.2535362	1.7953626	0.0024582892768319053	0.00474575698949524	10
CSF3	3.2112184	2.8306952	0.0027557044900751626	0.005264905941482796	10
CYP24A1	3.1447253	7.458977	0.003381200036511438	0.0063650806657956005	10
CTSV	3.1368825	2.7561061	0.00342396468929576	0.006431901132154466	10
RELB	3.0901067	1.7277719	0.003808136612344055	0.007110189379793473	10
TGM2	3.089482	3.078858	0.0038887579338203583	0.007247681478873784	10
MMP3	3.0749273	2.9805617	0.003984677888181774	0.007406129173456567	10
CCT2	3.0552595	1.0008134	0.0041008691301804515	0.007589236630972707	10
TFCP2L1	3.0436816	3.20067	0.00438631712489541	0.008079482440921505	10
WBP4	3.0081625	1.5805932	0.004727316626206777	0.008655815130740357	10
G0S2	2.975716	2.434837	0.005195664463596916	0.009420009908238767	10
GLIS3	2.927911	2.7998269	0.005912285238244197	0.010548476076925306	10
COL6A2	2.9208148	1.5048834	0.005848639949966639	0.0104652419443713	10
GAL	2.9086192	3.2524529	0.0062302205356281	0.011062308927989345	10
KLK10	2.8821592	2.9006603	0.006672968434906764	0.011795796486000966	10
ANXA1	2.8393233	1.439665	0.007344290766233101	0.01286121060721863	10
IL6	2.8327765	1.7401965	0.007306078278332074	0.012800359999258899	10
MYC	2.832537	1.048778	0.007349674717577519	0.012864541961842222	10
TIAM1	2.8238616	2.334273	0.007694387255481898	0.013427340114568899	10
VPS37B	2.8167636	1.6867456	0.007799350501289849	0.013593679293521696	10
ITGB6	2.811239	2.262445	0.007964640326165966	0.013855624296225633	10
HMOX1	2.7884119	1.4473968	0.008261824547176168	0.014332132254373681	10
ARID5B	2.7787232	1.1242024	0.008475039993310582	0.014660708228128556	10
KRT81	2.763229	2.6557207	0.009002161041023351	0.015485561008650506	10
FAM3B	2.7502987	1.9423072	0.00920446699626922	0.0157894640442037	10
MELTF	2.7350702	2.4787805	0.009650332921805787	0.01650068493571142	10
KLK8	2.7312198	4.047654	0.009793757977252737	0.01673043722882518	10
DAPP1	2.7106636	2.1265428	0.01020627844295775	0.01735490052771693	10
IRAK2	2.6237147	3.2283533	0.012758632018638229	0.02114042390532209	10
FHL2	2.6168585	1.2715979	0.012816193788314943	0.021216772422860086	10
COTL1	2.6125817	1.0995978	0.012801246392439255	0.021201526409710018	10
PHLDB2	2.5709267	2.7875726	0.014484760396752503	0.02367146822910239	10
DAB2	2.5384512	1.2171816	0.015388598804319033	0.02499379014591597	10
SLC1A5	2.5207233	1.4896895	0.016232038626651683	0.026248307538502394	10
ADAM9	2.5160499	1.4444591	0.016386556747215307	0.026486582318880385	10
ELK3	2.5143688	1.4579015	0.016398644518594185	0.026494530606123966	10
AL049629.2	2.5076084	3.5771239	0.01688789348511782	0.027189876439002326	10
FGFBP1	2.4921436	3.6405528	0.01754200685485706	0.02809610547407752	10
CHI3L2	2.484566	1.6430562	0.017709023871830203	0.028339039933483152	10
PLOD2	2.4830658	1.8225092	0.017816302822359093	0.02848604021143092	10
IL6R	2.4732842	2.0567994	0.018229477498893015	0.02908373029292301	10
ST5	2.47223	1.692548	0.018190389116634034	0.02903390401121501	10
PAM16	2.459442	2.1995766	0.01888093850388206	0.02999358029743947	10
PTPRE	2.4479327	1.2245383	0.019170010967700962	0.03038746912297514	10
TNIP2	2.4311886	1.254629	0.020002897853027373	0.031558799131911244	10
POP1	2.4191284	3.0702178	0.02083260513054458	0.03270028715266025	10
OLFM4	2.4125986	6.413564	0.021210995123596314	0.033209587704105245	10
RASA2	2.360691	1.7015833	0.02377589131735886	0.036866100888644976	10
DSC2	2.3534958	1.4256021	0.02413408286417597	0.03734314748037279	10
AKR1C3	2.353115	2.191265	0.024246221496655125	0.03748526712558188	10
S100A7	2.3463368	2.8032613	0.024636686440165142	0.038041185288930295	10
PID1	2.3337505	2.4981236	0.025349728372603124	0.03907686538872279	10
RIC3	2.3290796	1.9160235	0.02554916995531895	0.03935147269066424	10
LUCAT1	2.3229494	2.7667267	0.0260034139201149	0.04001774861925221	10
OSMR	2.3085332	1.7389145	0.02678011327229446	0.041127397564891116	10
LAMC1	2.3056989	1.6022556	0.026921058203231887	0.04128094830773933	10
AQP3	2.2897823	2.0360963	0.028080806573813368	0.042964215441093336	10
SPRY2	2.282211	2.0065901	0.02848079448497748	0.043486171744624706	10
KLK5	2.261782	2.645757	0.029900428961054056	0.045522078702552426	10
SREBF2	2.2566607	1.8119609	0.03022105693217865	0.045979490379556565	10
SLC26A2	2.247356	2.1727984	0.030922213592310382	0.0469037681541818	10
CRIM1	2.224183	1.5895452	0.03247548126319398	0.04905842324918306	10
DAPK3	2.2195435	1.4669065	0.03278722312488793	0.049445115205042134	10
GEM	11.932868	7.1593757	7.524679427703454e-12	4.4772448446641324e-11	14
SOD2	11.357945	3.822696	9.965528425088336e-12	5.844861512809746e-11	14
CXCL3	9.535703	6.8893466	7.58718815923656e-10	3.6034267671438414e-09	14
CXCL2	9.055811	6.652845	2.081673521652541e-09	9.519534235774924e-09	14
CXCL1	8.965913	7.461935	2.634265717198427e-09	1.1855800030509365e-08	14
CCL2	8.862126	5.6015096	2.98034712400901e-09	1.3364542018462735e-08	14
CTSL	8.25681	4.9123135	1.1780712051713172e-08	4.929754363655739e-08	14
DCN	7.873167	5.2709455	2.7288188210069312e-08	1.1031712848600231e-07	14
PLPP3	7.86989	4.83483	2.9592894492922322e-08	1.191130121474379e-07	14
PRRX1	7.800019	4.600212	3.3491843848198504e-08	1.3407623295676433e-07	14
TNFRSF12A	7.4374833	3.372243	7.249154740821098e-08	2.795994443354275e-07	14
MEG3	7.135855	5.48931	1.6927130404822465e-07	6.217271058232506e-07	14
TNFAIP6	6.7896113	5.7567377	3.974943664692219e-07	1.389538017127507e-06	14
FGFR1	6.615727	3.8088007	5.839302573063685e-07	1.9831087323042572e-06	14
APOD	6.436483	4.459002	9.076604295534088e-07	3.016011948920724e-06	14
IL1R1	6.422298	4.6728	9.72002988820624e-07	3.2153545601541677e-06	14
IL6	6.0308943	5.818253	2.6083860122562134e-06	8.202541544924859e-06	14
RND3	6.013018	3.4008222	2.6170028622464554e-06	8.222640795918923e-06	14
WTAP	5.9968243	3.1207173	2.7156041865023393e-06	8.517960500107083e-06	14
NNMT	5.8237205	3.4680827	4.161524755656438e-06	1.2729167195488856e-05	14
TWIST2	5.596723	5.783866	7.95386999968536e-06	2.3530464090342196e-05	14
ADAMTS4	5.388434	4.7817416	1.3460755008994126e-05	3.8259607506333305e-05	14
ERRFI1	5.2583036	3.2368145	1.8385708800076098e-05	5.123317799116228e-05	14
FOSL1	5.190799	4.5319037	2.232066376504527e-05	6.104726322120079e-05	14
PLIN2	5.188942	3.0328908	2.1535816746528275e-05	5.9075607185168504e-05	14
TFPI	5.171413	4.248851	2.3349444666300867e-05	6.35318100456419e-05	14
LUM	5.1402755	3.0693834	2.322003240765023e-05	6.322624889187e-05	14
CFD	5.124387	4.5243587	2.6449556559883562e-05	7.159788387455659e-05	14
PRNP	5.1079845	2.5762868	2.6083716915270514e-05	7.073381179237212e-05	14
MEDAG	5.0785494	6.5252557	3.0288157369688297e-05	8.068835002234914e-05	14
EMP1	5.0653687	2.8002174	2.952213702272213e-05	7.881813316398719e-05	14
VASN	5.0222917	5.1686406	3.4930358297507135e-05	9.206217510919163e-05	14
IGFBP7	5.004565	3.0462878	3.385879561145774e-05	8.955493900095658e-05	14
MYC	4.957163	2.9662125	3.985799384510312e-05	0.00010445055833876314	14
AKR1C1	4.7999115	7.0143228	6.243057952157408e-05	0.00015800067899466864	14
MAP1B	4.5791574	3.674127	0.00010864925007239824	0.00026553079198731355	14
GFPT2	4.5625596	5.287492	0.0001151554835322407	0.00027993388924449304	14
SPSB1	4.4112253	3.6858315	0.00016898017234168628	0.0004020487680634455	14
ARID5B	4.303894	2.8425684	0.00022108572834233687	0.0005147522156426811	14
MT1A	4.268758	5.495609	0.0002468326677754104	0.0005700291921438384	14
SERPINE1	4.2669506	3.9837859	0.0002449031259392003	0.0005659268607538118	14
CXCL8	4.249464	4.5398407	0.0002571145625422415	0.0005926627003079116	14
SOD3	4.225275	4.1177487	0.00027366228297576336	0.0006276735788922691	14
SERPINE2	4.217338	3.6664455	0.0002789007076421572	0.0006384994515103909	14
TIMP3	4.192623	2.9526284	0.0002914608681196972	0.0006656043928938698	14
RELB	4.1201715	3.2196884	0.00035806422843186084	0.0008077211990572197	14
AKAP12	4.0651817	3.7153683	0.000411573091801987	0.0009172271255780108	14
CCT2	4.0636377	1.906399	0.00040281901936037795	0.0008993451821973393	14
PDPN	4.0571184	4.7867627	0.0004256269144492891	0.0009474044872832068	14
SPHK1	4.0224676	3.2172747	0.0004609588553300441	0.0010205170583849688	14
LHFPL6	4.018441	3.3965485	0.0004643478407551935	0.0010274043542457725	14
SLC25A33	3.914704	2.754064	0.0006054822290547544	0.0013183599507114424	14
HMOX1	3.8736396	2.9443185	0.0006687958745381867	0.0014485350272090268	14
ID3	3.8537567	2.4850059	0.0006997693723984073	0.0015076663737679972	14
TIMP1	3.8505173	2.7016428	0.0007121771987225468	0.0015326119681303497	14
CRISPLD2	3.847993	3.9499636	0.0007241957973265276	0.001555757832047395	14
CYP1B1	3.8465557	3.239162	0.0007213907042421731	0.0015506333055118264	14
RRP9	3.8177254	3.6240735	0.0007836563770724929	0.0016757004127794335	14
THAP2	3.7603054	4.1544747	0.0009107809737972124	0.0019296649645531535	14
CAVIN1	3.744266	2.5675364	0.0009327508347407934	0.001969436762495561	14
MMP3	3.730764	6.93644	0.0009852364201090686	0.002074329670827925	14
SPRY2	3.7236328	4.0337477	0.0009977266582907227	0.002097042094644039	14
HSPH1	3.714133	2.3943408	0.001010589935678408	0.0021216646660975665	14
PHLDA1	3.675555	2.2270076	0.0011022280001181813	0.002299679537231327	14
CREB5	3.648405	3.7158144	0.0012067666073614842	0.00249706419837045	14
ICAM1	3.6472492	2.3331525	0.0011893032177842458	0.002464652490023998	14
AXL	3.6181924	3.53007	0.0013003274579127544	0.002679704382034371	14
GLA	3.6126695	3.2556584	0.0013187915493807672	0.0027147268941292114	14
EMP3	3.6087484	2.2570841	0.001310301217426385	0.0026987530648776435	14
COL6A2	3.6057863	2.1415293	0.0012872800924921153	0.002655778861953303	14
GADD45A	3.5781968	2.1492658	0.0014113218943820054	0.0028923097059021133	14
DPT	3.567867	4.2188153	0.001478801956240554	0.003022219705923035	14
PLAUR	3.5595238	2.0888188	0.0014748022868576367	0.003015713586020458	14
TXNRD1	3.5412948	2.9500268	0.0015763558503917648	0.0032127053873125047	14
CAV1	3.5290852	2.5932906	0.0016046204524833272	0.0032640485399829653	14
FAM180A	3.4805067	6.0030766	0.0018515392706501639	0.00373296354649529	14
VEGFA	3.4506347	2.1834385	0.0019574378667648823	0.003930833107443609	14
PIM1	3.4368856	2.7032902	0.002040453600611908	0.0040843351277067095	14
CYR61	3.4299846	1.9738177	0.0020441265031880557	0.004089359734315033	14
C11orf96	3.4199638	3.9351037	0.002142701271415637	0.0042772994045817275	14
PTGS2	3.383652	4.2523346	0.0023524817263805196	0.00467334407471829	14
SRPX	3.3776658	3.8961108	0.0023824859711468823	0.00472026040932318	14
CREM	3.3699136	2.6233983	0.002419947132656652	0.004781660243404455	14
FGF7	3.3384879	3.6008534	0.0026244849868120846	0.005158229801207794	14
TLE4	3.3161724	3.0038965	0.002769328587700047	0.005402676415813977	14
MFAP4	3.3000314	4.1322737	0.0028899173494295865	0.005608321746923489	14
SERPING1	3.289558	2.054653	0.0029119022149492156	0.005648020306686274	14
RSPO3	3.2845213	6.084429	0.0030152214843518934	0.0058392260925997095	14
CLMP	3.248518	3.9651573	0.0032889744339554337	0.006332861143025183	14
LGALS1	3.244526	1.1115459	0.0030901349520866877	0.005974907717404663	14
TMEM38B	3.2333155	3.2493575	0.003402942897143251	0.006531882599971072	14
FNDC3A	3.2230835	2.442174	0.0034697805416762984	0.00663948166830343	14
MAFF	3.212718	2.1644077	0.0035565556175682087	0.006780945824001306	14
CEBPD	3.2092633	1.7625573	0.0035518789068614103	0.006776426852231335	14
AKR1C2	3.1917555	4.4773374	0.0037780510634990616	0.007177325799295133	14
CCDC80	3.1776435	3.1199002	0.003887111785499655	0.007376927605249731	14
TUBB6	3.1583135	2.2595258	0.004056660537581075	0.0076593565081053	14
DAB2	3.1581461	2.00365	0.004030961314402345	0.007626421944043351	14
EDNRB	3.1575835	4.308921	0.004109118158819775	0.007734687517493157	14
NIP7	3.1521978	2.486649	0.004136134232407757	0.007781576369015612	14
RASD1	3.1286898	2.3913193	0.004374787034587428	0.008190539794646444	14
SAT1	3.126372	1.103437	0.004250426653074778	0.007976295826872171	14
SERPINF1	3.1066036	2.2665982	0.004570193523597159	0.008533029342946691	14
ACSL4	3.1001904	2.9468403	0.004709340798798324	0.008779522831261254	14
CD55	3.0928621	2.0227895	0.004762863477591834	0.00885696051821934	14
GSN	3.0789056	2.1605368	0.00493932336453648	0.009139108578849421	14
SOCS3	3.0781832	1.9767468	0.004928226141235809	0.009132294679973075	14
ITPRIP	3.0781803	3.5429964	0.004980804169711462	0.009202035703541927	14
MIR4435-2HG	3.0453038	2.1557193	0.005348757465244946	0.009827776645489844	14
MFSD2A	3.0329096	3.8281438	0.005561220196703007	0.010172628033078024	14
IGFBP6	3.0269341	3.4176917	0.00563337371269772	0.010289330631941707	14
LMCD1	3.0161753	2.4695659	0.005762585339556029	0.010509749669131058	14
CFH	3.0135	3.0620563	0.005790277142806823	0.010555043928303509	14
MTRNR2L8	3.0088365	1.3641982	0.005729299428374961	0.010459368274627213	14
SDC2	2.9802682	2.1246865	0.006253165205235966	0.01129850632437501	14
ANXA1	2.9611526	1.6639955	0.0064950420025977704	0.011712630648901299	14
ARC	2.9484897	3.8972552	0.006810107855356411	0.012233032827195888	14
COL6A3	2.9104807	2.053352	0.007304207929978628	0.013088772212061605	14
C1R	2.9067767	2.2166831	0.0074385667805706174	0.013323075256523719	14
PAK1IP1	2.8861425	2.2516532	0.007858277358253502	0.014013675115225235	14
PTGES	2.882931	3.6210566	0.00796256694084684	0.014179125227194734	14
NFKBIE	2.8697715	2.98864	0.008202632794072408	0.014564501765544231	14
AKR1C3	2.864828	3.022819	0.00829169992968341	0.014702468379099849	14
PDGFRB	2.8592217	2.9476883	0.008382898938153218	0.014841788009811282	14
C11orf53	2.83858	6.759902	0.00886559724494416	0.01562899895995643	14
MMP2	2.8168662	2.3145256	0.009197632706036539	0.016175750998955265	14
GPC3	2.7879765	3.6287086	0.009947065064136989	0.01741089787398682	14
ID2	2.751708	1.4829711	0.010727963139561666	0.018610245915812375	14
CXCL12	2.7388728	2.5829945	0.011088299122323083	0.019190288176573204	14
HIVEP2	2.7113233	3.048923	0.01189664383720901	0.0204646643289047	14
CKB	2.7091322	2.123718	0.011902675476570264	0.02046551227823505	14
LYAR	2.6932573	2.1742892	0.012361082390021498	0.021165059977353767	14
RARRES2	2.6822126	1.8851224	0.012544180512216396	0.021438828396225525	14
FSTL1	2.6463675	1.827694	0.013660719065978225	0.023154292178343826	14
CD40	2.6289213	3.0097907	0.014384887121656774	0.024241284432855746	14
MT1M	2.6077442	3.6297035	0.01512866919123985	0.02537468572929244	14
CALD1	2.5899093	1.301032	0.015443057135175027	0.02586677067745772	14
COL4A1	2.5889337	2.4786656	0.01568436763803594	0.02624716414064439	14
CTNNAL1	2.5776951	2.679069	0.01616903778194727	0.027009310399771776	14
F3	2.5753648	3.2710505	0.016265644801313407	0.02714614161736813	14
ADPRHL1	2.5593214	4.3486433	0.01690593698253073	0.028061548622682373	14
IL1RL1	2.5588264	4.382637	0.016912873824821015	0.028061548622682373	14
USP12	2.5484104	2.6254742	0.01726724538847707	0.028598149578853777	14
SRPX2	2.5289822	4.0354104	0.018085949158057488	0.029833742026349294	14
EPAS1	2.5237486	2.3869545	0.018247467653011558	0.030073324254182743	14
PAPPA	2.5027015	4.332688	0.019204654873225827	0.03153831100291975	14
MEG8	2.4930506	4.621829	0.01962733674531538	0.03217524812508444	14
PTX3	2.4918213	3.42217	0.01965948620073267	0.032213659206965506	14
INHBA	2.4637916	3.2205532	0.020927768956293932	0.03409528496186335	14
TAC1	2.46227	5.9322715	0.0210418769771232	0.034266079960542185	14
PPP1R18	2.4561934	1.7858285	0.02115765808065267	0.03442428296257667	14
SLC2A3	2.451667	1.7141821	0.021304211902009918	0.03464747490225645	14
CNRIP1	2.438737	3.7415545	0.02214448375373557	0.03591916921424624	14
EBF1	2.4303558	3.8029015	0.02254645471332691	0.03649108636256808	14
THBS2	2.4129114	2.0883293	0.023273855062507363	0.037569634974209135	14
PDGFRA	2.4093587	2.5994992	0.0235642207160553	0.038018054015651406	14
RASAL2	2.408441	2.4393175	0.023642337427801446	0.03809787910847202	14
LHFPL2	2.3961747	2.2813976	0.024268802248759044	0.0390222908220908	14
HGF	2.3838232	3.95779	0.02500941994602695	0.040125838775757525	14
DLC1	2.3835275	2.76383	0.024977254829979135	0.04009164057201256	14
ARSG	2.368654	2.508042	0.025820543264226906	0.04133748152570122	14
LIFR	2.3641353	3.2036	0.02609422519476526	0.0417394641102414	14
IRAK2	2.3588533	3.3417788	0.026401922967997406	0.042195114778006235	14
RRAD	2.354938	4.6261506	0.026665014069020117	0.04259715822958467	14
CXCL6	2.352379	5.3960757	0.026820795068271067	0.04277204910542149	14
ENPEP	2.346829	5.321453	0.027147631752511777	0.043218655461236974	14
FST	2.3438303	3.1536977	0.0272699175627859	0.04335729147783731	14
IRF1	2.341548	1.4444152	0.02725479911284949	0.043356061337473835	14
CSF1	2.3312483	2.5157797	0.027998383192495143	0.044439014560253245	14
SLC1A5	2.3249452	1.9300894	0.02836007851830537	0.044931695510779905	14
ITM2A	2.321228	2.1193283	0.028564124941657134	0.04518169591584893	14
KLF4	2.318797	1.9791611	0.028763389045276963	0.04547741656923336	14
KLHL21	2.3111393	2.6006517	0.029280642640147844	0.04621613607661097	14
FRMD4A	2.308774	2.3661296	0.02943134942727012	0.046434174267191757	14
OGN	2.30586	2.948649	0.029560897629406835	0.04661865844671714	14
GLIS3	2.303227	3.0597234	0.029801405322802562	0.04697789789580011	14
SLC43A3	2.2859182	2.0266852	0.030872120394807613	0.04854148291864431	14
STC2	7.3983045	3.6045675	7.014201884364759e-09	5.0325196044131626e-08	8
MUC1	7.3387346	3.0625381	8.162970524086939e-09	5.81159462167654e-08	8
CRIP1	7.2920017	2.7219203	8.327153494114226e-09	5.905725942562776e-08	8
FASN	6.6224737	3.2355812	8.121075952655713e-08	4.922253658075809e-07	8
SLC7A2	6.3807926	3.4791894	1.7452351834997472e-07	9.920990773894716e-07	8
COL1A1	5.8956285	2.551687	5.704390295539731e-07	2.90727201958887e-06	8
CLIC6	5.84495	4.5949244	9.911826050166055e-07	4.774993123254703e-06	8
SLC40A1	5.5925403	2.6634905	2.0039783517251366e-06	9.130332934185425e-06	8
COL1A2	5.370499	2.1801004	3.0012537277325026e-06	1.3265110674607173e-05	8
ZNF552	5.280287	3.1027021	5.643002069356022e-06	2.396654327157529e-05	8
KRT7	5.1087694	1.6874056	8.05564934677106e-06	3.3406985787114554e-05	8
DEGS2	5.045425	2.242188	1.1158076360293328e-05	4.462022960095655e-05	8
MS4A7	5.037843	2.9637613	1.1833952064008085e-05	4.701769126506438e-05	8
FKBP5	5.036984	2.5759315	1.1683830408624828e-05	4.6521285948134424e-05	8
PGR	4.465115	3.157051	7.036880827285139e-05	0.00023594623100561333	8
DLG5	4.4323025	2.6990123	7.744852639694456e-05	0.0002576942613185483	8
SCGB3A1	4.3353405	3.0035806	0.00010358709216189926	0.00033693160698786774	8
MAPT	4.2716804	2.711921	0.00012641200029792386	0.0004007833233941775	8
TCEAL4	4.260837	1.3479956	0.00012096197663467863	0.000386916078715932	8
TMC5	4.20201	2.9229474	0.00015681522619037777	0.000489385355382978	8
GJA1	3.9876854	2.6437728	0.000294440093731053	0.0008670468784378419	8
GREB1	3.9388182	3.1063085	0.0003427023910811937	0.0009994359392620448	8
COL3A1	3.7800045	1.8476921	0.0004942083384412541	0.0013886690574451967	8
FN1	3.746409	1.514261	0.0005409400173225647	0.001505100424703973	8
LGALS1	3.6833913	1.0992634	0.0006527503850244659	0.00179058104874937	8
RARRES3	3.612512	1.4240892	0.0008435410772805998	0.002265177529470797	8
HILPDA	3.544293	1.7592489	0.0010522793718361926	0.002769353475024738	8
LUM	3.5317543	1.5879823	0.0010200635188112107	0.002690317417564185	8
ANKRD30A	3.4650292	1.4068924	0.001279362638730844	0.0033127154520746103	8
BATF	3.3405778	1.8479462	0.0018591371181571324	0.004646040456722839	8
CITED4	3.3403993	1.7974293	0.0018596735684690334	0.004646040456722839	8
SBSPON	3.3346941	3.9474242	0.0019403241908456533	0.004837717871237981	8
C9orf116	3.295241	2.56679	0.0021448274087841	0.00529047882206759	8
HAGHL	3.2823992	2.3374033	0.0022204184863550444	0.005458713444498929	8
TIMP1	3.1599643	1.1639359	0.003004175851661944	0.007166190943764289	8
BNIP3	3.1593518	1.3729606	0.003041719511345265	0.007241722676817497	8
METRN	3.1563907	1.5817571	0.003076612613436864	0.007315369116247885	8
RAB11FIP1	3.1423256	1.3264624	0.0031880726936407504	0.007556079924953542	8
HIST1H2AC	3.0460718	1.4255415	0.004150646545956954	0.009561495627999343	8
EPPK1	3.0337198	2.0992992	0.004343162691648347	0.009955326393077323	8
FSTL3	3.011868	2.3715475	0.0046051430436420395	0.01049722612353938	8
ZBTB16	3.011446	2.8048708	0.004631426565099877	0.010531151481873257	8
TSPAN1	2.938854	1.7844336	0.0055307788083885905	0.012335527767769599	8
HIST1H2AE	2.9376497	2.1844347	0.005587966038076842	0.012453277750720103	8
KCNMA1	2.93276	1.9619296	0.0056553179618098245	0.012573044445780565	8
PLIN5	2.8619905	2.1306348	0.0067814461485405765	0.014800616372626953	8
HIST1H1C	2.845962	1.4053408	0.007025969056040691	0.015298147119664322	8
PARD6B	2.7825735	1.374636	0.008257370378161025	0.01771065761564806	8
WDR6	2.7547486	1.7030855	0.008961753563698457	0.019107720379610962	8
RGS11	2.7261982	3.885267	0.009706100056124935	0.02045866497854058	8
COL4A5	2.7240834	2.7303412	0.009731938142129503	0.020501431833049324	8
AFMID	2.7225049	1.6826758	0.00970035110190967	0.020458217649290084	8
AC100810.1	2.7034009	1.6413449	0.010164916809972918	0.021323923095538537	8
WDR60	2.687026	1.7105594	0.010622515712563072	0.022137730151111423	8
HIST2H2BE	2.6741261	1.7066667	0.010972357105951791	0.02281534018373206	8
SERPINA1	2.642291	1.6620636	0.011850054041855903	0.02432552760258753	8
HIST1H2BG	2.6347873	1.9087001	0.012101772878783602	0.024773435339116568	8
LRRC26	2.6058424	1.3460474	0.01288732531431496	0.02623618018534092	8
ABCA7	2.575746	2.5861757	0.014008310003237342	0.02812130257785279	8
PKIG	2.5549405	1.2303784	0.014587681194373052	0.029120195577098017	8
MATN3	2.551524	2.560892	0.01488789828631021	0.029639431124954867	8
SPARC	2.5286467	1.1174864	0.015261028781281044	0.03033324440389105	8
KCNK6	2.5262148	1.3326347	0.01573389741234469	0.03117252061051669	8
TUBA3E	2.4844322	4.121255	0.0175919251674945	0.034356323199731593	8
PCAT18	2.4464967	2.5418856	0.01918931042847824	0.03712277593362675	8
SUSD3	2.4436252	1.2133847	0.01913930186817179	0.03704542713614183	8
SLC26A3	2.431837	3.838794	0.01993881426052546	0.03836992821721649	8
PIP	2.3661182	1.6679827	0.023079377893308703	0.04362061448377272	8
TNFRSF12A	2.3304896	1.0396891	0.024998542016526792	0.047007436514537655	8
AGR3	14.2743435	2.770149	9.64260992226298e-19	1.3344360922382663e-17	9
CD24	13.309699	2.4915445	1.0432966039743793e-17	1.268085839370175e-16	9
FABP3	13.269296	8.613136	3.101285472891713e-15	2.8017725726980144e-14	9
GSTM3	12.552033	3.155606	2.8555869803620478e-15	2.6052824425772265e-14	9
MAGED2	12.075448	2.7081356	7.355280691848901e-15	6.107362282332964e-14	9
STC2	11.27432	3.633272	1.2533364842861946e-13	8.754401341091662e-13	9
TCEAL4	10.860004	3.3555174	5.197643212504206e-13	3.357568473811721e-12	9
SUSD3	9.366237	3.5241292	3.106048184593187e-11	1.614581698892066e-10	9
DHRS2	9.126248	5.238732	7.88748201237585e-11	3.9544431527447437e-10	9
SRARP	8.618461	3.924496	2.8594442814063817e-10	1.3340462903783561e-09	9
CRIP1	8.497799	2.5033462	2.242793832697032e-10	1.0638155599249723e-09	9
CLDN3	8.0364065	2.5340543	1.0965028309452037e-09	4.777804198517132e-09	9
ANKRD30A	7.982262	2.8163838	1.3000705959795685e-09	5.611870154374423e-09	9
MRPS30-DT	7.8506265	3.508404	2.3246092771677125e-09	9.79410636161311e-09	9
MESP1	7.5877137	4.5967746	6.332879754661697e-09	2.531232864081799e-08	9
PVALB	7.256272	6.258148	1.7581314780502302e-08	6.736621826377198e-08	9
RMND1	7.013033	3.756938	3.388609564238245e-08	1.258383149734705e-07	9
CTHRC1	7.0000916	2.589998	2.500995550902484e-08	9.429774041412936e-08	9
NDP	6.5506234	6.2899733	1.449482298394316e-07	4.945371276608493e-07	9
C15orf48	6.4703555	2.0345101	1.046630472394318e-07	3.641525042840871e-07	9
RAMP1	6.446007	4.2048635	1.8942672786206218e-07	6.351467871599997e-07	9
FSIP1	6.291271	3.6828294	2.946787145914595e-07	9.584840232530307e-07	9
TCEAL1	6.1528583	3.1770227	4.516260162419082e-07	1.4275090932539358e-06	9
SNCG	5.819416	3.3259225	1.2406054742296808e-06	3.629483156990238e-06	9
GADD45B	5.2000866	1.4970529	6.60205736983224e-06	1.7715760335170752e-05	9
PEG10	4.9892416	3.1534646	1.567113309930616e-05	3.979713869548884e-05	9
VSTM2A	4.9796734	6.124288	1.6975247421282206e-05	4.284394755576349e-05	9
MT1G	4.942669	2.2428308	1.697428127843149e-05	4.284394755576349e-05	9
TPSAB1	4.7421584	6.0987015	3.462793337829771e-05	8.23360449374582e-05	9
PLIN5	4.621089	3.7957234	4.914540809813787e-05	0.00011385096108001217	9
DSCAM-AS1	4.5701823	5.093638	5.787844989718685e-05	0.00013258578572232204	9
CLU	4.527642	1.5368104	5.6166150674014224e-05	0.00012901059822041042	9
TPSB2	4.192497	5.4685593	0.0001772999191091872	0.00037868393127655885	9
GP2	4.1801915	4.0711794	0.00018242931002685636	0.00038806925765643883	9
TMC5	4.023952	2.3136346	0.00027950628678377924	0.000576325742001152	9
MB	4.017313	2.3019848	0.0002867204084220513	0.0005898841364807793	9
ECM1	3.965117	2.2135668	0.0003308028721862406	0.0006738239320441892	9
TNNT1	3.9517808	2.2651274	0.0003463403369509479	0.0007027608704194137	9
MAOB	3.9097772	3.1112077	0.0003985804488808057	0.0007978086449699767	9
AC093001.1	3.887407	3.5524282	0.00042690260577596574	0.0008508118275847861	9
CST6	3.7468553	2.8365965	0.0006329309515176177	0.0012295898348357503	9
METRN	3.7258384	1.965753	0.000658211693197159	0.0012760189959934432	9
C19orf33	3.7248185	2.2911184	0.0006676790004155399	0.0012916617311703768	9
TCIM	3.7211738	2.3231552	0.0006731080078558868	0.0013001223675000008	9
S100A1	3.6976798	1.7484965	0.0006992550875717606	0.0013478077979017504	9
CYP4Z1	3.604134	3.6024942	0.0009547565599038691	0.0017962451572529515	9
IFITM1	3.5992851	1.0575749	0.0008429980094935689	0.0015981927373415787	9
RARRES3	3.596221	1.3453512	0.0009194155939267988	0.0017341708114137426	9
ALDOA	3.5358777	1.3141643	0.0010797244484759706	0.002012907082300056	9
STARD10	3.5288568	1.2459545	0.001108442899374134	0.0020633231804470654	9
CXorf40B	3.4208384	2.401371	0.0015806059895891547	0.0028770143505083383	9
MT1A	3.3447452	2.2770126	0.0018942552526040235	0.0033944098731192368	9
SYNPO2L	3.266125	3.726931	0.0024253598504951936	0.0042674784036094	9
BEX1	3.1184983	5.55573	0.003621490001079317	0.006183643971343844	9
RBP7	3.0991254	1.5561023	0.003677533403728668	0.006273539209038516	9
SEPT1	3.0354023	2.5442808	0.0044713467635653535	0.007492801039171873	9
MUC1	3.0014014	1.1570053	0.004732071638908964	0.007897472766833162	9
SIGLEC15	2.9996884	4.5456333	0.004941441073212717	0.008191397382467918	9
KCNE4	2.9322853	1.4945052	0.0057222543621633015	0.009363919339323915	9
KCNK6	2.8930817	1.4628025	0.006384584660933254	0.010365131951734786	9
SCML1	2.8797283	2.337179	0.006689803345751502	0.010822602172745973	9
PTGES	2.8601499	2.5678306	0.0070263572822976345	0.01131751968530504	9
ZFX	2.8389218	1.6793729	0.007377680782432626	0.011857560022222076	9
AL390294.1	2.8363876	3.3394945	0.0075031147512881705	0.012027769633843726	9
LINC00623	2.7746985	1.7323982	0.008693795076541529	0.013798785570369823	9
CAPS	2.7449126	1.9595666	0.009375433380043954	0.014766507390989945	9
SEC14L2	2.7312615	2.3553076	0.009742921174668868	0.015299657348236916	9
CXCL14	2.7114806	1.9274094	0.01014573501156185	0.015871503330957257	9
GRIA3	2.6561859	4.707219	0.011800228147976072	0.018152307663102243	9
LTC4S	2.6153686	1.8306664	0.01290916056236308	0.019669834341415084	9
RHOV	2.566189	1.276403	0.014436544403102148	0.021781556377894012	9
SLC6A4	2.5660396	5.865212	0.014718395784652656	0.022161561705090288	9
AKR7A3	2.539294	1.9085658	0.015532599767254482	0.023283146507101546	9
CBLN2	2.4879184	5.297202	0.017750863765917724	0.02622528653141383	9
C16orf89	2.4871798	3.0101106	0.01773580064724608	0.026218991852462296	9
HILPDA	2.4856007	1.1595854	0.017556958471582895	0.025969960589471097	9
SLC2A10	2.4829056	1.7706928	0.017820096330109593	0.026317048736912447	9
GFRA1	2.48137	1.3792601	0.017739507342667316	0.026218991852462296	9
TFAP2B	2.4794862	1.6394559	0.01792631865717496	0.026442214546212164	9
SCGB1D2	2.4731762	1.360454	0.017875696597266986	0.02638861323487875	9
CCDC74A	2.4720206	1.6351267	0.018232889231217193	0.02688368942910915	9
FMOD	2.445771	2.2584949	0.019494222383922673	0.02861785924060162	9
GADD45G	2.4262655	1.3672165	0.020320871469264878	0.029689845820060783	9
MORN2	2.4179623	1.546858	0.020785020691219017	0.0302603039614083	9
RGS16	2.4125664	1.4952496	0.020909565532519117	0.030429635542598716	9
AC106782.2	2.4125516	3.797465	0.021177281773757113	0.03077076529847917	9
PSCA	2.345548	2.946576	0.024693259785618548	0.03544739506909889	9
PTGER3	2.337544	2.137829	0.025098637394728993	0.03598737492181747	9
SYT13	2.327434	2.5890098	0.02575393927826476	0.03686974259325389	9
ERBB4	2.2612174	1.7708534	0.029876456929713278	0.042393820412938	9
HSPA6	2.245695	1.882986	0.030940013811886404	0.04378527423780937	9
AC009119.1	2.239678	2.50448	0.03144268135747244	0.044411585480069064	9
SERPINA5	2.192825	2.2831619	0.03491394284200645	0.04886629500045978	9
PDE5A	2.1924458	2.8265154	0.034994309001952564	0.04896023164036908	9
LINC01238	29.623003	10.186011	2.7630614380597267e-44	4.438918266795952e-42	3
KCNE4	25.420553	5.4884505	2.8561738019234024e-41	3.198049150941507e-39	3
RHOBTB3	24.683249	4.7886677	1.68579138154892e-40	1.730277543006461e-38	3
MRPS30-DT	23.21828	5.5754743	2.2402241051950119e-38	2.0189336752916023e-36	3
PIP	22.8161	6.381599	3.483698731206527e-38	2.925515184501845e-36	3
SLC39A6	22.65758	3.6102374	1.8071460253551649e-41	2.0866889261522916e-39	3
CST5	20.799446	12.235623	1.4417668532951186e-33	8.878880871542439e-32	3
AGR3	20.229315	4.2904034	1.1666326789691233e-35	7.697692408555198e-34	3
IFI27	18.864632	3.3833961	2.882747879080625e-38	2.477151956558816e-36	3
KCNJ3	15.975396	6.8701706	2.041891945591821e-26	6.4485390931297245e-25	3
AGR2	14.86339	3.6559231	5.860658165922503e-26	1.760579831145012e-24	3
CST3	14.201372	1.8548931	6.837708814826993e-29	2.6878014968920996e-27	3
SLITRK6	13.34772	7.660062	7.276364330611942e-22	1.4301152234899536e-20	3
CLEC3A	12.116564	6.268278	9.767216269995801e-20	1.562331779984177e-18	3
AC105999.2	11.853477	6.516856	3.334213878148819e-19	5.176437092336087e-18	3
TRPA1	11.741319	8.145836	6.134543362331869e-19	9.17697883555314e-18	3
SSFA2	11.738126	4.1355085	3.9907620391792124e-19	6.0933329482509055e-18	3
ASAH1	11.58685	2.1009014	3.4880230360193984e-20	5.831785121308451e-19	3
BMPR1B	11.549705	4.8016095	1.0185089816026954e-18	1.4643543529268324e-17	3
TFF3	10.970469	3.2381923	2.2663374040151647e-18	3.101524706605938e-17	3
TCIM	10.450206	4.0108347	1.0462237772397587e-16	1.1858272567180701e-15	3
PI15	10.342926	4.798111	1.9043091432843524e-16	2.1130397250557604e-15	3
ISG15	9.558821	2.4667926	1.9250179363321757e-15	1.896784339932637e-14	3
IFI6	9.535006	2.337177	1.9879142431117518e-15	1.953548704334554e-14	3
PLAT	9.43147	3.4987	9.596359981421359e-15	8.343188266200452e-14	3
TIMP1	9.326086	1.77718	2.021010226166512e-15	1.9703516584921535e-14	3
CST2	9.321537	8.962602	2.5493924185346723e-14	2.0933344414412475e-13	3
TPRG1	8.7225	3.7823508	2.827331020650446e-13	1.982350687154345e-12	3
NAT1	8.44598	3.8033335	1.015728219155172e-12	6.690045935433798e-12	3
ZNF385D	8.428668	5.302016	1.2921033443706995e-12	8.435197628003064e-12	3
TFF1	8.363701	4.0253205	1.3678563840502638e-12	8.913984724983641e-12	3
ANKRD30A	8.317505	2.082277	6.640034642908556e-13	4.477176643348014e-12	3
CXCL14	8.039135	4.327501	6.270757142684968e-12	3.755339974428032e-11	3
AC123023.1	7.805444	29.507513	2.2390005714209796e-11	1.259224826697187e-10	3
FGF10	7.7702374	7.2623053	2.5923451411114614e-11	1.444753438372074e-10	3
NOVA1	7.607243	3.3050249	4.2729005390328325e-11	2.3082408613634964e-10	3
PRSS23	7.2726007	2.219264	1.374282728217811e-10	7.102062490580157e-10	3
RARRES3	6.8329477	1.7805812	9.120115100058488e-10	4.3148303834463654e-09	3
FHL2	6.8325357	2.0313776	1.1208800671673461e-09	5.235969466729891e-09	3
IFITM1	6.8175735	1.8835968	9.583239609884423e-10	4.528141989580939e-09	3
ECM1	6.6373525	2.7108104	3.1110038810583425e-09	1.3832923394116216e-08	3
SLC7A2	6.331283	2.4041142	1.0854010974351228e-08	4.506243882048066e-08	3
LDLRAD4	6.200846	1.9960387	1.9133855235587353e-08	7.718296407805161e-08	3
RAB30	6.131181	3.2079027	3.094824064398282e-08	1.2230347505830645e-07	3
ENPP1	6.1253037	2.7712793	3.011212817919414e-08	1.1925435543635835e-07	3
BASP1	6.0627413	2.1165926	3.5879132393650365e-08	1.4088564739058245e-07	3
NPY1R	5.976797	3.610638	6.056868551657834e-08	2.297754548087854e-07	3
SNCG	5.874113	2.6898158	8.69651067843008e-08	3.203749447337901e-07	3
GLI3	5.7132196	3.2411041	1.8327064484389033e-07	6.431006958197291e-07	3
PSD3	5.578096	2.6589386	3.1000669932549094e-07	1.05671102768237e-06	3
PARD6B	5.428265	1.9993721	5.326389744619668e-07	1.754100722492841e-06	3
IGHG4	5.414364	2.0297515	4.880640904502975e-07	1.6145002813015662e-06	3
CLU	5.372076	1.4224559	5.713726185638088e-07	1.8749749783243993e-06	3
SEMA6D	5.3515506	4.930445	8.352825897062804e-07	2.6583713772305823e-06	3
ZNF552	5.3021517	2.1921964	9.233399770877099e-07	2.913527937949691e-06	3
CAPN8	5.271251	3.040802	1.1038620040977116e-06	3.4420000887266193e-06	3
EDIL3	5.225552	3.5503576	1.3526836298860085e-06	4.161670285119735e-06	3
DUSP4	5.223471	1.5501423	1.1441656276394672e-06	3.5616613261397065e-06	3
DEGS2	5.159977	1.7811565	1.5880998402458426e-06	4.825681669168082e-06	3
KRT10	5.125832	1.0229676	1.523014981951195e-06	4.647019288447288e-06	3
TNNT1	5.0074863	1.9813691	2.9688151884119616e-06	8.692370935960537e-06	3
EGOT	5.004721	4.037136	3.313484964908055e-06	9.625257032496277e-06	3
CP	4.9564605	2.6763463	3.846893807330241e-06	1.1078934230775713e-05	3
BCAM	4.9301066	1.7495493	4.020785277517311e-06	1.1570717757341483e-05	3
BMPR1B-DT	4.886995	5.237501	5.3117650050932885e-06	1.5028309107059494e-05	3
CGA	4.8183007	5.618949	6.9496322575155355e-06	1.9278446840480406e-05	3
NR4A2	4.7734985	1.3432606	6.924965538894422e-06	1.922445354336205e-05	3
AC100810.1	4.7683735	2.0417798	7.757816055034942e-06	2.1328221966781333e-05	3
NTN4	4.6868186	2.4281049	1.0907552186383717e-05	2.9181724051330594e-05	3
RTN1	4.6238313	3.4312704	1.4354675609500814e-05	3.759073449830298e-05	3
MAGED2	4.5216484	1.10241	1.8197241139243487e-05	4.666121166516634e-05	3
LINC00467	4.261774	1.9313903	5.370981244554573e-05	0.0001261651347656017	3
AGTR1	4.2529683	3.433363	5.68072557974082e-05	0.0001328498798553312	3
MB	4.1972504	1.8521775	6.723659280045575e-05	0.00015566366566270928	3
DNAJC12	4.1830797	1.867568	7.029640484283468e-05	0.00016193592013358737	3
TCEAL1	4.1802363	1.4176985	6.882519347183932e-05	0.00015894318117402892	3
BTG2	4.1591783	1.1460634	7.339407708867893e-05	0.0001687561386699867	3
RAMP2	4.0831337	2.0501533	0.00010117577636520795	0.0002282322916174868	3
AC004556.1	4.059552	2.5710886	0.00011237451025933703	0.0002501348285591869	3
HMOX1	4.0454135	1.7452081	0.00011340705382122079	0.00025228119438254715	3
SEMA6A	4.0248375	3.3524225	0.00012919026396627134	0.0002843109144463208	3
AL390294.1	4.016553	3.637542	0.00013320350052326656	0.00029209907088039756	3
MUC1	3.9054136	1.0562879	0.00017663848577707277	0.0003805709649832559	3
COL4A5	3.878923	2.7420669	0.00021275395521476922	0.00045179647386124844	3
VIPR2	3.8425536	5.4149747	0.0002459526994329853	0.0005172425864569611	3
AL160408.3	3.7883058	27.633121	0.00029680092606926896	0.0006140422294658168	3
HMGB3	3.7532566	1.4945596	0.00032007032456393393	0.0006603349242120245	3
GSTO2	3.7398133	1.5094854	0.0003335301696905999	0.000686953164440784	3
POTEC	3.7009254	5.046893	0.0003970024056556295	0.0008064452385363117	3
OLFM1	3.7002316	2.655347	0.0003917228086387878	0.0007970351200001768	3
SYNPO2L	3.6254578	4.029994	0.0005096764129226203	0.0010163272238257323	3
GFRA1	3.380677	1.3725164	0.0010778666126226204	0.002034074123411942	3
IGFBP2	3.3600307	1.4607823	0.0011602550125006373	0.002178425950807853	3
DLG5	3.3596277	1.7139373	0.001183462089834746	0.002219742346162125	3
SULF2	3.335302	1.7056035	0.00127574954747007	0.0023831620717400955	3
AC016831.5	3.330171	1.8163619	0.0012981635023856177	0.0024225828996539685	3
FKBP10	3.3203285	1.5612974	0.0013306480201087003	0.0024806985036839794	3
PGM2L1	3.1627326	1.549535	0.00218067503426308	0.003932452050562266	3
BPIFB2	3.1352572	3.3826528	0.002402905401490805	0.004293392388060215	3
FGF12	3.0840209	4.3186703	0.0028155171389239435	0.004942202293740604	3
NTRK2	3.0800815	1.7155949	0.002800857871158366	0.004918806955290001	3
SLC25A48	3.0330234	5.41831	0.003282497709956041	0.00570499954764232	3
GADD45G	2.9970102	1.115198	0.0035437280082195773	0.006101619287218704	3
NAV1	2.9006414	1.443727	0.004744265802379348	0.008019241601002603	3
HIST1H2AC	2.8705668	1.0007244	0.005134370478430534	0.008596057506932861	3
LINC02224	2.8691704	26.817474	0.0052930951396927516	0.008829729500949807	3
SYT1	2.8568377	2.3832567	0.005429715684099536	0.009025100968397563	3
SLC16A6	2.845027	2.329191	0.005616078542536465	0.009296481976032694	3
CCDC170	2.8301454	1.672699	0.005832439817991161	0.009629519717371464	3
HIST2H2BE	2.8107488	1.2379832	0.00612835955009631	0.01006412823893594	3
SMYD3	2.803134	1.3732667	0.006281850958025257	0.010297887883719308	3
KCNK15	2.769119	1.5120653	0.006871185475222328	0.011189524165247468	3
RND1	2.7457266	1.6166145	0.00739818656174251	0.012031821895087402	3
SKAP1	2.6683657	1.4390994	0.009097708406445233	0.01455869751486147	3
STC1	2.6624963	1.1430511	0.00915834959404056	0.014649394696960983	3
COX7A1	2.6401455	1.3900443	0.00984485206206536	0.01566611902210659	3
TNRC6C	2.6242056	1.133168	0.010277607796386045	0.016277435434317172	3
CD302	2.6014712	1.5569274	0.01097910521854583	0.017262890971288018	3
TMEM216	2.5952456	1.3219932	0.011130726117821236	0.01745672029089536	3
HIST1H2BD	2.52659	1.3662363	0.0133835036605711	0.020562181299713184	3
RASGRP1	2.4847634	1.4464301	0.014922234367400214	0.02271844086837404	3
BOLA1	2.46995	1.1480418	0.015520720087356162	0.023551975656172904	3
ANXA9	2.352986	1.5593058	0.02096968098776703	0.03100559073621415	3
LINC01208	2.3509912	6.950191	0.02124869677213061	0.03138046945364612	3
HRASLS2	2.3441563	1.7051361	0.021463263445764918	0.03168468175473487	3
TUBA3D	2.308924	1.889005	0.023388649519053274	0.034226162365505686	3
CITED1	2.2733521	2.419599	0.025656147806077976	0.03729325969451539	3
ZFP91	2.2418993	1.0322645	0.02756802206265076	0.03986843112387263	3
RHBDL1	2.2262688	1.9577311	0.028725613220577827	0.04139670079954566	3
HSH2D	2.220601	1.4595215	0.02906355358295518	0.04183476061122687	3
P3H4	2.1767585	1.2490916	0.032290509169214734	0.04610256235712846	3
GNG7	2.1596367	1.5913244	0.03369760450834744	0.047834286845310714	3
CYP2A7	2.1473253	6.000744	0.0348650158700427	0.04933980606656751	3
IGFBP5	11.367505	8.16847	4.3615009424432625e-07	1.0148454648821066e-06	22
CRIP1	10.035738	3.9526095	1.0956659797712007e-06	2.4315230001529046e-06	22
CPB1	9.627189	8.250983	2.143781829944776e-06	4.637748162556176e-06	22
GDF15	8.399442	6.1420536	7.388184976152764e-06	1.5234008642234633e-05	22
AGR3	7.231082	4.2278924	2.50969218749052e-05	4.822315461662752e-05	22
SLC39A6	5.864122	2.711339	0.000137986145028876	0.00024302135647364005	22
SDC4	5.399613	2.6939106	0.000276996360241174	0.0004714424463800728	22
PARD6B	5.343188	4.3229504	0.00032068757603041326	0.0005418109709338715	22
SCGB3A1	4.9242463	4.7498217	0.0005918286422106114	0.0009706199880018682	22
GADD45G	4.89743	4.111797	0.0006142529476756009	0.0010060570220130076	22
RHOBTB3	4.769135	3.2713723	0.000731264215458322	0.0011850970509291667	22
GRIA2	4.5546117	6.1053166	0.0010466506561469689	0.0016626716141285682	22
DRAIC	4.4702826	5.671101	0.0011924102189885787	0.0018812791456715619	22
SMG7	4.3852134	4.272686	0.0013553595177905231	0.002129274412515299	22
SLC7A2	4.141191	3.8488948	0.001981415736782872	0.0030582001451180917	22
GFRA1	4.0034447	3.8420122	0.002477194631874765	0.0037745295524854667	22
PLAT	3.952779	3.3166573	0.002667194932482924	0.0040407073700387056	22
FASN	3.9052317	2.2383008	0.0028035367124938566	0.004233374806973764	22
ASCL1	3.694131	6.3182244	0.004136480790505739	0.006118613499166816	22
AARD	3.615341	3.2446423	0.004663642395453895	0.006857205989336308	22
MESP1	3.5488248	3.831183	0.005239430048149638	0.007633948749177016	22
SEZ6L2	3.4902596	3.762739	0.005788635069719338	0.008384557656845534	22
RAMP1	3.484561	4.0610523	0.005840278875964363	0.00845273421335226	22
CXCL14	3.342219	3.796097	0.007359964371010512	0.010528481746373924	22
CTSK	3.3283305	3.7113314	0.007558980459653677	0.010792284697998585	22
TCEAL4	3.30833	1.9339722	0.00771610005380687	0.011008104130817136	22
GOLPH3L	3.2889855	4.0366774	0.008138165117209295	0.011583405280465465	22
WFDC2	3.2819438	2.413669	0.008083787649528882	0.011510441373799314	22
PCAT18	3.277441	5.6762695	0.008316948754147594	0.011806041354811895	22
MAPT	3.2567174	3.4212089	0.008570689530468347	0.012142905603941927	22
BMPR1B	3.2395644	3.0757663	0.008775330375779253	0.012412980774466842	22
ANKRD30A	3.0675626	2.1362157	0.011621921689884726	0.016108706101464903	22
TFF3	3.0495462	2.7559354	0.012041095940774203	0.016638687173208933	22
PGR	3.0071118	3.8783088	0.013134689428448854	0.018021788874162094	22
MRPS30-DT	2.9725375	3.1466587	0.013866222561945942	0.018955121112242047	22
HOTAIRM1	2.9590905	3.6915004	0.014253735836442042	0.01946324978405519	22
CLDN3	2.9024503	2.2594452	0.015582050742842805	0.021167528490736828	22
SHROOM3	2.7963638	3.1724195	0.018840298587969484	0.025342156273224333	22
ZNF552	2.663408	3.043339	0.0236705482371655	0.03142747960342311	22
HOXA7	2.6555138	4.8732023	0.024066210449085943	0.03190694209162991	22
MROH8	2.6288908	5.350316	0.025191758659580843	0.03331551476275992	22
MUC1	2.5553284	2.4129782	0.028432685285306812	0.03740077327490519	22
RAMP3	2.5520444	4.0530086	0.028699495468149323	0.037724879315123354	22
C20orf204	2.5426188	4.205778	0.02918826767102865	0.03834008142355167	22
LRG1	2.43988	3.5490587	0.03477591426856571	0.04529326867195992	22
PHGR1	2.436256	3.7294881	0.03497416651167518	0.045535428210232494	22
HOXA5	2.3972306	4.827379	0.037469951487114725	0.04859651482797084	22
KCNK6	2.3948004	3.0843256	0.03757713690530206	0.04871842837371618	22
IFI27	10.358353	4.3742805	7.552356795427465e-11	6.053353223233076e-10	15
AGR2	9.761883	4.060222	3.344788057631239e-10	2.3813086460399674e-09	15
STARD10	9.487386	3.4365933	6.240433190923395e-10	4.254317461339842e-09	15
AREG	8.332539	4.5320377	9.130331436850112e-09	5.3806339169316054e-08	15
CLDN3	7.381455	2.9610164	7.72379800745582e-08	4.036694998238933e-07	15
RAB11FIP1	6.023419	3.3762085	2.553068766353908e-06	1.0298678047683068e-05	15
NPW	5.7409716	5.2834806	5.491376215001631e-06	2.107023376368746e-05	15
TFF3	5.3444858	2.6518912	1.2834735730076246e-05	4.5776398187868464e-05	15
SLC39A6	5.0031714	2.634828	3.44187319799523e-05	0.0001121492192821197	15
CRIP1	4.9479127	2.4889662	3.924558915118065e-05	0.0001263174668237043	15
CST6	4.8697186	4.1447396	5.1379213762379736e-05	0.00016050836266688048	15
ISG15	4.829071	2.5812185	5.3440366670836296e-05	0.0001659345839065043	15
IFI6	4.7983136	2.442187	5.765361859964629e-05	0.00017777132596655875	15
TFAP2C	4.406523	3.285479	0.00016987565316828172	0.0004798857327651384	15
KCNK15	4.391377	4.594107	0.00017926243486362497	0.0005017990127432533	15
RAMP1	4.346232	2.9989104	0.00019517032055881733	0.0005422213041088948	15
PARD6B	4.0761013	2.8453379	0.0003991620581425288	0.0010490069735680256	15
RARRES3	4.0231123	2.0237892	0.0004433044444386297	0.001154341030444494	15
TFF1	4.0048833	3.2663255	0.0004756919235237643	0.0012316030740398747	15
SCD	3.7447321	2.1303139	0.0009217037042982119	0.0022391158365429936	15
CAPS	3.5357945	2.93535	0.0015930126111609467	0.0036950292518767723	15
ASAH1	3.5062928	1.5862167	0.0016703391735286713	0.0038671072971105517	15
ZFAND2A	3.499785	2.4914737	0.0017373677775240014	0.004002228140867322	15
S100P	3.4371288	2.0849874	0.0020065498995114404	0.004568208181574105	15
TMEM64	3.422675	4.3662605	0.0021369526848682694	0.004823482083438153	15
C20orf204	3.383668	4.435748	0.0023549459016224167	0.005280051642290552	15
METRN	3.348391	2.025594	0.0025122461189848897	0.005595388432579365	15
FBP1	3.3023462	2.1397195	0.002835570958451578	0.00619966549791632	15
KRT7	3.1889071	1.4369851	0.0036691135111971943	0.007854793988339302	15
HIST1H1C	3.175174	1.9592003	0.0038704680445226657	0.008261917634033073	15
DEGS2	3.162384	1.7132113	0.003971742958018559	0.00844395295159872	15
GDPD3	3.1603215	4.915541	0.004086470042908048	0.00864805659137757	15
ATF3	3.1138482	1.9417394	0.004511408805125791	0.009449918103707369	15
SDC4	3.0374322	1.5883826	0.005402061787952168	0.011107745301326242	15
FASN	2.9844997	1.7022729	0.006146938573710353	0.012479636280142722	15
HIST1H2BD	2.9572525	2.9375043	0.006657598043445247	0.013435185565554444	15
GSTM3	2.8884742	2.1172466	0.007812473541159352	0.015586981498155402	15
HSPA6	2.8372574	2.9206362	0.008841484171970834	0.017432915696602044	15
WFDC2	2.7823606	1.2676375	0.009803953494359917	0.019146727358171193	15
TSPYL2	2.7732217	2.2311614	0.01024907041436609	0.019900323269092333	15
SLC9A3R2	2.727409	2.1997125	0.011406482160699878	0.02182648968606217	15
HIST1H2BC	2.7018228	2.9014633	0.01214851548985404	0.02309092836163101	15
KISS1R	2.698007	5.5464725	0.01230333167519155	0.023340153152139227	15
ABCC5	2.666726	2.1774137	0.013137785499793806	0.02475477685963188	15
TMEM150C	2.6358004	2.4672325	0.01412433041172745	0.026411640117071318	15
ISYNA1	2.620946	2.293764	0.014619928000235989	0.027214425169205025	15
MUC5B	2.5962548	5.1339307	0.01554940118147231	0.028813960564463486	15
KLF2	2.5669823	1.8873471	0.016478458834312315	0.03041353915723477	15
UBE2C	2.5331264	2.12579	0.01781928913650302	0.032546847928511445	15
IGHG4	2.5113916	1.9891374	0.018645810592068202	0.03390564475280119	15
SECTM1	2.491239	3.5188124	0.01968838928079453	0.03562615004531625	15
TCEAL4	2.4909978	1.1537467	0.01948133804584776	0.03528605101931739	15
INSR	2.4856534	2.7674623	0.019938135752778557	0.03598994216244102	15
BCAM	2.4720461	1.3163968	0.02027771344006973	0.03647816512222866	15
C19orf33	2.4698033	1.7070582	0.02047631681702168	0.036799606341875055	15
MRPS28	2.4583611	1.9395726	0.02108890782930499	0.03777194107090739	15
TH	2.3993742	6.956983	0.02419415759377019	0.0428177947795659	15
ANXA9	2.3527255	2.6001716	0.02672056751959239	0.0468793300258832	15
GADD45B	2.3525012	1.094928	0.026453920241464774	0.04650201488687552	15
MESP1	2.352256	1.6849236	0.026563707515254505	0.046650617523224996	15
CEP131	2.3466964	2.3509624	0.026983580799764754	0.04724789634125118	15
KCNF1	2.3292067	6.6099267	0.028222003603238805	0.0492352706864813	15
CMTM8	2.3246906	1.7308012	0.028299786247330858	0.04934766879843677	15
METRN	13.79319	5.4926157	3.0931401063903813e-09	9.406710035483505e-09	20
FASN	10.367963	3.7647254	8.196940978949387e-08	2.2091682652967167e-07	20
STARD10	8.580486	4.533204	9.275728060823604e-07	2.2140707483684245e-06	20
TFF3	8.440497	4.0162296	8.564331342957168e-07	2.052218178484224e-06	20
TUBA3D	8.424485	8.086205	1.2531286797521465e-06	2.9492423386523447e-06	20
CRISP3	6.946046	8.012775	1.0076446317295127e-05	2.169724308997989e-05	20
CRIP1	6.943314	2.4721265	7.138940448197601e-06	1.5617753082350582e-05	20
CCDC74A	6.5667677	5.230171	1.7693905965525515e-05	3.67504117721286e-05	20
SCD	6.5085635	3.526953	1.8126544100511054e-05	3.758562314892724e-05	20
S100P	6.2270365	4.3331156	2.9110373288335502e-05	5.877750234994518e-05	20
MT1G	6.15564	3.824526	3.233026120246644e-05	6.464302767484497e-05	20
PRSS23	5.7953978	3.699903	5.8621475551901873e-05	0.00011299235897980044	20
CLIC6	5.773854	5.3805523	6.354280066541604e-05	0.00012222313818777318	20
SLC40A1	5.584826	3.1350493	8.172640596361744e-05	0.00015573959259183417	20
GLUL	5.2602034	1.9726318	0.00013133918963262716	0.00024252788890182775	20
EEF1A2	5.0684795	6.5938168	0.00021458662960666187	0.00038734616335936277	20
TMEM238	5.027795	5.4680147	0.00022980440528281768	0.0004134017904187008	20
PGR	4.9742904	4.5377173	0.00025047781240918656	0.0004490613861484446	20
CXCL13	4.7345185	6.2650633	0.00038648690966925335	0.0006764894037081436	20
LGALS1	4.5846963	1.2739183	0.0003612781008367671	0.0006359802680285157	20
AGR2	4.5677505	2.691138	0.0004915639173217455	0.0008515371188484995	20
GJA1	4.53711	4.187864	0.0005502423111773204	0.0009456489952559063	20
DEGS2	4.4282174	3.420422	0.0006685020093170827	0.001135685022724883	20
BEX5	4.0279865	4.8656588	0.0014282801892598507	0.0023218193133810595	20
TNNT1	3.8731775	2.9093835	0.0018806747265277411	0.0030108722333275577	20
ABCD3	3.651778	3.5548296	0.0029065704248222727	0.004535379104610768	20
SERPINA5	3.5139642	4.7907267	0.0037994092841176982	0.0058470709307850465	20
FAM198B	3.393647	3.9037883	0.004778688914666888	0.007238165667687738	20
SUSD3	3.2970445	2.827331	0.0057164942261148065	0.008541223681962883	20
BCL6	3.2062948	3.5684562	0.00685048355585744	0.010120966309033683	20
PLOD2	3.180688	3.5355074	0.007195794638277964	0.01061839504330554	20
MT-ATP8	3.1206102	3.2271173	0.008074210493961153	0.011848374811432272	20
IFI6	3.071055	1.4587044	0.008503814256481317	0.012419602244149593	20
C19orf33	2.9873154	2.2902596	0.01032476773962718	0.014890716939079791	20
TGM2	2.9317856	3.547529	0.011613291410179001	0.016587209803096796	20
SLC9A3R2	2.8870528	3.169035	0.01266289912670411	0.01794760731613797	20
TIMP1	2.8282533	1.2295979	0.01363707379700483	0.01919968782802175	20
RAMP3	2.8226461	4.3990626	0.014361934052886147	0.020154708061304333	20
WDR6	2.8018253	2.4723773	0.01487276234993301	0.02080047573164363	20
ATAD2	2.7678246	2.5495474	0.015868949495226048	0.02212670505089066	20
SERPINA11	2.7051384	5.901395	0.018009209983139374	0.024876273229046723	20
HAGHL	2.6391165	3.0694823	0.02036212414605905	0.027928006206268813	20
PTGER3	2.6387053	3.6624172	0.020392238909469788	0.02795893238237138	20
SYTL4	2.6357484	3.3109758	0.020483299432745933	0.028052554263897786	20
SYT13	2.631288	4.04634	0.020697972440437508	0.028304592215920278	20
DLG5	2.6274087	2.893822	0.020813471465178566	0.02845200779276167	20
HDAC11	2.440982	3.6898355	0.029671376577542184	0.03982409606030453	20
TFAP2C	2.3795874	2.5021536	0.033191085132988046	0.044258772849653856	20
AC007325.4	2.3182054	5.5434003	0.03736500025898399	0.04950293150123551	20
CD24	25.199144	5.1941514	9.543552322185637e-13	6.19743863453004e-12	21
KRT7	17.829304	4.4253674	3.4643629056888986e-10	1.6865376727958471e-09	21
PDSS2	11.32775	6.5608687	2.0227715287195824e-07	7.356437793916198e-07	21
CLIC3	9.851163	5.5858855	7.979101688894028e-07	2.637100245121953e-06	21
BNIP3	7.3631377	3.8503644	1.3048677855480591e-05	3.680524021068762e-05	21
PRKAR2B	7.2748713	5.2320547	1.5563120799584054e-05	4.3335140432903605e-05	21
NR2F1	7.076094	6.397732	2.028794087314416e-05	5.51205452399027e-05	21
HIST1H4H	6.8491735	5.1176844	2.700303710658382e-05	7.214477375909414e-05	21
HSPH1	6.7487397	1.6727043	1.623351722455565e-05	4.4998384204600994e-05	21
IGFBP5	6.4653673	3.8685346	4.0176569256104104e-05	0.00010432355825811993	21
CKB	6.380182	4.445811	5.040549894597534e-05	0.00012800571725455592	21
ANKRD30A	6.196161	3.3908007	6.0437793793178254e-05	0.00015129921955677077	21
NREP	6.1398644	3.6594806	6.884972515400731e-05	0.00017131295248758047	21
TNNT1	6.073336	3.8045282	7.63882303909384e-05	0.00018905191647321994	21
IFI27	6.0447664	3.6378767	7.248761444862188e-05	0.00017988027897089176	21
SELENOP	5.6719055	3.6045167	0.0001369492860422023	0.00032416887375140137	21
GUCY1A1	4.90137	3.8469741	0.0004593267718510556	0.0010054575959654328	21
LRBA	4.6959753	3.1638315	0.0006335852628155044	0.0013548018206616253	21
LINC01133	4.680523	5.1461043	0.0006659810880102148	0.0014175115899756588	21
STARD10	4.535267	1.8009647	0.000744825617779407	0.001567272584108718	21
AARD	4.502977	3.39583	0.0008722010910267429	0.0018115700007553764	21
CBR3	4.4573355	2.707539	0.000920534261118766	0.0019065998289427358	21
GSTM3	4.4217587	2.5519788	0.0009720078290717471	0.002006463088502852	21
PLCG2	4.3847814	3.3445325	0.0010653378060000013	0.002183263002312815	21
AREG	4.329572	3.8177235	0.0011650956905486563	0.0023693057658653194	21
HIST1H2AC	4.2650633	2.6680748	0.0012853506371502442	0.0025981239629486613	21
KDM7A	4.239154	2.957645	0.001343119097494148	0.0027104451475919587	21
BAMBI	4.126215	2.5187225	0.0016138506406032794	0.0032163851763911096	21
ITGB6	4.1160126	3.505942	0.0016827294034803275	0.003346439798632836	21
MAGED2	4.113986	1.1676209	0.0013722906880831544	0.002766292467248912	21
MUC1	4.0905256	2.470483	0.0017157475965558534	0.0034029454478120657	21
DEGS2	4.08612	2.4579754	0.0017313690293468637	0.0034302458785183173	21
DST	3.9723487	2.7431598	0.0021310202765323985	0.004161796998830451	21
AC016831.5	3.9588156	2.970349	0.0021796501845293007	0.004250030307037344	21
TUBA1A	3.9238572	2.2723439	0.0022886513841235347	0.004450824665440243	21
MUCL1	3.7713103	4.5082526	0.0030461490241380142	0.005792856739161072	21
HOXB-AS3	3.7628498	6.4393454	0.003131687640947077	0.005943290104416769	21
CITED2	3.738048	1.7372663	0.003058467909423494	0.005813291628250932	21
IRS1	3.6830664	4.132992	0.003583330404621987	0.006724431612533389	21
CYP4Z1	3.6718745	3.7978728	0.003629281123412596	0.006803751268903877	21
VEGFA	3.5974636	2.3551357	0.004073588452251029	0.007575193422781857	21
AC058791.1	3.5918489	3.2925806	0.004168073095294845	0.007719814580007245	21
SCD	3.550226	2.4945407	0.004450932470052445	0.008205577280646137	21
CLCA2	3.526658	4.7934513	0.00472475821202228	0.008681243954958888	21
SLC40A1	3.5033705	2.0121162	0.00472381179955952	0.008681243954958888	21
IGFBP2	3.5005305	3.6723433	0.004930712246685483	0.009014678006092134	21
PTPRS	3.468267	4.8935666	0.005240008620063457	0.009509740594859761	21
ERO1A	3.4031444	2.834655	0.005828846686415588	0.010478516716233998	21
MORN2	3.372017	2.4937615	0.006123610165031828	0.010957258866727654	21
GALNT2	3.3204327	2.4180377	0.0067017560462572035	0.011922478859374273	21
SEZ6L2	3.3197353	2.326217	0.006659947173438969	0.011859520388364814	21
CLU	3.2903209	1.8729876	0.00694365128056104	0.012311320288710672	21
METRN	3.2054906	2.2216763	0.008182377566508654	0.014362890787766971	21
ADAMTS4	3.180329	2.7126732	0.008570444736418513	0.014994220313004928	21
STMN1	3.1590745	1.9172908	0.008842430268979948	0.015426241663777577	21
MAPT	3.1365855	1.7793291	0.009045937818663365	0.015744107508224747	21
COL18A1	3.0853493	2.090002	0.010049326472808574	0.017359635959339727	21
ATXN7L1	3.057817	3.751782	0.010821754332223966	0.01853796117643373	21
NUDT8	3.0263848	3.3317978	0.011460827967764693	0.019524093748681668	21
RTN1	2.9824579	3.9788454	0.012421813459398951	0.02098701450959265	21
EZH2	2.868072	2.3322704	0.01509670412923213	0.02503694872419781	21
ASAH1	2.8665044	1.0964077	0.014506209514815124	0.02414434421497382	21
DIP2A	2.8486047	2.00959	0.015512102142520592	0.025691267331516623	21
PTPN4	2.793426	2.5557103	0.017281277540840422	0.028404946847600247	21
CRABP1	2.7871883	2.900798	0.017527184295116294	0.028726433563738638	21
OXCT1	2.7677517	2.4618242	0.01808255720597562	0.029551105208350255	21
PITX1	2.7625349	1.7490671	0.018028949308146993	0.029489582865694173	21
CYP4X1	2.7469509	2.6476915	0.01879624580290031	0.030649659418233294	21
GARS	2.7418947	1.9307758	0.01888701342392676	0.030770509083513833	21
KCNMA1	2.70916	2.1280484	0.020015385995149307	0.03247995224070123	21
ASS1	2.686417	2.7043865	0.021027170824201906	0.033957778057441455	21
TMEM132A	2.6813207	2.4197972	0.02117371041759726	0.03414965516936791	21
HMGCS2	2.6662502	4.090491	0.021870913178040206	0.03521264670712791	21
EGLN3	2.6536427	3.203063	0.0223491061047213	0.035873130780601746	21
HILPDA	2.6367018	2.3879032	0.022989063118260693	0.036788474760490804	21
SLC2A1	2.6339824	2.2508082	0.023010054947490716	0.036806126853237316	21
SLC16A1	2.592736	3.327766	0.02493856812252523	0.03961651298913617	21
CLEC7A	2.5725143	1.854398	0.02536600850929774	0.04026091127227455	21
FAM229B	2.5665147	1.8186054	0.025640787402949772	0.04064466300038585	21
ALDH3B2	2.5617402	1.9060522	0.02603692206777986	0.04121954886051696	21
PXDN	2.5376084	1.8918374	0.027233991722808288	0.04294903944335324	21
TSC22D2	2.5223572	1.8812318	0.028020378697073398	0.04408134608770638	21
PGM2L1	2.5118287	2.5825088	0.028751659627321194	0.04513057872682745	21
PRICKLE1	2.4672341	2.3894887	0.030895633035329648	0.0481888408887898	21
ISG20	11.301675	3.1440573	1.8300774124730114e-16	3.046007224814314e-15	6
SRGN	9.147802	3.0274413	4.44751162437486e-13	4.84765647553543e-12	6
CYTIP	8.239058	3.7781186	2.884693921758165e-11	2.612486284533436e-10	6
CXCR4	8.207425	3.4977279	3.14386858814565e-11	2.805940684347386e-10	6
PTPRC	7.818696	3.7364588	1.416140378907288e-10	1.1679997098353638e-09	6
GMFG	7.779761	3.2686298	1.5462628723539218e-10	1.2640356887937479e-09	6
CD74	7.708396	2.2498062	9.095874208667399e-11	7.708544770877532e-10	6
CD52	7.4508452	3.5992873	5.479070643551678e-10	4.123251736847953e-09	6
CORO1A	7.28996	3.1188931	9.878510942671927e-10	7.185255498656058e-09	6
RGS1	7.257538	3.5277884	1.158872467471609e-09	8.31462867438368e-09	6
HCLS1	7.2244534	3.1357872	1.2960880931356163e-09	9.248062902184177e-09	6
RAC2	7.2124424	3.3132446	1.3580116678493318e-09	9.649717524429386e-09	6
SEPT6	7.0260797	3.7167645	3.1543922685642397e-09	2.1191780786081576e-08	6
LTB	6.832888	3.9384232	6.2892959955480405e-09	4.069868424439581e-08	6
CD38	6.4350863	5.073033	3.059049223309003e-08	1.8319589757093625e-07	6
CD3D	6.4060054	4.041911	3.270140890940305e-08	1.9520469453997457e-07	6
CD2	6.401937	4.0271144	3.311802701395141e-08	1.9737275776862977e-07	6
TRAC	6.3536305	4.5605483	4.121262571235082e-08	2.4325982748743816e-07	6
HCST	6.2723002	2.9817798	5.050538821832543e-08	2.9388568419954715e-07	6
IKZF1	6.2453628	3.674414	5.962190516580726e-08	3.436863332100746e-07	6
LCP1	6.2377176	2.7410946	5.658528683915592e-08	3.277157286374313e-07	6
TRBC2	6.081194	4.1666875	1.130881008082655e-07	6.246046823416159e-07	6
MZB1	5.9527926	5.5901885	1.8995362826781624e-07	1.0216574329688224e-06	6
IGHG1	5.8123045	5.3379617	3.183837376736598e-07	1.6663284854166753e-06	6
CD79A	5.8082294	6.8434258	3.261217494100701e-07	1.6972110761552238e-06	6
CD3G	5.798446	4.245522	3.27004210082743e-07	1.6994100650572933e-06	6
ACAP1	5.7447815	3.6709704	3.9255149597591634e-07	2.020164035697787e-06	6
GPSM3	5.644728	2.884999	5.50463919157046e-07	2.7635382897897894e-06	6
HLA-DPA1	5.628953	2.1851466	4.86768859764975e-07	2.480842671491838e-06	6
PTPN7	5.5784163	3.7444305	7.286606685505959e-07	3.5850881095798298e-06	6
EMP3	5.4881234	1.8443773	8.449950724370849e-07	4.119072285824576e-06	6
CD27	5.475201	3.8155274	1.0658923942106554e-06	5.101648182135196e-06	6
CD37	5.4666214	2.7018733	1.0352580328902736e-06	4.967894066921507e-06	6
ISG15	5.445659	1.9029176	9.933368749927965e-07	4.77914030351352e-06	6
JCHAIN	5.425015	5.914025	1.3324774603705125e-06	6.25604093528468e-06	6
TENT5C	5.3306074	4.3135133	1.8485806040251515e-06	8.506233290003654e-06	6
CD7	5.318108	3.6744285	1.8781697482816266e-06	8.631638333209715e-06	6
SLA	5.2798824	3.673497	2.1897643380809626e-06	9.903524148358822e-06	6
STK17A	5.279139	2.643811	2.126856109946521e-06	9.642617578223799e-06	6
MX1	5.178824	2.135488	2.8974887370148293e-06	1.2791183850979444e-05	6
WIPF1	5.1786065	2.402458	2.957355242313495e-06	1.2977942541981429e-05	6
GZMB	5.174329	5.609875	3.2867129329085522e-06	1.4338139654187839e-05	6
IGHG3	5.1707287	5.6586213	3.34614348956356e-06	1.4580188907944993e-05	6
STK17B	5.124384	2.6001372	3.690432823652639e-06	1.600487005093486e-05	6
CD79B	5.0960417	6.081812	4.3670291879347804e-06	1.8719458061971012e-05	6
ETS1	5.022187	2.8281567	5.416747334689291e-06	2.2795992484825658e-05	6
COTL1	5.012596	2.0602539	5.280711789165718e-06	2.2299691498248376e-05	6
ITM2C	4.9908113	3.4266121	6.213759279529691e-06	2.582659228105985e-05	6
PRDM1	4.9885244	3.049906	6.165790849618885e-06	2.5656077915925427e-05	6
CD3E	4.9459915	2.8480206	6.880810132085228e-06	2.840736696989376e-05	6
IFI35	4.9417667	2.1240678	6.905199504743522e-06	2.8444495172828665e-05	6
HLA-DRB1	4.9414773	1.9414356	6.4621880882413025e-06	2.6738840969822633e-05	6
IL32	4.9380054	2.4169493	7.1740598768805824e-06	2.9486263898858456e-05	6
TRBC1	4.93409	3.9829469	7.651555584740166e-06	3.1274887041609415e-05	6
IL2RG	4.9168153	2.8007643	7.82217103125902e-06	3.183141185077321e-05	6
IFI44L	4.902247	2.5885265	8.25948122279406e-06	3.339035352103288e-05	6
FYB1	4.8771114	2.6029952	8.93821026678172e-06	3.593763540343684e-05	6
NKG7	4.8716354	4.0854106	9.520814524270487e-06	3.803179423478859e-05	6
CELF2	4.871263	2.4085429	9.150839599336472e-06	3.663310110460267e-05	6
PPP2R5C	4.826271	2.2104619	1.0822372911624671e-05	4.254113607282251e-05	6
CFLAR	4.7866483	1.8427294	1.2000325953524326e-05	4.662587213277853e-05	6
CD247	4.7523694	3.7605972	1.4459634179748993e-05	5.553882359061593e-05	6
KIAA1551	4.7363834	3.2795913	1.5342897630374713e-05	5.826516623251239e-05	6
CD69	4.7054663	3.347387	1.7000835900761274e-05	6.383952098913913e-05	6
LSP1	4.6979375	2.1593077	1.6488749322419667e-05	6.216931504728639e-05	6
TIGIT	4.6384125	3.942205	2.1588330907536396e-05	7.897909178549205e-05	6
CCL5	4.634546	3.288519	2.1545661455488724e-05	7.890110909616534e-05	6
CD48	4.632067	3.0510895	2.1906884742265422e-05	8.006522168414513e-05	6
ALOX5AP	4.6046925	2.434607	2.3210050102677266e-05	8.399719405425318e-05	6
IL2RB	4.59853	3.6649232	2.477071174654128e-05	8.929539502777563e-05	6
LAT	4.5856247	2.926526	2.5458908459968285e-05	9.168680970719573e-05	6
SAMSN1	4.580928	3.0220256	2.6128600470725685e-05	9.391554352075039e-05	6
FKBP11	4.5679364	2.624741	2.737633608233707e-05	9.801895525604212e-05	6
TNFAIP3	4.56674	2.1732616	2.6464782143144118e-05	9.503145774433189e-05	6
DOCK8	4.54452	2.9327712	2.959676466387606e-05	0.00010485143378046217	6
TNFRSF17	4.5231547	8.525538	3.2917108667488714e-05	0.00011485242353764948	6
KLRD1	4.52215	4.8610787	3.271266755684462e-05	0.00011435506776020896	6
CD53	4.52044	2.3032036	3.1058738589590536e-05	0.00010919318657329879	6
RHOH	4.5186553	2.5726395	3.213688306762263e-05	0.00011244865808225913	6
ITM2A	4.5038686	2.82885	3.388842183731383e-05	0.0001179074563925373	6
PTPN22	4.500089	4.7522364	3.535877271622844e-05	0.00012244673400793263	6
SAMD9L	4.4868135	2.7007315	3.586021821462029e-05	0.00012395089457719547	6
IKZF3	4.4785185	3.8468747	3.775081680836243e-05	0.00012975745870409225	6
LCK	4.47739	3.2152736	3.7451696667314296e-05	0.00012896926298762939	6
APOBEC3G	4.4766583	2.7570813	3.6971145055114264e-05	0.00012743319121142463	6
LPXN	4.435751	2.7120018	4.286508030937912e-05	0.0001458438966327402	6
CCND2	4.4346304	2.787532	4.319634676189022e-05	0.000146700828387118	6
TBC1D10C	4.4213014	3.1304731	4.518938833765963e-05	0.00015276741986061513	6
GZMA	4.4131603	4.0688386	4.725954258309748e-05	0.00015932847613553394	6
IGHG4	4.4100533	3.8244753	4.807457122317455e-05	0.00016178100243135698	6
FYN	4.4019747	3.1544757	4.872026725589846e-05	0.000163655806827768	6
IGLC3	4.3731313	4.5042973	5.474307074367489e-05	0.00018173912524517406	6
LIMD2	4.3645654	2.085456	5.3111687594009684e-05	0.0001768746631873764	6
PAG1	4.311516	3.0302994	6.605681829061764e-05	0.00021619126978195943	6
MEF2C	4.287333	2.711769	7.11943121623804e-05	0.00023177355369162606	6
SEL1L3	4.286203	3.8131332	7.285767352444304e-05	0.00023697984478240937	6
IGHM	4.258649	4.753584	8.060223469882662e-05	0.0002601093949451217	6
IFNG	4.229909	4.7354584	8.844399434622627e-05	0.00028222412462134967	6
RUNX3	4.2174406	2.8112664	9.080073966492891e-05	0.0002889825435503121	6
LAPTM5	4.2128744	1.5899632	8.274707761930288e-05	0.0002661013505686024	6
XAF1	4.202317	2.2791612	9.407112160332878e-05	0.00029861923911022323	6
SYTL3	4.2016172	4.013571	9.693774807164324e-05	0.00030719123424075625	6
FCRL5	4.191857	8.414236	0.00010118997747637883	0.00031875274234886597	6
ANKRD44	4.190629	2.784404	9.904262056413413e-05	0.00031305601623992784	6
IRF7	4.178516	2.0686111	0.0001021491848760267	0.0003212265856314201	6
HLA-DPB1	4.170803	1.8166413	9.935849033165553e-05	0.00031378600151749336	6
TRAF3IP3	4.1433916	2.8439705	0.00011578634361418582	0.00035952146189446773	6
CCDC69	4.112574	3.3411188	0.00012904927166351688	0.00039670304392403903	6
IGHGP	4.0913544	6.48921	0.00014117184584415085	0.0004314877308116713	6
DERL3	4.0835156	4.721301	0.00014444211602853037	0.00043999473926250595	6
BIRC3	4.07791	2.0383153	0.00014118231841713414	0.0004314877308116713	6
CCL4	4.0668564	3.0445297	0.0001495556542172294	0.0004544474854709397	6
IGLC2	4.0371714	3.802282	0.00016803273971890986	0.000507255697108964	6
SLAMF7	3.9860818	4.0992146	0.0001972529218656533	0.0005892073939317615	6
LBH	3.982426	2.2964094	0.0001951737320460997	0.0005834683979857106	6
HLA-DRA	3.9745202	1.6692761	0.00018991396004450336	0.0005686645724185088	6
MYO1G	3.9440591	3.3127017	0.00022578437203096515	0.0006663524398198212	6
POU2AF1	3.9295647	6.352145	0.00023962375945975	0.0007032643297885435	6
EPSTI1	3.9289806	2.2854593	0.00023258636002432956	0.0006847861356891615	6
CST7	3.9281483	3.0036428	0.00023536794105756109	0.0006924239985730002	6
EMB	3.9267938	2.620569	0.00023702823577629857	0.000696753644545285	6
GPR171	3.8546364	5.775042	0.00030508952836723704	0.0008827766697861713	6
CLEC2D	3.829482	2.524866	0.00032389802497131287	0.0009328162137716299	6
TRIM22	3.8226924	2.084578	0.0003281712338092234	0.0009443868449572276	6
TAGAP	3.7657182	2.847813	0.00039850323927106116	0.001129194378149211	6
RASGRP1	3.7526379	2.8843393	0.0004174823029348396	0.0011784546289871905	6
GNLY	3.7514923	4.9588	0.0004231984867618835	0.0011927676648246831	6
SAMD9	3.7508883	2.4945247	0.00041737017089917217	0.0011784546289871905	6
ZBP1	3.7435188	4.19623	0.00043247324240602993	0.0012138227997260287	6
DOCK2	3.742405	3.0616355	0.00043073641459549837	0.0012112412876182394	6
SMAP2	3.728947	2.1306796	0.00044519337420523963	0.001244318848478336	6
SELPLG	3.725709	2.7527559	0.00045243277460068417	0.0012635972049505125	6
RAB27A	3.7146752	2.2436469	0.0004668461270144326	0.0013025127557526996	6
AC243960.1	3.7064414	7.5573006	0.0004894259783268305	0.0013627950187774219	6
FAM118A	3.705599	2.5132964	0.0004841522272250704	0.0013491270585193327	6
CTLA4	3.7009277	4.088658	0.0004948928444405811	0.001372844639795756	6
DUSP2	3.6957128	2.2501159	0.0004943957892351497	0.0013724961992666253	6
ZNF331	3.637277	2.2531898	0.0005974763751773725	0.001640174744636249	6
SPN	3.6356893	3.5777333	0.0006063911318726194	0.001662177472009888	6
ICOS	3.6314533	3.9182086	0.0006140296910737313	0.0016781358790809448	6
PIM2	3.6015582	2.709251	0.0006689889079099247	0.0018162483576246668	6
EVI2B	3.6000102	2.5903184	0.000671280774835162	0.0018211324985432625	6
PTTG1	3.589766	1.7458984	0.0006816487358721037	0.0018465484450494306	6
CD96	3.5780702	2.8116794	0.0007182330573152553	0.001934308416020312	6
TAP1	3.5765429	1.607399	0.0007107357391195188	0.0019169113547785562	6
CLEC2B	3.5750856	1.9880135	0.0007210275127719736	0.001940419999775996	6
TRIM38	3.569466	2.0611165	0.0007362347673373733	0.0019755900256438596	6
PCED1B	3.5681233	2.8793795	0.0007429601767420379	0.001990745361176091	6
TXNIP	3.5467227	1.3998892	0.000776955640267972	0.0020713211333262312	6
NR3C1	3.534609	1.7147449	0.0008125933318882348	0.002160095223976279	6
LPIN1	3.516899	1.9163816	0.0008609037788523694	0.0022786815636529406	6
CD8A	3.5072565	3.25905	0.0008965460559170994	0.002369626378121375	6
CTSW	3.4954302	3.7248025	0.0009351772010422412	0.0024646788572404285	6
RGS2	3.4839969	1.975309	0.0009505134573483798	0.0025015293624659997	6
CTSC	3.4586236	1.55962	0.0010207203714170253	0.0026635323251312914	6
IPCEF1	3.4220347	4.2332234	0.001173847940165243	0.003035247123100471	6
ANKRD28	3.4197946	1.7267076	0.0011572287053745838	0.003000673730778307	6
PHF19	3.4194028	2.3719497	0.0011697637995001476	0.0030289258858816016	6
PTPN6	3.4164767	2.2167354	0.0011815866708852786	0.0030509872459266976	6
DOK2	3.4140463	2.2558062	0.0011850739319887694	0.0030578548733928095	6
ARHGAP9	3.4093068	2.9226427	0.0012129565810481367	0.003123257537960185	6
ARHGAP30	3.3965054	2.107603	0.0012492055036205348	0.003209884795464448	6
TNFRSF9	3.3918123	4.349287	0.0012872422761763152	0.003303027923938531	6
RIPOR2	3.386241	3.044532	0.0012995470284182988	0.0033276689327828234	6
PRDM2	3.3862147	1.9003212	0.0012915840914343264	0.003311868992262204	6
SP140	3.3807442	3.0061502	0.0013206435210123331	0.0033746734509962455	6
GBP5	3.3802862	2.3903744	0.0013132974020383143	0.0033605497926118915	6
ICAM3	3.376586	1.8553971	0.0013234479523292675	0.0033795025458580813	6
IGLV3-1	3.3762586	6.611891	0.00135361305777451	0.0034517600058501133	6
CNTRL	3.3692548	2.4168327	0.0013631436113138785	0.0034712719805684226	6
AKNA	3.3676789	2.5232556	0.0013713548956058406	0.0034849768495622976	6
PYHIN1	3.3624656	3.9598753	0.0014043486682826394	0.0035639205558409015	6
CSK	3.3516152	2.02813	0.0014347037966546492	0.0036334684911850097	6
PARP14	3.345424	1.5519605	0.0014468651566821302	0.0036617580506441583	6
RASAL3	3.3141909	2.8689399	0.0016124548873481183	0.004053075380102924	6
BTN3A2	3.3060207	2.0922332	0.0016438560748511357	0.004129196598623349	6
SERPINB9	3.2967587	2.2566726	0.0016902490920189424	0.0042342172169559265	6
CXCL13	3.2873993	3.4303641	0.0017518774049503463	0.004373775007629412	6
SIRPG	3.2777534	3.6451018	0.0018040055659399156	0.00449177935724258	6
PRF1	3.27115	3.9182243	0.0018433740103795053	0.004571320112988102	6
STK10	3.271103	2.5670056	0.0018313980734443697	0.004547725726731819	6
PARVG	3.2621922	2.4748843	0.0018768530537154875	0.004643617077590657	6
LAX1	3.25512	4.2861133	0.0019334357317757516	0.004765873935231089	6
OAS1	3.2507513	1.8061036	0.001923917262296499	0.004745576958735356	6
CLECL1	3.2456973	4.0148726	0.0019883316613383216	0.004891401790043342	6
LAG3	3.2453828	2.671648	0.0019677690877487847	0.0048440418249378805	6
GPR174	3.2410736	6.328335	0.00202271436998405	0.004966066177469146	6
GIMAP4	3.2371516	2.085165	0.0020141275289930196	0.00494827208751942	6
GNG2	3.2359993	2.6238117	0.0020293404370231253	0.0049765793774141625	6
IL16	3.2320607	2.725245	0.0020544105724460745	0.005027183486879633	6
JAK3	3.2154295	3.1732602	0.0021640248684719017	0.005274453752640948	6
UBE2S	3.1758156	1.3621858	0.002394902769038902	0.005795131454878024	6
DOCK10	3.171963	2.3394625	0.0024437040071139007	0.005897770284967905	6
IRF4	3.1496477	5.8207936	0.002640768579855763	0.006327911739667344	6
AC016831.5	3.1342716	2.117605	0.0027288059684472997	0.0064967384364773015	6
NCF1	3.1250386	1.8475857	0.0027680732643120495	0.006579046861704504	6
WAS	3.1249385	2.4070923	0.002798779659991667	0.006646202341689724	6
ZEB2	3.1221914	1.7349743	0.002801218723161008	0.006647722018034634	6
SELL	3.1202931	3.0495195	0.002856314020526816	0.006769775693294794	6
RCSD1	3.0987687	2.0582588	0.003009719222905659	0.007106014395294831	6
RAB8B	3.093999	2.1091065	0.0030646096384886446	0.007226376907604047	6
CXCR3	3.0865195	2.658365	0.0031234611938916975	0.00734172335332686	6
NCKAP1L	3.0738878	2.2805407	0.0032437849086920816	0.007605193678691144	6
CYFIP2	3.0546265	2.4990604	0.003441395470049563	0.008017626899012064	6
GLIPR1	3.0436006	1.4104784	0.003482240923641054	0.008087291145728282	6
OAS2	3.0400443	1.898131	0.0035628575577178463	0.008258945216918095	6
IL7R	3.0367246	2.614614	0.0036209297318575513	0.008383042205021085	6
NIN	3.0349405	2.055157	0.0036301446286844323	0.008399113589849077	6
PLAC8	3.0309649	3.744589	0.0036983232789265116	0.00853548064686662	6
ITGA4	3.0283754	2.4777257	0.003697193114625205	0.00853548064686662	6
IGFLR1	3.0205624	2.9507291	0.0037980945244402266	0.008754809274988545	6
CD84	3.013281	2.4400911	0.0038683549546860937	0.008905652060788236	6
FAM30A	3.012824	7.7454205	0.003906862105715177	0.008977522065060682	6
GRAMD1B	3.01204	5.05549	0.00391188411569456	0.008983475330945555	6
GNG7	3.0114822	2.578686	0.003891754341596512	0.008948371059240267	6
FCHSD2	3.0013287	2.6644478	0.004008228190856599	0.009176210139538496	6
HLA-DQB1	3.0000105	1.3821006	0.003934545109654209	0.009029903217498324	6
TRAT1	2.9955077	3.6297283	0.004084487376315142	0.00932767667211647	6
S1PR4	2.9841099	3.2604454	0.004211429217025774	0.009558495673777785	6
NLRC5	2.980847	2.441302	0.004237822990890075	0.00961249597995017	6
HLA-DRB5	2.9766555	1.3409244	0.004182763214120236	0.009510960046876476	6
CD8B	2.970491	2.9866295	0.004365357035179332	0.00988357490501693	6
BIN2	2.94435	2.4804134	0.0046919662489988655	0.010571228835396834	6
PLEK	2.932447	2.138217	0.004837633614418219	0.01083993705595835	6
GIMAP7	2.932422	2.4897454	0.00485549395305869	0.01087336373124355	6
ARID5B	2.9293106	1.2101381	0.004831358710947965	0.010832445653490733	6
CD28	2.9242256	3.7330642	0.004990289696600926	0.011134734558538903	6
BIN1	2.9233632	2.190916	0.004970529164664049	0.01109734457005055	6
PSTPIP1	2.9199867	2.5565577	0.0050214957153903485	0.011184102874241915	6
PHYKPL	2.9179614	1.7348508	0.005038253549611776	0.01121202073009566	6
DEF6	2.9178987	2.247861	0.0050499696145374215	0.011220467664290903	6
CREM	2.9171133	1.5418289	0.0050431335462568306	0.01121202073009566	6
IFNG-AS1	2.9170053	4.3321567	0.005090398759967668	0.01129671076160993	6
PECAM1	2.9153428	1.7718045	0.0050418326117932285	0.01121202073009566	6
RASSF5	2.9098713	2.1770992	0.005145397467526158	0.011405065172470998	6
SKAP1	2.897972	2.128373	0.0053263378801022805	0.011784921237711334	6
BCL11B	2.8964782	2.740777	0.005376461473676407	0.01186422494451619	6
RSAD2	2.894942	2.3323565	0.005378234582426148	0.01186422494451619	6
GZMH	2.8926792	3.2315078	0.0054295946175354996	0.011963239184134567	6
POU2F2	2.8905733	2.1219976	0.0054146493383625495	0.011937427986425787	6
MIR155HG	2.8789136	2.6449957	0.005623292345825568	0.012345849802629514	6
SH3KBP1	2.8786638	1.3751202	0.005576705720275544	0.012258136607030418	6
ITK	2.8744965	3.2705302	0.005712395723440117	0.012519159073612831	6
ZNF683	2.8736372	3.9781966	0.00573627922500665	0.012549172135227693	6
CYTH4	2.8710084	2.1991398	0.00572974681311419	0.012546484068506876	6
XCL2	2.8706403	5.1386914	0.005797416270594296	0.012667920236455306	6
LRMP	2.8678389	3.8709166	0.005834140113446828	0.012740631039708055	6
BCL2L11	2.85304	2.120241	0.006044143743339333	0.013152597839598842	6
PSMB8-AS1	2.8454738	2.0112333	0.006149051035587215	0.01334159928155887	6
ABI3	2.8344524	2.4202273	0.006353506607219979	0.013752903874445123	6
IGHA1	2.8324292	2.450291	0.006414767547862761	0.013877380614375236	6
AL136987.1	2.8296485	3.7793484	0.006472837462233459	0.01399088168659151	6
PRKCB	2.8286352	2.802395	0.006474805868490252	0.01399088168659151	6
LY9	2.826821	3.9092686	0.006522990809269987	0.014086762735390184	6
SOCS1	2.8204782	1.9232234	0.006596002402472088	0.014227804364935414	6
SEMA4D	2.8072891	2.2422771	0.00685321806734753	0.01472246555747042	6
JAML	2.804468	2.7534585	0.006901877513030829	0.014809777822676487	6
PDK1	2.802649	2.0508974	0.0069237455129656	0.014848078740805508	6
CEMIP2	2.801945	2.263178	0.006956709464347825	0.014901473316385631	6
ADAM19	2.7902493	3.5631137	0.0072016209823661855	0.015390393018995405	6
NABP1	2.7897391	1.6525162	0.007140277645406735	0.01527696925291134	6
RGL4	2.7858725	3.693865	0.007284816362880087	0.015550200150688573	6
CARD16	2.7646592	1.7160466	0.007648824883841518	0.01628957230305153	6
PNOC	2.7592754	8.551241	0.007851879688809146	0.016683551150172393	6
ITGAL	2.7418087	2.8851895	0.008193621184207437	0.017360590133154878	6
ADGRE5	2.7396379	1.8066843	0.008185940207729106	0.017360590133154878	6
IGHG2	2.7333283	3.9542007	0.00840842073811478	0.01780465021623731	6
SIT1	2.7228472	2.4017634	0.008573699631747655	0.018113104710867686	6
KLRB1	2.721052	3.5627782	0.008671224188492192	0.018308670500844944	6
CCR7	2.7156749	2.718863	0.008749462875712086	0.018442250613665806	6
KLRC2	2.7134218	6.807179	0.008871649054313488	0.01864661163577266	6
ANP32E	2.7111988	1.3258153	0.00881186715519169	0.018552620591699886	6
TNFRSF18	2.7095153	2.386501	0.00890878556380332	0.018697952036911134	6
APBB1IP	2.7070234	1.7348973	0.008911256708254536	0.018697952036911134	6
RHOF	2.7060828	2.1990225	0.008987607379150813	0.018826082350318737	6
HMGB2	2.7028894	1.23955	0.009005078165202903	0.01885199083310183	6
CDKN2D	2.6995656	1.7633587	0.009116526224179886	0.019063703677614417	6
ENTPD1	2.6980627	2.222886	0.009172306227920523	0.019165197915395258	6
DDHD1	2.688098	1.6725539	0.009378499161310613	0.01954515194644259	6
ARHGAP25	2.6796458	2.5932143	0.009648400344705337	0.020062374380239854	6
SPOCK2	2.675735	2.220345	0.00971594554437301	0.02018011174056114	6
ARHGAP4	2.671023	1.929588	0.009812559112360899	0.020369329168636808	6
IL21R	2.6685894	3.2906206	0.009958212545117112	0.020625333718726307	6
SH2D1A	2.6633875	3.012924	0.010091544136697916	0.020831427701172512	6
TOP2A	2.6556423	2.0646982	0.010264993665066741	0.021175010121270415	6
IRF8	2.6503417	3.001253	0.01045509035260254	0.02144360938542579	6
OXNAD1	2.6490347	2.3120277	0.010442561970650131	0.021436259156417906	6
IRF1	2.644791	1.0939715	0.010463552834079215	0.02144360938542579	6
KLRC1	2.644548	4.1880407	0.010621692147277435	0.021707231364823203	6
MS4A1	2.6442137	4.6449804	0.010637868331108045	0.021716532311295153	6
MIAT	2.6430597	2.670988	0.01062743749363063	0.021707231364823203	6
FKBP5	2.6327436	1.587391	0.010879556571990908	0.02216094902618876	6
TESC	2.621852	4.062614	0.011272515172112293	0.02284802170101751	6
STAT4	2.6068282	3.2079728	0.01170062089866584	0.023599232653149716	6
GIMAP1	2.606507	2.733501	0.011699995758261422	0.023599232653149716	6
TOX	2.5949469	3.5727813	0.01207095886204333	0.024214002711862165	6
VPREB3	2.5936918	4.917989	0.012136655617494496	0.024306201900619058	6
GZMK	2.5935743	2.6293979	0.012078451732077026	0.024215886679340538	6
GPRIN3	2.592115	2.0323126	0.01210213685280519	0.024250214572188275	6
CRTAM	2.589667	4.256962	0.01225152157583769	0.02446993093120014	6
NCF4	2.587405	1.9909656	0.012238546978456432	0.02446993093120014	6
AC025164.1	2.5870817	3.1016862	0.012324089301076487	0.02458828831937236	6
EVI2A	2.5847292	2.5275486	0.012378682615448127	0.024683881416125646	6
STAT2	2.5808358	1.4109945	0.012415283831013724	0.02473017453131844	6
SASH3	2.579159	2.0583096	0.012483771137181106	0.024826444753436053	6
BCL11A	2.5785491	1.9561613	0.012555938675942006	0.02492971166448453	6
FERMT3	2.5656388	1.7960436	0.01293619549456611	0.02554743043956268	6
AC004687.1	2.559855	3.4642618	0.013218271293087001	0.026062706738503985	6
LINC01871	2.5589507	6.020982	0.013276583946122994	0.026163721429826377	6
ARHGEF1	2.5530658	1.5006535	0.013360999442513679	0.02631604101284011	6
ICAM2	2.5476675	1.9383159	0.013533971927282024	0.026614170447741926	6
MKI67	2.5455885	2.3186808	0.013684397423894079	0.026824322801744627	6
KLHL6	2.5420308	2.6363678	0.0137970306319831	0.02701644312939987	6
ARAP2	2.5202336	2.2267714	0.014585282669830148	0.028439377026397043	6
ITGB2	2.516413	1.1588081	0.014525429436521747	0.02833762500947616	6
C19orf66	2.4937313	1.6690558	0.015580680768722578	0.030189100912653342	6
MATR3.1	2.4910743	3.433659	0.015755513231115775	0.03046648100717863	6
PRKCH	2.4907877	1.8218918	0.015689549141146297	0.030368194906514177	6
KIF20B	2.4842758	1.9078091	0.015966020581988438	0.03080649924305341	6
RPS6KA3	2.4808319	1.8005309	0.01608979416828811	0.031029117667966892	6
ASPM	2.4788446	2.6280358	0.016227012398860544	0.03122854729884881	6
MALT1	2.4778085	1.8432741	0.0162069182546093	0.031222399870063273	6
PIK3AP1	2.4725063	2.0310094	0.01641618746876873	0.03157616486054162	6
TMC8	2.4662735	2.1305788	0.01668776736685	0.03196542271669816	6
HLA-DQA1	2.4657004	1.3608209	0.01656936493766901	0.03180457321801922	6
SETD2	2.4611745	1.4080215	0.016863126960712724	0.03225116672869229	6
GPR183	2.4586089	1.7907182	0.01698551206327433	0.03241811315795385	6
HSH2D	2.4555993	1.9179999	0.017131398961945873	0.03267966916075891	6
TMEM120B	2.4489665	2.1530967	0.01745557835515117	0.03317816976454917	6
GZMM	2.4481163	2.7435246	0.017514154828423133	0.0332552939830542	6
HLA-F	2.4391735	1.1328952	0.01776058516087149	0.033638257392226485	6
TTC7A	2.430344	2.4297054	0.01830722968047922	0.034583442571252926	6
SPIB	2.4299667	4.3458753	0.01837609117280254	0.03469578788119846	6
USP18	2.4162202	1.7257272	0.01891442037510188	0.03562119433537281	6
RHEX	2.410811	4.1203194	0.019257416490387185	0.03617496386984273	6
C12orf75	2.4066272	1.3440608	0.01934249916651933	0.036297884418633276	6
GRAP2	2.402091	3.2766922	0.019658622437627973	0.03674183606830317	6
ZAP70	2.4018257	2.334729	0.01961401011800237	0.03667700778644674	6
PPP1R18	2.4010534	1.2140723	0.019523179496851367	0.0365487133363325	6
AIM2	2.3907735	3.3822973	0.020215780271385375	0.03761193761468729	6
SMC4	2.3841448	1.2205867	0.02042737860955789	0.0379864941934154	6
METTL8	2.3736448	1.6510992	0.020982911854109675	0.0389411648924838	6
CENPC	2.3728645	1.5833751	0.02104743512719413	0.03904130160390678	6
CSF2RB	2.367304	3.3957088	0.021434159282053784	0.03967896720801038	6
IL10RA	2.3663676	1.6007397	0.021305129217890788	0.039466365690240895	6
PIP4K2A	2.3658721	1.94351	0.021451276567710856	0.0396907696132657	6
SLAMF1	2.3636959	2.922336	0.021578785707964825	0.03990671330877379	6
GAB3	2.360593	3.443855	0.02177861531570414	0.04015568043489361	6
ST8SIA4	2.3588152	1.7895907	0.02172817125331218	0.04008267238192137	6
LCP2	2.3586767	1.4640993	0.021709789730674382	0.04008081827370654	6
IGHV3-30	2.3566658	6.0231714	0.022022786047621628	0.040504825508194085	6
IL12RB1	2.3540807	3.4518754	0.02211929129411	0.0406620802645455	6
CBLB	2.3497055	1.702381	0.022286175341083736	0.040925447192705564	6
CCDC88B	2.3473809	2.3828585	0.022431200151430387	0.04113314370200262	6
BTLA	2.3467457	4.247769	0.022540817782231364	0.041272706494224425	6
MSL3	2.3394442	1.320828	0.022781001580714222	0.041629970742205265	6
SYNE2	2.3379369	1.1870258	0.022865629829815957	0.04176396550725159	6
ZFX	2.3332615	1.2548257	0.023123863670850328	0.04221476099989722	6
GFI1	2.3283117	4.1182914	0.023572044438124454	0.0429904759125715	6
HERPUD2	2.324229	1.4675004	0.02368016678987564	0.04314507706537993	6
IGLL5	2.3231974	7.446795	0.02389259816872119	0.043467823847082615	6
RASSF2	2.3210201	2.7186635	0.023955100360343762	0.04356008653123534	6
AC090152.1	2.315681	4.83238	0.024322098140516103	0.044162237164229484	6
PTPRN2	2.3133888	2.937666	0.024404243183608405	0.04424616219991809	6
PATL2	2.3120255	3.6240916	0.024508272960652597	0.04439775126218783	6
ADA	2.3103774	2.2237797	0.024545968889525864	0.0444377045795189	6
ST8SIA1	2.3056097	2.6756098	0.0248758266024059	0.04499078771213402	6
MANEA	2.30474	1.8353539	0.024825951457789663	0.04492257132053516	6
LINC01480	2.2994175	3.424685	0.02526428327615206	0.04562635713850532	6
INPP5D	2.293359	2.1522236	0.025567328641094362	0.04608355089211886	6
CHST11	2.290148	1.9369404	0.02574058069265927	0.04635060704647953	6
RAB30	2.2818828	1.4419998	0.026188733795574126	0.047111670581619476	6
VPS13C	2.2782888	1.3415188	0.026443321295016625	0.04750027816484513	6
BATF	2.2774732	1.4010009	0.026486251873157337	0.047554276322311156	6
BICD1	2.265098	1.9874753	0.027309630405960406	0.04886638467313497	6
HCG18	2.258278	1.6744992	0.02781456255573765	0.04969768309644614	6
MIEN1	21.004967	4.020137	2.1175825149369463e-22	7.312586348310296e-21	12
ERBB2	19.714584	5.243589	1.2930701131787017e-20	3.647247380301758e-19	12
CD24	8.960115	1.9474046	2.6757849031339097e-11	2.0427738051817763e-10	12
GRB7	8.208885	4.3460264	1.6026662359829818e-09	9.535993143248177e-09	12
TFAP2B	8.106512	3.973501	1.998428827409682e-09	1.1758271524329259e-08	12
RPL23	7.8315377	2.297062	3.5578350638121865e-09	2.0162884295684094e-08	12
LRRC26	6.876042	3.3244846	6.637950116151415e-08	3.193649176976495e-07	12
METRN	6.180736	2.6628199	4.741917578207845e-07	1.9664854603230066e-06	12
GSTM3	5.724875	2.142283	1.7673674423254437e-06	6.663696632033177e-06	12
ANKRD30A	5.6953044	2.4207969	1.9841048154558807e-06	7.405320498090384e-06	12
KRT7	5.5383134	1.7572688	2.7599344052655273e-06	1.0117021455809646e-05	12
PPP1R1B	5.4951706	4.2615266	4.1903995510343255e-06	1.484518345260962e-05	12
AC093001.1	5.4372563	3.8463814	4.837046490534934e-06	1.69250821804229e-05	12
CLU	5.3645782	2.364782	5.565841732955272e-06	1.931059643499505e-05	12
ORMDL3	5.3211956	3.4569266	6.923825125777256e-06	2.3644670831559118e-05	12
TFF3	5.2819424	2.9544976	7.146719468805195e-06	2.4360819591545382e-05	12
CLDN3	4.7104497	2.042861	3.965995346109337e-05	0.00011658196343575179	12
KRT10	4.671248	1.1671511	3.8305441247678295e-05	0.00011277976526706876	12
TNFSF10	4.619901	2.1748672	5.274601575790293e-05	0.00014992040632727025	12
APOD	4.5625486	2.5240393	6.176758570669985e-05	0.00017345078778888568	12
PSMB3	4.495018	1.3518862	7.175470766315554e-05	0.00019994995838262423	12
MIPEP	4.408836	4.48696	0.00010327832175961317	0.0002812184221825871	12
SLC12A2	4.3320456	2.5279171	0.00012531603832374293	0.0003343269036868088	12
SPINK8	4.233627	3.8865018	0.00017040215668852058	0.0004459178250453849	12
SOX11	4.209915	5.461596	0.0001842526111977306	0.0004790542666406098	12
PNMT	4.0588818	4.506317	0.0002831005562260436	0.0007082305722784232	12
SERHL2	4.051713	3.1713624	0.0002827770625477217	0.0007079546719896807	12
CXCL17	4.0142574	3.2365787	0.0003183206724461245	0.0007888631017360362	12
HOPX	3.9987535	3.2163625	0.0003312467815860286	0.0008203464195444877	12
PIP	3.8656673	2.9470327	0.00047688391756256786	0.0011509379982976408	12
PKIA	3.8391674	4.385269	0.0005261775112849921	0.0012527228764162665	12
MED24	3.8157144	2.6647065	0.0005515045470118017	0.0013088049461840766	12
TMEM150C	3.80802	2.7404697	0.0005647653266580565	0.0013359845595400247	12
STARD10	3.5875053	1.1758319	0.0009729163864417219	0.002198731527768907	12
ATF3	3.5236547	1.7660002	0.0012299413312696211	0.0027311497710584436	12
MAGED2	3.5090847	1.1557091	0.0012312145307786175	0.0027323349496858806	12
MUC6	3.4775078	4.3177047	0.0014331171336026838	0.003155761506949891	12
HRASLS2	3.4193482	3.1059964	0.001668448161441972	0.003626421150898875	12
RARRES3	3.41851	1.6798501	0.0016381896603680553	0.0035648473469139953	12
NR2F1	3.3199394	3.4500363	0.002186600583117096	0.004662140308492597	12
MUC1	3.3121347	1.7059971	0.0021936844564822886	0.004674546751269928	12
CALML5	3.2923548	1.8230394	0.002291890274778194	0.004869772607996221	12
GUCY1A1	3.2729201	2.7332146	0.002475137588291752	0.0052201103816997855	12
IQGAP2	3.2702646	2.3174353	0.0024837775639693473	0.005235344038144175	12
TMC5	3.0880406	2.075786	0.004004272718295837	0.008084078659180129	12
NUDT8	3.06505	2.4211445	0.004276630514752148	0.008569495527119948	12
FGF13	3.053258	3.261468	0.0044259669324134285	0.00883997179203655	12
SLC5A3	3.0370345	1.7615066	0.004545327989433022	0.00906367345977065	12
DHRS2	2.9857197	2.326438	0.00522107302812309	0.010238876835576387	12
SLC40A1	2.9820044	1.5366371	0.005214048882364751	0.010231497939637681	12
ANKRD50	2.970576	1.7819995	0.005374840864475632	0.010502399256603628	12
MB	2.9241774	1.7148035	0.006087249470455907	0.011763800624128963	12
PLA2G2A	2.9155645	3.429616	0.006285776532075828	0.012103149706107442	12
POR	2.890049	1.6883953	0.006652911083234006	0.012763502831022663	12
ALOX15B	2.86925	3.216265	0.007081924058077707	0.013502430028171891	12
CST4	2.8387322	7.3954883	0.007691410780972859	0.014596693803643923	12
HIST1H4H	2.8337135	2.472576	0.007727290909577168	0.014649738281625262	12
ALDH3B2	2.8131099	1.5550249	0.008015698121473182	0.015173158073177973	12
LINC00467	2.8013113	1.4999343	0.008280909497844113	0.015627150456861083	12
AFMID	2.7803807	1.6305095	0.008750074576207932	0.016445333448162926	12
CLCA2	2.7790873	2.926443	0.008876573380023102	0.01664920743105856	12
MYBPC1	2.76972	3.996812	0.009109501330843824	0.01704283919871794	12
CASD1	2.7621033	1.8014077	0.009160668960862537	0.017129894640884148	12
MT-ATP8	2.7575758	1.7919651	0.009296998377486165	0.017358468420824343	12
SHROOM3	2.753915	1.9556525	0.00941827091285884	0.01755828003179284	12
IGFBP2	2.7386477	1.8401853	0.00974344159497413	0.018109666344783407	12
MARCKS	2.718559	1.0375109	0.01007172296324453	0.018644797770134534	12
HILPDA	2.6969485	1.5333833	0.01079766434744156	0.01981001477844914	12
VWA1	2.666103	1.7660381	0.011628001126741424	0.021175684654169323	12
MUCL1	2.6518652	1.7330494	0.011933455243877683	0.021667870823650143	12
ADGRG1	2.626479	1.5720885	0.012790180441300826	0.023064771464424868	12
SMYD3	2.6157253	1.7004721	0.013170970225571453	0.023624628632760446	12
ZNF552	2.6033998	1.5148062	0.013525988668505247	0.024214403163821164	12
ABCD3	2.583426	1.4221817	0.01416544580421657	0.025224733612809747	12
BAMBI	2.5807548	1.279889	0.014226564231526573	0.025309174210635863	12
DIP2A	2.5787592	1.6554501	0.014387127081774745	0.025533349936194855	12
MBNL2	2.5716217	1.5071225	0.014621506321019226	0.025911974031734314	12
TRIP11	2.5572283	1.3782765	0.015109493474276512	0.02667442827876336	12
EPPK1	2.5387065	2.0270457	0.0159266023213305	0.027983259903621584	12
SCGB3A1	2.4987473	1.9482305	0.01744648600456147	0.030403581289341366	12
RSPH1	2.4524367	2.547469	0.01953118729820192	0.033676032229050905	12
FAM241A	2.422131	1.2976174	0.02076714513192996	0.03552527836225982	12
LRRC75A	2.4162216	2.1066337	0.021262276832873364	0.03630504292858923	12
GOLPH3L	2.400248	1.6384408	0.021988733897144317	0.03742439970057496	12
AC129926.1	2.3453407	4.255164	0.025148294643494194	0.04229537947551709	12
FASN	2.324808	1.049999	0.02597842809982255	0.04359232144815818	12
GUF1	2.3070445	1.9235029	0.0272853689137176	0.04555781208142184	12
PLCB4	2.2923958	2.1478224	0.028178511546063132	0.04694301179562817	12
TSPAN1	2.2798324	1.6631916	0.028998716828899585	0.04817907314873379	12
PCDHGA10	2.2685034	3.0525515	0.029866905743998633	0.049554655017545995	12
NXPH4	2.2649121	2.549891	0.030111804192538217	0.04991615813881952	12
MIEN1	15.322895	3.32429	3.5863899922731014e-14	3.5718897631938305e-13	18
CD24	13.857604	4.1234617	4.856612447819931e-13	4.0692024931280374e-12	18
HIST1H1C	9.092118	4.248722	5.4439602652392315e-09	2.8736333114369946e-08	18
SERHL2	8.89612	6.625555	9.387597989312385e-09	4.8043178075497594e-08	18
ERBB2	8.4434805	3.1751354	1.49707191151671e-08	7.515870534041093e-08	18
MARCKS	6.866921	1.9811302	3.933297327413579e-07	1.6166333286755476e-06	18
HIST1H2BN	6.776423	4.4179797	7.838452066915114e-07	3.0551772560391715e-06	18
ANKRD30A	6.4972935	2.6607509	1.1934677890852554e-06	4.522936903251301e-06	18
SELENOP	6.4039564	2.327434	1.4493985047497005e-06	5.41509350358963e-06	18
PAK1IP1	6.3973513	3.6418717	1.824868589313668e-06	6.72943057636128e-06	18
GSTM3	6.258445	2.709625	2.2488854293229162e-06	8.170729263862512e-06	18
MT1E	5.88273	2.6677186	5.555468364901341e-06	1.9024518636061587e-05	18
TTC36	5.8549953	4.82952	6.705398013156044e-06	2.264757372816415e-05	18
GRB7	5.8281784	3.1340568	6.662624020599288e-06	2.2523692366069873e-05	18
MT1G	5.792253	3.5845475	7.449942935245172e-06	2.5002306217739244e-05	18
FASN	5.681208	2.6033285	9.07537941125246e-06	2.996740565199092e-05	18
ALDH3B2	5.6627383	3.505006	1.0225116036157065e-05	3.349450687375918e-05	18
IFT122	5.1307697	3.288378	3.671577253208025e-05	0.00010801335947932844	18
DNAJC12	5.0411663	2.8586214	4.463586521189022e-05	0.00012915389346745054	18
ITPR1	4.932168	4.0095067	6.105484752528218e-05	0.00017194943719963236	18
BCL2	4.721254	2.6581795	9.770227728172519e-05	0.00026662475225699744	18
AGR3	4.6627893	1.73696	9.564995034104505e-05	0.00026160367617332454	18
FGFR1	4.6490483	1.9531505	0.00010867591668614286	0.0002918295873221641	18
CITED2	4.565166	2.6930554	0.00014591332451563286	0.000382918845231011	18
CASD1	4.5486484	3.7714324	0.00015542821214594688	0.0004061578811027395	18
TMEM132A	4.5429993	2.8503292	0.0001536685510190866	0.00040212839661156154	18
NEDD9	4.520592	2.4650471	0.0001579915083583193	0.00041256439815122957	18
THRSP	4.4782457	5.4988728	0.0001865164468941394	0.00048059851553266744	18
FTO	4.362449	3.0342443	0.00024119803566499494	0.0006108476640042195	18
ATP8A2	4.3499427	6.9502416	0.00025626423870415163	0.0006467871325217488	18
HIST2H2BE	4.2201033	2.812005	0.00034297970741903615	0.000847699009306581	18
ELOVL2	4.121925	4.9249954	0.000445807663623419	0.001079462199926955	18
SESN1	4.106581	2.879952	0.0004493032830629756	0.0010865023762550358	18
UBA6	4.083191	2.7262433	0.000480381864634291	0.0011571127704196253	18
TAT	4.056266	6.5662494	0.0005245774840655927	0.0012505250345950741	18
MAOB	4.0197287	3.1979127	0.0005628358277250826	0.0013336987853611792	18
CLDN3	4.016181	1.673334	0.0005351474641018013	0.001274078530835152	18
FBP1	4.0006523	2.0262973	0.000567616775856867	0.0013435899979443457	18
HIST1H3H	3.9916618	5.093938	0.000613329740321751	0.0014462370073317612	18
ERBB4	3.875973	2.9043577	0.0007968994163036752	0.0018368954106313662	18
SLC5A8	3.832152	7.6229706	0.0009069285424842122	0.002064757217793693	18
RMND1	3.8171115	2.3735676	0.0009113684567520372	0.0020723116601223247	18
LRRC26	3.7335417	2.3855152	0.0011214643895512673	0.0025068426614591245	18
PDZK1	3.6878777	4.9286366	0.0012820904508181463	0.0028367210872892517	18
ARMCX1	3.6873667	2.7481894	0.0012630310577511003	0.0027979015338071437	18
GRB14	3.6242888	4.8057127	0.001496134314605601	0.003286692207174611	18
AL121944.1	3.5677588	3.2637713	0.0017043253422301917	0.0037109499938365108	18
DCK	3.528369	2.4690273	0.001850080619665936	0.003995352360996863	18
AFMID	3.478191	2.3846638	0.002090447487893965	0.004451990471336138	18
SPINK8	3.4525223	3.66275	0.002251550555545644	0.004781309944104112	18
DCD	3.3942275	7.1531067	0.0026056028208590993	0.005470285467655893	18
GPR6	3.3797624	29.277964	0.0026984725065508875	0.0056332519275172485	18
REV3L	3.3562667	2.050782	0.0027649613752243046	0.005755792834621862	18
HIST1H2BJ	3.3495107	2.8876176	0.0028537373016911936	0.005927239645727353	18
KITLG	3.3434503	4.2232122	0.002933947196082418	0.006080165389525819	18
AGTR1	3.305959	4.007576	0.0032002229400696905	0.006606046795283523	18
ANXA3	3.2861295	2.392957	0.00330848006354007	0.006802912540222903	18
TFB1M	3.2166479	2.89855	0.003936132149247963	0.007969319611765054	18
RBM20	3.193777	6.3380604	0.004189974390600476	0.00842326190058148	18
NOVA1	3.1931612	2.658994	0.00415129990079426	0.008354604103177992	18
STMND1	3.164938	4.291462	0.004471291290200939	0.008916039566806514	18
STRBP	3.1400127	2.0088573	0.004666534561936153	0.00928032573000758	18
SEZ6L2	3.114955	1.9818628	0.0049238467663267095	0.009739621949452458	18
ABCD3	3.1043437	1.8220137	0.005038254436557969	0.00994463148668894	18
STARD10	3.084949	1.4229507	0.005229564416789403	0.010272855140902098	18
TFF3	3.072425	1.6671674	0.005339122145850696	0.01046026316485595	18
BAMBI	3.0459716	2.0417702	0.00583735544159681	0.011334224044508784	18
PER2	3.032368	2.779142	0.0060663994145946296	0.011741930768427007	18
MED13	3.0241778	2.1751227	0.00616511655651231	0.011895616541155606	18
PRKAR2B	2.9505355	2.1132674	0.007261820729874936	0.013802689093049327	18
CLPSL1	2.9458277	3.1860754	0.007405834924974033	0.014054730378931204	18
PHGR1	2.9358969	2.8152175	0.00753918657175002	0.014285791991085296	18
DDIT4	2.9315982	1.092365	0.007272210808726351	0.013815331073647233	18
ZNF426	2.8993244	2.578912	0.008234696557917278	0.015492466283861682	18
PEG10	2.898092	3.2626233	0.008307556190804673	0.01560570418150649	18
HIST1H2AC	2.869117	1.5716875	0.008732331979942123	0.016328930498930236	18
NAV3	2.8433664	4.6795306	0.00943853008960921	0.01751650862938525	18
HIST1H2BG	2.8206937	2.7026443	0.009895648059962885	0.01822752720915397	18
CRIP1	2.8171604	1.3694928	0.00977588530435188	0.0180609480997901	18
TRIM55	2.813635	9.288879	0.01011680562793089	0.018579322462825367	18
SLC2A1	2.7963681	1.4439214	0.010163207644478355	0.018647911385670877	18
GNA13	2.7942336	1.5393739	0.010293483216852075	0.018856926368997728	18
AC093001.1	2.7820652	3.0558138	0.010813002402832077	0.019681795014021935	18
SYT13	2.7681918	3.0810223	0.011145273044249657	0.020206959714672464	18
SLC25A33	2.7414525	1.7054869	0.011719987530443522	0.021124562890238445	18
RAB11FIP1	2.7177427	1.1902454	0.012205261696580923	0.021871213369964358	18
FRMD4A	2.712004	1.7216753	0.01249639360058553	0.02232793730858972	18
ITGB6	2.7119277	2.3687973	0.012628742666213909	0.022531725809589762	18
MT1X	2.708265	1.0053508	0.012167550239613748	0.02181421549508627	18
RND1	2.7021794	1.969515	0.012806104196157794	0.02281511813153474	18
MORN2	2.6891706	1.5406618	0.013141253445382682	0.0233110568798315	18
HIST1H2BD	2.6728747	2.3550622	0.013796558003236556	0.024344929236847695	18
CXorf40B	2.672681	2.2629955	0.013808749572283261	0.02435481129813205	18
TUBA1A	2.6510968	1.2857801	0.014323057443291905	0.025189765470234934	18
TRUB2	2.6450784	1.6965646	0.014533244021166373	0.025486633440061583	18
LANCL1	2.64015	2.4386182	0.014835484285372727	0.025955073122373214	18
ASB3	2.6317801	2.659667	0.015084821259413718	0.02632245831533307	18
BNIP3	2.6185267	1.4205726	0.015423748212585972	0.026844441660624198	18
TBC1D24	2.593928	2.6285782	0.01646046235110493	0.0284877791041371	18
HENMT1	2.5375187	2.2253823	0.01859283838104413	0.03180580454535095	18
ZFX	2.5321443	1.8353335	0.018817569548171126	0.03213073913146595	18
HIST1H4H	2.5146866	2.5114665	0.019615985186037625	0.033416812015864	18
CLEC3A	2.4959834	2.6266582	0.020415541905737043	0.03457168989078752	18
RHOV	2.4958477	1.5268036	0.020252064670224473	0.03433843278236966	18
SLC30A8	2.489908	4.853358	0.02080609541407541	0.035136436268285484	18
HIST1H4E	2.47157	3.2685153	0.02158906403924006	0.03637555477655815	18
FAM178B	2.4641557	3.711433	0.021963827237502835	0.03688924620116954	18
DSCAM-AS1	2.4488816	3.1521583	0.022669772223488625	0.03797135465357682	18
SYNPO2	2.4264538	2.6497273	0.023731513014447522	0.03962401291838391	18
DCAF15	2.386939	2.2411222	0.02582608797023052	0.04296595904997828	18
TCEAL1	2.3859675	1.1349838	0.025517809852264053	0.04249135079049828	18
DUSP4	2.3796349	1.4539032	0.026160683909324092	0.043405355655569154	18
AREG	2.374079	2.2369018	0.0266022975408535	0.04405893743319305	18
AC245595.1	2.3659647	1.6604636	0.026827069377593358	0.04436438297969696	18
CNOT6L	2.359494	1.7141447	0.027324984419127184	0.045114306268398095	18
AQP5	2.321221	2.463741	0.029778028206145876	0.04875047152047364	18
TMEM64	2.3208542	2.1644175	0.029731358773559792	0.04869564302673025	18
KCNK6	2.3157003	1.1439717	0.029728411019364177	0.04869564302673025	18
NBL1	2.311576	1.1721547	0.03000012502112159	0.04909232150267683	18
FMO4	2.3115518	3.7648878	0.030491339833527527	0.049785903970342126	18
RPL23	43.486298	3.5460474	2.355909406020101e-41	6.217918039460194e-39	16
ERBB2	33.09058	5.5943365	9.198242434765988e-25	3.577632189101087e-23	16
MUCL1	30.78113	9.463946	2.9381467691454073e-22	8.685161849593824e-21	16
KRT10	28.463917	4.8638005	2.1934062780862525e-22	6.589135119942035e-21	16
PSMB3	22.382875	4.2193522	2.81090355941564e-19	5.867959690418525e-18	16
CALML5	17.716368	5.8393908	3.4862558103638846e-16	4.8979905776785374e-15	16
MIEN1	17.461939	3.680339	1.1884968873244354e-16	1.77793360269789e-15	16
CRIP1	15.061888	3.079648	1.4085275827123273e-15	1.8325737387753695e-14	16
IFI27	14.094018	3.447736	4.25376347166102e-15	5.053908690606903e-14	16
SELENOP	11.036186	2.6050105	8.049512504528695e-12	5.972479659484644e-11	16
CD24	10.9586735	1.7067429	7.702946964552752e-14	7.431433168152068e-13	16
SCD	10.8368	3.699268	3.6792503405346276e-11	2.5129075800878833e-10	16
CSTB	10.192141	1.5035309	1.7755710683390329e-12	1.4262467603288536e-11	16
FADS2	9.7518215	4.6329856	4.6046785142379574e-10	2.679415292930591e-09	16
CTHRC1	9.482759	2.8433597	3.171851348239863e-10	1.875198517079407e-09	16
AQP5	8.84416	6.092235	3.4627987422033575e-09	1.764833289991918e-08	16
IGHG1	8.774709	4.475324	2.977763788651004e-09	1.528171833203536e-08	16
GRB7	8.68199	3.5077138	3.798300112707717e-09	1.9173113273845648e-08	16
IGHM	8.629886	4.08718	3.7204026006360656e-09	1.8831352889520905e-08	16
CEACAM6	8.511584	5.451153	6.989956900874142e-09	3.3850446590733885e-08	16
CXCL17	7.656743	3.8563235	4.398308458727947e-08	1.9509903667466705e-07	16
NUDT8	7.4807463	4.4201818	7.268383651433686e-08	3.133801352630977e-07	16
RARRES3	7.0009522	2.8358073	1.911035051862278e-07	7.785308177101564e-07	16
IGLC2	6.745094	3.299349	3.5946304105105177e-07	1.404033759707861e-06	16
HMGB3	6.6061635	2.002861	3.836358572341706e-07	1.4905725472978551e-06	16
ORMDL3	6.071775	2.965264	2.1411795197340843e-06	7.380278288635673e-06	16
S100A9	6.0332837	3.4679618	2.3757013567443923e-06	8.127978252935675e-06	16
AL354707.1	5.953128	4.864943	3.184649547510067e-06	1.0678112593511522e-05	16
IGHA1	5.4011436	2.860372	1.1742093319918023e-05	3.5768371654655484e-05	16
STARD10	5.3681397	1.8355737	1.1499083488106923e-05	3.508597315322467e-05	16
AC025154.2	5.3351912	5.9117527	1.559353111412204e-05	4.616834732907126e-05	16
PPP1R1A	5.2826324	4.000575	1.7313192105613394e-05	5.069116072126901e-05	16
PNMT	4.923776	3.8273392	4.3715202501924196e-05	0.00011824866269737181	16
IGLC3	4.8049383	2.5651004	5.26369498873329e-05	0.000139923402758054	16
LINC02303	4.738223	5.4782386	7.267754699298747e-05	0.0001889820803230744	16
CBR3	4.7147	3.0453975	7.537031919157715e-05	0.00019543391537745793	16
SCGB1D2	4.572433	3.2199535	0.00010583756989800538	0.0002669418571830238	16
KRT7	4.541865	1.6185604	0.0001035232094945085	0.00026217838182468055	16
SPTSSB	4.4677706	3.9179735	0.00014562049032696962	0.00035775778707323986	16
GLYATL2	4.401172	4.1666164	0.00017343009486884298	0.00042104086763493744	16
ALDH3B2	4.32384	2.5952454	0.00020556447789359821	0.0004894076970469364	16
TNFSF10	4.1801977	1.8300823	0.0002893855929469907	0.0006754767946551678	16
FASN	4.141971	1.5085036	0.00030118247960601266	0.0007007992834661314	16
TMEM45A	4.084189	2.0538304	0.00037303372946246644	0.0008524178295385364	16
SLC2A10	4.0299025	2.3736334	0.00043792626893525167	0.0009896865833123884	16
HLA-DRA	3.857156	1.2939311	0.00057577295069305	0.0012762333850094899	16
IFI6	3.816675	1.522163	0.0007236078186648563	0.0015737085873847227	16
KLHDC7B	3.8154826	3.6963253	0.0007861236944840424	0.0016986707901277993	16
PRR15	3.725374	2.9010243	0.0009802956456639736	0.0020805240727905703	16
GBP5	3.622738	2.7067904	0.0012614115882322958	0.002628830128887949	16
NME2	3.5899715	1.3248818	0.0012687229218719407	0.0026425767735720525	16
KRT23	3.570993	2.0858777	0.0014232046069387746	0.0029444238648593346	16
AC009119.1	3.531576	3.357446	0.001606183672871408	0.003291652063926707	16
LRRC26	3.5268083	1.9333065	0.0015884964341837178	0.00325901961371951	16
HOXA7	3.5249975	3.0441763	0.001626483561871531	0.003329560532473854	16
DKK1	3.505019	7.534234	0.0017429823021700946	0.003546431501386839	16
U62317.5	3.4111314	3.7095964	0.0021787897554642662	0.004368219287271006	16
S100A8	3.4099717	2.6673985	0.002170382619332613	0.004353726264079265	16
USP3	3.392682	1.7524917	0.0022113506056146686	0.004428694031298754	16
PCDH7	3.304583	3.3167934	0.0028359591546977003	0.0055355885243571065	16
TFAP2B	3.2980545	2.2027683	0.002852422443861901	0.0055589139926528084	16
GUCY1A1	3.2466393	1.8873947	0.00317814764298095	0.006154746090573694	16
FGF13	3.1380773	3.062894	0.004278103121184369	0.008052771794588	16
STK38L	3.119397	1.6629924	0.004375320757330409	0.00820717033230055	16
IGHG3	3.0661283	2.4986653	0.005020119354477724	0.0092654051022953	16
ETV1	3.0324678	4.158373	0.005563674726375816	0.010162025760730914	16
LY6K	2.9920247	1.8044821	0.006009925578422461	0.010901656854330383	16
IRF7	2.9703681	1.3098036	0.006236106524879175	0.011245687461897781	16
CD74	2.9412234	1.1178888	0.006491633050717419	0.01167798642765378	16
NPW	2.9402106	2.2497838	0.006843169497357278	0.012227728126060282	16
RANBP2	2.9248455	1.5036491	0.00705169321119218	0.012587442712731933	16
TDO2	2.899002	6.490995	0.007682955158654929	0.013640049280583011	16
ACSL1	2.8780339	1.8113685	0.00792481630933606	0.014030760068517846	16
SPINK8	2.87082	2.4086132	0.008097921087783988	0.014296138757459071	16
PHLDA1	2.8544297	1.3051342	0.008233536875534932	0.014507829640010288	16
CLMP	2.7964208	2.2348204	0.00964092331919461	0.01675597914601321	16
LPIN1	2.7964013	1.5580198	0.009546550242405456	0.016607581518685573	16
UQCRHL	2.7880561	1.7245849	0.00978322675232552	0.016971372229973143	16
IGHG2	2.7608974	3.254463	0.010565658284461946	0.018116059100272336	16
ACKR2	2.7026708	4.872204	0.012157511346694868	0.02052170142806649	16
MZB1	2.6910882	2.3816652	0.01234237450865258	0.02080523440213106	16
RCL1	2.6716444	2.0145576	0.01290320765182779	0.02163331574812467	16
TSPAN8	2.5971193	4.0348625	0.015467985685233865	0.02553807288066985	16
OSBPL10	2.5856872	2.4796124	0.015811633861954503	0.0260472523940802	16
CDR2L	2.5402906	2.575807	0.01754338131839799	0.02854372257660967	16
CDKN3	2.5218477	1.8958163	0.018210682126566263	0.029573316486828663	16
ISG15	2.5020425	1.0264608	0.018677749188588794	0.030242893624818402	16
STXBP6	2.4870923	5.2536283	0.0198981655387685	0.03203648002864907	16
MORN2	2.4505062	1.3642604	0.021265636289809257	0.03400109307262882	16
CP	2.428172	1.4998192	0.02227563685976602	0.03546250676296228	16
MAD2L1	2.4234936	1.6705709	0.022644079040855955	0.03595611175589289	16
IGHA2	2.4051592	2.7545936	0.02364936153061617	0.03731186629189869	16
ICAM3	2.3844173	1.3319498	0.02458659249570131	0.03859280342889394	16
FABP7	2.3802426	3.4024372	0.025194463214272853	0.03947987344221297	16
TLN2	2.3565042	2.137751	0.026373356538948803	0.041239759801699465	16
MED13	2.352627	1.1835539	0.0263499262572804	0.04122056626615203	16
SLC25A33	2.327402	1.2352198	0.027868768792908113	0.04343108422176106	16
ATAD2	2.3162906	1.5006586	0.028725703924409113	0.044578528349723506	16
SNHG18	2.3073318	2.4701467	0.02947145057604114	0.045659123638772336	16
SPRY1	2.2973921	1.269323	0.029647246963019937	0.04591222863719977	16
SDHAF3	2.2935963	1.403835	0.030167201005000963	0.04669786665834879	16
PXDN	2.279023	1.120655	0.0308288321673041	0.04754279418121397	16
CLCA2	2.2763968	2.298115	0.031450556283107556	0.048400585366964774	16
SLPI	29.467663	5.307214	1.1819615633547692e-57	8.734695953191744e-55	1
KRT17	29.425224	6.163336	6.340347597338678e-56	3.4359706561088903e-53	1
KRT14	28.917173	6.424311	4.590964524702295e-55	2.1204517398468723e-52	1
CSTB	27.111923	3.6798341	6.57557471676475e-58	6.0741871446114375e-55	1
DDIT4	25.945639	4.9067593	5.086252352475667e-50	1.7085184038543266e-47	1
KRT6B	19.735195	5.6008706	3.1250691436802207e-37	5.498633564713532e-35	1
MT1X	19.716078	3.8586073	1.3090730660582602e-40	3.0231406119282943e-38	1
CDKN2A	18.777548	4.158929	1.5840101518417794e-36	2.4387156296064065e-34	1
KRT6A	18.039858	9.0963335	3.0354772458769752e-33	3.115580117643173e-31	1
RHOV	18.010805	4.7806783	6.724629617667349e-34	7.529547405236623e-32	1
S100P	17.04217	4.0803714	5.653925544869158e-33	5.646285104943659e-31	1
SAA1	16.916784	4.5676565	7.615030143313197e-33	7.034384094885565e-31	1
ID1	15.598056	4.6671753	3.0890140116256906e-29	1.996711183798814e-27	1
SAT1	15.287453	2.0888684	7.016750229828938e-33	6.647921051081519e-31	1
SERPINB5	15.208241	6.106443	6.744911443463845e-28	4.0197496425159526e-26	1
SFRP1	14.797628	4.101447	7.377795636645507e-28	4.259524199594554e-26	1
NDUFA4L2	13.786563	4.7005453	2.2634812111228444e-25	1.0199467164754768e-23	1
PDZK1IP1	13.612087	3.691176	3.9799520152179864e-25	1.7507050828845784e-23	1
WFDC2	13.429463	3.014738	1.1674200234380091e-25	5.460274666586638e-24	1
TPM2	12.5883	3.0956304	1.2637448920916689e-23	4.405223939885582e-22	1
TMEM45A	12.471766	3.9391265	1.7565507135023078e-22	5.3200449888451035e-21	1
MFGE8	12.407599	3.5335517	1.5661723702815696e-22	4.782650337347438e-21	1
TM4SF1	12.400396	2.2744288	2.8813891242869313e-24	1.1326311504510863e-22	1
RARRES1	11.695988	3.8668716	7.899233365757465e-21	2.0410956144387297e-19	1
KRT5	11.120943	3.7403426	1.201332434418795e-19	2.6580379312439805e-18	1
FDCSP	11.008133	6.8079486	5.376626517550332e-19	1.1037019434638043e-17	1
MAFB	10.818714	2.8992004	4.0915565267703084e-19	8.541413201365135e-18	1
GADD45A	10.541078	3.3179832	3.2486745954374416e-18	5.884241485363405e-17	1
STMN1	10.492014	2.5390198	1.664564579428071e-18	3.1703949077251144e-17	1
CRYAB	10.33321	3.1462502	6.031726974849397e-18	1.0612967224794534e-16	1
PMAIP1	10.097657	3.1094189	3.196434192871928e-17	5.226028470204325e-16	1
BTG2	10.081715	2.2932994	1.4738932853770923e-17	2.4312659327983736e-16	1
PCLAF	9.6907835	3.9873757	3.3686285626539496e-16	4.84322277782348e-15	1
UBE2C	9.672162	3.6941786	3.045884322241334e-16	4.430922271921941e-15	1
DSG3	9.670645	6.104619	4.984754331831653e-16	7.003295534645611e-15	1
S100A9	9.547192	2.8095593	2.8419446853818485e-16	4.15058719861104e-15	1
LAD1	9.460636	3.7610984	1.1870492981986144e-15	1.600783633884628e-14	1
HMGB2	9.266654	2.6212564	1.8610535723324127e-15	2.4121067956408953e-14	1
SH3KBP1	9.250762	2.8503797	2.2810207977034026e-15	2.906335119832439e-14	1
CALML5	9.208933	2.665618	1.4271673388120267e-15	1.893710776552482e-14	1
RBP7	9.129308	3.2906427	4.746705113458167e-15	5.731723985041806e-14	1
CSTA	9.053296	3.6264677	8.53999790981749e-15	9.891941152594241e-14	1
MMP7	9.032436	3.6429248	8.183984953486054e-15	9.539376783322072e-14	1
GGH	8.973036	3.4212887	1.3191824922286437e-14	1.509095761233696e-13	1
LCN2	8.89241	4.2776933	2.1549510573578066e-14	2.3983566737762334e-13	1
LY6K	8.810103	3.4612684	2.939423818926832e-14	3.2518476080642646e-13	1
SFN	8.591736	2.9472365	7.674702778294133e-14	7.89917180105761e-13	1
TNFAIP6	8.549654	3.2698379	8.173801744059374e-14	8.366259679861327e-13	1
TYMS	8.512657	3.642594	1.3522669723967336e-13	1.3577789301646551e-12	1
PLS3	8.425711	3.0916576	1.8334996530326625e-13	1.8114388283303977e-12	1
GJB2	8.324948	4.4017315	3.8393841628844406e-13	3.6282671309099767e-12	1
SDR16C5	8.315074	4.5881205	4.360498071251831e-13	4.078997562854561e-12	1
FGFBP2	8.309718	5.8395476	4.592441224838539e-13	4.263585508989548e-12	1
DSC3	8.261663	5.432483	5.903293864052053e-13	5.4260375193214765e-12	1
ANXA1	8.248641	2.0082877	2.321514386332202e-13	2.2573672782888125e-12	1
PSAT1	8.129831	3.9848626	1.0456354286265526e-12	9.287555069170943e-12	1
CHI3L2	8.076022	3.5377843	1.2743854481062635e-12	1.1238315586521822e-11	1
GABRP	8.044461	3.0621514	1.307288143192783e-12	1.1501023069279363e-11	1
HIST1H4C	8.033269	2.3697393	1.1531287750570434e-12	1.0217771759798023e-11	1
CTSV	7.907306	4.2454076	3.1876498839547423e-12	2.6647887604553783e-11	1
LY6D	7.8917623	6.3094554	3.809325548169928e-12	3.134845857569685e-11	1
CHI3L1	7.8625965	3.5051181	3.4740309076437814e-12	2.8717101126943563e-11	1
ASF1B	7.8595653	4.528004	4.204738644644518e-12	3.444902282031373e-11	1
CXCL17	7.7928586	3.2750077	4.7504479207388056e-12	3.866278649147552e-11	1
PITX1	7.7823887	2.8975682	5.028849562464923e-12	4.074912090637695e-11	1
CLDN1	7.737774	4.128546	7.34088241075645e-12	5.858436394761356e-11	1
APOD	7.709698	2.5281897	4.963461081893177e-12	4.0307667467242396e-11	1
RND3	7.6443453	2.376591	8.535268059099672e-12	6.782325909327589e-11	1
CD24	7.6245575	1.3533324	2.209197868716851e-12	1.9072397488104593e-11	1
DLX5	7.5244517	4.885243	2.244361082366195e-11	1.6889845619843362e-10	1
DEPP1	7.4265203	3.0027592	2.8813126508307844e-11	2.0998915670255913e-10	1
ICAM1	7.408224	2.4465835	2.858927183173068e-11	2.0918288993711853e-10	1
CCNB2	7.3027263	3.936318	6.265669348459686e-11	4.360009085227597e-10	1
C19orf33	7.261065	3.0027924	6.975551535622849e-11	4.844861451903463e-10	1
LEMD1	7.2609262	4.969661	8.142474650580639e-11	5.61314250632378e-10	1
NDRG1	7.234141	2.5278661	7.370399999573613e-11	5.099930336783614e-10	1
FABP5	7.067237	1.7922213	1.0278054428702214e-10	7.032853910010126e-10	1
PKP1	7.0575905	4.1620626	2.1409079742092693e-10	1.3890962423950257e-09	1
NOV	7.025823	5.1404376	2.508673099451802e-10	1.6065072967893256e-09	1
MYLK	6.9811974	2.6247604	2.3369346347251393e-10	1.5017345174451112e-09	1
MALL	6.8971443	3.1514564	4.1847799588349026e-10	2.598783520654616e-09	1
CITED4	6.8896575	2.7222195	4.0889605088890244e-10	2.543553717229789e-09	1
TK1	6.856118	3.1122432	5.223301558324614e-10	3.1691460193775776e-09	1
LINC01133	6.827506	4.3838735	6.34769101424438e-10	3.819986693425568e-09	1
SDC4	6.8235674	1.9383625	4.944654529203046e-10	3.0199171050256623e-09	1
PTTG1	6.460013	2.2424867	2.9405690698471884e-09	1.6314418488116157e-08	1
SAP30	6.368705	3.0985775	5.3540482287513985e-09	2.854719798735414e-08	1
S100A2	6.3577237	3.4319293	5.560729846831409e-09	2.9563880264808712e-08	1
CALD1	6.3325925	1.4645087	3.369910118802742e-09	1.8640445941581034e-08	1
NBL1	6.3303	2.0382593	5.256266363112539e-09	2.8066335566041664e-08	1
CENPM	6.3279295	3.1199524	6.38372773968263e-09	3.364889300731429e-08	1
HMSD	6.309014	28.8401	7.719821004304319e-09	4.017568818437247e-08	1
INSIG1	6.2381496	1.9139309	8.46259183312194e-09	4.367217433433738e-08	1
PI3	6.1995873	3.2044644	1.0626660643562639e-08	5.438436437391129e-08	1
VGLL1	6.18516	4.308236	1.3144953821322618e-08	6.662634344278063e-08	1
LARP6	6.159302	2.7118196	1.3704917361956211e-08	6.927451388841068e-08	1
RHBDL2	6.1515465	4.6700726	1.5565835891977292e-08	7.761911419818635e-08	1
CDK1	6.1192045	2.9212568	1.613697249253496e-08	8.025048904430239e-08	1
ORC6	6.1108904	3.5602896	1.8008506537080352e-08	8.895913322795708e-08	1
CENPU	6.104676	3.5084593	1.8621993941392845e-08	9.137884145212027e-08	1
LMO7	6.0494704	3.2786083	2.3759768201007302e-08	1.1476123333689148e-07	1
HELLS	6.0433273	2.8765774	2.369192241246243e-08	1.1473349058197728e-07	1
SYNGR1	6.031709	2.7100434	2.5090681778142646e-08	1.210314218932599e-07	1
PIM1	5.9780006	2.3138437	2.8809468788284423e-08	1.3735611248091734e-07	1
MFAP5	5.9600616	3.078207	3.363397049967261e-08	1.5802946902615945e-07	1
SBSN	5.8927374	8.379643	5.137549290479513e-08	2.3465073706207415e-07	1
EZH2	5.8461986	2.508556	5.6442713276168835e-08	2.5589671847293726e-07	1
AARD	5.814882	1.8657622	5.5127690417799844e-08	2.5085814789873204e-07	1
SPRR2A	5.805695	29.01292	7.59760418452012e-08	3.378236758339572e-07	1
GOT1	5.792317	2.652471	7.323884709405527e-08	3.2722798066811876e-07	1
HR	5.786445	4.8764105	8.157691371075391e-08	3.6012747450565795e-07	1
CDKN2B	5.7760596	3.22435	8.14710185477039e-08	3.60090207576275e-07	1
KRTDAP	5.7737765	7.152706	8.724912864546084e-08	3.8107036683803525e-07	1
IDO1	5.762662	4.5722075	8.87802052116696e-08	3.872997145892788e-07	1
BIRC5	5.760618	2.6206846	8.245041710445681e-08	3.635492735095082e-07	1
CDKN3	5.7454944	2.8662992	9.089273510321492e-08	3.9465176992523983e-07	1
ID4	5.7327533	3.1077707	9.785691854052013e-08	4.2044338838049057e-07	1
NUSAP1	5.7271514	2.6475766	9.505153611181328e-08	4.0981963352759633e-07	1
ZWINT	5.7063656	2.7562091	1.0942868518991078e-07	4.6690414754817594e-07	1
PBK	5.693755	3.8468957	1.2071540999966895e-07	5.12104982719606e-07	1
KLK10	5.6913066	3.438558	1.1895903214365664e-07	5.052340503112773e-07	1
CDC20	5.6466875	3.2719288	1.4355368749204286e-07	6.013955502075945e-07	1
NMB	5.618046	2.5674226	1.5832456282518816e-07	6.602813314210726e-07	1
EGLN3	5.598212	2.981879	1.777649737201505e-07	7.306357929877153e-07	1
KCNG1	5.5471044	5.740278	2.3670282262784643e-07	9.517050376603836e-07	1
ID3	5.546189	1.7460258	1.908468108928018e-07	7.78343229855301e-07	1
CEBPD	5.486899	1.5392704	2.5163270323683284e-07	1.0073486873890545e-06	1
FRAT2	5.476474	3.4604661	3.1086658065877946e-07	1.225882620634141e-06	1
SLC6A14	5.4704394	4.4935637	3.269618297099266e-07	1.2838724344082666e-06	1
PSORS1C2	5.448276	5.7177753	3.635209843104732e-07	1.4153951918094821e-06	1
HMGB3	5.43121	1.888506	3.426512321679236e-07	1.3397844474714048e-06	1
A4GALT	5.411875	2.5678697	3.897442737916735e-07	1.504812008004424e-06	1
MYBL2	5.3512874	3.7843893	5.386912133097641e-07	2.027493445365716e-06	1
NOTCH3	5.3270783	2.112869	5.502680578872992e-07	2.0642035267955032e-06	1
TPX2	5.312488	2.7325537	6.0949855694631e-07	2.2748456241581975e-06	1
LIPH	5.291156	3.0870163	6.829981562075908e-07	2.5338134409508515e-06	1
CENPW	5.2873116	2.1515164	6.574091910665908e-07	2.448465175389585e-06	1
RUNX3	5.2715745	2.3013155	6.91492743227909e-07	2.562753948071338e-06	1
PPP1R14C	5.2319407	3.4005027	8.921040530121693e-07	3.254022187443204e-06	1
SLC2A1	5.231727	2.2327077	8.43246088572216e-07	3.081893469114083e-06	1
KLF10	5.1806383	1.5976511	9.835587248557358e-07	3.5796775851265943e-06	1
TENT5B	5.1756463	3.2980926	1.1323477765236638e-06	4.066107905009657e-06	1
VSNL1	5.1685867	4.106786	1.1835714796753046e-06	4.245919046019661e-06	1
AC239800.2	5.1534243	7.012087	1.287275964322407e-06	4.582355190916468e-06	1
GPC6	5.149593	3.3438663	1.2524010144469587e-06	4.470265135644687e-06	1
MBOAT2	5.1016	2.0941484	1.4802714702222846e-06	5.229066044427668e-06	1
ADGRG1	5.0800066	2.0893452	1.5885716101923998e-06	5.584940151913337e-06	1
CDKN2C	5.0619435	2.57976	1.78718596532273e-06	6.229860511195743e-06	1
CKLF	5.055737	1.2804898	1.5602218273720133e-06	5.495728934356139e-06	1
GSN	5.0465813	1.1309218	1.5270711328350526e-06	5.384091446398396e-06	1
CDCA3	5.007022	3.2412212	2.301410811274814e-06	7.939974741046162e-06	1
DUOX1	4.9624915	3.940974	2.8059691629433512e-06	9.54701294390026e-06	1
BCL11A	4.951202	2.4825146	2.811834475387621e-06	9.558167788921121e-06	1
MYC	4.943247	1.2790117	2.5419023861458694e-06	8.69660121926758e-06	1
BAMBI	4.928717	1.7381998	2.934642435988939e-06	9.929948535695173e-06	1
NDC80	4.916375	3.0674756	3.287620655234236e-06	1.1033386304351046e-05	1
S100A8	4.905254	2.0727286	3.2193295638534933e-06	1.0833718341018814e-05	1
PRKAG2-AS1	4.902847	2.6362374	3.5143775752244902e-06	1.1730465348197374e-05	1
SPC25	4.851658	3.2601676	4.385272530841393e-06	1.4415998221938565e-05	1
CSRP2	4.8379016	2.080978	4.337003198587612e-06	1.428544518494577e-05	1
ERO1A	4.821606	1.6203259	4.559357610206192e-06	1.4961657521946607e-05	1
PELI1	4.796302	2.1048386	5.273069665523886e-06	1.7212007432960037e-05	1
CDT1	4.7855864	3.3476827	5.687233793054792e-06	1.84174661396472e-05	1
TMEM213	4.772222	3.6260097	6.088546360443772e-06	1.9631046074903786e-05	1
C1S	4.709707	1.8315766	6.930391097244501e-06	2.2075685434757267e-05	1
RHCG	4.6476336	5.3315587	1.0214515916868482e-05	3.1557388221428965e-05	1
RFC4	4.6396623	2.4660826	1.015104123298736e-05	3.14115534365759e-05	1
PGLYRP4	4.638537	7.388196	1.0624864066687692e-05	3.2661291785699685e-05	1
MIA	4.620974	2.282481	1.0667715449208974e-05	3.276575942213396e-05	1
FAM43A	4.6098685	2.8651206	1.152077504545537e-05	3.5123154944684486e-05	1
EMP1	4.609186	1.3041091	1.0124192993887413e-05	3.1356993388444253e-05	1
AQP3	4.583361	1.9094564	1.212351200193881e-05	3.677863452148104e-05	1
ANP32E	4.569311	1.4798981	1.2569805316090773e-05	3.8038845735426215e-05	1
RPP25	4.490033	2.2621338	1.8212436779002158e-05	5.370706615994651e-05	1
GJB6	4.4805007	5.3157067	1.9698664348872742e-05	5.753878637872315e-05	1
SAA2	4.451712	2.4396467	2.0777647740029804e-05	6.030904037659868e-05	1
TMEM176A	4.450793	1.6618246	2.0421096436874497e-05	5.936738893332122e-05	1
BGN	4.435779	1.633827	2.0498025123391587e-05	5.954418461551251e-05	1
SERPINE2	4.426021	2.0365162	2.2873670350053613e-05	6.587545747735628e-05	1
LIF	4.4057693	2.4685366	2.5173612187306095e-05	7.221777719883231e-05	1
CYR61	4.401015	1.4236662	2.4431074856578666e-05	7.014205252141272e-05	1
CDCA8	4.37601	2.7565393	2.8834534826954878e-05	8.201971222909798e-05	1
SERPINB2	4.3374634	5.521035	3.4181701179475014e-05	9.561043592593503e-05	1
HIST1H2BJ	4.326083	3.080503	3.537438443969272e-05	9.849913376387687e-05	1
RCAN1	4.3249288	1.61466	3.352664685940735e-05	9.38492122314471e-05	1
C5orf46	4.2934427	2.3712056	3.8924819277817194e-05	0.00010773573575395845	1
ALDH3B2	4.2805657	1.867851	4.0411826079870344e-05	0.00011168414163434624	1
FOXC2	4.2578154	4.5479703	4.624248778941844e-05	0.0001258217911501481	1
AVPI1	4.244343	2.3456917	4.7577426908113734e-05	0.00012890062065945348	1
EN1	4.2241836	2.9900773	5.192820157078888e-05	0.00013914046758815437	1
IGFBP3	4.217468	2.3358748	5.2339714986909706e-05	0.00014014148324393576	1
PRR11	4.206433	3.6765862	5.6003129888081626e-05	0.00014919363009117636	1
ATAD2	4.1965194	1.7502695	5.5517653533643825e-05	0.00014800702006263633	1
CHEK2	4.1837296	2.6430337	5.95578634674792e-05	0.0001578667901810155	1
CEP55	4.16458	2.9108496	6.461120618588607e-05	0.00017077139260146567	1
RCL1	4.1373105	2.3282883	7.075995909231883e-05	0.00018582661609532202	1
PLEKHF1	4.129938	2.4228673	7.272709978717902e-05	0.0001904511932768437	1
GTPBP6	4.1261873	1.6563625	7.236072858284193e-05	0.00018976074670943997	1
PRELP	4.1255784	2.3239272	7.272211525423846e-05	0.0001904511932768437	1
NTRK2	4.0770493	1.9057282	8.634068704195253e-05	0.00022372288823282934	1
CENPF	4.0683994	1.9005904	8.954946108694097e-05	0.0002310651248018484	1
GPR180	4.0395947	2.2418776	0.00010156582528865024	0.0002591752240618527	1
FOXQ1	4.0318565	5.2463574	0.00010770123954283998	0.0002729465570032879	1
EDN2	4.005314	2.8105266	0.00011695368275985754	0.00029377556614389774	1
MT1G	3.99095	1.3516412	0.00011522558763863047	0.0002898288266335872	1
CCNA2	3.9905076	2.6832473	0.00012198956214478192	0.00030518038735610645	1
CTHRC1	3.980736	1.2567374	0.00011663732379585667	0.0002931802118542112	1
LPL	3.958891	4.0397525	0.00013997024244398804	0.0003459706059205319	1
EFNB2	3.9470983	2.8472028	0.00014499463497377177	0.00035717011748539107	1
CTPS1	3.941221	2.0857632	0.0001452428544647594	0.00035730515795425166	1
CDKN2D	3.9204311	1.8272806	0.0001548948074080473	0.00037953336430552703	1
CALB2	3.9069514	3.5788355	0.00016732131722966168	0.00040862674630773294	1
SOCS3	3.897605	1.166178	0.0001632064920368529	0.00039910522043426304	1
FANCL	3.8971994	2.049033	0.00017074479006653245	0.000415067104799893	1
LGALS7B	3.8795838	4.519795	0.0001865119300927119	0.00044925787594039796	1
MAFF	3.8728132	1.1636486	0.00017855839518208418	0.000432354698687943	1
PRC1	3.865281	2.5199056	0.00019146190113034876	0.0004600852284792421	1
SLC39A2	3.8474214	4.2502384	0.00020936352866065188	0.0004994178427379656	1
KPNA2	3.8362417	1.3619443	0.00020872271264331835	0.0004982108677112799	1
CCL20	3.8353722	2.1538308	0.00020960562239410668	0.000499418049064616	1
CBR3	3.8343925	1.4696867	0.00020843694594145288	0.0004978503653869867	1
SSPN	3.833135	1.6662872	0.00021082456091531303	0.0005019308972822691	1
BCAR3	3.8251238	2.390475	0.00022273316536226609	0.0005282407227301497	1
TOP2A	3.8124125	1.7125399	0.00022343148267316005	0.0005293164821117921	1
SNX10	3.8079376	1.3964878	0.00022715809467179252	0.0005375433741328738	1
CLCA2	3.7933297	2.6668694	0.00024910425775028655	0.0005851495437935847	1
NXPH4	3.7859864	2.72259	0.00025612051143488097	0.0006001048127786208	1
CP	3.771661	1.6442014	0.0002592081366450622	0.0006067997905223142	1
NNMT	3.7658582	1.0515664	0.0002484771715673098	0.0005840478046699808	1
CKAP2	3.7579412	2.0581684	0.00028074745094822296	0.0006503835932624977	1
KRT16	3.7514043	2.2071002	0.0002859119707492009	0.0006609453454461985	1
HIST1H1C	3.7017593	1.3672537	0.0003357661717112972	0.0007701154590150484	1
DMRT2	3.69844	4.984777	0.0003537325396331173	0.0008078131853797085	1
PLIN2	3.6940932	1.0778085	0.00033125068395285394	0.0007611761674165394	1
SMC4	3.6828938	1.2870407	0.0003567063892808132	0.0008141013640473161	1
ING1	3.6736007	1.7075671	0.00037587530878011917	0.0008510167070726349	1
CLSPN	3.6725302	2.5859284	0.000380672899006322	0.0008602974690081712	1
RHNO1	3.6631784	1.9353113	0.00039215325276108096	0.0008857006533937616	1
RYR1	3.6602669	4.177717	0.00040239568638748065	0.000906605707022059	1
TM4SF18	3.6467931	2.0449727	0.00040892101526768715	0.0009201968035408673	1
LINC00393	3.6358778	5.032599	0.00043919985503304245	0.000982350765343276	1
ACP5	3.635828	1.3425075	0.0004132099097066417	0.000929282176729179	1
CA9	3.6358154	4.0127974	0.00043746386565141987	0.0009790605594076295	1
GTSE1	3.6212666	2.2283297	0.00044912328829143576	0.0010021198974860237	1
SKP2	3.620557	2.4762056	0.0004563296651859192	0.0010175848599046297	1
TMEM176B	3.6015687	1.2298952	0.0004657860583653555	0.0010380455281423333	1
RDH10	3.5707474	2.1782293	0.0005360459159856474	0.0011796841331548347	1
RIPK4	3.568306	3.374951	0.0005498436953215862	0.0012054393965044204	1
AL355075.4	3.5643134	2.4515512	0.0005519802929971934	0.001208990623962436	1
ARHGEF7	3.5532415	1.576943	0.0005627550240234522	0.001228947880476747	1
ISG20	3.5465105	1.0075758	0.0005586318602478854	0.001221387410423631	1
KRT15	3.5358462	1.4334698	0.0005897312251218379	0.0012825526055474932	1
SNAI2	3.4820814	2.052465	0.0007200515539567693	0.0015388030606537089	1
ACTR3B	3.4816275	1.9614586	0.0007251213156729108	0.0015478470603185472	1
RRM2	3.4562612	2.1687822	0.0007871333689579222	0.0016667379932948554	1
MYO3A	3.4488857	6.5258183	0.0008248440784547175	0.0017365395695470775	1
SLC34A2	3.4482331	2.5992665	0.0008165971334634142	0.0017202545086358698	1
FOXC1	3.4409409	2.0523198	0.0008317414687601967	0.0017461845040164356	1
YRDC	3.4200883	2.0134575	0.0008918485346298254	0.0018628492569006247	1
GPSM2	3.4173906	1.7534723	0.0008914640597214469	0.0018628492569006247	1
AURKA	3.4062147	2.2512002	0.0009317025370647406	0.0019406092866145529	1
DEFB1	3.3962886	1.6940858	0.0009378319119343947	0.0019522754448437118	1
SPRR2D	3.3959155	27.711517	0.000982416852739726	0.0020347703312069997	1
BHLHE41	3.3901803	1.642064	0.0009703638895575744	0.0020131917865891286	1
NUDT8	3.3869004	1.4459176	0.0009742425807391398	0.0020201045655617966	1
TGFBI	3.372264	1.3127471	0.001014630999801656	0.002093278360841496	1
IL36G	3.3433259	27.300686	0.0011658481834973965	0.0023773780563040177	1
MAD2L1	3.332576	1.6187232	0.0011731121176598931	0.0023900999123297392	1
ROCR	3.3325124	2.5353217	0.0011920327750855112	0.0024240842619377896	1
SYNM	3.32965	1.8938612	0.0011823222742990962	0.0024069866686144132	1
PTX3	3.3261144	2.6512916	0.001218179744219688	0.002470457823760564	1
NDRG2	3.320775	1.1892552	0.0012054667063699945	0.0024481557397025466	1
PLK1	3.31802	2.844657	0.001253520436438827	0.00253378447081043	1
PDGFRL	3.2867215	1.8025591	0.0013608704878183783	0.00274177560113899	1
MXRA5	3.259427	1.4898859	0.001467915723073087	0.002949401085783065	1
CENPN	3.2444468	1.7925531	0.001567450835259384	0.003132358483657882	1
TMEM158	3.2363505	2.9465826	0.0016253342517788085	0.0032410200001741483	1
LAMC2	3.2354434	2.0882905	0.0016151060926541637	0.0032223633976010448	1
KIF23	3.2306101	2.3396537	0.0016460033906050711	0.0032769302415332643	1
IGFL2-AS1	3.227995	7.9815164	0.0016861452160761895	0.0033461389380221697	1
MKI67	3.2238941	1.7986473	0.0016651131509271234	0.003313189602948692	1
AC092069.1	3.2201316	2.5535824	0.0017073116010725177	0.0033789589533813357	1
HSD17B2	3.2199323	3.4176652	0.001718552475728208	0.0033993851166037093	1
PXDN	3.2179382	1.3006855	0.0016905004734033904	0.003351072558597386	1
TMSB15A	3.2010717	2.1372027	0.0018081690147116317	0.0035500449040167265	1
GARS	3.181678	1.1385174	0.00189209862142257	0.0036971466981260684	1
PROS1	3.1774385	2.5187752	0.0019513096034479603	0.003802789548913614	1
MGAT3	3.1676106	4.5847654	0.0020345945368868317	0.003952590333226521	1
AC007906.2	3.1643746	3.4908378	0.0020501258582287718	0.003978579330963924	1
FANCI	3.1629057	1.977064	0.002030695854625473	0.003950334101599322	1
GPRC5B	3.141475	2.440026	0.002188941019848052	0.004225776942705617	1
SEZ6L2	3.1385784	1.478113	0.0021837671772773283	0.00421799253530566	1
AL627171.1	3.1295815	2.161438	0.002259047259760973	0.004356565566188306	1
PAQR4	3.1223702	2.0327058	0.002319341023987251	0.00445656010589334	1
NPR3	3.1143515	3.9707372	0.002397689658975006	0.004588018275459682	1
RAB12	3.1047828	2.903453	0.0024609791261300078	0.00469938908064619	1
S1PR5	3.0895448	3.73574	0.0025844490232511223	0.004914842584103395	1
PLAU	3.0821228	1.5213141	0.0025899175806304428	0.0049201776146167026	1
PALMD	3.0617867	1.9471033	0.0027820202107478598	0.005231543106433728	1
ATP13A5	3.0572438	3.676307	0.0028538376588943654	0.005352756421124203	1
BARX2	3.0537355	1.8880746	0.00284947380494609	0.005347285784294466	1
LINC00623	3.0352464	1.2265434	0.002988622449259073	0.005582891784637146	1
KIF2C	3.0238426	2.274593	0.0031339559619595406	0.005833736664705542	1
KLHDC7B	3.0235848	1.872361	0.0031170689946481292	0.0058052267818673575	1
TTYH1	3.013456	1.3515842	0.0031738024425910483	0.005896028167608811	1
STEAP1	3.0126293	1.7408488	0.0032335815078315968	0.00599502442119305	1
FAM83D	3.0056894	2.2187202	0.003306191584741397	0.006114303256065796	1
PNP	3.000927	1.145363	0.0033007917272167473	0.006107373776697988	1
TCN1	2.9950018	4.7019825	0.0034511605199127712	0.006347826391009181	1
ANLN	2.990988	2.6007712	0.003476124941339584	0.006380666496895064	1
CCNB1	2.9790056	1.559953	0.003554790926458718	0.0065024517194381	1
MAPRE2	2.9695187	1.4454442	0.0036513078831945933	0.0066658016938755055	1
MYO1E	2.9664693	1.4323536	0.0036989059992278664	0.006746030437881029	1
KRT81	2.963401	1.7401423	0.003738533664724161	0.006814939265493723	1
CEP152	2.948689	2.1247077	0.003925991468622201	0.0071215210979671244	1
MAP7D2	2.9445758	4.460674	0.00401154853913587	0.007255345987326011	1
PTHLH	2.933834	2.7679427	0.004123640059772968	0.007429967337319351	1
AC107871.2	2.928492	6.3532634	0.004215918949356069	0.007569397724912865	1
COL8A1	2.9073155	1.4708897	0.00437003257738066	0.00781903772816649	1
XG	2.895627	2.7524574	0.004611283094440293	0.008223306483569923	1
SLC6A2	2.8332884	26.482948	0.005573345348449125	0.00973228311083153	1
SOSTDC1	2.8326092	3.2563055	0.005557818258960198	0.009709758140358361	1
APOLD1	2.8277872	1.8598397	0.005594345948127342	0.009759730065311865	1
CLDN10	2.8224807	3.9449775	0.005737299461663944	0.009976151299222715	1
SPC24	2.815127	2.6542454	0.005826931402858077	0.010117721585319827	1
TPPP3	2.8054662	1.4762381	0.005905442128676176	0.010225214932267326	1
EDN1	2.8048077	1.6664124	0.005950019396717199	0.010292753591231297	1
RAD51AP1	2.7999043	1.6843734	0.006050205708518733	0.0104513838676843	1
KCNMB1	2.782942	1.7644898	0.006354522085230757	0.010925993068835573	1
FURIN	2.7483704	1.392725	0.007020586120173744	0.011993095568211735	1
AGT	2.7349133	2.4346323	0.007335036362720155	0.012478342246892711	1
PHF19	2.7323687	1.5985918	0.007353619289269192	0.012498446768100122	1
DLGAP5	2.7320151	2.2486415	0.007373185498836941	0.012525940422162068	1
UPP1	2.7315273	1.0096086	0.00729124453495615	0.01242099979560303	1
FBLN1	2.712683	1.045957	0.0076225330167798006	0.01293170775803552	1
NRP2	2.6973398	1.2139218	0.008053189483187862	0.013624787152188256	1
SCNN1B	2.6946664	2.740616	0.008228108840120875	0.013882585463126316	1
LAMB3	2.6810625	1.7689304	0.00850462462507107	0.014316440997556995	1
CAMK1D	2.6742373	1.4978139	0.008627626519104967	0.014483907309447002	1
FOXM1	2.6659648	1.7344925	0.008848514113661377	0.014794235135737008	1
NDN	2.6463053	1.9598274	0.009371875678489572	0.015598684969377915	1
IL27RA	2.6427739	1.4154097	0.009411922888066027	0.015658286839893728	1
NEK2	2.6366837	2.0898244	0.009633744276105189	0.01599851015739716	1
SPINK1	2.6151013	4.5489497	0.01028942135406526	0.01700331480468298	1
FAM84A	2.593084	1.5786605	0.010825093814323969	0.01778511411468522	1
NMU	2.5929897	2.7305756	0.010885160410714972	0.017868942271326124	1
MAGEA3	2.589963	5.9626775	0.011028908182335614	0.018051965148408882	1
HEY2	2.5864177	1.9220867	0.011043118352742257	0.018063002352095014	1
LINC01436	2.5704176	2.4209301	0.011580113688812205	0.018816411644749825	1
PPP1R1A	2.5551403	1.8827783	0.012036841492855006	0.019464389197417616	1
HSPB8	2.5530877	1.7247682	0.012082482769319152	0.01951257597580169	1
ADORA1	2.5421941	2.8115454	0.012501018518046863	0.020100636825144978	1
KLK11	2.5342424	1.4455693	0.012646865291980666	0.020300151232637606	1
TMEM173	2.5316575	1.2776501	0.012759931834552	0.020454641270572515	1
GSTO2	2.5243018	1.0507746	0.013012478830003745	0.020787336479405033	1
CD164L2	2.5132406	3.3808532	0.013525010561442192	0.0215038356387818	1
RNF186	2.5002642	4.5459323	0.01401491926336856	0.022196796690161523	1
HSPB3	2.496074	26.621492	0.014192756509240552	0.022449587029813287	1
PHKG1	2.4802647	1.5133364	0.014663538224588818	0.023115091185945257	1
CENPA	2.4620264	1.4499623	0.015317809475597303	0.024054103702648547	1
FKBP9	2.4599652	1.0784897	0.015428730246254808	0.024202126661061273	1
TMEM38B	2.4540882	1.4554187	0.015714484557930796	0.02461425198878944	1
GFOD1	2.4407754	1.6748424	0.016297936570993682	0.025474143667437246	1
TGM1	2.4346151	3.066592	0.01658906938961105	0.0258744666081101	1
ENO2	2.4278698	1.3936118	0.01680175350787162	0.026151002195276173	1
ASS1	2.4059901	1.1408331	0.01775933243717994	0.027479369076792246	1
SCML1	2.3961818	1.2592236	0.018239154008038536	0.028174612901213373	1
LY6G6C	2.389961	2.4068997	0.01862229752381364	0.028718442967650838	1
GATM	2.3854527	1.3796346	0.01877786151976314	0.028910082631468666	1
NINJ2	2.381048	1.3828316	0.018956478290875947	0.02917292265088989	1
TSPAN7	2.37943	2.3474422	0.01909579959397137	0.029362871202548567	1
TCF19	2.3679245	1.9341164	0.01970286770416512	0.0302334286407351	1
CKAP2L	2.3486912	2.4304273	0.020705708845647566	0.031562538855060954	1
CENPE	2.3446856	1.753244	0.02087022960618572	0.03180020552365206	1
SPRR2E	2.3411686	26.579948	0.02120776999677722	0.03222150910283381	1
SLC6A9	2.3316898	2.215224	0.021647390510784105	0.0328084938217175	1
ANG	2.3257153	1.1209835	0.021820269770839857	0.03302986349989892	1
PCSK9	2.3255866	6.0920696	0.022057306621728855	0.0333340482483796	1
PROM1	2.3238876	1.4208056	0.021958343686930816	0.033198068708350806	1
SKA1	2.313788	2.7763264	0.022649066739523546	0.03411671488077436	1
KIFC1	2.312464	2.1113253	0.022691973554039707	0.03416741739290005	1
DSEL	2.297329	1.9970832	0.023575216177744975	0.035381975538898325	1
ANKS1B	2.2916882	1.975227	0.023887954387067343	0.035764178063295717	1
AC019205.1	2.2745607	3.237666	0.02503451086547559	0.03738986162002114	1
PIF1	2.2665634	2.0960124	0.025436119950688105	0.03789776742652925	1
GLDC	2.2619276	2.7154202	0.025811362443181822	0.03841038430429192	1
ESCO2	2.2599127	2.2874446	0.025898855391158764	0.03851018270261419	1
PPP2R3B	2.2550895	1.7785596	0.026151401499246822	0.03885381123430519	1
CHAC2	2.2508457	1.9834671	0.026479054287025173	0.03929321509660964	1
HCAR2	2.2477994	4.1506057	0.026746628980709997	0.03962662152514973	1
SLC36A4	2.2181334	1.5104054	0.028673908679643215	0.04221119225947477	1
NFKBID	2.168743	1.1063457	0.03219567255151103	0.0470209525999341	1
GLYATL2	2.164648	1.4276882	0.032552224581181524	0.047485380903065824	1
DCAF15	2.1637192	1.3050796	0.032618697330029665	0.04756357010041816	1
RPL23	12.487225	1.7934636	1.2754414026845045e-12	6.39451286691892e-12	19
KRT15	11.681754	5.060963	7.806918829724519e-11	3.2854857717348626e-10	19
SNORC	9.153018	6.778475	8.639514060590165e-09	2.9260315723080346e-08	19
MT1G	8.452949	3.3106337	2.3385839108570466e-08	7.653735651564913e-08	19
FABP7	8.399414	6.357839	3.599212718376966e-08	1.1594673927116731e-07	19
SIX3	7.5216594	8.9734125	2.1774614168356944e-07	6.365284758867003e-07	19
ELF5	7.3327246	4.5446525	3.0280038577679995e-07	8.693453189162983e-07	19
ACTR3B	7.3321905	4.6158743	3.0726777996600133e-07	8.814863718745147e-07	19
PPP1R1B	7.0992923	3.8312488	4.708694047774267e-07	1.3190769148237996e-06	19
NDRG2	6.852917	3.2355049	7.82991334417156e-07	2.1288837238200084e-06	19
SCRG1	6.708272	5.0052834	1.1726704647265917e-06	3.119522942523223e-06	19
STMN1	6.3699055	1.7807062	1.4448353425976662e-06	3.802469081836451e-06	19
ROCR	6.2086444	5.052463	3.6007321323402567e-06	9.044667048944425e-06	19
PCSK1N	6.190098	4.4458313	3.693229560775586e-06	9.264414953880374e-06	19
CAVIN1	6.164401	2.3815382	3.126809620185639e-06	7.913398319579408e-06	19
RAMP2	6.0467277	3.1565409	4.664022325414984e-06	1.1542908568257444e-05	19
TTYH1	5.6783357	3.7582638	1.1679257917512596e-05	2.7504689614537315e-05	19
KLK11	5.633549	4.152043	1.3098404283184692e-05	3.063202773820724e-05	19
CKB	5.402454	3.11819	2.1823516812769413e-05	4.9349996709414314e-05	19
FRMD4A	5.2345195	2.9448242	3.218669564474925e-05	7.079157167104075e-05	19
MT1H	5.1012783	6.192189	4.688820789032153e-05	0.0001006693365222185	19
BCL11A	4.9182105	3.2700622	6.970621187399305e-05	0.00014609441456290661	19
MFGE8	4.8986263	2.0300303	6.501633877646209e-05	0.00013688625172594154	19
NR4A1	4.8370423	2.1083496	7.95310947523698e-05	0.00016583789853784003	19
FOXC1	4.8181376	3.5642588	8.93775130855112e-05	0.0001846002855511257	19
EN1	4.3359036	3.956656	0.0002867087659429908	0.0005523404015429359	19
GABRP	4.3335977	2.3233657	0.00027227579151745286	0.0005267324867314075	19
TNNT1	4.2150292	2.112283	0.0003599689354071834	0.0006852577106283063	19
TGFBR3	4.126336	3.506025	0.00047105860726122313	0.0008821903465941305	19
CITED4	4.010812	2.2062004	0.0005985045290929674	0.0011029796683284362	19
CDK6	3.9969084	2.8935468	0.00063902699514946	0.0011712325134311781	19
HIST1H2AE	3.9915543	3.5294812	0.0006543374174758012	0.001196919186917369	19
PRSS21	3.8308675	4.4810605	0.0009655390794930871	0.001720186547120037	19
AQP5	3.7861252	3.4749093	0.0010652306924286853	0.0018832667026430585	19
TCF7L2	3.643479	2.0597076	0.0014609262529696188	0.0025450836891667806	19
OBP2B	3.6423528	5.272204	0.0015192029229444232	0.0026366626586564793	19
HIST1H2AC	3.5686743	1.8116611	0.00173992125810658	0.002994415020355758	19
CAPS	3.5573583	2.5804155	0.0018189517033906915	0.0031202537344608193	19
CRYAB	3.4989805	1.7069873	0.0020060052679834917	0.003426809738880722	19
CRTAC1	3.4899435	6.208678	0.0021817892347521543	0.0037048305250042325	19
CTHRC1	3.3742552	1.3151586	0.002566860909753022	0.00430528872516451	19
HRCT1	3.3567736	3.5332718	0.0029556043673816482	0.0049038878030871974	19
ITGA6	3.325203	2.473426	0.003162018972351261	0.005232270534186257	19
GPM6B	3.2829127	2.0986533	0.0034514576048481943	0.00566806037773959	19
LINC00842	3.222547	6.1577725	0.004080571813919592	0.006627566088981492	19
GSTO2	3.1639698	1.6289073	0.004507588552512051	0.007266814878504375	19
OSR2	3.1465514	2.9153266	0.004811680512463282	0.007699939148355058	19
BAMBI	3.1375968	1.6917164	0.004819355657913191	0.007708882751510495	19
SYNGR1	3.031379	1.8376697	0.006192175768333775	0.009690846871661711	19
S100A1	3.0215197	1.5958904	0.006258701245619584	0.00978666995453422	19
ALKAL2	2.9386337	5.0822387	0.00783450602405922	0.012117413042653334	19
EGR2	2.877573	2.1782126	0.008869943269899322	0.01361064799928488	19
GRB7	2.8703966	1.5095873	0.008853630531179213	0.013592439041824906	19
RNF152	2.8511875	2.9232895	0.00947628028789843	0.014468948621398636	19
DLX5	2.8449564	2.5473027	0.009588193726319385	0.014621698645790396	19
HIST1H4C	2.6668532	1.0246772	0.013852296416959802	0.020400253192772607	19
DSC2	2.595113	1.5676306	0.01663058941390711	0.024211988922138206	19
ARHGAP21	2.5912857	2.146489	0.016896938762925588	0.02454174085259829	19
FAT1	2.5436978	1.6896122	0.018564712817534357	0.02678508936383813	19
MELTF	2.5424883	2.3257053	0.018775585604953578	0.02705763994161602	19
SNX22	2.5242257	4.4540167	0.01969411446810044	0.028326100801724846	19
FGFR1	2.4857128	1.5630071	0.021165043738500484	0.03021825216914965	19
PPP2R3B	2.4664226	2.514923	0.022139761354742805	0.03152463129316943	19
FRZB	2.462177	3.2745748	0.022470939461090623	0.03194694933002303	19
BASP1	2.4552298	1.1463828	0.022287010925002865	0.031697654106191527	19
EVA1A	2.439552	2.4399078	0.023464559606348984	0.033269972273775705	19
AC104986.2	2.4383323	2.4907935	0.023530935714910883	0.03335128786597458	19
ID4	2.4287238	1.984983	0.023976387580601128	0.03391759269154715	19
FAM229B	2.3518455	1.7432414	0.028194139899081705	0.03950600945282779	19
SERPINE2	2.3491342	1.5128742	0.02819358115928654	0.03950600945282779	19
CMTM8	2.3162494	1.5811538	0.030414484321424354	0.04244015089413255	19
GGH	2.3086665	1.4358855	0.030842463172518715	0.04292388000845825	19
TMSB15A	2.3075523	2.3912234	0.031133052427784025	0.043279393800098556	19
ZFHX4	2.273731	2.6396725	0.0333593402347136	0.046131273266192645	19
CASC15	2.2722375	2.9736998	0.03360561090260777	0.04641971300378905	19
SFRP1	2.2542052	1.1634963	0.034278057908147364	0.047242604987170644	19
CDKN2A	25.70906	4.533883	4.6808716964129915e-24	1.7935301278165496e-22	13
SLPI	20.029024	4.514659	1.3736862249807508e-20	3.3470882579013026e-19	13
CRYAB	17.000242	4.3073072	1.137412864849065e-17	1.9367467906070484e-16	13
CSTB	16.309729	2.8432922	1.165543640980111e-18	2.2085557709853897e-17	13
KRT14	14.554223	5.1350865	1.3378958408401673e-15	1.7105623293786914e-14	13
CALML5	14.028727	4.322619	3.9138430653063525e-15	4.6650484278409584e-14	13
STMN1	13.679303	2.6332393	6.09935631315426e-16	8.13614497368411e-15	13
KRT5	11.876452	5.2129335	8.310926968272076e-13	7.191774039289302e-12	13
TTYH1	10.629415	5.3762255	1.4285602392493744e-11	1.0350058988287134e-10	13
CBR3	9.512514	3.7563775	1.4807291999610418e-10	9.735399277323932e-10	13
GABRP	9.246084	3.5004632	2.4516127479636814e-10	1.5511488191311306e-09	13
S100A1	8.604661	3.8758166	1.412354750580411e-09	8.128739569150495e-09	13
IGFBP5	8.317864	3.9604547	2.458973041741371e-09	1.370423135631126e-08	13
MT1X	8.266735	2.257955	1.1840916029866747e-09	6.879274328672584e-09	13
CRABP1	8.099926	3.9793305	5.015281571994891e-09	2.697447657717776e-08	13
CALML3	8.082172	7.5156164	6.438058108840675e-09	3.3790660102508945e-08	13
FABP5	7.4442563	2.8635316	2.361177744240538e-08	1.160179755979892e-07	13
NDUFA4L2	7.44195	4.574121	3.0650236717391996e-08	1.4862549169391525e-07	13
VCAN	7.4130077	2.7736285	2.004242751823757e-08	9.913891523412025e-08	13
TMEM213	7.078151	4.991379	8.26218681704005e-08	3.75507752631771e-07	13
HEY1	6.7353854	5.372077	2.1064118255556598e-07	8.966810709018621e-07	13
NPW	6.5206337	3.6807866	3.4114237386298123e-07	1.4062950211889544e-06	13
KRT6B	6.4184623	3.276437	4.2862851376348437e-07	1.7423348276744498e-06	13
PKP1	5.998396	3.1333072	1.3916440922542981e-06	5.157597714021697e-06	13
MYC	5.8107142	2.1376593	2.1637313312463527e-06	7.807604754839134e-06	13
NDRG2	5.768223	2.6388717	2.656605335632769e-06	9.438612226118346e-06	13
LARP6	5.7474995	2.5948114	2.7289611656192087e-06	9.68637032369162e-06	13
KCNQ1OT1	5.658988	2.0828223	3.293840734834296e-06	1.1558159083772766e-05	13
FAM84A	5.4572196	3.780086	6.819898863039525e-06	2.2887853132544088e-05	13
FAM3B	5.448745	3.6451685	6.9218238587495686e-06	2.3145827292379776e-05	13
KRT17	5.3147755	2.3949692	8.356614016043306e-06	2.7446834479360017e-05	13
GSN	5.1950107	1.2155484	8.865325042635408e-06	2.901450490038781e-05	13
LGALS1	5.1908803	1.1828419	8.333016408996005e-06	2.7418072690329685e-05	13
CSRP2	5.1182804	3.0039048	1.7135768559012426e-05	5.2984656757783194e-05	13
MALL	4.9749284	2.6631718	2.4925995101039753e-05	7.44555795459514e-05	13
SGCB	4.722532	2.4363365	4.995998233643583e-05	0.0001401686672233336	13
RFC4	4.6364417	2.8425152	6.620789943769086e-05	0.00018175199734195223	13
C5orf46	4.410978	2.8122275	0.0001231563156089573	0.00032024108808944207	13
KIT	4.243369	3.6406863	0.000200948567473508	0.0005016925383882514	13
MELTF	4.225506	2.9365494	0.00020752669982140312	0.000517416434440003	13
DSC2	4.2188897	2.1278825	0.00020791354765958261	0.0005180313948767079	13
TUBA1A	4.1398277	1.3768827	0.0002424488587344334	0.0005992297879757401	13
TNIK	4.1219983	2.2989085	0.0002664431640603437	0.0006524237847600862	13
COL8A1	4.1077094	3.0680115	0.00028899539908393523	0.0007020953111639257	13
CHEK1	4.094416	3.185174	0.00029988628413405295	0.0007247088422991011	13
HEY2	4.067719	3.5114863	0.0003257942997553432	0.0007842410016912006	13
CADM1	4.056407	2.8251665	0.0003356565312089782	0.0008064049953297623	13
KRT16	4.0533895	3.8170686	0.00034174223664845644	0.0008188959561712364	13
TMEM45A	3.9503856	1.9482595	0.0004299398367609227	0.0010086525059248314	13
SFN	3.9277823	1.5970937	0.00043894513211541306	0.0010271705276544973	13
YEATS4	3.926092	1.9951235	0.00046408515394880004	0.0010825723761621314	13
BCL11A	3.924019	2.2031114	0.00046467516556633213	0.0010832648181499035	13
OXCT1	3.9061286	2.2876768	0.0004897685014485889	0.0011367428472691809	13
CENPA	3.8684013	3.9550123	0.0005667335027288218	0.0012934405760240868	13
SMC4	3.8563244	1.9609051	0.0005653487859937749	0.0012910777282119888	13
SLC39A2	3.855439	4.0972977	0.0005841091609187543	0.0013306309183691721	13
LINC00623	3.7887032	2.2126145	0.0006848878585031963	0.0015387871837831545	13
SERPINH1	3.7782924	1.5441176	0.0006763646188639517	0.0015220263500014017	13
SERTAD4-AS1	3.7661195	2.9938948	0.0007395539833260172	0.001644194926828901	13
KRT7	3.7568614	1.1829844	0.0006782547015779489	0.0015253506526661724	13
HENMT1	3.7452638	2.4737608	0.0007662161167009394	0.0017004015322582408	13
RARRES1	3.7336068	1.6610532	0.0007544168522846479	0.0016752225175431334	13
PTTG1	3.7255905	2.2205002	0.0008125409757058803	0.0017924411374526732	13
CXCL14	3.7156413	2.2617939	0.0008109194440354005	0.0017899327035309468	13
TM4SF1	3.7105458	1.002591	0.0007277202165949354	0.0016247288219445838	13
FOXC1	3.6474373	2.6798773	0.0010091217300904737	0.0021933557604025297	13
RBP4	3.5219183	5.8135595	0.0014368879306239331	0.003040836714579286	13
VANGL1	3.5034592	2.467176	0.0014705970210774123	0.0031086132682385803	13
CDC20	3.5012953	3.2833679	0.0015039221786413532	0.0031681826967387685	13
FAM178B	3.4433527	4.6424155	0.0017612863436758139	0.0036664524168350037	13
GUCY1A1	3.4382064	2.0638657	0.0017248313348008242	0.003602742669355029	13
MORN2	3.43412	1.7248095	0.0017406883389370442	0.003625616354212164	13
FXYD6	3.3984864	2.4594104	0.0019388343520528178	0.004004467820478011	13
TFCP2L1	3.3842103	3.4271617	0.002043961115313864	0.004202802627203521	13
NOTCH3	3.3754487	1.7614751	0.0020317009629230616	0.004184579185061712	13
MIA	3.351251	2.0383036	0.0021673098117059577	0.004431770754982575	13
CENPF	3.3246326	2.8249578	0.002381853631764783	0.004833030845343698	13
SLC16A1	3.2862813	2.504206	0.002613313511596508	0.00525078489687281	13
AP3B1	3.2742927	1.9057546	0.0026685287325340745	0.005338502255935791	13
LINC01436	3.2622395	3.2982917	0.0027958080966744648	0.005563010725477732	13
ACTR3B	3.253143	2.1592803	0.0028240209432693476	0.005616123458224025	13
HSPA2	3.2177396	2.3802476	0.0031066615899634563	0.006132005648993039	13
NREP	3.2024918	1.9113001	0.0032072460955242118	0.006320412972246379	13
BOC	3.1774356	2.551173	0.003446741480385736	0.006724239582906702	13
HOXB7	3.1635995	2.582837	0.0035712680664892154	0.006934227801196875	13
RDX	3.1634967	1.184492	0.003443512632341966	0.006721489263868761	13
RBP7	3.142131	1.4745377	0.0036501492902855713	0.007079730961678207	13
S100A2	3.126647	2.4291701	0.003931724512570546	0.007562583068166667	13
GGH	3.1217813	1.5405419	0.003899304914834016	0.007504131073079005	13
FADS2	3.1062822	1.9786855	0.004117881964732435	0.00786741150966202	13
CDKN2B	3.097475	2.0728014	0.004202375284547602	0.008016405098814346	13
PPP1R14C	3.0813673	2.1847832	0.004374809690961906	0.008316530581239597	13
PDZK1IP1	3.0795605	1.3738167	0.004328781202398817	0.008244766259208055	13
TMSB15A	3.0603833	2.3422546	0.004633118132898655	0.008752234918742602	13
BAMBI	3.0601327	1.3190974	0.004522253465789982	0.008573487201690088	13
CDKN3	3.0212855	2.463434	0.005159858873953881	0.009648388953171562	13
PALMD	3.018898	2.4351814	0.005162345050181373	0.009648388953171562	13
SULT2B1	3.0019557	2.036113	0.00534986481424574	0.009948540759254155	13
TFB1M	2.9694543	1.9445468	0.005799887389228163	0.010677919234279054	13
HSPB2	2.9637685	3.1226008	0.00594664609219912	0.010904643826638086	13
LMNB1	2.9527256	2.0086904	0.006057099556135881	0.011096173951374359	13
NXPH4	2.9471922	2.4660916	0.006169737759168469	0.011268997044057089	13
UBE2S	2.9427402	1.8849673	0.006275758916889658	0.011451323060694957	13
ALPL	2.9355676	3.2539597	0.00637983914365844	0.011624016585709041	13
HMGB2	2.925478	1.3667029	0.00644319397143285	0.011727882622879006	13
PTX3	2.9095097	2.6316075	0.006790777433574132	0.012312032687466348	13
PFKP	2.87932	1.5624851	0.007217692669508094	0.013054025655326682	13
SCRG1	2.849075	2.9540358	0.007927644432189913	0.014247396000458039	13
CXCR4	2.842293	1.1760072	0.007770909869953939	0.013986123706517197	13
ELF5	2.8260663	2.3111827	0.008350646777931188	0.014949437909135532	13
CENPW	2.8214414	1.7943507	0.00841338323588625	0.015054455717481693	13
ERO1A	2.7864065	1.0616299	0.00889487824641745	0.015831683584061892	13
AKR1C3	2.7823455	2.3264663	0.009289023808434427	0.016469742309100387	13
PSAT1	2.7742348	1.6601052	0.009349133054309795	0.016544562564978302	13
CRTAC1	2.75572	3.6255026	0.009961530028334989	0.017544258081362146	13
RASL11B	2.7501762	3.9433322	0.010126218571978674	0.017783449440808556	13
TNFSF10	2.7377684	1.1601737	0.010181268687383624	0.01785871101116416	13
CDCA8	2.729019	2.7075152	0.01062038966272883	0.018514915222829578	13
BASP1	2.7254207	1.2687296	0.010482708095146351	0.018305106999794787	13
ALDH1A1	2.7146654	3.198746	0.011007058493069313	0.019121600108383652	13
CKB	2.712059	1.3408586	0.010801027093356114	0.018798773014578826	13
TF	2.7056792	4.87569	0.011282955906790319	0.019518034679583438	13
PCLAF	2.6984832	1.4753091	0.011204652399251213	0.01940442609409798	13
ISYNA1	2.691176	1.6390224	0.011487441133330872	0.01982535963926089	13
NMU	2.6843266	4.1157746	0.011861885310987377	0.020376413865224714	13
SPC25	2.664878	2.2107146	0.01230839980830922	0.021045598006340843	13
MFSD2A	2.6466215	2.4889889	0.012883097415161191	0.021887658091939304	13
MX2	2.6335027	1.5012712	0.013079714581832548	0.02216327301201332	13
ASPM	2.623306	2.8301108	0.013664038131115244	0.023033129970105305	13
SLC25A33	2.6172502	1.478467	0.013710021268692994	0.023100104235212318	13
NINJ2	2.6146126	2.0063264	0.013830713514855406	0.023250448788621803	13
CCNB1	2.6053808	2.3450584	0.014237242516458765	0.023857873513975118	13
DSCC1	2.602357	2.774437	0.014341855242791204	0.024011397880432033	13
IL1R2	2.591508	3.3297865	0.014739118542105958	0.02462072468945819	13
IGFBP3	2.543185	1.4352701	0.016130335283857142	0.026775197158064753	13
FERMT2	2.5125184	1.3926584	0.017491181582263485	0.02876227275584832	13
CDK1	2.4997566	2.3911633	0.018249236397622704	0.029889595961531866	13
FKBP10	2.4943652	1.2063665	0.018067439760099144	0.02961809667860086	13
PBK	2.4568155	1.9327824	0.019996867389830114	0.03253563408428986	13
TCF7L2	2.4028795	1.2595886	0.022500288050869063	0.03613683520470924	13
MICU3	2.3913693	3.48959	0.023420160978247024	0.03749458180876203	13
VPREB3	2.3846333	3.3932362	0.023733074477242988	0.03792980544697787	13
AC023157.3	2.3742287	1.8010327	0.024102518978035493	0.03845371659060499	13
PLA2R1	2.364948	2.1976328	0.024760896543214284	0.039368120794826496	13
DLX5	2.362729	2.0510569	0.024868673594077597	0.039506256051480074	13
FANCL	2.356036	1.4568783	0.025057299844522388	0.03978802016566834	13
CCNB2	2.3417056	2.0221221	0.026107769769211454	0.041367156645470124	13
CDA	2.33965	3.7099931	0.026315601011438348	0.041625756807828804	13
LAD1	2.3278491	1.2911437	0.026708574543755196	0.04222797340257611	13
TUBG1	2.3105886	1.245028	0.027714772440829094	0.0436513572757304	13
UBE2C	2.3100774	1.7075624	0.027974687406254913	0.04398573190047315	13
BIN2	2.3042672	1.9582806	0.028305230115958126	0.044429832318804284	13
HMMR	2.302857	2.9144042	0.028571356779225402	0.0447335437708635	13
CA2	2.2830782	1.5012093	0.029466181316171763	0.04607597967128848	13
ANP32E	2.282758	1.326827	0.029695122234937935	0.046375095798011697	13
LBR	2.2809703	1.2609333	0.029678882491921882	0.046369332265391694	13
PPP1R1B	2.2697902	1.4376423	0.030436638859020274	0.047452903200033716	13
TOP2A	2.2674706	2.224	0.030868416723219147	0.048044987275608575	13
FRMD4B	2.2616353	1.3509907	0.03099383646947399	0.04819958996410202	13
NMB	2.2596972	1.2886028	0.031051956601388042	0.04825098557673342	13
ID1	2.253906	1.3388964	0.03156087399685362	0.04897834078890135	13
MTCO2P12	40.661125	7.7060614	1.4028897882096568e-52	5.183677767434681e-50	7
H3-3B	36.32718	6.3939424	1.5140472038738273e-44	2.2848979072726024e-42	7
RAC2	18.55771	5.5736575	4.02169911608996e-25	1.3268016280314645e-23	7
IFITM1	16.26703	4.512551	7.112313362769586e-23	1.863829636555576e-21	7
LIMD2	16.257378	5.0395527	2.1127444845374052e-22	5.310606034262389e-21	7
H3-3A	16.17045	5.3849006	1.0716234122655336e-22	2.7497559085563515e-21	7
CD52	15.972579	5.542274	3.7559597292249006e-22	9.070765489860137e-21	7
CD3E	15.616452	7.029872	2.178288096002885e-21	4.8780451604428245e-20	7
CORO1A	14.814614	4.8037357	9.953263193704406e-21	2.1382155523684754e-19	7
ALDOA	13.782451	3.639479	9.279916561529782e-20	1.82389849440705e-18	7
IL2RG	13.613947	5.459698	5.989982067435417e-19	1.095692264315538e-17	7
CD3D	12.060081	5.5438833	7.667398060100625e-17	1.077225697036951e-15	7
LAPTM5	12.010068	3.8776612	3.4861309292432794e-17	5.173194290583903e-16	7
COTL1	11.990843	3.7526166	4.913113161631075e-17	7.175475546334713e-16	7
CD74	11.95409	3.161691	7.251105614056968e-18	1.2068844704477702e-16	7
PTPRC	11.754159	4.0636163	1.2091612866510006e-16	1.6609111353812072e-15	7
IL32	11.518741	4.1974096	3.155656434286305e-16	4.134805150598545e-15	7
MTRNR2L12	11.018547	3.5463243	1.0762553413853085e-15	1.3255878288062382e-14	7
GABARAP	10.866341	3.8871038	2.9674663954639716e-15	3.491970806127189e-14	7
CD37	10.757948	4.559407	5.612728678655379e-15	6.322875752326715e-14	7
HCST	10.566612	4.1546454	9.327137743318893e-15	1.0257075583798605e-13	7
CD2	10.337404	5.492972	2.7081298241196774e-14	2.850866011430829e-13	7
CNN2	10.164162	3.5682306	3.5905861856071503e-14	3.726746055005174e-13	7
LCK	9.993403	5.521265	9.322625044504774e-14	9.08894446951059e-13	7
LSP1	9.970981	4.0597067	8.073539702865687e-14	7.912925517795415e-13	7
GPSM3	9.509375	3.943813	4.205649450889238e-13	3.7902133465940816e-12	7
SRGN	9.077388	3.20209	1.1387555308477347e-12	9.947285310833048e-12	7
SEPTIN1	8.904332	7.83333	4.834742471025636e-12	3.952295006734452e-11	7
GMFG	8.873985	3.6676202	4.0204716994806755e-12	3.315991725352923e-11	7
SPOCK2	8.784401	6.19019	7.129270625556697e-12	5.7768980178578934e-11	7
TBC1D10C	8.6881695	5.484477	9.833068018932426e-12	7.864326045444874e-11	7
SHFL	8.647533	5.988794	1.1755076657414911e-11	9.360993157143987e-11	7
LAT	8.600639	5.0934157	1.3367987643625348e-11	1.0531922034796516e-10	7
PLAAT4	8.546693	6.0349665	1.6818845410305196e-11	1.322247527469738e-10	7
LCP1	8.314361	3.1527774	2.740851913604331e-11	2.122135346211964e-10	7
CD96	8.267393	6.002432	4.638298711464061e-11	3.469334764951357e-10	7
ITGB2	8.254628	3.3529758	3.517344231896553e-11	2.685245234887968e-10	7
ATP6V0C	8.166785	4.3427854	5.989604047357487e-11	4.3999178836950124e-10	7
LTB	8.07955	4.931561	8.640422311076165e-11	6.297112512707382e-10	7
WIPF1	7.870482	3.6706243	1.7319110303740846e-10	1.2166181097399701e-09	7
H2AZ1	7.8360844	4.6517153	2.08204828154062e-10	1.4488076083413544e-09	7
CD7	7.7554245	5.3230524	2.924360854597478e-10	1.986307602525309e-09	7
TRBC2	7.7550445	4.678637	2.7979668096711207e-10	1.903957156857236e-09	7
SEPTIN6	7.5972586	7.0453296	5.474532447571518e-10	3.6186757412838565e-09	7
FYB1	7.560467	3.4855988	5.034086557095862e-10	3.357572171203828e-09	7
TRAF3IP3	7.541367	4.6245317	6.303624622495362e-10	4.122458934534577e-09	7
SEPTIN9	7.3981004	5.1994314	1.1027885343597774e-09	7.037657399757129e-09	7
SEPTIN7	7.37766	5.4287524	1.200337948197446e-09	7.620702265617806e-09	7
LCP2	7.376779	4.17303	1.1282815947904228e-09	7.175560228486424e-09	7
CD27	7.301914	4.9814496	1.5497003882883141e-09	9.72180464299715e-09	7
RBIS	7.298648	4.4512815	1.5222171919585085e-09	9.565633544705254e-09	7
LBH	7.239657	3.899852	1.8519254630872085e-09	1.1481316419643012e-08	7
CCL5	7.2335258	5.227621	1.9765652543467345e-09	1.2192668806028688e-08	7
CD3G	7.11871	4.5409365	2.936674175818008e-09	1.7788542753520557e-08	7
CD69	7.1102037	4.1920977	2.981300509749501e-09	1.802930504668479e-08	7
ACAP1	7.1058683	4.3717723	3.121510720858041e-09	1.8846376002566112e-08	7
STK17A	7.0756054	3.1701567	3.211529489484106e-09	1.9326712481504517e-08	7
TAP1	7.0327096	2.731469	3.5343627323183947e-09	2.116607827539136e-08	7
GPX1	6.995716	3.5541015	4.1522104880465195e-09	2.4666266484456414e-08	7
IKZF1	6.9868927	4.1365213	4.790805434580428e-09	2.8143125724602037e-08	7
CST7	6.9786077	5.423052	5.182030453651084e-09	3.015370476573347e-08	7
APOBEC3G	6.9738374	4.558296	5.194266974076625e-09	3.017738438555524e-08	7
TRBC1	6.935289	4.674371	5.8417218539282155e-09	3.372681601603868e-08	7
RESF1	6.8958344	6.04988	7.15771047793571e-09	4.094077432813072e-08	7
CIAO2B	6.8250203	5.2190557	9.169191589756896e-09	5.1489609307221475e-08	7
SIT1	6.7402067	6.186256	1.2677404621783442e-08	7.044061665787942e-08	7
TRAC	6.679233	4.1668696	1.4690565020830435e-08	8.10173697790574e-08	7
HLA-F	6.6386156	3.0452073	1.658847903253426e-08	9.094129083859658e-08	7
TLE5	6.6318665	5.03175	1.8598078366989585e-08	1.0165665616276112e-07	7
IL2RB	6.5049176	5.070516	2.950526235625557e-08	1.56866107059517e-07	7
GIMAP4	6.4843335	3.6728916	3.0199460719061e-08	1.6032615999558963e-07	7
ZAP70	6.4056964	5.860687	4.306918688965213e-08	2.250928508589316e-07	7
NR3C1	6.3688803	2.9208648	4.478356419788918e-08	2.337221323604527e-07	7
CD48	6.3278	3.5566175	5.3198072681658315e-08	2.745347465904015e-07	7
SKAP1	6.31421	4.3488393	5.9022085010097316e-08	3.024779529990424e-07	7
IL7R	6.289828	4.643922	6.415744898752765e-08	3.269817572536754e-07	7
EMP3	6.284037	2.420558	5.534128750105033e-08	2.847995227247646e-07	7
CELF2	6.272562	2.8237662	6.171619528450692e-08	3.1540987769882857e-07	7
CD6	6.2693863	5.7556186	7.108252546279837e-08	3.588113819467759e-07	7
RGCC	6.2402263	3.1282072	7.072058379346076e-08	3.5793038577626795e-07	7
HCLS1	6.2216988	3.2176855	7.797548602283525e-08	3.898774301141762e-07	7
PTPRCAP	6.220027	7.9128814	8.613851515939613e-08	4.2665122454955595e-07	7
CYTIP	6.2139544	3.3107774	8.049982259571129e-08	4.0141274560209606e-07	7
ARHGAP15	6.212014	5.271878	8.734471906408976e-08	4.317574597018092e-07	7
DUSP2	6.195389	3.4850836	8.740313392610374e-08	4.317574597018092e-07	7
STK17B	6.0441666	3.2475765	1.5201989968120897e-07	7.247916507381512e-07	7
PPP1R18	5.987114	3.1718955	1.8799135779133521e-07	8.837507214236433e-07	7
ETS1	5.9508123	3.2550807	2.1281081102415064e-07	9.953619578914389e-07	7
ITM2A	5.9224277	3.3622506	2.3429869804307948e-07	1.0917196585992165e-06	7
SH2D2A	5.902678	5.2321997	2.693303739239354e-07	1.2424166437564812e-06	7
CLEC2D	5.879623	3.8729522	2.870045824094656e-07	1.3173688596310252e-06	7
RASAL3	5.8731794	4.8826747	2.98718881109565e-07	1.367740106195592e-06	7
H4C3	5.866209	5.1875196	3.0770046907830157e-07	1.4053810052463836e-06	7
CXCR3	5.8532624	5.974095	3.251814604067564e-07	1.4761001181854606e-06	7
SASH3	5.848984	4.975043	3.2703038206630976e-07	1.482671486791429e-06	7
DEF6	5.8196616	3.8999922	3.557017363018193e-07	1.6047837797743863e-06	7
PTPN7	5.7960324	4.146942	3.894133874142441e-07	1.7440999593886447e-06	7
IKZF3	5.683572	4.562471	5.888761617882041e-07	2.5872739807460334e-06	7
GIMAP7	5.6729927	3.9164324	5.986832196020735e-07	2.6272381192751327e-06	7
TIGIT	5.6381483	5.142081	7.009114335227382e-07	3.0576950966546844e-06	7
ARHGAP4	5.623393	4.243331	7.320552894405656e-07	3.174817247045646e-06	7
CD247	5.6122403	4.6922164	7.660019307320427e-07	3.3026570992472553e-06	7
NKG7	5.6028733	4.864734	7.905338533615375e-07	3.4044552309683926e-06	7
DOK2	5.571478	3.5570533	8.647032991062139e-07	3.7022928044003017e-06	7
SH2D1A	5.5559907	5.1653256	9.402485842228672e-07	3.997949963985609e-06	7
DENND2D	5.5310345	3.3020775	1.0109881432256854e-06	4.274143237092572e-06	7
ARHGEF1	5.529242	3.093219	1.0043061921848436e-06	4.2507575946426085e-06	7
RCSD1	5.512199	3.673736	1.078976203702725e-06	4.540793932439144e-06	7
ISG20	5.5089893	2.225871	1.0011943844007832e-06	4.242446388028548e-06	7
RGS19	5.4984727	3.258622	1.125829634483665e-06	4.716485827003562e-06	7
ANKRD44	5.4684086	3.3671772	1.2450051193493742e-06	5.1922053227945115e-06	7
CAMK4	5.43498	5.999173	1.4681241982315747e-06	6.054373786234005e-06	7
GZMA	5.4326167	4.6476502	1.4494392811755572e-06	5.990691436178618e-06	7
ARHGAP9	5.4323545	4.2455807	1.4533806075537323e-06	6.000269659118481e-06	7
CXCR4	5.422398	2.3538866	1.365763167011571e-06	5.6702189911323086e-06	7
ARHGAP30	5.405805	3.230801	1.5615786245294961e-06	6.404032206033838e-06	7
PRKCH	5.4057045	3.6205535	1.588700374879991e-06	6.50803534942524e-06	7
SLC2A3	5.405542	2.854661	1.5085212092648846e-06	6.200206749981922e-06	7
EMB	5.390999	3.3791869	1.655254228468319e-06	6.7656685555203965e-06	7
APBB1IP	5.3889666	3.4142184	1.664191109381521e-06	6.794680827806321e-06	7
GZMK	5.366105	5.406138	1.8664681190399083e-06	7.5620610743996285e-06	7
RASSF5	5.338237	4.1592774	2.0401881191018982e-06	8.19401641313208e-06	7
CSK	5.32927	2.8989027	2.036395575758783e-06	8.187684061402288e-06	7
FYN	5.295523	3.6545467	2.3472002743045084e-06	9.345802816330991e-06	7
RHOH	5.290084	2.911129	2.332664646969803e-06	9.297945922927102e-06	7
ADGRE5	5.226427	3.2582154	2.9719945636577714e-06	1.1620655992291499e-05	7
H2AZ2	5.214533	4.30846	3.177719993125732e-06	1.2376085343545144e-05	7
ICAM3	5.207784	2.9812844	3.178594043578983e-06	1.2376085343545144e-05	7
ITGA4	5.1974792	4.4461145	3.3842181646646815e-06	1.313517449415546e-05	7
TMC8	5.1829453	4.471516	3.5620403115690327e-06	1.3796372066297247e-05	7
OASL	5.166205	4.4250493	3.785157878701907e-06	1.4629872763392832e-05	7
FCMR	5.15249	3.5463846	3.907107782038583e-06	1.5025525555902047e-05	7
ARRB2	5.1442394	2.7624438	3.907856578950437e-06	1.5025525555902047e-05	7
TNFRSF1B	5.142451	3.5302815	4.037514030592855e-06	1.549181136348972e-05	7
PAG1	5.121875	3.455759	4.3210291797859516e-06	1.64940111769722e-05	7
RHOF	5.0541105	3.7053616	5.551917126509376e-06	2.0847900185418843e-05	7
CYFIP2	5.05401	3.6926568	5.544647077414943e-06	2.084178123199208e-05	7
MICOS13	5.0402336	3.8312025	5.837850423392425e-06	2.1854971949782178e-05	7
BATF	5.0045238	3.0891604	6.551044487016984e-06	2.4278946218182302e-05	7
NCF1	4.990536	3.1160429	6.768983247048734e-06	2.5011393097845072e-05	7
IL10RA	4.9882913	3.7533596	7.011828889316242e-06	2.5831214103712377e-05	7
ARHGAP25	4.9540067	4.5407357	7.975946935633387e-06	2.9035590076024988e-05	7
SF3A2	4.9524302	3.558176	7.951060396054102e-06	2.8973538622702075e-05	7
GZMM	4.941645	5.1181827	8.35301871599874e-06	3.0229582914412677e-05	7
ALOX5AP	4.910308	2.8553925	8.892559741912548e-06	3.208789867809264e-05	7
SH3KBP1	4.888185	2.1906173	9.392123283465204e-06	3.379152437429789e-05	7
BIN1	4.8732085	3.4575899	1.0433183543206609e-05	3.721101659473786e-05	7
CD53	4.807313	2.667811	1.2704831785272018e-05	4.458153223796781e-05	7
FLNA	4.743301	1.8437052	1.5292573988866377e-05	5.295788274494964e-05	7
TRIM22	4.7344055	2.7428353	1.6657332991034892e-05	5.725473990871993e-05	7
IL27RA	4.73389	3.5971003	1.7053770312696176e-05	5.836254595492738e-05	7
SEMA4D	4.7033467	3.1953955	1.868939420248008e-05	6.347179372993005e-05	7
FMNL1	4.666621	3.2583756	2.1316781579215346e-05	7.153997087665822e-05	7
CXCR6	4.66594	6.266016	2.182112669539722e-05	7.309978525792631e-05	7
SELPLG	4.6548586	3.3592937	2.2105833881302753e-05	7.378563738572444e-05	7
CD5	4.652361	6.4851756	2.2884528161408068e-05	7.604166506870756e-05	7
HNRNPLL	4.6344	3.0346987	2.382228054890394e-05	7.894468755892383e-05	7
PTPN6	4.580852	2.8193185	2.8339654151433397e-05	9.299735531931297e-05	7
PPM1M	4.5749025	3.5977674	2.93428356689241e-05	9.569441994410817e-05	7
CD8A	4.571813	5.231849	3.0023253234466183e-05	9.765485977231738e-05	7
LIME1	4.551486	6.424681	3.2282701388114696e-05	0.00010417867391186357	7
OXNAD1	4.5462303	4.0276756	3.250448747081277e-05	0.00010471149189594873	7
IRF1	4.5287037	1.744299	3.200495169227716e-05	0.0001034344391600259	7
LPCAT4	4.525581	4.3502436	3.500653559846661e-05	0.00011237979933651967	7
RAB27A	4.516669	2.7800477	3.5339862635641e-05	0.00011335138232525477	7
NME2	4.4911704	2.2517831	3.792315744128313e-05	0.00012111155293478062	7
LAG3	4.4872108	4.6209183	3.994860977391779e-05	0.00012735989052167925	7
CDC42EP3	4.4594564	2.5208385	4.24575962168817e-05	0.00013431576885391942	7
GBP5	4.447602	3.2332308	4.4766509795690225e-05	0.00014113673523470595	7
HLA-DRB5	4.42672	2.1827488	4.577010387038225e-05	0.00014393236919239355	7
CIAO2A	4.417926	4.065516	5.02237483048405e-05	0.0001571352667115882	7
PIK3CD	4.4020324	4.521311	5.315401258500635e-05	0.00016518425273473377	7
TESPA1	4.3932858	7.1252627	5.507579979423104e-05	0.0001705826322210257	7
SEPTIN2	4.391402	3.340988	5.4324716426794067e-05	0.00016853889773048203	7
PSTPIP1	4.3795633	3.9719646	5.7051405281174993e-05	0.00017611106308599968	7
SH3BP1	4.3431396	3.3786588	6.424849457785474e-05	0.00019717457430662233	7
HSH2D	4.326731	3.3653834	6.764444658736323e-05	0.00020708055521152205	7
CTSW	4.32345	4.9431744	6.917013351923135e-05	0.00021140086298888322	7
PARP8	4.314498	3.6986847	7.094871782864119e-05	0.0002161216095439647	7
SYNE2	4.3131433	2.2692845	6.97442344959286e-05	0.00021297929459707126	7
PDCD1	4.2948375	6.7473826	7.652306608804324e-05	0.00023233584979073113	7
ZC3H11A	4.285727	3.5302277	7.786919663214761e-05	0.00023603501358144825	7
CCR7	4.284019	5.1277595	7.903758836107774e-05	0.00023918418427041954	7
FERMT3	4.2810087	2.8368244	7.780565975554854e-05	0.00023603501358144825	7
LPXN	4.278008	2.8364666	7.900902996044221e-05	0.00023918418427041954	7
NFATC2	4.2773585	3.609405	8.027360134014742e-05	0.00024252735646103412	7
CARD16	4.2659717	2.6231205	8.177756413998483e-05	0.000246265769761405	7
ITGB7	4.254653	4.109769	8.670333517564909e-05	0.00025999065975224853	7
MTLN	4.2470913	4.036021	8.892800229169635e-05	0.00026520497858580956	7
IRF1-AS1	4.2390842	5.8843384	9.197635524864726e-05	0.0002734132201478292	7
FLT3LG	4.230148	4.628252	9.428810252604186e-05	0.0002798234049454533	7
TNFAIP3	4.2109094	2.1012075	9.612129996364336e-05	0.0002848181261953987	7
SOCS1	4.201593	2.9229388	0.00010245375911669773	0.0003020092692801394	7
PIM2	4.1953764	3.514561	0.00010516108815393667	0.0003088793487510302	7
JAML	4.1946235	4.1706514	0.00010555194714226796	0.0003093717988039946	7
PRF1	4.189691	4.743268	0.00010755022523301896	0.00031364524118124293	7
TCIRG1	4.1857786	2.3028252	0.00010624610888370461	0.0003105849464598802	7
HLA-DPB1	4.1746435	1.8279501	0.00010404476787079879	0.00030584360961225264	7
GNG2	4.174002	3.6270032	0.00011277250648693281	0.0003270756761924778	7
BIN2	4.17064	3.5969787	0.00011399044373664119	0.0003303487761622661	7
HLA-DPA1	4.1424026	1.8539295	0.00011613912459415535	0.0003360486024866124	7
CD8B	4.1421833	4.7693167	0.0001260992689636913	0.00036203325471704693	7
NLRC3	4.1191416	6.756689	0.0001365043560543091	0.00038888480772603865	7
TNFRSF25	4.1007338	4.825105	0.00014458447548788633	0.00041095356686749227	7
P2RY8	4.0999336	5.4565926	0.00014510666432521305	0.0004118042432270831	7
ITK	4.088281	4.91704	0.00015038053014463886	0.0004254640573387753	7
TRAT1	4.0787563	4.903276	0.00015500412449115933	0.00043787480121929186	7
STING1	4.0693784	4.610432	0.0001597829977371829	0.00044999861024305705	7
ARAP2	4.068829	3.4207256	0.00015898191048822013	0.00044808402689090266	7
RABGAP1L	4.0495787	2.2158003	0.00016585743324765734	0.0004663951414384276	7
IL16	4.047676	3.7733808	0.0001708691952306313	0.0004797581127486191	7
GET3	4.046869	4.073709	0.00017168545142410242	0.0004813184696601354	7
RBL2	4.038698	2.68608	0.00017439992459724802	0.0004885577872530943	7
SARS1	4.01475	4.0395503	0.00019039516396509207	0.0005293529953732244	7
ZFP36	4.0138445	1.2773118	0.00017655788572710392	0.0004931076249143228	7
ITGB2-AS1	4.013774	4.8628683	0.0001916777105739131	0.0005321180620365206	7
SIRPG	4.0024996	4.8223853	0.00019863293137597444	0.0005505991608658856	7
PARP10	3.9953833	2.6663158	0.00020055864810613163	0.0005555203933674336	7
MTG1	3.9860206	2.885369	0.00020718246170409383	0.000573008380236996	7
ABTB1	3.9842525	2.8701158	0.00020792068236587805	0.0005733335233894921	7
CCND2	3.9832072	2.639013	0.00020766611817494112	0.0005731377962915293	7
MACROH2A1	3.9728656	3.4905066	0.00021681889132687984	0.0005960906275690633	7
NIBAN1	3.95835	5.378577	0.000229578404206768	0.0006278994844885327	7
FAM174C	3.957415	4.5175924	0.0002298513749588738	0.0006281810876279872	7
FKBP5	3.955717	2.2756991	0.000226128114290967	0.0006189210239297208	7
BTN3A1	3.952358	3.8202808	0.0002329981654723111	0.0006353713811219111	7
CCL4	3.9496257	2.9785807	0.00023121780150393097	0.0006314484675218219	7
TXNIP	3.9488518	1.2200767	0.00021562156789961228	0.0005936823348651769	7
CTSC	3.9479408	1.7178797	0.00022533979541727268	0.000617220566394976	7
LINC-PINT	3.926	7.1915154	0.0002551598576633169	0.0006927374533915914	7
ADSS2	3.9145396	4.615381	0.0002638985196474612	0.0007138396999248677	7
SYNE1	3.9140873	3.136772	0.00026173604191783584	0.000710069511664026	7
TNFRSF14	3.9092612	2.3286924	0.0002630032036737092	0.0007124087006173389	7
PPP3CC	3.8965569	2.7761028	0.0002757209491247573	0.0007414766426608284	7
LPIN2	3.886903	2.53022	0.0002834595926229662	0.000761179647341468	7
SLFN12L	3.874658	5.572939	0.00030001635856354106	0.0008015621438122084	7
RIPOR2	3.8682206	3.7258444	0.0003039988222152977	0.0008116033088243994	7
SLC66A3	3.865447	4.195088	0.0003076734919918931	0.0008190587556988797	7
MATK	3.8649166	4.546144	0.00030843280933776746	0.0008204890068416493	7
MICOS10	3.864079	3.8448284	0.00030867950956111104	0.0008205545236174858	7
SCML4	3.862196	5.4475403	0.0003118366504418658	0.000828351131116243	7
MAP4K1	3.8556309	4.915362	0.0003183936270912766	0.0008445545241222306	7
SPN	3.8512726	3.6019049	0.0003200068362578969	0.0008476166738157198	7
P2RY10	3.8510573	5.003423	0.0003223824507791194	0.0008532973894189443	7
SNX20	3.843936	3.4531655	0.000327539377661465	0.0008663264140723789	7
IRF7	3.8314545	1.8740368	0.0003340758013190219	0.0008823517411535282	7
RO60	3.8296506	3.883106	0.0003443411607134469	0.0009062254906240644	7
EPSTI1	3.8270705	2.2289884	0.0003385252291338259	0.0008915543276190212	7
LIX1L	3.8238056	3.0340867	0.0003486440711407816	0.0009155933495843554	7
RGS1	3.8220248	1.9092662	0.0003362617957869739	0.0008874909538806204	7
SELL	3.8119392	3.7577639	0.0003637143173531159	0.0009518249951368385	7
H2AJ	3.8083029	2.952742	0.00036376426022865	0.0009518249951368385	7
PARVG	3.8028748	2.9054458	0.0003710260959509312	0.0009681789721318438	7
CTLA4	3.8018181	4.2221003	0.0003760276186081108	0.000978466232927443	7
SP140	3.799173	3.7347763	0.00037876182935711963	0.0009841947675629796	7
S1PR4	3.7952404	4.3270473	0.0003844462157995591	0.000998263364286276	7
ATP2A3	3.7695901	3.181713	0.0004146195164161151	0.0010720917516847763	7
HLA-DRB1	3.7681482	1.5239744	0.000390060970672022	0.0010121315215120233	7
ARHGAP45	3.7672658	2.4853516	0.00041440670819136685	0.0010720917516847763	7
CBLB	3.7668629	2.6924284	0.00041671941562627907	0.001076015542095808	7
WAS	3.758624	3.3518038	0.000429619529805296	0.0011054625087956607	7
NCF4	3.7564378	3.046184	0.0004309862409855756	0.0011082074881292288	7
GBP1	3.7476106	1.9118876	0.00043318900307061055	0.0011130969167913115	7
CASP1	3.7425725	2.2860608	0.0004451292150237851	0.0011398145873270174	7
FLI1	3.7248778	3.5025942	0.00047828485492799	0.0012196428840296225	7
MFSD14A	3.7009676	3.9195857	0.0005171377924601117	0.0013101049281626005	7
IGKV3-20	3.6971047	5.2562747	0.0005245781193337114	0.0013257976408605086	7
GIMAP6	3.6791394	3.4269893	0.000549877323587099	0.0013840577048054024	7
ARL4C	3.6789172	2.0578337	0.0005425823989062782	0.0013670762192389367	7
DIABLO	3.652742	5.3439646	0.0006022567477035778	0.0015036072180842702	7
DCK	3.6488056	2.3267193	0.0005996468075563651	0.0014991170188909126	7
TRANK1	3.626885	3.7593412	0.0006487533092791374	0.001609901596901553	7
GZMH	3.6234941	4.6487613	0.0006581795239130573	0.0016311021736141829	7
AKNA	3.6137094	2.8091204	0.0006717792910028921	0.0016603508229135026	7
CCDC69	3.6045656	3.5247846	0.0006949773653415763	0.0017142465720541551	7
ICOS	3.6031244	4.386403	0.0006999766423092722	0.0017219798224585626	7
NLRC5	3.6024327	3.1785648	0.0006988160354774185	0.0017214168340593742	7
IGFLR1	3.6022394	3.561693	0.0006997680846056237	0.0017219798224585626	7
PDE3B	3.6003726	5.0443645	0.0007075291830562761	0.0017370899211913225	7
ICAM2	3.5983882	2.9627461	0.0007035935431610963	0.0017285758922741027	7
PPP1R16B	3.5982091	5.760224	0.0007128906523867462	0.0017467711940112912	7
TAGAP	3.596507	2.929487	0.0007082970304645068	0.0017378204034305131	7
SLF1	3.5932214	3.5715334	0.0007210307270481306	0.0017655457497964496	7
ARID4A	3.5879493	2.227821	0.0007248235211034617	0.0017736575566074774	7
MFNG	3.5716832	3.5396528	0.0007683640367313351	0.0018715261145169962	7
STAT4	3.5360677	4.238431	0.0008590853831317975	0.002070659158951071	7
GPR65	3.5325634	3.0304258	0.0008615449526066244	0.0020752337678497245	7
LARS1	3.5315902	4.0411425	0.0008715376483934753	0.0020979359028103525	7
SNHG32	3.5299027	3.9253547	0.0008754257271854197	0.0021059232174154468	7
ARMH1	3.5042038	4.4467244	0.00094784672436514	0.0022639260804972155	7
GPRIN3	3.5029774	2.6743493	0.0009403853876543909	0.0022504689166988174	7
DDX60	3.5024536	2.7554052	0.0009457653718675005	0.0022618789961491356	7
ATXN2L	3.4948628	2.1025944	0.0009604181311795965	0.0022909909584949055	7
TBC1D4	3.4842439	2.680825	0.0010001357635171556	0.0023780576873847427	7
SLAMF6	3.4770758	5.4604616	0.0010304728195868861	0.0024423329495660965	7
TBX21	3.4666486	6.3440046	0.0010648675633969896	0.002512570655652539	7
TNFRSF4	3.461899	4.1713758	0.0010765478441437054	0.002538509434659216	7
HLA-G	3.4601936	4.03455	0.0010826593224456337	0.0025480421633354245	7
ITGAL	3.4589021	3.327426	0.001080999996199092	0.002545758435918193	7
RCAN3	3.4570196	2.2271953	0.001080707835589061	0.002545758435918193	7
VAV1	3.4445574	3.884845	0.001132335366184233	0.002654809123128643	7
LBR	3.4432786	1.9263576	0.001119200722458979	0.002627586807260839	7
RORA	3.4246602	2.2019532	0.00118964628716543	0.0027786242722980243	7
RFTN1	3.4236958	3.1522956	0.0012017223907342099	0.002805031101555847	7
SLA	3.4235325	2.379284	0.001189657266245054	0.0027786242722980243	7
KLRB1	3.4215279	4.3288627	0.0012150228232460107	0.002830593760720871	7
CXCL13	3.4196064	3.4919512	0.0012157381050782198	0.002830593760720871	7
FGD3	3.4167674	2.3300178	0.0012177874142930206	0.0028335796573127903	7
VPS13C	3.4113052	1.9277239	0.0012330125322144198	0.0028635960443320436	7
CENPC	3.4084191	2.1583827	0.0012485905364751093	0.002897953537861513	7
VSIR	3.3993692	2.232147	0.0012781779302516417	0.0029629030440902235	7
WBP1	3.3954246	3.295463	0.001310200610367263	0.0030314284629349014	7
SLAMF1	3.3884168	4.5622582	0.0013430760217267603	0.003103605941388605	7
SENP7	3.3792665	2.7369907	0.0013718304979427223	0.0031660922485311424	7
PCED1B	3.3612437	3.1898644	0.0014507348397284577	0.003335697095704201	7
GRAP2	3.351802	4.6070666	0.001497615076073531	0.0034328087506772316	7
TNIP2	3.3406484	1.9848176	0.0015297946250808804	0.0034957273591056603	7
GALM	3.340361	2.3995135	0.0015345343376005156	0.003503234217619651	7
BTN3A2	3.34011	2.2762876	0.0015349759670706942	0.003503234217619651	7
TACC3	3.3156846	2.9112418	0.0016567707234937897	0.003767241737421263	7
MAPRE2	3.3136363	2.5485008	0.0016657219354527654	0.003782939490779329	7
BCL11B	3.2996492	3.080373	0.001739532441477114	0.003936051666416372	7
GZMB	3.2794824	3.3217404	0.0018403594066784957	0.004141369066794788	7
INPP4B	3.2756467	2.319938	0.0018591795618981314	0.00418117375606427	7
NELL2	3.2721906	3.611652	0.0018901440533022314	0.00424306335173253	7
JAK3	3.262319	3.5777884	0.0019448376458638997	0.0043552576372527935	7
HERC5	3.2582881	2.8168519	0.0019623081915124013	0.004389060997359759	7
PIK3IP1	3.2579007	2.2394078	0.0019555438394911677	0.004376580549315484	7
ELMO1	3.2472076	2.6477604	0.002023507657033925	0.004523206771167788	7
PTGER4	3.246628	2.8623927	0.0020301816460804216	0.004532641197744506	7
CISH	3.2388704	2.6393685	0.002078575027138135	0.004623922170545099	7
POLD4	3.2345517	2.382116	0.002098674724105145	0.004663020508459717	7
IGHV3-23	3.2129233	5.5468826	0.002254944047722238	0.004995214781974623	7
IFNG	3.187796	3.6948452	0.0024141177762707585	0.0053037150332086325	7
STMN3	3.1867578	2.6025953	0.002414302756659518	0.0053037150332086325	7
CD70	3.1853998	4.7580924	0.002439778790838756	0.005347246061348422	7
LINC00861	3.183891	5.4987483	0.0024515477078396603	0.005369572483976019	7
HOPX	3.183387	2.5128732	0.0024331346328967923	0.005338736620281263	7
CALHM2	3.1754572	2.4517107	0.0024898703165454226	0.005443828887358187	7
SERPINB9	3.1742103	2.1800258	0.0024863207006125695	0.005439286553441945	7
KCNAB2	3.169481	2.9834228	0.002542336945786539	0.00554541618340098	7
EPB41	3.161932	2.1580925	0.0025871339116367268	0.005636473940741572	7
SAMSN1	3.1537435	2.2422836	0.002642111669598786	0.0057460874744953	7
MYO1G	3.1520298	2.8435616	0.002669468270253137	0.005788547686963229	7
NCBP2AS2	3.1389472	4.2735977	0.002788197566431439	0.006030355621100227	7
ILRUN	3.1384177	4.1150866	0.002789141476714557	0.006030355621100227	7
PSMB8-AS1	3.1278245	2.5735807	0.0028616472064765396	0.006176277119118466	7
DARS1	3.1276598	3.6370964	0.002874329331742171	0.006196410082139628	7
APOBEC3C	3.1208053	2.330204	0.0029156164683718263	0.006281750933314226	7
RASGRP1	3.1153386	2.5585682	0.002963958773571651	0.006382183955913315	7
C16orf54	3.1143215	5.3747373	0.0029938987835158087	0.006439147849296225	7
DOCK10	3.1136043	2.5050695	0.002973936140358732	0.006399938286910608	7
LTO1	3.1020324	5.0232596	0.003100969082296091	0.006657804043628156	7
CNTRL	3.0945523	2.4522824	0.003142587124940825	0.00673541730084475	7
BIRC3	3.0943606	1.682583	0.003111901378728461	0.006673520368195974	7
SAMD3	3.0881224	5.6990085	0.0032252784881814938	0.0068959696642377	7
XAF1	3.0804825	1.789878	0.0032464173613584615	0.006933822052150009	7
MIR4435-2HG	3.0737984	1.5429503	0.003296263157624598	0.007036217427742859	7
FAM13B	3.0724034	2.4090588	0.0033497230258086328	0.007142081119655452	7
CYTH4	3.0711937	2.6872392	0.003359364889583363	0.007158508227803071	7
SGMS1	3.064097	2.3304102	0.0034309543534969318	0.007285848469063887	7
PYHIN1	3.0589058	3.7456205	0.0034930507613796864	0.007404946966894975	7
ARHGEF6	3.057579	2.6372628	0.003496485692194155	0.007407978573771447	7
HDAC7	3.0441177	2.131573	0.00361885007654462	0.007649685945556276	7
CLEC2B	3.0428772	1.5040817	0.003580898717724133	0.007578133311563959	7
CARD8	3.0387728	2.3450742	0.003681969451775758	0.0077653408243786685	7
H1-10	3.0385644	3.6859195	0.0037025990149103724	0.00779994490313217	7
SAMD9L	3.0366507	1.9861451	0.0036799659813671506	0.0077653408243786685	7
ARHGEF3	3.0332098	2.4990702	0.003740069783936295	0.007869907660389868	7
DDX60L	3.0316043	2.5826051	0.003755812307603697	0.007894822553481869	7
UQCRHL	3.0306375	2.212532	0.0037683036812423826	0.007911296648971933	7
SAMD9	3.0286226	2.0976348	0.003774422474172564	0.007919642840469974	7
PASK	3.025918	3.527349	0.003834077853691254	0.008035687844236633	7
IGKV4-1	3.0215263	4.2991242	0.0038799239513752936	0.00812256034013128	7
PARP15	3.0201604	7.2329535	0.003910167811172862	0.008176610108819312	7
RUNX3	3.015405	2.1195529	0.003920278715623722	0.008193116433387812	7
CRLF3	3.0140648	3.0763118	0.003957738664895085	0.008257393770066256	7
MAPK8IP3	2.997343	2.8721888	0.004145523304459925	0.008600622464895803	7
MX1	2.9948912	1.5603093	0.004128700596447691	0.008570532979704617	7
FAM78A	2.9910643	4.2585526	0.004232870572609748	0.008767072178135101	7
CD28	2.9882805	3.833079	0.004260647866221146	0.008819660428956379	7
TCF7	2.9824142	2.1611526	0.004308668509994879	0.00891407062958067	7
PKIA	2.9820585	3.458645	0.00433205802808558	0.008952435354460971	7
PTPN22	2.9764059	3.1364236	0.004390717255053412	0.009048354856342642	7
RASA2	2.9751925	1.8618343	0.0043764433511901775	0.009023972200138229	7
DDB2	2.9723685	2.1342106	0.004425401117849701	0.009109669710559692	7
GLIPR2	2.9709713	1.8325558	0.004421966992049601	0.009107674490313977	7
DOCK8	2.9709306	2.3200235	0.004451154558568846	0.009157581344048935	7
MX2	2.9665964	2.0357513	0.004487899004148792	0.00922803941031151	7
OAS1	2.9451602	1.9789207	0.004771312079277484	0.00976061396346757	7
DENND10	2.9411576	4.0895243	0.004861494943315821	0.009924433047266276	7
KLRG1	2.9316423	4.084101	0.004990150242184182	0.010159011099102232	7
TNIK	2.9265172	2.425778	0.0050384359428017386	0.010240385483307165	7
PPP2R5C	2.9260364	1.5429235	0.00501809349648386	0.010204653533025791	7
ENO2	2.9081795	2.4325616	0.005297473844892523	0.010719696526220082	7
TOX	2.9053197	4.3130417	0.005366149976276889	0.010834931236253063	7
RAB33A	2.9025433	4.2538056	0.005405380660265215	0.010902227914672474	7
SESN1	2.900902	2.3084562	0.005400834789794762	0.010899008491693963	7
AOAH	2.8920252	3.526931	0.005558973555786229	0.01118149553001095	7
ATP8A1	2.8912544	3.5246248	0.00557000311498165	0.011197585152261803	7
SHISAL2A	2.887492	5.612132	0.005642441797284915	0.011312437569705784	7
ST8SIA4	2.8861709	2.526314	0.0056227909595103955	0.0112791599323512	7
RGL4	2.879012	4.097489	0.005764010860806207	0.011543642347251455	7
OGT	2.8731298	1.5381192	0.005800843760041677	0.011611114676789814	7
IGKV1-5	2.8724499	4.734717	0.0058713557867508944	0.01173318530667634	7
GRK2	2.8648458	2.1326287	0.00595399289941524	0.011879051708066583	7
CZIB	2.8626213	3.6098301	0.006022299616171593	0.011989438082841615	7
LINC00869	2.8558288	5.3821306	0.006151749881664708	0.012201135701959794	7
CNOT6L	2.8544073	2.0681698	0.006135609403499409	0.01218220136804423	7
ITM2C	2.8486202	2.2982428	0.006234636421499715	0.012352268942327854	7
MARS1	2.8485413	4.2656407	0.006269460046633814	0.012414606040896004	7
TNFRSF18	2.835659	2.9806302	0.00647930373403375	0.012802688394253855	7
WARS1	2.833974	3.651224	0.00651461010768263	0.01285869890378596	7
APOL6	2.8311098	1.6542917	0.006506705556767732	0.012849961000671711	7
EOMES	2.8268902	5.052741	0.006648339896852704	0.013087701608348823	7
RALGDS	2.8253405	2.09194	0.00663989994021709	0.013085029482187812	7
PBXIP1	2.8247259	2.0603192	0.0066452208134352405	0.013087701608348823	7
GARS1	2.824295	3.6955142	0.006686639367198623	0.013156087572842872	7
MIAT	2.8155775	3.0374258	0.006833153608772849	0.013415782457181549	7
TRAF1	2.8099914	3.1964533	0.0069408937528645295	0.01360562462431535	7
ADA	2.8061035	2.7683132	0.007003635243423269	0.01372133203841409	7
RASA3	2.7915075	2.9842346	0.007291996655576275	0.01425604637161605	7
SH2D3C	2.788035	3.2301395	0.00735764838935489	0.014376790480521585	7
ZC3H12D	2.7869656	4.788666	0.007401840579146601	0.014455497325553221	7
CMPK2	2.7841363	2.6196775	0.007432583696794953	0.014500209482395643	7
TRAPPC5	2.7813153	2.8991818	0.007493664083787372	0.014596251338742402	7
TRIM14	2.7754307	2.020138	0.007586250069176112	0.01476102896556384	7
SEL1L3	2.7751415	2.679889	0.0076065214975059815	0.01478490106958685	7
UBASH3A	2.7702837	6.667495	0.0077464932620304764	0.015041141672728646	7
INPP5D	2.763007	2.6798162	0.007859860343991892	0.01524524092968506	7
SAMHD1	2.7550416	1.568973	0.007965932393794586	0.015426687733265719	7
TSPAN17	2.7505343	2.4671319	0.008129087203671245	0.015726166082494896	7
ETV7	2.7470129	2.9199958	0.00821204951948292	0.015861747503653625	7
ATP6V0A2	2.726477	2.4143229	0.008657527635776738	0.016643894180122295	7
MIR155HG	2.72538	3.2572358	0.008708440684826648	0.016724370234113547	7
S1PR1	2.720219	2.5477195	0.0087883148482405	0.01686899915025904	7
GPR132	2.7185986	3.9799771	0.00887340788421583	0.017014656010470936	7
TRAF5	2.7040892	2.1746066	0.009183142490522715	0.017553911796420813	7
UBL7-AS1	2.7002795	3.0475154	0.009301372005517608	0.01775236031011754	7
TNFSF14	2.6998854	3.6672993	0.009312064009402625	0.017763591386031338	7
RSAD2	2.6992264	2.4089916	0.009299378568612569	0.01775236031011754	7
SYTL3	2.6971056	2.8587198	0.009365489450762236	0.01784707762793526	7
TSPAN32	2.689684	5.1243773	0.009580427842788822	0.018219084343337466	7
FOXN2	2.6826427	2.3120728	0.009710552513020686	0.018438073759307005	7
PLEKHF1	2.6818752	2.2325594	0.009725088279528029	0.018456189621395003	7
LYST	2.6737022	1.8028835	0.009931749353511767	0.018829047645575154	7
IFI44	2.671397	1.8508327	0.00998145633787367	0.018903885785978066	7
FASLG	2.6712694	5.9753027	0.010060052915431428	0.018994325765211612	7
PTK2B	2.6711915	2.3199413	0.010015751454585088	0.018949411994209884	7
IFI44L	2.6707666	1.4767599	0.009944553277114914	0.01884365351740493	7
PDE4D	2.6690733	2.9104166	0.010084313910118683	0.019015649656016816	7
RNF31	2.668381	4.825158	0.010130963018966458	0.019089193449811866	7
UBLCP1	2.665207	2.043897	0.010168664720885118	0.019150466943766827	7
MAD1L1	2.657386	2.2209113	0.01038399334790346	0.01948646796368882	7
EEF1G	2.6573126	2.656875	0.010393498935687799	0.01949440536414539	7
IGLV3-25	2.656183	5.9817452	0.010464108041870956	0.01960693672145699	7
MYO1F	2.6464205	2.235452	0.010667287869254492	0.01992701146455781	7
PRDM1	2.6440902	1.8660014	0.010709573279679273	0.019985794580007533	7
RAB29	2.6340082	1.6676854	0.01098536070957599	0.020448820061402154	7
PTPN4	2.6315231	2.1724591	0.011101838713348152	0.020624079459940384	7
IPCEF1	2.626879	3.5510728	0.011267771819636039	0.02089032457278232	7
PIM1	2.6156206	1.7247885	0.011536315016632357	0.02131334199322828	7
CD226	2.6129866	3.0696824	0.011662492965137062	0.02151418447637616	7
APOBEC3H	2.6117904	4.911524	0.011731149059083458	0.021608472469248942	7
RNASEH2A	2.6108272	2.614703	0.011729117470675461	0.021608472469248942	7
ACSL5	2.5949671	2.611091	0.012217150162983467	0.022380946877651912	7
TRIM38	2.5806224	1.5033412	0.012598914712179183	0.023034631302079212	7
KLHL6	2.5659666	3.0033164	0.013168802236026136	0.023981628517553755	7
TRBV20-1	2.5602136	28.607439	0.013405243104827226	0.02436417770405145	7
IGHV5-51	2.558865	4.2564697	0.013381226589681511	0.02433747418802797	7
LY9	2.5535321	3.7706192	0.013608169398148481	0.02467699439903799	7
RNU12	2.5529726	4.4165845	0.013634712450104655	0.02469996665066315	7
NIFK-AS1	2.551385	2.5422177	0.013661995226387311	0.024733499442185752	7
IGLV2-14	2.5509098	4.5920773	0.013701670981156303	0.024793180350329354	7
LAIR2	2.547889	4.637414	0.01381544420461288	0.024930659537858068	7
LAYN	2.5465295	3.305498	0.013843755985909166	0.024964703937498472	7
CHST12	2.54621	1.7378482	0.013803916968747424	0.024929361290088825	7
MAPKAPK3	2.542599	1.6566982	0.013906849001999332	0.025066247347506114	7
ZNF384	2.5315177	2.5364723	0.01436701179656871	0.02579499931405315	7
ABHD16A	2.5277643	4.2138124	0.01454202720441707	0.026071222959884073	7
TRG-AS1	2.5200944	3.657371	0.014803829239037277	0.026514856538169044	7
ITSN2	2.5173938	1.5801926	0.014842777022537418	0.026568999984667312	7
PLAAT3	2.5163946	2.5323668	0.014906274868808704	0.026633793829907236	7
GBP4	2.513629	1.7059103	0.014962854760383962	0.026721966331376867	7
SEPTIN11	2.5079515	3.0711927	0.015252650830007736	0.0271869487780408	7
VIM-AS1	2.4982917	2.8361442	0.015631711965063314	0.027822338974426274	7
MAL	2.4965682	3.8230283	0.015725715797015167	0.027976177116018797	7
RIPK3	2.495831	3.4506652	0.015734719785865697	0.02797872454705185	7
MRPL38	2.4884584	3.5824292	0.016050347388898326	0.028444140816297033	7
MALT1	2.4855454	1.9857767	0.016097301507383765	0.028513676447642862	7
H1-2	2.4854107	3.383645	0.01614593985269314	0.028586127338620582	7
DUSP4	2.4851348	1.1055925	0.015999382785685214	0.02838104627609547	7
ABI3	2.4803348	2.23342	0.016306713478507092	0.02880177165539374	7
PHYKPL	2.478105	1.5382367	0.016378616069264034	0.02891494810125686	7
GPR155	2.46181	2.3296375	0.017102711033892014	0.029992651765653057	7
LINC00265	2.4520085	4.810459	0.01758983243659606	0.030744763885157258	7
IGLV1-40	2.447335	5.553897	0.017793815462117633	0.031071903654312217	7
RAD50	2.4428027	2.3970387	0.017948270909916148	0.031312021252190826	7
CD84	2.4427297	1.8572342	0.01787325009649826	0.031195871094265974	7
FAM160B1	2.4415705	2.2908404	0.01799038343637293	0.031370678054458694	7
IKZF4	2.4403706	3.0006578	0.018083546521117072	0.0315182567903432	7
PRKCQ	2.4378905	5.2615256	0.018219589523728152	0.03174039759084183	7
LPIN1	2.427696	1.5844514	0.018572721633380588	0.03230989003547141	7
FOXP3	2.4147751	5.2120647	0.019287711723143714	0.033506391545376595	7
BTN3A3	2.406936	2.6329944	0.019614904385291666	0.03401082670279339	7
TANGO2	2.4064412	2.3075202	0.019614415757544086	0.03401082670279339	7
SLA2	2.404524	5.1743364	0.019780047716245346	0.034265014679571756	7
PPP6R1	2.4032123	1.4849731	0.019703954390243007	0.03414920800748026	7
PPP2R2B	2.4023194	4.490309	0.01987858432609537	0.03440345156202454	7
SP4	2.3937035	3.1667624	0.020276769639844455	0.03504334135604549	7
GFI1	2.3897095	4.1833134	0.020494173259227894	0.03538017810866914	7
MARCHF6	2.3773742	3.0941226	0.02110639260923158	0.036358098224294026	7
HAUS3	2.3750687	2.137802	0.021174200956151107	0.036457908915646944	7
H2AX	2.3743541	3.2539928	0.02126734659348375	0.03660123226032718	7
TNF	2.3731756	2.1982176	0.021285988239241396	0.03661626002979374	7
OAS3	2.3699307	1.8723292	0.021440467330814904	0.03686483331194094	7
SATB1	2.3634057	2.2475064	0.021813071890573865	0.03745320661508849	7
CKAP2	2.359301	1.7268336	0.02196657809589997	0.037633156348384204	7
IFIT3	2.3591	1.6892334	0.021968800607162307	0.037633156348384204	7
HBB	2.3518775	3.1386878	0.022449680724457875	0.038385733584855086	7
SREBF2	2.346633	1.7672014	0.02267908476845116	0.038724222837073496	7
TXNDC11	2.344216	1.746773	0.02280924075617396	0.038892544805751175	7
RBKS	2.3432822	2.9998305	0.02293145728557828	0.03908290344566962	7
TESC	2.3414881	3.0743027	0.022994497258959946	0.03917227633557261	7
LRATD2	2.3407807	3.8549044	0.023082591440940357	0.03928612407843142	7
ZBP1	2.3393257	3.048518	0.02314432004933534	0.03937304907103779	7
PIK3CG	2.3357387	3.1296177	0.023338843606318316	0.039685700471857425	7
CCR2	2.33435	4.1443133	0.02345484590455868	0.039846278444756016	7
IL21R	2.3342593	2.7518466	0.023397183045930723	0.039766601359114084	7
RIN3	2.3321664	2.4653986	0.023536179037207512	0.039966076076508164	7
PTGER2	2.3307307	3.9219334	0.023659351345129948	0.04011991887115886	7
MIR570HG	2.3298128	2.9448302	0.023673402261954312	0.04012533089812898	7
H1-3	2.3276346	4.7650666	0.023845203751088378	0.04036098390301033	7
PBX4	2.3263452	3.8476179	0.02390329413079986	0.040403783995107724	7
SGPP2	2.3260472	4.0963445	0.023929820011897397	0.040420667053911834	7
PRKCB	2.3252895	2.2696242	0.02388496546312037	0.040403783995107724	7
THEMIS	2.3150403	4.0204186	0.024565688732557822	0.04140977183704432	7
PLCB2	2.3140838	2.7651727	0.024595639025891205	0.04144135257668399	7
BICDL1	2.3129015	3.3970902	0.024691354815133067	0.04158366273560468	7
NIN	2.3097014	1.8211476	0.024813727823255867	0.041770717224114094	7
USP3	2.3067465	1.6103542	0.024981741838013903	0.04201526449315493	7
NCKAP1L	2.3066561	1.7613151	0.024922111851864014	0.04193406343016281	7
SFMBT2	2.3045464	2.2996962	0.025132027666125236	0.042212029862052254	7
STAMBPL1	2.3044877	2.9432776	0.02516926455228234	0.04224309880899818	7
XCL1	2.3040001	4.5983114	0.025235090095256745	0.04232576391374202	7
CEP85L	2.301448	2.7643392	0.02534972226614681	0.04246021023273457	7
TRAV29DV5	2.300715	28.119896	0.025449677033454063	0.042608317461990376	7
RGS3	2.2974374	1.7674488	0.0255254044612664	0.04271574704908486	7
CAMK1D	2.294459	2.0064826	0.025734522809003665	0.043007264486326795	7
TNIP3	2.2937593	3.669575	0.02583749361946996	0.04315982772330086	7
ZNF276	2.2925425	2.1168342	0.025872151412009943	0.04317868087957396	7
KCNA3	2.290866	7.0164194	0.026053518479308563	0.04342253079884761	7
TTN	2.2903163	4.5733547	0.026067073520015808	0.043425535011928945	7
HARS1	2.288701	3.7206185	0.026159383108994096	0.04354005431879873	7
AP1M1	2.2848928	1.4785279	0.02625859540438059	0.04366584609324316	7
FOXO1	2.2835863	2.359972	0.02643861166096145	0.043945420642038935	7
ZNF683	2.28251	3.7564862	0.026548890647800978	0.04410888081997509	7
CHST11	2.2804167	2.2240133	0.026629887304342095	0.044223565658222046	7
TRAV13-1	2.2730303	27.997824	0.027184457852146147	0.04504330572362333	7
LTA	2.2611303	5.3620114	0.02795349974973197	0.046255343293891464	7
OXCT1	2.2549984	1.9610666	0.02828308836691778	0.04671703688679535	7
CEMIP2	2.2544749	1.8052505	0.028280663049294212	0.04671703688679535	7
RTKN2	2.2509723	2.608382	0.028582258058957182	0.0471059070150967	7
STK10	2.2508812	2.0117388	0.02854051047358289	0.047058092904903516	7
ATG4B	2.249846	1.351555	0.028540208652386368	0.047058092904903516	7
MYO9B	2.2489796	1.4602932	0.028626046615424797	0.04715704067944477	7
TTC7A	2.2428079	2.2309077	0.029096311223884803	0.047889028940870534	7
TRGV10	2.2408442	9.6134405	0.029332583990004883	0.0482349345095986	7
MARCHF3	2.2384553	4.0885086	0.02947702642829612	0.04842935200202497	7
CCR4	2.2336264	5.677607	0.029824338973199162	0.04897819222487596	7
MTCO2P12	64.034134	8.769836	1.4720385747999556e-48	3.02176807438102e-46	17
H3-3A	48.049217	7.000082	2.8371533136357786e-30	1.397770865851227e-28	17
H3-3B	21.625444	6.684938	6.02345859720931e-18	8.27385855638974e-17	17
MTRNR2L12	19.359776	5.510537	5.742269113147833e-17	7.192435380705506e-16	17
GABARAP	17.754715	4.6498265	6.024762375177504e-16	6.685134227111374e-15	17
ATP6V0C	14.805569	5.2617793	8.638476375382122e-14	7.337740277479757e-13	17
ALDOA	12.799074	4.124738	1.5284123548862618e-12	1.111709380178098e-11	17
SEPTIN2	12.553309	5.140557	3.5173848267815932e-12	2.438412182918947e-11	17
H2AZ1	11.699256	5.06811	1.4957976599933368e-11	9.71348392561578e-11	17
GPX1	11.134871	4.3227572	3.186129471189872e-11	1.9852864074277534e-10	17
H2AJ	9.181926	5.9169927	2.390914556695335e-09	1.2118558692715038e-08	17
BCAM	9.069584	4.010134	2.6696920673157493e-09	1.3439389902904215e-08	17
H1-0	8.585684	6.8839364	8.634996905108381e-09	4.106346662081785e-08	17
FSIP1	7.6334505	4.830123	6.766319097350042e-08	2.9071568679893494e-07	17
TPRG1	7.611191	4.777347	7.094468341554693e-08	3.04460633240936e-07	17
LDLRAD4	7.550106	3.4834697	7.474852720030013e-08	3.196710740799872e-07	17
MICOS13	7.5356984	4.82729	8.387471220673463e-08	3.5500236151647705e-07	17
ANKRD30A	7.498077	3.3866942	7.67248342828295e-08	3.2736519939382797e-07	17
CPB1	7.4465485	7.8348446	1.072837949833088e-07	4.444098906539529e-07	17
BNIP3	7.1563034	2.5131552	1.540632434920224e-07	6.290206460806882e-07	17
MAGED2	7.1216106	3.1154547	1.967893377462146e-07	7.877969696340877e-07	17
RBIS	7.0897846	4.572169	2.332423777674065e-07	9.227308199684873e-07	17
PSD3	7.022845	4.128962	2.736578923697008e-07	1.0677570351700576e-06	17
MTRNR2L8	6.872975	2.8346043	3.398006414911829e-07	1.3065175549530917e-06	17
FASN	6.8104944	3.066536	4.0840394339329665e-07	1.5445778616563265e-06	17
FBP1	6.786116	2.7356937	4.059471944671513e-07	1.536859511840291e-06	17
ASAH1	6.6662226	3.6828647	6.27043542099133e-07	2.3053988935883547e-06	17
MUC1	6.4910493	2.4165652	7.891049116846119e-07	2.8641872776764646e-06	17
ANKRD50	6.4823594	4.679353	1.0242245134940031e-06	3.6636104330690624e-06	17
PLAAT3	6.3836403	5.1266418	1.2914274888499808e-06	4.518773268277158e-06	17
GSTM3	6.1503963	2.1385381	1.7408804987725484e-06	6.0005162714221695e-06	17
DUSP4	6.125619	2.801828	2.1844924142521497e-06	7.418841425240527e-06	17
ZC3H11A	6.067959	4.551442	2.791928191466448e-06	9.378340606789569e-06	17
NME2	5.89479	2.9722447	4.010517890847247e-06	1.3125654213180317e-05	17
CIAO2A	5.8445787	4.686625	4.846388740714949e-06	1.5667022219546577e-05	17
PRKACB	5.838899	4.643568	4.962512131879884e-06	1.601439504567351e-05	17
NAT1	5.834782	4.2575235	4.9599488228763005e-06	1.601439504567351e-05	17
AKR7A3	5.8087854	4.632373	5.336660231835504e-06	1.716184469680782e-05	17
PLAAT4	5.783333	4.3856425	5.554601004322046e-06	1.7754542137517265e-05	17
CA2	5.725524	4.6541586	6.544443286438841e-06	2.0650485007166113e-05	17
ABHD2	5.705255	3.9784317	6.870176174795788e-06	2.1594486365030668e-05	17
SLC39A6	5.5272202	2.6835713	9.889059758075715e-06	3.0526379119540326e-05	17
WBP1	5.476082	5.174729	1.236665741683848e-05	3.754708229681034e-05	17
H2AW	5.4268913	6.7509623	1.4093948431317883e-05	4.233913776725169e-05	17
RO60	5.3477974	4.8558774	1.6952729774959317e-05	5.027314327325416e-05	17
H2AC6	5.320087	6.2556276	1.8411818748082675e-05	5.42517306811527e-05	17
APBB2	5.289053	3.732782	1.9365649638182358e-05	5.674549993107361e-05	17
FAM3B	5.2404103	4.843562	2.2396588035750617e-05	6.460218016557262e-05	17
PHGR1	5.0453887	6.1233144	3.6892133575865374e-05	0.00010295803139185992	17
H2AZ2	5.01148	4.0430017	3.9191051488032674e-05	0.00010896232900547836	17
GSTM1	4.933621	7.030984	4.909420237158782e-05	0.00013407470640282114	17
GLUL	4.9088855	1.3231014	3.981773968484259e-05	0.0001105383532197546	17
UQCRHL	4.8091083	2.9820766	6.445831707519283e-05	0.0001727146349476704	17
MACROH2A1	4.77555	4.014443	7.162863857438369e-05	0.00019068286709823324	17
GASK1B	4.6512628	6.534377	0.00010043325058325437	0.0002622620925124558	17
KCNC2	4.6027956	6.1597085	0.00011363593906902367	0.0002926026445017717	17
LRRC26	4.5814095	3.0111775	0.00011675908051872308	0.0003002260281953248	17
MICOS10	4.5589666	4.208454	0.00012527129141696542	0.00032026145247609914	17
POLD4	4.530648	3.5245335	0.0001342417224891998	0.00034161374972286034	17
TMEM150C	4.5013537	3.6731856	0.00014486900765459584	0.0003668889535872047	17
H2AX	4.494361	5.2693577	0.0001490802362673121	0.0003765218544140247	17
PLAT	4.484633	3.261704	0.0001499207895209236	0.00037812786162444553	17
GRIA2	4.4706044	5.4257436	0.00015862037453773042	0.0003995243925814	17
TFF3	4.458518	3.7177222	0.00015924041525639123	0.0004008128980738185	17
PRR15	4.4031873	3.5820441	0.00018604114522786726	0.00046322239327289055	17
SYTL2	4.3946757	3.3265078	0.00018960343537264142	0.00047113967296698723	17
SF3A2	4.3656316	3.0047498	0.00020093483037262664	0.0004976234572566055	17
SARS1	4.3373938	4.3186083	0.0002211329474715417	0.0005450875523064354	17
KCNJ3	4.303525	2.8185885	0.00023202742660540228	0.0005696620208019678	17
SHROOM3	4.278316	2.3006163	0.00024557127222189014	0.0006009177820264133	17
LRP2	4.2371087	5.2189827	0.00028784659937579115	0.0006974381538974088	17
ERBB4	4.1868925	3.5021758	0.0003232828034906819	0.0007761728127992656	17
MTLN	4.184399	4.039366	0.00032593750911207194	0.000781530886547116	17
H4C3	4.180612	3.5060499	0.0003239889322537895	0.0007773630549855533	17
ABCC5	4.1504617	2.6502364	0.00034763371339121413	0.0008303209896448198	17
SEPTIN9	4.148305	3.3461037	0.00035274246931756324	0.0008408925316957395	17
FASTKD1	4.1297054	4.607982	0.0003763922461738778	0.0008903773044894227	17
H1-10	4.1112604	4.425292	0.0003934242611329864	0.0009282903224050987	17
STC2	4.0382195	2.270771	0.0004539950918732528	0.0010583671069221887	17
CNTD2	3.9931588	4.9170847	0.0005337782139079778	0.0012311551188451796	17
EPB41	3.973258	2.6821816	0.000548551391322914	0.0012612927137138563	17
NBPF1	3.95933	3.5606205	0.0005760299877680764	0.0013179138110235556	17
SLC29A1	3.948196	2.3157308	0.0005770427269881582	0.0013194139085527504	17
RAD50	3.9381957	3.671129	0.0006084382444448847	0.0013869088915631394	17
VSTM2A	3.8547928	4.651542	0.0007538792945107287	0.0016933641296152842	17
RESF1	3.8390658	3.1060421	0.0007665778441318014	0.001720841515229044	17
RET	3.8084352	5.114731	0.0008512772183737117	0.0018959755872118096	17
PRXL2A	3.8058367	5.6887827	0.0008569746282516644	0.0019052474436762334	17
STARD10	3.7798548	1.7475868	0.0008711430768142198	0.0019344192721325376	17
ASCL1	3.65839	7.199958	0.001242055970048354	0.0026901505330179766	17
MBOAT2	3.6423273	2.364799	0.001265361248022289	0.0027374179223901393	17
NOVA1	3.641889	2.6336484	0.0012674001918379723	0.002740224522434937	17
TRH	3.6377726	5.823581	0.0013056877080932427	0.0028147701758486185	17
RHOH	3.6329606	2.2595499	0.0012813879565986008	0.002767228813344144	17
ST6GALNAC2	3.6277158	6.6669707	0.0013409638649393512	0.0028857667332270838	17
SESN3	3.6260164	3.330724	0.0013362654857299663	0.0028773315674663316	17
SLC7A2	3.588501	3.2629416	0.0014660906594522992	0.00313858921591903	17
SNHG32	3.5744333	3.7037373	0.0015142876715758017	0.0032325086823154327	17
BCL2	3.5091403	2.2902684	0.0017593567067311592	0.003725400017978013	17
MAPT	3.4838178	2.3383195	0.001875615040006746	0.003946695656506222	17
ECM1	3.4337173	2.822608	0.002145503169502528	0.004481421261340781	17
LRATD2	3.4241078	5.302305	0.0022145547827423884	0.0046152171022183445	17
GARS1	3.4194508	3.9155324	0.0022272795510178216	0.004638795580700758	17
HK2	3.4157708	2.5291567	0.002228379473814302	0.004638795580700758	17
MFAP2	3.4129884	2.5115032	0.002232041917479028	0.004643803426286603	17
DENND11	3.38577	4.886816	0.002429121398384082	0.0049919930851107805	17
BTG2	3.3768272	1.2032164	0.002330114619530922	0.004828812966442377	17
INPP4B	3.376125	2.364862	0.002447428619029531	0.005024027081841176	17
GET3	3.3707588	3.5423236	0.0025102544741856703	0.005147275406279718	17
AARD	3.3490787	1.9911348	0.0025943024024496224	0.0052990311647602845	17
LARS1	3.3412642	3.4600375	0.0026916842452096054	0.005476747404212275	17
DNAH14	3.3194232	2.6729555	0.002829094717129693	0.005724811051365945	17
CCDC170	3.2968993	2.2900493	0.002960251522438667	0.0059738554753745905	17
COL9A2	3.2961223	3.8903027	0.0030287260793005343	0.006102040819528612	17
GCNT1	3.2743099	3.3275764	0.0031828155719640676	0.006391578010003929	17
SGSM3	3.2595017	3.3462048	0.003298754123865699	0.006613617193534324	17
SNHG12	3.2584524	2.0286965	0.0032493909858660446	0.006518186586739976	17
WARS1	3.246713	3.640717	0.0033980002269634866	0.006779487493860736	17
TLE5	3.2306855	2.805159	0.0035102203546948114	0.006980766528846785	17
PLD3	3.20249	1.5607203	0.0036965827327564258	0.007312030619665414	17
NEK10	3.1870618	3.8564942	0.003942436883558026	0.007769228951865015	17
CITED2	3.1856704	1.5906309	0.003856771844891439	0.007612591862646296	17
SLC9A3R2	3.1672478	2.1279855	0.004072178363532255	0.00799505794540472	17
SUSD3	3.1606767	1.9987036	0.004143598693407403	0.008109426468294679	17
FGD3	3.1604118	2.649209	0.004178247355503726	0.008172908405815917	17
CDH7	3.139837	9.380736	0.004441058080159531	0.008650347710168406	17
MIR570HG	3.1327255	4.098068	0.004497246617850638	0.008741360469730725	17
RAB3B	3.1319356	4.8905535	0.004516809894300603	0.008770158990772848	17
KCNE4	3.1239552	1.7392566	0.00445528551294018	0.008665001705170644	17
NCBP2AS2	3.119269	3.8672414	0.004638512222436879	0.008987573498638839	17
FUCA1	3.1184552	2.274967	0.004603109317315307	0.008933029898886585	17
H1-2	3.115697	5.1945376	0.004698830087092567	0.009099673570129472	17
H2BC12	3.1100829	5.1686573	0.004761332731103258	0.00920142491706409	17
LINC01087	3.0854053	3.6167967	0.005034494810097624	0.009663614713408167	17
CIAO2B	3.0838358	2.677726	0.005004923767898301	0.009616845201447854	17
MARF1	3.0517251	2.21156	0.005403358683487532	0.010286146489173842	17
FAM174C	3.0367417	3.3114874	0.005637150408763674	0.010692644127506043	17
DNAJC12	3.0157723	2.0641842	0.005877775814463041	0.011116822655355268	17
ALOX15B	3.0044484	4.321897	0.006127501911844512	0.01153393762825546	17
CASC3	2.992473	1.6968765	0.00617116435425045	0.011610209923093388	17
RALGAPA1	2.9701107	1.75494	0.006513455173372788	0.012204471027186843	17
MARS1	2.8984	3.7792559	0.007846441718662774	0.014510811887116592	17
SEPTIN7	2.8846502	2.4758286	0.008034838651092557	0.014836945934926037	17
IFT122	2.874132	2.0258262	0.008224262957600866	0.015148879176637688	17
KITLG	2.8703794	2.8943727	0.008364261829109897	0.015383746868372855	17
SLC66A3	2.8625293	3.170783	0.008515259954809187	0.015645890369477847	17
TSPAN1	2.8613057	2.5506794	0.00854468790348792	0.015684362545150456	17
ATP2A3	2.8598197	2.7021594	0.0085628133435588	0.01569424370260405	17
ACSL1	2.8567634	1.7704148	0.008523900099298772	0.015653981544189344	17
SMG7	2.851452	1.7853694	0.008651212663125572	0.01584840396145215	17
FAM120B	2.8442554	2.2776678	0.00883455583668707	0.016140940556731046	17
DENND10	2.8296807	3.9277127	0.009230192621512338	0.016775977243722623	17
ADSS2	2.8287666	3.4397113	0.009238308241439527	0.016782472444502976	17
SETD2	2.8025959	1.8251264	0.009719611256069346	0.01760488411332168	17
CXCL14	2.7975867	2.7901006	0.00989548404213112	0.017897118715454963	17
SERHL2	2.7879024	2.6082373	0.010111863648237476	0.01822601764889633	17
AGL	2.775327	2.8325071	0.010471943695860407	0.01877429983318981	17
TNFSF13	2.7591562	4.364381	0.010877645235078857	0.019426244148678773	17
BOLA1	2.7575986	1.7794641	0.010797317502952548	0.01929280709560619	17
DRAIC	2.7483122	3.154415	0.01113401193093609	0.019855296372977244	17
TRIM36	2.738609	4.602116	0.011427751360334032	0.020310505664470537	17
PEX5L	2.73477	6.3233714	0.011540803226993964	0.020481877004679492	17
ETV3	2.7318742	2.435338	0.011531154245544458	0.0204745867070095	17
AHSA2P	2.7228017	4.288997	0.011843491788610922	0.02094863674433574	17
OGT	2.6927872	1.6077845	0.012538146554227208	0.021998315060716776	17
MIEN1	2.6911533	1.089742	0.012416723340282383	0.021826732988745674	17
H2BC18	2.6911042	9.557937	0.012764003373820798	0.02235212913093263	17
ACADSB	2.6840012	2.016385	0.012797921967540218	0.02240091031267698	17
RUBCN	2.6176004	2.6556134	0.01498671800636755	0.025876599548377618	17
GJA1	2.6108716	1.78576	0.015106778230555763	0.02605954508025376	17
SLC18A2	2.6073883	5.7198005	0.015421483102935628	0.026565212151676995	17
GFRA1	2.6015756	2.1066399	0.015525868846626633	0.02672065500468216	17
TMC5	2.5950341	1.771214	0.015674694230151227	0.02696368490708044	17
IKZF2	2.5655499	2.8138897	0.016867669939070146	0.02885464834484453	17
PROX1	2.5616882	4.9142094	0.017105014158707802	0.029179606332606335	17
KCNMA1	2.5578127	1.8308071	0.017067754173641005	0.029129492688962363	17
ITPRID2	2.5461938	4.9223976	0.01771326881926782	0.030092196913652693	17
DIABLO	2.5247297	3.969805	0.01855663203576538	0.0314526400789693	17
SEMA6D	2.511796	3.6246865	0.01910384133500078	0.032291259713096016	17
CDHR3	2.5005326	4.944578	0.019616485993873715	0.03308152074885636	17
H4C8	2.5004933	6.1000576	0.019625086192555655	0.03308152074885636	17
WDR6	2.4891655	1.5846874	0.019916744476300985	0.03349675504776156	17
RANBP2	2.4891489	1.2720493	0.01977938704143456	0.0333264182025083	17
GALNTL6	2.4883544	6.1594963	0.020164776473362084	0.0338522712717278	17
GUF1	2.4807181	2.3581736	0.020392468663509026	0.03420343700030225	17
ILRUN	2.4732969	3.4714184	0.02078691520086179	0.03475459351456303	17
ZNF552	2.461112	1.4564068	0.021096152350444226	0.03523267472992654	17
SLC12A7	2.455945	1.9075655	0.021488822134861925	0.035863232966718527	17
PCAT18	2.4530416	2.834244	0.02170199098481684	0.036168921075179224	17
MTUS1	2.451352	1.6317258	0.021670111570621882	0.03613315083639343	17
LRBA	2.4481683	1.7089747	0.02184885725755342	0.03638194121976561	17
DARS1	2.4418066	2.6084285	0.02218976264418149	0.03684996537988792	17
LINC00863	2.4351094	5.431114	0.022675402228687285	0.03755518208650808	17
ADAM9	2.427486	1.538533	0.022794815724110618	0.037685388859323814	17
SULT2B1	2.4231684	1.8827885	0.02303689244840898	0.038063701330025734	17
HARS1	2.402361	4.323251	0.02435216572130019	0.040027247482297246	17
VPS37B	2.390213	1.7583938	0.024849715571730418	0.04079062596070364	17
MED13	2.3833935	1.3307188	0.02506095257152306	0.04111910290931515	17
CYB5D2	2.3804364	1.8025244	0.025336222968220003	0.041515451825974686	17
STC1	2.3719938	2.1657503	0.0259052147083864	0.04239208632362408	17
CZIB	2.3702917	3.8349793	0.02611367273952815	0.042694699456883416	17
CYP4B1	2.3631167	2.787415	0.026457452296104376	0.0432185173448743	17
SYNPO2	2.3546445	2.8627436	0.026948374139933076	0.04390398696959996	17
SHFL	2.3475993	2.109615	0.027227990045543014	0.04432045075695217	17
DSCR8	2.3466456	5.5386086	0.027522033045905066	0.04473995253172865	17
HAUS3	2.3279026	2.0912745	0.028442139805961036	0.04607352327182202	17
ABCD3	2.3091722	1.5966535	0.029605209083950475	0.04789459175358888	17
POLR1A	2.3029864	2.2337384	0.03009451907790056	0.04862232094133912	17
SRARP	2.300952	1.6495761	0.03008553521022968	0.04862232094133912	17
CSRP1	2.2870383	1.1557453	0.0309108523608696	0.04978884022380697	17
