gene,logFC,pvals,adj_pvals,cluster
XBP1,2.5852602,6.226313910370257e-70,1.044183974338644e-65,0
KRT18,2.4148915,2.970010410929694e-48,2.4904279798248213e-44,0
SCGB2A2,5.273899,1.6407086028993314e-36,3.930786232131891e-33,0
ADIRF,2.762521,1.0554764867188608e-36,2.7232105262336392e-33,0
RPL31,1.2152008,2.409425037565103e-37,6.753341645574503e-34,0
KRT8,2.0494127,4.718133995529411e-35,9.890683271503249e-32,0
AZGP1,2.5270529,2.935591427788956e-29,2.895960943513805e-26,0
MGP,3.4258974,3.9474507385079725e-28,3.394908851802459e-25,0
AGR3,2.995927,2.262753244906452e-26,1.3799092106801327e-23,0
ANKRD30A,2.6954796,1.2872682647205597e-25,6.963913688224564e-23,0
MAGED2,2.2376297,3.3827552521785254e-25,1.6934476703480585e-22,0
GATA3,2.196307,1.6348936219707835e-25,8.56811983976907e-23,0
SMIM22,2.2750952,3.75175131435814e-24,1.7005066329038698e-21,0
TRPS1,2.0444217,1.457826240746118e-23,6.2688397360084025e-21,0
SRARP,4.7535877,7.32197060261228e-22,2.585118062970721e-19,0
RPL7,1.0503173,1.6353985234904866e-24,7.514096147451289e-22,0
STC2,3.1642447,5.2618751437827315e-22,1.8775378106129426e-19,0
PPDPF,1.369549,9.142281356603131e-23,3.655275775306973e-20,0
SMIM14,1.941164,1.40174042328793e-21,4.701577553750046e-19,0
CD24,1.7997465,2.4715767336821567e-22,9.639436654003862e-20,0
S100A14,1.8173357,6.269369186347135e-21,1.894422629542966e-18,0
ELF3,1.7904094,1.2953207256004305e-20,3.811083548891582e-18,0
TSTD1,1.482139,5.839489432494304e-20,1.5301743363694646e-17,0
TBC1D9,2.296132,6.398775132456422e-19,1.393644913751434e-16,0
KRT19,1.8452406,4.8093940113707984e-20,1.3009022946402253e-17,0
GSTM3,2.295747,7.771218180006761e-19,1.6497115757949794e-16,0
RPL36A,1.2138197,3.5108774837285716e-19,7.850556112116002e-17,0
SPINT2,1.4191061,3.2602362318714955e-19,7.388620503594718e-17,0
CD9,1.3584248,4.2390488064825645e-19,9.416022252863026e-17,0
CIRBP,1.2303319,8.252250727386914e-19,1.729929635295528e-16,0
TCEAL4,1.9504588,6.533948622466253e-18,1.191060710576851e-15,0
FXYD3,1.4562256,1.656454932716761e-18,3.249073385862741e-16,0
SH3BGRL,1.582219,6.112301424013968e-18,1.1202879894144947e-15,0
EFHD1,1.9997425,5.1006808713069234e-17,8.345460346561245e-15,0
MT-CO1,1.2240677,2.3759508062276962e-18,4.553815199524752e-16,0
H2AFJ,1.6486868,5.642018936884537e-17,9.14197860686204e-15,0
NUPR1,1.534718,7.180970834982435e-17,1.1307837689020933e-14,0
UQCR11,1.0588478,1.5862529864051962e-16,2.4183868825916676e-14,0
PLA2G16,1.9193715,4.612811571501742e-16,6.583757996584677e-14,0
SCGB1D2,4.5937996,1.3048674391724278e-15,1.7791284055805855e-13,0
CLDN4,1.4660493,2.6977158182415397e-16,3.9860830951383034e-14,0
TFF3,2.382941,1.0151695398836862e-15,1.407016592447881e-13,0
MIF,1.1269885,7.649373244331289e-16,1.0690317832838156e-13,0
COX6C,1.639096,2.9114866690845306e-15,3.685063183689216e-13,0
AGR2,2.2344508,7.45730695519822e-15,8.595379126608367e-13,0
SUSD3,2.6191149,1.3463347109234524e-14,1.5002462637569275e-12,0
MT-ND5,1.4018189,6.159348723096764e-15,7.223451591656942e-13,0
MALAT1,1.1834089,1.2700468014132159e-14,1.419954658873356e-12,0
PDCD4,1.7201641,3.676576495592558e-14,3.8657069667294665e-12,0
CLDN3,1.8081653,4.0142157390301084e-14,4.194417760212114e-12,0
TSPAN13,1.5123475,4.2257045042750446e-14,4.3945802356779725e-12,0
CRIP1,1.760143,5.6166231609677883e-14,5.691454907613915e-12,0
HES1,1.6329855,5.5689517153130264e-14,5.660248772221644e-12,0
DHRS2,4.4321446,2.598755767305448e-13,2.3494573366898123e-11,0
TBX3,2.3284018,1.878181798481212e-13,1.7259204302152967e-11,0
NME3,1.578444,1.4595120046636617e-13,1.3867844801253223e-11,0
SPDEF,1.8850867,1.617007617142259e-13,1.5149735331443717e-11,0
ZG16B,2.0840826,3.3398747464274257e-13,2.9635645203683145e-11,0
EVA1B,2.361235,7.334336955300965e-13,6.1964986352078e-11,0
MINOS1,1.2497966,3.9077862822980444e-13,3.4133088462124665e-11,0
CLDN7,1.5942712,7.751957796152477e-13,6.532874784943473e-11,0
CRABP2,1.4718469,5.05749705552307e-13,4.316374268175554e-11,0
STARD10,1.6709319,9.069090329656943e-13,7.529365315520385e-11,0
ARL6IP1,1.3739647,1.6373433535779811e-12,1.313830943118638e-10,0
MZT2B,1.05679,1.921120095807915e-12,1.526926282784201e-10,0
COPS9,1.2779326,5.425864946293569e-12,4.0532057052033994e-10,0
ESR1,1.9059693,8.526165143826467e-12,6.270130078258216e-10,0
TCEAL3,1.8567239,1.736683152774894e-11,1.2160770277081987e-09,0
RARRES3,1.6274239,1.4382484843318109e-11,1.0220400934951964e-09,0
NDUFC2,1.2332044,1.4706825961542137e-11,1.0428787517464796e-09,0
ZNF703,1.9608215,2.2971501201870168e-11,1.5886332408493345e-09,0
CYB5A,1.1768894,1.3517424115099747e-11,9.64655153711831e-10,0
FOXA1,1.7093234,8.021176429686164e-11,5.0100238105792116e-09,0
MSI2,1.7650138,1.056735222080876e-10,6.491567048317704e-09,0
NDUFA13,1.1550459,8.842290256023622e-11,5.471942019876167e-09,0
TTC39A,2.4237204,1.452165527819314e-10,8.776051165511282e-09,0
FABP3,6.0690575,1.8142375384396684e-10,1.0732158955344783e-08,0
IRX3,1.7942822,1.864195613503854e-10,1.1008272019812108e-08,0
KIF22,1.9080118,2.0476847642558614e-10,1.1965399769670008e-08,0
MLPH,1.8381647,1.8905548795459773e-10,1.1144306013154945e-08,0
TOB1,1.4841676,2.4115057961508307e-10,1.3897648781562717e-08,0
KNOP1,1.6686181,2.7139567103776245e-10,1.5376490206549982e-08,0
GLUL,1.1481073,1.9535101868044292e-10,1.1475076212890954e-08,0
MORF4L2,1.1689461,2.889690696794262e-10,1.6262267728385293e-08,0
MARCKSL1,1.014987,2.4955940321295833e-10,1.4308499048146728e-08,0
SNHG8,1.14493,3.5094359659795564e-10,1.945619698097856e-08,0
RHOB,1.2282797,3.8539742648416156e-10,2.1225968935476624e-08,0
SHISA2,3.7348084,8.883621137001443e-10,4.549092161162831e-08,0
PBX1,1.3378849,6.648706028162126e-10,3.482802749588297e-08,0
HSPA1A,1.1255839,5.875965231845551e-10,3.1184454088818296e-08,0
S100A13,1.0776452,6.609542781719648e-10,3.469337628194972e-08,0
WWP1,1.8941894,1.3323059977913331e-09,6.649832659511772e-08,0
TPD52,1.3704418,1.2856686074969885e-09,6.436210561799476e-08,0
CCNG2,2.0094576,1.6639898934133563e-09,8.183560852635981e-08,0
SCUBE2,2.3322535,1.8203593086111782e-09,8.900389441709552e-08,0
RERG,2.011734,1.7919208718170537e-09,8.799826934350775e-08,0
GALNT6,1.9487506,2.254637952639937e-09,1.0818714101501593e-07,0
TFAP2B,2.5247102,3.897775250619651e-09,1.7671034532873728e-07,0
DSP,1.1779968,2.9218458379273487e-09,1.3732465636448128e-07,0
STUB1,1.2408807,4.168152880278104e-09,1.8816152861023943e-07,0
SCOC,1.432924,6.666073982823431e-09,2.915081974679018e-07,0
FAM173A,1.5122604,7.607153756091421e-09,3.2753728386785924e-07,0
CAMK2N1,1.9032378,8.76825798912409e-09,3.7195502819727426e-07,0
AFF3,2.1624088,1.2845835431284873e-08,5.319286002478098e-07,0
FKBP4,1.2038232,1.3841728124008644e-08,5.703506179451768e-07,0
C19orf70,1.0096053,1.760668583911538e-08,7.115010237708059e-07,0
TACSTD2,1.0089331,1.3591913471387453e-08,5.607458422433045e-07,0
TMEM141,1.1866633,2.6068370089228576e-08,1.0274491200503123e-06,0
MAOB,2.810994,3.376154859551749e-08,1.3001103346064892e-06,0
HACD3,1.2140479,3.002514532069394e-08,1.1696555159133513e-06,0
SLC40A1,1.8584707,3.5012777317588944e-08,1.3421297874391438e-06,0
GATA3-AS1,1.8423115,3.784554477629459e-08,1.4365192724481405e-06,0
MESP1,2.5896928,4.6195933619250476e-08,1.719709000580777e-06,0
SNHG19,1.4872655,4.171877521177404e-08,1.57047075126612e-06,0
TMBIM4,1.0558312,4.206743490354752e-08,1.5782816936240352e-06,0
CSAD,1.8396801,5.611914309321026e-08,2.0393198033470913e-06,0
AR,1.5841655,6.512005239631616e-08,2.331047681349883e-06,0
CCND1,1.1347353,6.030347989718074e-08,2.1795679086544603e-06,0
KRT7,1.1218139,5.859111136532826e-08,2.122251043525351e-06,0
TFF1,2.3030539,8.119330504981066e-08,2.848645025811401e-06,0
PVALB,4.3269362,1.0427602747189205e-07,3.5522631127537876e-06,0
ABHD11,1.7869266,9.818685578401151e-08,3.367367412936125e-06,0
HEBP1,1.4724275,1.0431946471668945e-07,3.5522631127537876e-06,0
GFRA1,2.1715407,1.0897037634529343e-07,3.7031158996935026e-06,0
TCEAL1,1.8154265,1.1428152218079567e-07,3.8640287655907934e-06,0
NDP,4.909892,1.3571693199399537e-07,4.498104363646837e-06,0
GPR160,1.6605896,1.2314008142758134e-07,4.14266947960131e-06,0
TSPAN5,1.9580569,1.2734783961228365e-07,4.254356462585265e-06,0
ERBB3,1.2960578,1.282173679707615e-07,4.279143023987375e-06,0
HSPA1B,1.1240059,1.1967876371809096e-07,4.038375667875743e-06,0
NFIA,1.3812813,1.798184710696979e-07,5.799318594373786e-06,0
H1F0,1.2787695,1.7976013834481545e-07,5.799318594373786e-06,0
TSPAN6,1.9388453,2.0577261477404904e-07,6.530404125825288e-06,0
IER3,1.0510653,1.750302516536784e-07,5.677649584831747e-06,0
MAL2,1.0104421,1.876191232537877e-07,6.029278149896738e-06,0
PEG10,2.5700433,2.5624009262548686e-07,7.950554067300143e-06,0
BEX4,1.408101,2.533952677600311e-07,7.876858828488602e-06,0
TP53TG1,1.4880973,2.629777052692102e-07,8.137025103721936e-06,0
CRIP2,1.0983968,2.886104473730314e-07,8.889148774415838e-06,0
CREB3L4,1.4130011,3.536279105053717e-07,1.070490410312335e-05,0
C4orf48,1.2224808,4.07352744980985e-07,1.2155710337550905e-05,0
NUDT16L1,1.4431683,4.4780278468791777e-07,1.3175222106331096e-05,0
SEC14L2,2.6496794,5.56094296858248e-07,1.602986692370434e-05,0
SLC2A10,2.2539623,5.777358264964144e-07,1.6551259294550618e-05,0
GADD45G,1.7110156,6.035516591020934e-07,1.7112194588286824e-05,0
MRPL23,1.2733128,5.728736586635473e-07,1.6479207019926276e-05,0
CYHR1,1.3217565,5.970341783738975e-07,1.698893228921636e-05,0
ASPH,1.1303844,5.811050716451765e-07,1.6616236323999034e-05,0
KCNK6,1.6443813,6.817201931400709e-07,1.9022942594102426e-05,0
UGDH,1.4273653,6.599833551003989e-07,1.8524269216253122e-05,0
TNNT1,1.7723457,7.858746270102315e-07,2.1641232236904907e-05,0
C16orf89,4.1484537,1.005289594379562e-06,2.6996331693422647e-05,0
MYB,1.953026,1.0495302467053911e-06,2.804963665716775e-05,0
CYB5R1,1.5948979,1.0277400768874157e-06,2.755509985522047e-05,0
DEGS2,1.4101535,9.871182852398789e-07,2.6529594875986198e-05,0
CHCHD5,1.2010428,1.0483155363562165e-06,2.8039514676972773e-05,0
THSD4,1.5766331,1.1792620818933255e-06,3.1169132772879455e-05,0
GADD45B,1.0000815,1.0884378848472142e-06,2.892812606629193e-05,0
SGK3,1.8004321,1.3189025524677114e-06,3.442592257768055e-05,0
NUPR2,1.9683992,1.4226849298811684e-06,3.681965681569774e-05,0
PLIN5,2.9134023,1.5189364981552542e-06,3.8950037526472e-05,0
NDUFA7,2.0286772,1.4715532501046516e-06,3.7908884456036964e-05,0
SNRNP25,1.2162732,1.6982842510453578e-06,4.315314550326693e-05,0
BCKDK,1.4249712,1.932900175291442e-06,4.844506188937119e-05,0
MCRIP2,1.3199844,2.045751842570402e-06,5.105398999379008e-05,0
ELOVL5,1.1328592,2.0113286795514105e-06,5.026972819734267e-05,0
RMND1,1.9048818,2.352669849281137e-06,5.8022720157896046e-05,0
MB,1.7913909,2.4401425583847983e-06,6.000353486127898e-05,0
IL6ST,1.0401334,2.3412485786095473e-06,5.782608142499472e-05,0
ERBB4,2.2965946,2.8260770837270523e-06,6.824294561935858e-05,0
RBM47,1.1879512,2.673044688514728e-06,6.506283882254897e-05,0
CHPT1,1.2248718,2.7003273205312644e-06,6.558412647207759e-05,0
SERINC2,1.1568483,2.7685787608786168e-06,6.70475813852922e-05,0
BCAM,1.3088522,3.0372584534056768e-06,7.266240070305265e-05,0
TMC4,1.6958374,3.2715273310053262e-06,7.749314845285992e-05,0
WEE1,1.5840031,3.3141870245412463e-06,7.835055551907076e-05,0
CYP4X1,2.4712923,3.4604517820531136e-06,8.116574351177866e-05,0
SNCG,1.8942851,3.370262052165981e-06,7.938339851945166e-05,0
PSENEN,1.1188542,3.219274692842283e-06,7.652565022864849e-05,0
SEPHS2,1.2190844,3.314732365807859e-06,7.835055551907076e-05,0
SNHG9,1.3415284,3.7281664645676506e-06,8.695857537417494e-05,0
CCDC74A,1.9690298,4.123975859119615e-06,9.513223816418913e-05,0
GAMT,1.4098521,4.376541617397135e-06,0.00010006379167628992,0
EGR1,1.006301,4.102994760548053e-06,9.495710887293292e-05,0
C19orf33,1.7144709,4.6037540343175795e-06,0.00010475882908076386,0
EVL,1.0414484,4.335885895836684e-06,9.940529653606168e-05,0
FSIP1,2.0736585,5.695025271201328e-06,0.00012683721289599188,0
SCCPDH,1.144043,5.3961488983416025e-06,0.00012066148679951712,0
TMC5,1.7077897,6.6354241436625035e-06,0.0001453682307005774,0
MUC1,1.131215,6.299818616291126e-06,0.00013864974816864875,0
BNIPL,2.3669777,7.68632255644061e-06,0.00016536686649491628,0
NME4,1.0410448,7.111679692464757e-06,0.0001543901932459291,0
INPP4B,1.9078832,8.266924841948906e-06,0.00017616976307534824,0
BSPRY,1.616339,8.29110783756866e-06,0.00017656637966977169,0
DNALI1,1.8939255,8.962793107766942e-06,0.00018966627358208896,0
CYP4Z1,3.2759542,9.891924973868157e-06,0.00020671966077788901,0
HAGH,1.1818758,9.123411691933044e-06,0.00019245808274158884,0
SLC44A1,1.192283,1.0926425241967537e-05,0.0002252074400427402,0
RND1,2.0738862,1.1536663612399198e-05,0.00023652275930530653,0
PLEKHF2,1.3135644,1.1662422973024294e-05,0.00023866340996840014,0
PRR34-AS1,1.6953603,1.2301339866238615e-05,0.0002499086859197513,0
SLC12A2,1.4429282,1.260450981267598e-05,0.00025391463280898804,0
NECTIN2,1.1489398,1.2829825250968973e-05,0.00025814347255114,0
AC245297.3,1.591006,1.3452176681892977e-05,0.00026937281079843125,0
CST6,2.1568255,1.3769736901109643e-05,0.0002747476177276136,0
CXorf40A,2.3536289,1.539834553440215e-05,0.0003029184208618079,0
WDR61,1.1579833,1.4781427015936824e-05,0.0002928433807097088,0
CA12,1.1738883,1.4669838124277437e-05,0.0002908043974742255,0
NQO1,1.134919,1.4956537397577942e-05,0.0002954400593946771,0
MYO6,1.0219084,1.5129772475158851e-05,0.0002981596348938326,0
PGR,2.14632,1.6515953012195994e-05,0.0003215099129321334,0
CXXC5,1.1524277,1.6774622037260502e-05,0.00032597775072523434,0
REEP6,1.6230966,1.7943264656412905e-05,0.00034548509749755753,0
AKR7A3,2.1832051,1.9572498515575027e-05,0.0003723659516227464,0
SHROOM3,1.5869434,1.9253969469491905e-05,0.0003672083079417817,0
SLC39A6,1.0058223,1.8027264920447967e-05,0.0003467044109499686,0
SCGB2A1,3.0738778,2.049313617044141e-05,0.00038791522166092574,0
C9orf116,2.3448684,2.1412469203874224e-05,0.00040257602554212183,0
RAMP1,2.0328662,2.150764675738424e-05,0.000404138924307801,0
PGRMC2,1.1301799,2.098219174944454e-05,0.00039613123018194586,0
TIMM10,1.0076491,2.0860110981503772e-05,0.0003943082164258121,0
FAM84B,1.334604,2.2154992506457556e-05,0.00041490820974823724,0
C3orf14,1.1027958,2.2474403223795853e-05,0.00042039879155304457,0
ISOC1,1.4877687,2.3618593229226643e-05,0.0004384013478148815,0
ANXA9,2.4199271,2.669441071637114e-05,0.0004889990332265453,0
SULT1A1,1.9212911,2.6441546693277463e-05,0.0004848966198136793,0
GP2,3.4382238,2.74061792833359e-05,0.0005006702937594605,0
KIAA1324,1.2902684,2.9221236577615893e-05,0.0005295026991084898,0
PRLR,1.2335101,2.9656431212712942e-05,0.0005362298432914312,0
BHLHE40,1.1391791,2.9983454353756943e-05,0.0005412675147897533,0
COQ7,1.401775,3.2284442045913875e-05,0.0005779892136950018,0
PLPP5,1.0837498,3.19822551752344e-05,0.0005730324897609706,0
RAB11FIP1,1.0902903,3.6505382655709816e-05,0.000645454422591019,0
TPSB2,4.318616,4.012593650314194e-05,0.0007018874232764372,0
SNHG25,1.3767366,3.844812256824213e-05,0.0006744709618522015,0
FLNB,1.0893146,3.752865054589471e-05,0.0006600673665232588,0
AFMID,1.6718144,3.974261900443948e-05,0.0006957240000145641,0
PGGHG,1.6360208,4.146918062079054e-05,0.0007206827912963396,0
TFAP2A,1.0060636,4.083355306195389e-05,0.0007122195544726964,0
MAPT,1.6437087,4.532921278992972e-05,0.0007809787710598791,0
ARFIP2,1.2779796,4.608999558768834e-05,0.0007927715600034126,0
VSTM2A,3.8600125,5.5162097486932086e-05,0.0009269498556158262,0
AAMDC,1.2245519,5.3102245149049336e-05,0.0008959267628492273,0
DSCAM-AS1,3.7637162,5.7372609953715105e-05,0.0009588115149265363,0
MMEL1,2.1578863,5.5935143831438756e-05,0.0009385295944223549,0
TPSAB1,4.3665366,5.761122733152394e-05,0.0009623198087284086,0
FAM174A,1.3690006,5.5327789134284543e-05,0.0009288034911676867,0
KDM4B,1.2115469,6.366721854840611e-05,0.001052989239315626,0
AC093001.1,2.175945,6.772437054320604e-05,0.001113483155282871,0
AL451165.2,1.7096665,7.208898938892562e-05,0.0011726172614422669,0
POLR3K,1.0854732,7.075070274823674e-05,0.001156456784053903,0
NSMCE1,1.0459905,7.508307223806125e-05,0.0012154253503556043,0
CRACR2B,1.1158996,7.541515514434625e-05,0.001219914499474046,0
TSPAN15,1.1431116,8.826492105182103e-05,0.0014010855262655605,0
THUMPD1,1.0790559,8.808663346022175e-05,0.0013989175061028872,0
LYPD6B,1.8569306,9.170392574384699e-05,0.0014501845230430795,0
ANO1,2.3772573,9.456096579233273e-05,0.0014897460561956938,0
MFSD3,1.5287013,9.836927974393556e-05,0.001542498369280665,0
ITPRIPL2,1.3333595,0.00011560827991611756,0.0017746532341723108,0
RABEP1,1.085796,0.00011523221134022975,0.0017705009622366679,0
PPM1A,1.2198685,0.0001180650994817197,0.001805002487748707,0
DIO1,3.7303324,0.0001271786239899296,0.0019188925898543541,0
PLA2G12A,1.483186,0.00013689965515619324,0.0020462349971452215,0
FAM110A,1.336643,0.00013991175803278378,0.0020884647424021362,0
LINC00623,1.3651917,0.0001416748417538274,0.002111962607673389,0
PON3,3.5858624,0.00015295502857769227,0.0022590332952551195,0
ROGDI,1.277254,0.0001515050374025757,0.0022386037266607013,0
TP53INP1,1.2879089,0.0001541796004764623,0.0022732461150975396,0
GDF15,2.0174863,0.00015708776235151886,0.0023109125601018833,0
RHPN1,1.5534549,0.00015738340013519931,0.0023142466567008853,0
SPAG1,2.1510754,0.00016038983457419395,0.002352267355248377,0
PRR15L,1.6561872,0.00016385750420763628,0.002395790997658382,0
TTC36,1.8237514,0.00016603187509031653,0.0024244123301716616,0
ACADSB,1.9578882,0.00017268427472741848,0.0025095334742774454,0
MINCR,1.6683742,0.00017181757156857396,0.0024991037155167126,0
AC008771.1,1.236503,0.00017627187479971084,0.002555028069428307,0
SPIN1,1.2064098,0.0001783939823981172,0.002581325523561367,0
LINC02482,2.28803,0.00018360033733405348,0.0026407113698634164,0
KIF12,2.1269152,0.0001859601508790205,0.002668930004549947,0
TMEM150C,1.8455842,0.00018760373227495953,0.0026882961160033477,0
ZBTB18,1.7673048,0.00018968828004004107,0.0027143065703169873,0
MIR200CHG,1.8274236,0.00019114130623593007,0.002729276522971192,0
SLC44A4,1.684909,0.0001913615135048078,0.0027312580955169185,0
SPINT1-AS1,1.0269992,0.00018844607393063247,0.002697682358389818,0
CAP2,1.9295337,0.00020649238410804077,0.0029223464368640486,0
ZNF281,1.1502479,0.00021132294485867796,0.002979395919926405,0
CFB,2.3380578,0.00022737524296849982,0.003173696639370142,0
BIK,1.2702338,0.00022666246509779747,0.003167702392435511,0
CHAD,4.344876,0.0002472339973266782,0.003412541359808277,0
ECI1,1.0162948,0.000247532800575093,0.0034152602484941153,0
AIG1,1.0357819,0.00025594074549047357,0.003515359764330866,0
SELENBP1,1.1802771,0.00026747357329972486,0.0036468825699374273,0
AKAP1,1.2522053,0.00026968439874671286,0.003672547469899917,0
CDS1,1.3984517,0.0002713939956882401,0.0036913325261067565,0
C16orf45,1.9866339,0.00027979045689785427,0.003790166282233817,0
BPIFB1,4.8256364,0.00029401789331616983,0.003954151627793766,0
SPR,1.2848599,0.00028477988321913404,0.0038515330899407158,0
SYNJ2BP,1.3585281,0.00028916222364605717,0.003898227549562863,0
HRASLS2,2.1677577,0.0002987293126924924,0.004007871950807555,0
LRG1,2.2184556,0.0003048684687166068,0.004085334921783344,0
C17orf58,1.3537226,0.00031225308473391706,0.004169299647715093,0
AMFR,1.3843113,0.00032186476926159837,0.004289100606199155,0
AREG,1.2686887,0.00032622309898358066,0.004335122410066672,0
PXMP2,1.2882261,0.00034044986867881794,0.00449037713148102,0
FAM25A,6.149639,0.00035526363443509894,0.004661931753751038,0
IQCK,1.7277002,0.00034702607211717135,0.004569925985426794,0
DNAJC12,1.4760555,0.00034559512496936523,0.004556448933410959,0
LINC00504,2.1660068,0.0003528319363316957,0.004635462583823503,0
AC008268.1,3.022166,0.000373399441345377,0.004859988615508455,0
BAMBI,1.1053635,0.0003784374123000915,0.0049198330410687476,0
CAPN8,1.8189659,0.00039107347147719,0.005058617549871357,0
BECN1,1.0113016,0.0003919945549842589,0.0050685772431484305,0
VTCN1,1.4308317,0.0004023162227396268,0.005182061607876276,0
AL121944.1,1.5084542,0.0004099658691038015,0.005272494331139035,0
GREB1,1.864237,0.0004201866055291029,0.005379190433607496,0
ZBED5-AS1,1.3389347,0.0004216129493277187,0.005391277138162795,0
FBXO2,1.7799901,0.0004316145809880263,0.005493342369551811,0
LIPE-AS1,1.7709913,0.0004325775242645739,0.005502117080530175,0
CGN,2.2018297,0.0004569181510393823,0.005776664796084402,0
RAB17,1.428201,0.00046547442537400534,0.005872360977233774,0
CAPS,1.6809585,0.00047414928709696707,0.005960319792437704,0
IFT43,1.1566967,0.0004702231671309129,0.005920328546823555,0
HILPDA,1.0419041,0.00046587317385800346,0.005874380497883945,0
IFT22,1.1611543,0.00048031542180327946,0.006022526939328522,0
ARSD,1.1484194,0.0005000362811423265,0.006241800113805275,0
KIF9,1.1991751,0.0005070684228939823,0.006320171673090694,0
PLXNB1,1.7105017,0.0005148319135259914,0.006405036057705963,0
SERTAD3,1.0917709,0.0005156913875943279,0.006408597566247259,0
PHYHD1,1.5359784,0.0005575729754769207,0.006855408786829691,0
PRSS8,1.0606346,0.0005535737786984042,0.006811231882363601,0
CETN3,1.5046555,0.0005705818862451824,0.0069871803747899456,0
PDZK1,2.925191,0.000597342974879337,0.007264496272816477,0
FAM110B,1.6262932,0.0005876279901145001,0.00715932815707608,0
MYCBP,1.4101194,0.0006184218444770435,0.0074828596989915275,0
C16orf91,1.1406419,0.0006261306301749716,0.007557051985138079,0
ZNF688,1.320103,0.000648806326520161,0.0077928546909360715,0
EBF4,2.5663164,0.000671945374395714,0.008029112861634003,0
CPEB4,1.0135754,0.0006594702917846074,0.007902569866647917,0
CPEB2,1.6732861,0.0006956601950342446,0.008277097765747995,0
NFATC4,1.7243193,0.0007188665861061583,0.00851094393384633,0
METRN,1.0780576,0.0007125207297333185,0.008450727650631271,0
DDAH1,1.506492,0.000751672339619173,0.008864923327414445,0
TRIQK,1.4622176,0.0007562212045658257,0.008906044740990998,0
ATAD3C,2.4416666,0.0007885602633600885,0.009215714213714539,0
LURAP1L,1.0929737,0.0007658220596910882,0.009003307993024463,0
MPP7,2.3674278,0.0008051915464598091,0.009377406131877937,0
SCNN1A,1.6828406,0.0008149432621766365,0.009474527541305568,0
NME5,2.9699888,0.0008427289892141853,0.009760349802221336,0
NT5DC1,1.3390073,0.0008570526994729151,0.009895492114637193,0
KIAA0040,1.0257995,0.0008485951951611285,0.009810661298605044,0
ACOT4,1.9376433,0.0008772710341972901,0.010104583708108279,0
CMBL,1.316904,0.000883212073921732,0.010166031630545235,0
NEBL,1.1919862,0.00089714314469892,0.010312226941859657,0
ABAT,2.0780108,0.000959426014214707,0.010923322451722839,0
NEK10,2.6395452,0.0009700597062487232,0.01103315449551998,0
ELOVL2,2.2089524,0.001007046086563289,0.01140914463251055,0
AC104825.1,2.5185018,0.0010330463233314009,0.011658615992886446,0
MSX2,2.7637384,0.0010453185324685015,0.011769395400310845,0
DACH1,2.087586,0.0010350895324323286,0.011677745713862339,0
P4HTM,1.2808414,0.001036496490641275,0.011689686883859787,0
CST9L,5.1025014,0.0010718224482989594,0.012011358749881523,0
NTN4,1.5254399,0.0010663892545166133,0.011962462202589206,0
CBR4,1.2470957,0.0010831088098262164,0.012117595927411984,0
MRPS30-DT,1.1831628,0.00108763768629445,0.012156099845385586,0
PATJ,1.1865547,0.0011190608549413142,0.0124567179685947,0
RSPH1,2.673505,0.0011621261674755225,0.01287706434862785,0
PNPLA4,1.0735471,0.001194548010269483,0.013171050234204054,0
CELSR1,1.4938816,0.001281381959790573,0.013980698349888143,0
NPY1R,1.6270131,0.0013226689548380152,0.014371117400136661,0
MPV17L,1.8296306,0.0013523678594377529,0.014636905573863076,0
SLC7A8,1.3250232,0.0013798529539591096,0.014886345425777579,0
TCIM,1.2559555,0.001455408113988124,0.015621069936408213,0
TMEM101,1.0868627,0.001454567878561735,0.01561704904444275,0
RGL2,1.0715884,0.0015246991357844514,0.01624005516460663,0
FAM234B,2.2041383,0.0015638580634944465,0.01659391436496907,0
NPNT,1.5352095,0.0015617515000845594,0.016582053518308392,0
SEC22C,1.1112394,0.0015983903047423966,0.01691217956194471,0
CNFN,1.2032601,0.001622532570021936,0.017135203627837544,0
BCKDHB,1.5896038,0.001668240900205182,0.017584685114324955,0
MAP3K1,1.0120775,0.0017411217374004918,0.01826680143701905,0
MKL2,1.3001707,0.0017751460296443978,0.018577277060936894,0
KLHDC7A,3.8378613,0.0018706720563500226,0.019413431758055724,0
SERPINA5,1.9262568,0.0018550845716156794,0.01929345476482527,0
RABEP2,1.272493,0.001921889825772563,0.019865081043312947,0
C5orf30,1.4826717,0.001932965379023829,0.01996722875818856,0
PEG3,2.0346313,0.001958657347359376,0.02020772872586307,0
DYNLRB2,2.8410246,0.0019895353940453334,0.020482199708924044,0
RNF14,1.1714232,0.002064942927458505,0.02112881352345507,0
STAU2,1.2204316,0.0021005519907867335,0.02142780240966479,0
STAP2,1.0769126,0.0021336200332662766,0.02172548559070558,0
ZSCAN18,1.3270702,0.0021951085777464677,0.022196604403435113,0
CCDC24,1.7198983,0.002256418016731487,0.02271881562443517,0
CASP6,1.267948,0.002292058380277937,0.0229760699739696,0
KRT15,1.1150615,0.002307487595674389,0.023096222454943204,0
TMPRSS3,1.7196612,0.0023777192803234293,0.023693132020596596,0
ZNF664,1.1115798,0.002364206221635058,0.023579494760589202,0
IL17RB,2.2004263,0.002458462459040181,0.024360956249122614,0
CXorf40B,1.2440479,0.0024354033099495283,0.024188884340840135,0
TEKT5,2.507036,0.002526678835512084,0.02492568671232671,0
WNK4,3.4590318,0.0025550740980120803,0.02513926087457412,0
LRRCC1,1.2221287,0.0025199159935699908,0.024873602807631272,0
COPS4,1.0412973,0.002511839299379092,0.024823100159243994,0
PDPK1,1.0354843,0.0026014764316700223,0.02553588557057191,0
RAB27B,1.1470162,0.0026839309161461014,0.026138712792815443,0
TMEM191B,1.9619533,0.0027095625729241877,0.026342445872014546,0
AC011498.4,3.035255,0.0029070266002584506,0.02787736389327339,0
ZNF626,1.3857732,0.0029145243056358638,0.027930302781523576,0
AP004609.3,2.4287953,0.0029611266848061576,0.02827994024347475,0
BEX1,3.8956423,0.002982519333999757,0.028436234157397305,0
ATF7IP2,1.3781928,0.0029330244137939425,0.028075505668682256,0
LRRC26,1.0035087,0.002906533628648184,0.02787736389327339,0
C1orf167,2.9371614,0.0031206222645797396,0.029559105161329865,0
CCDC170,1.4302521,0.0030973632135695124,0.029380277021022347,0
ARHGAP40,3.3417866,0.003151357483498282,0.029816553273347216,0
TESMIN,1.490421,0.003126795514457882,0.02960086038679984,0
RBM24,3.1034415,0.003229439029643569,0.03040530290931536,0
TOX3,1.8660985,0.0032334799822464014,0.030421922043345456,0
CASD1,1.3040104,0.0032299005475653867,0.03040530290931536,0
HAGHL,1.2344662,0.0032464222143098616,0.030518006583567004,0
LRBA,1.0239056,0.003231579237144221,0.030412569919487743,0
ENPP1,1.1460791,0.003236864786083768,0.030436692399785716,0
FUZ,1.6019803,0.0033036358516720142,0.030943102513524445,0
ZNF839,3.300928,0.003346662669925827,0.03130240173228727,0
SLC4A8,1.8061771,0.0033368857550731806,0.031219661118803223,0
BICDL2,1.0674757,0.003317736480893125,0.031057828441427942,0
FAHD2B,1.4931266,0.003352007441025318,0.031334916828157804,0
SEPT1,1.4197108,0.003378626206218138,0.031495970423224724,0
ACVR1B,1.7255142,0.003468083544739385,0.032142301788920614,0
AL031708.1,1.9397707,0.0035239651954321613,0.03258593751334254,0
SYT1,2.2966077,0.003585756719836664,0.03303209726449919,0
LINC02584,26.51765,0.003669446005539942,0.03368278283300909,0
TTC6,1.8133693,0.003624971628437469,0.0333292690212229,0
NPRL3,1.0669223,0.0035975354358075006,0.03312240901795756,0
ACADS,1.6271783,0.003680077724985588,0.03374343547669262,0
ABCC6,2.594454,0.0037067770518081932,0.033932589818422114,0
NKX2-2,5.379364,0.003805897820074522,0.03470214002329638,0
SUMF1,1.00916,0.0037196430027063407,0.03403764098492389,0
ERLIN2,1.1473709,0.003734334488748397,0.034126790770764456,0
AMDHD2,1.1725512,0.003813207449898527,0.034736227886215776,0
IL20RA,1.4601839,0.003920940650175612,0.035486311480717805,0
RNF183,3.678603,0.004007409703821275,0.03611298465230236,0
SPACA6,1.6637318,0.003978179232990372,0.03591712238323824,0
PTGES,1.6489923,0.004072352076783242,0.036599882370682395,0
HOXC10,1.7359457,0.004274271612152595,0.03806780248093738,0
SYTL1,1.0262566,0.0042294565090126995,0.03773383987326901,0
NRIP3,1.688418,0.004387120307948847,0.03890570147621271,0
MIF-AS1,1.7333564,0.004389132297018093,0.03890570147621271,0
TMEM30B,1.33695,0.0043892303266446706,0.03890570147621271,0
SERTAD4,1.07635,0.004467170103707865,0.03947137841108153,0
SYT17,1.4945275,0.004547643295926998,0.04009792423467072,0
HMGCS2,2.8994367,0.004646279017789475,0.040785355806248834,0
BCAS1,1.6951394,0.004714039587866384,0.04122359936308135,0
PRR15,1.4057482,0.0047278749629528745,0.04129706876696117,0
Z93930.2,1.0817249,0.004744134575230599,0.041405937493575205,0
HRASLS5,4.651243,0.005077494780215805,0.043757516038853625,0
PTPN13,1.9437598,0.005091274586313505,0.04384247519885527,0
KIF3A,1.3649293,0.005207646676988959,0.044695413815989425,0
AK5,2.3373332,0.005310408145362162,0.04535686264415388,0
PTGER3,1.5963069,0.005380052138815428,0.04586298560137332,0
CCP110,1.1473414,0.005374250790325442,0.045832124525376466,0
HPN,1.197568,0.005414508300464746,0.04609340682890559,0
MOAP1,1.2940361,0.005504037609752832,0.04677246654895357,0
TPSG1,5.079792,0.005654404761174037,0.047795965245599384,0
FAM174B,1.1519912,0.0055680803673727125,0.04721297179750677,0
FBXO8,1.2416633,0.005590630740077473,0.047376287431262896,0
PPP1R26,1.8158946,0.0056344815675988995,0.04765157495179896,0
EFHC1,1.0010632,0.005618613681290573,0.04754135254393721,0
SLC1A2,1.9736037,0.005688177115394949,0.04802092842372564,0
C5orf49,2.633229,0.005793475372662237,0.048811594442216555,0
IGFBP7,5.691474,1.3514044198963426e-25,1.7706037362399696e-23,12
IFI27,3.6573188,1.2175355100371329e-23,1.3005528198138687e-21,12
B2M,1.7398288,8.16248020488697e-23,8.076039780298344e-21,12
CD59,3.586012,4.566570863344819e-16,2.1214314865297587e-14,12
VIM,2.656023,3.988505994341345e-17,2.0805362294899383e-15,12
PCAT19,10.201089,1.1336716722562209e-14,4.301411941079854e-13,12
CD93,6.4942327,5.057433819766114e-14,1.7560185067160997e-12,12
TCF4,4.036614,7.812436263821356e-14,2.649513900149971e-12,12
TM4SF1,4.2212367,3.455704129318343e-13,1.0772097788240386e-11,12
TUBA1B,2.4869573,9.682415162244272e-14,3.2346403083350113e-12,12
SPARCL1,5.76937,1.530894998992335e-12,4.311840992293848e-11,12
EIF1,1.5938715,7.794791381897564e-13,2.3055123257515537e-11,12
HLA-B,2.0125015,1.5010345228904398e-13,4.926242556973409e-12,12
GNG11,5.8506126,4.3103023454430516e-12,1.1519669399880908e-10,12
YBX1,1.7344419,2.3738218964052814e-12,6.58019506010988e-11,12
SPRY1,5.051174,2.4247882066037126e-11,5.966971477453788e-10,12
EMP1,3.9105897,6.828597418647527e-11,1.5784837079176891e-09,12
HLA-E,2.30647,1.3882764114140808e-10,3.0898592644485524e-09,12
CAV1,4.691596,6.816525975080398e-10,1.3898668555025632e-08,12
ADGRL4,8.951126,8.039128163683279e-10,1.624339745410246e-08,12
S1PR1,6.3338556,2.808743409687935e-09,5.325498174355174e-08,12
UPP1,3.7694762,2.5163482652230446e-09,4.800957745383739e-08,12
HLA-A,1.87257,2.6002853247413308e-09,4.949839391438648e-08,12
ADAMTS9,7.405659,8.51274565768725e-09,1.5195636088583716e-07,12
PSMA7,1.4225837,4.577415488642825e-09,8.445054615212816e-08,12
HMOX1,4.7928286,1.0227906047609868e-08,1.7932786029424077e-07,12
AKAP12,5.8045626,1.1807584489462687e-08,2.0488266495657942e-07,12
PLVAP,7.413318,2.2952801766656128e-08,3.828244276754914e-07,12
CD63,1.2322781,1.3861807064762266e-08,2.3830798091193806e-07,12
PKIG,3.7115977,6.56962074219526e-08,1.0220391897679555e-06,12
RAN,1.7481184,4.9105624126963895e-08,7.813338419556433e-07,12
TUBB6,3.668595,7.723158735872157e-08,1.185006711618884e-06,12
EIF4A1,2.3172069,6.994584356608653e-08,1.0811306631567319e-06,12
SERPINE1,5.498666,9.242460453865793e-08,1.4001868386771118e-06,12
SON,1.1858252,4.975804599876686e-08,7.894676541365372e-07,12
SRGN,2.6049585,9.039791205851769e-08,1.3707216855129937e-06,12
SPARC,3.1702926,1.0386978597997825e-07,1.560885524889987e-06,12
YBX3,2.1144764,1.2266045783635576e-07,1.8285130739063147e-06,12
EIF2S2,1.6249663,1.205642639586586e-07,1.7988638689668007e-06,12
PNP,3.7592103,1.706570309412597e-07,2.497385460209769e-06,12
ID3,3.1931052,1.6191051823061388e-07,2.3766480052398334e-06,12
ECSCR,8.217929,1.9084875865572477e-07,2.7699083574520404e-06,12
ENG,4.270276,2.1572457581754686e-07,3.0974392112569943e-06,12
TFPI,4.7584896,2.3432833924267723e-07,3.3430909513137547e-06,12
ATF4,1.8907185,3.26558173114299e-07,4.556192880377164e-06,12
NFKBIA,2.4316635,4.141460308539879e-07,5.681338249846057e-06,12
ANGPT2,6.2848797,5.169966176617302e-07,6.958500623191048e-06,12
NNMT,2.8414645,4.408160343376438e-07,6.012773732297239e-06,12
MT2A,3.1061437,4.710842513753806e-07,6.389258744594275e-06,12
MYL12A,1.3908696,4.835133276906676e-07,6.536687031065168e-06,12
CALCRL,7.1341834,1.0674698790855654e-06,1.3676091372959874e-05,12
ID1,3.2246242,1.0031465639075028e-06,1.2881523315475325e-05,12
ICAM1,3.0460873,1.0257446291031089e-06,1.316162991765393e-05,12
HSP90AB1,1.0305984,7.977387782280308e-07,1.0400494982612692e-05,12
HLA-C,1.2161963,7.505463910499754e-07,9.822113344598996e-06,12
ESAM,6.4804764,1.5257155568099547e-06,1.907343477113779e-05,12
FABP4,7.1903596,1.5914678513257065e-06,1.9836277666783915e-05,12
ADAMTS4,4.5132217,1.6649248848113896e-06,2.0644453072628027e-05,12
SEC14L1,3.2577555,1.812382145016598e-06,2.2307930101285034e-05,12
JAK1,2.2336311,1.8093813031662042e-06,2.228735155692165e-05,12
FKBP1A,1.9519279,2.504215802561942e-06,3.0040737565711767e-05,12
SQSTM1,1.894743,2.5588327801894354e-06,3.060745574473453e-05,12
CFLAR,2.6924596,2.738257438092172e-06,3.260344079909462e-05,12
ATP1B3,1.8580874,2.640948864189497e-06,3.1523155108106734e-05,12
MYL12B,1.0690346,2.409079838690885e-06,2.8961629702340848e-05,12
STOM,2.3922284,3.2254780337725213e-06,3.7933295487645214e-05,12
EMCN,8.299021,3.902730033781833e-06,4.520078317095182e-05,12
DDX21,2.1317236,3.752195832095308e-06,4.357770097102103e-05,12
CDKN1A,2.4489396,3.7991586563871524e-06,4.410785063824212e-05,12
ATP1A1,1.9664705,4.016879822510574e-06,4.641066694000246e-05,12
PECAM1,4.0225677,4.683672639782274e-06,5.334297589505509e-05,12
SOX7,5.613062,4.871178916596359e-06,5.52160229947815e-05,12
MAP1LC3B,1.8671048,4.374618968971035e-06,5.0130305316856124e-05,12
CXCL8,4.265929,4.839209045272293e-06,5.487218072598985e-05,12
SPAG9,2.9152293,4.886149088656604e-06,5.5367002223861876e-05,12
NOP10,1.3745694,4.143367112656561e-06,4.7756933445228077e-05,12
CAVIN1,2.7898624,4.934709702829912e-06,5.589837829875653e-05,12
PFDN2,1.5254031,4.500402062204542e-06,5.1500506846947304e-05,12
IL6,5.3692174,5.83689739681811e-06,6.538923700289786e-05,12
SOD2,2.4357684,6.711185559132983e-06,7.438859049533357e-05,12
FAM241A,3.5442955,8.110820145372267e-06,8.896174574752492e-05,12
ETS1,2.9223874,8.491572879917399e-06,9.28646383975577e-05,12
PLPP3,3.1711528,8.699532201801047e-06,9.495314337149656e-05,12
RDX,2.9698484,1.0433627951177417e-05,0.00011207064260555684,12
TUBB4B,1.6851546,9.817666922955017e-06,0.00010615550169659387,12
MSN,2.023985,1.0893671076734191e-05,0.00011639803820765372,12
RPS17,1.3299164,1.0191323439880889e-05,0.00010966544096793227,12
HLA-DRB1,2.0383852,1.0805099603720668e-05,0.00011552880006643129,12
SPHK1,2.7864091,1.2588534273699203e-05,0.00013231965781076307,12
VWF,7.89955,1.450235117728602e-05,0.00015082894909685283,12
SBDS,1.9611427,1.3241931725053062e-05,0.00013866613549485006,12
CD74,1.7296114,1.1868410176090022e-05,0.00012577514872550883,12
PTPRE,2.9577043,1.918883034632464e-05,0.0001945624421541943,12
ZNF385D,3.6845837,1.9607314735472002e-05,0.00019832597814911532,12
STC1,4.066789,2.0842444738454148e-05,0.00020961812263043197,12
FERMT2,2.7354782,2.0288578904904055e-05,0.00020466142106748478,12
ZEB1,3.8192446,2.1027421731151527e-05,0.000211225142942364,12
KLF6,1.6966492,1.8916581305558458e-05,0.00019197611303169022,12
PLIN2,2.5444424,2.048524292414452e-05,0.00020639697594434706,12
IL32,2.0859563,1.915075734282166e-05,0.0001942351230830303,12
PPP1R15A,1.704684,2.098784268875084e-05,0.0002108907224755518,12
WTAP,2.1883895,2.2666742944156922e-05,0.00022566495253486713,12
CLIC4,2.247354,2.377198355433177e-05,0.0002356890630788773,12
DUSP6,2.6930459,2.6759806915063595e-05,0.00026244172039127135,12
PHLDA1,2.7445698,2.7286504764750383e-05,0.0002672165419896329,12
RHOB,1.7996271,2.5534673944917346e-05,0.00025130824494908234,12
CXCL2,3.6267426,2.8539996449228467e-05,0.00027875947026894933,12
ETS2,3.0924158,2.888525415710711e-05,0.00028180346413133494,12
RHOC,1.5726889,2.6700163449162325e-05,0.00026200101219290027,12
EGFL7,4.573029,2.977032944235375e-05,0.0002893441378806106,12
RAI14,3.6881995,3.2114800734646854e-05,0.000310242664585481,12
SH3BGRL3,1.1094162,2.5253605734569895e-05,0.00024890719657455447,12
ARPC1B,1.5952535,2.9859127396683978e-05,0.00028987119884578216,12
A2M,3.5181165,3.346072689494068e-05,0.00032240914702189174,12
ANXA5,1.5454794,3.2201858632732506e-05,0.0003109941089549326,12
RCAN1,2.6910245,3.563902740242798e-05,0.0003411440120162206,12
HNRNPD,1.3728596,3.359497196582077e-05,0.00032351678286121003,12
FOSL1,4.1714706,3.957064439916495e-05,0.00037535039134400217,12
CLEC14A,9.260415,4.061806809916356e-05,0.00038452458992775754,12
CDC42EP2,4.161228,4.0457461093095274e-05,0.00038311228190951685,12
COL4A2,4.196091,4.196917496165623e-05,0.00039653185841941177,12
ELK3,3.0898786,4.230305206641671e-05,0.0003993489077848811,12
CSF3,6.791695,4.4385573034882975e-05,0.0004163133403699692,12
IFITM3,1.5191811,3.815130964518314e-05,0.00036270778821119264,12
ANKRD11,1.8107582,4.78388840115786e-05,0.00044571222462009934,12
SRSF3,1.2383356,4.6278821155916545e-05,0.00043261926989704484,12
SOX17,7.7250466,5.633047313586321e-05,0.0005167889495213315,12
SELE,8.577756,5.686231072178248e-05,0.0005206712432212138,12
CDC37,1.590983,5.268713055539007e-05,0.00048543939527294263,12
PRSS23,2.3504891,5.807961401122448e-05,0.0005308033606404579,12
EDNRB,5.039011,6.17515662862842e-05,0.0005613033292163301,12
COL4A1,4.3105254,6.337410385764648e-05,0.0005743395886218105,12
FOSL2,2.024769,6.130396213769103e-05,0.0005575369289751342,12
SGK1,2.1477232,6.328952045688704e-05,0.0005738831591361039,12
EPAS1,3.290942,6.874073205616883e-05,0.0006182979066494928,12
NEDD9,3.0802715,6.94286780984488e-05,0.0006238165797214228,12
APP,1.2185122,6.0836998838820646e-05,0.0005535902816204241,12
RAMP2,3.8700128,7.12576866780604e-05,0.0006385396924576072,12
FXYD5,1.504537,6.523955427309077e-05,0.0005893347400683376,12
PDLIM1,1.9708291,7.989582605396134e-05,0.000709313367304372,12
ERG,6.5000377,9.133259523587188e-05,0.0008029846859256562,12
CCL2,3.2003167,8.913437421723827e-05,0.0007857177518056212,12
ITGA5,3.2124918,9.393697264495189e-05,0.0008235075795829408,12
CYP1B1,3.3998113,9.715212067296379e-05,0.0008496947273772826,12
CXCL3,3.6404827,9.788782772553658e-05,0.000855014486912037,12
ABL2,2.1106548,0.00010091715837169968,0.0008782725503230874,12
LRRC32,4.303253,0.00011046058194709599,0.0009512088264666358,12
TXNRD1,2.8647892,0.00011239922218636198,0.0009661666610335128,12
SLC3A2,1.8209242,0.00010895252101510782,0.0009401534621476025,12
CLDN5,7.238864,0.00012301501904059375,0.001051222102838358,12
NCL,1.2693007,0.00011369476063028306,0.0009760522053494559,12
PTPRB,7.1217585,0.00012787674281629954,0.0010883313450397115,12
MAP4K4,2.5994217,0.00013258951787622748,0.0011221763863453308,12
PA2G4,1.3616002,0.0001261793285585865,0.0010755224546845107,12
CTTNBP2NL,3.106978,0.00013580035295871113,0.0011473248459919724,12
UBE2D3,1.1971614,0.00012714397710791422,0.0010829192829295456,12
CDC42,1.1132258,0.0001285757333721689,0.001093170766295543,12
PPP2CB,2.079877,0.00014365630687772043,0.0012079158157396893,12
APOLD1,3.8729687,0.00015325824412122636,0.0012815843345973705,12
GABARAPL2,1.3565441,0.00015030217397211755,0.0012593767717209079,12
MGLL,2.5365334,0.00016001991067798882,0.0013334727513168753,12
ACKR1,8.448981,0.00018213411049549185,0.001502080206572238,12
SNRPB,1.2362307,0.00016790901324842,0.0013943640042993948,12
EIF2S1,1.9505831,0.00018740416752953396,0.0015428873792607016,12
GSTO1,1.8360199,0.00018904796608047752,0.0015545128291996316,12
ADCY4,5.430224,0.00019976585914764842,0.0016358268265799013,12
COL15A1,3.8541062,0.00020179033791518203,0.0016507926156129561,12
TUBA1C,1.7583128,0.00020077356705498872,0.0016428753873118753,12
TMEM173,2.9350104,0.0002084178375500938,0.001698795307233948,12
TXN,1.5916808,0.00020557316216577142,0.0016788725181889797,12
EIF4G2,1.1385458,0.00019794483193296889,0.001622103007051969,12
RHEB,1.1013105,0.00019582831737845882,0.0016056535032796743,12
DNAJA1,1.5119427,0.00021487844934360423,0.0017469376857211535,12
NDRG1,1.941817,0.0002167758189233451,0.0017609294605250465,12
SOX18,7.1393104,0.0002444576056993404,0.001963916779104569,12
MYCT1,6.9559855,0.00024710696099939543,0.0019842505575486525,12
ARHGAP29,2.3196545,0.0002436604781486164,0.001957981815424711,12
CDC42EP3,2.6823504,0.00025288812232610204,0.00202437243697847,12
RAB5C,1.3099606,0.0002475405542650961,0.0019863056771783705,12
RBM8A,1.1133063,0.00024750359396178204,0.0019863056771783705,12
TMEM204,3.9328225,0.0002737667385589954,0.0021764423270934498,12
G3BP1,1.8148648,0.0002789969089392783,0.0022145364485736986,12
COPS8,2.0404606,0.00028150122901595347,0.0022321117547101877,12
MCMBP,2.6902597,0.0002868952075219223,0.0022705880499039157,12
PICALM,2.3935308,0.00029226560909016946,0.002306017594564426,12
IL3RA,5.453465,0.0003009085710416999,0.002370865487740112,12
TPM4,1.2922561,0.0003279919552223384,0.002568568332970453,12
SNX9,2.2798207,0.00034608790401501565,0.0026976840317377735,12
IGFBP3,3.0690653,0.00037103303797123564,0.0028714395769712077,12
TFPI2,4.501695,0.00037630036713317,0.00290549968094237,12
CYP1A1,7.897278,0.00038463929059496805,0.0029596665395379266,12
POMP,1.2139815,0.00037742226877456384,0.0029134914423400798,12
AQP1,5.743369,0.0004075288137613017,0.003119334537281566,12
ECE1,2.3664746,0.0004282740483415581,0.0032647136035054997,12
GCLM,2.5339074,0.0004364615816654714,0.0033225959851660406,12
CLEC2B,2.1179082,0.0004329756141166526,0.0032983045816685546,12
MCAM,4.291963,0.0004581215533626984,0.003471725038711764,12
CAV2,2.7221146,0.0004518884755379568,0.0034279653221776936,12
ATP13A3,2.0918171,0.0004683974005270591,0.0035439921522847037,12
RGCC,3.0261035,0.00047600426793241777,0.0035894017874822898,12
KDR,6.4192085,0.00048397450394536084,0.0036413164730442686,12
PARVB,2.923714,0.00047856344892431975,0.0036054574663905233,12
JAG1,3.3845892,0.0005065010161478415,0.0037971726827480453,12
PALMD,3.9699335,0.0005164963790234015,0.003866920769826765,12
TMEM70,1.9698755,0.0005321067357278142,0.0039643251939241704,12
HSD17B11,2.75315,0.0005417278579375113,0.004027952578825552,12
ARPC5L,1.5494304,0.0005357800662215128,0.003988148957198349,12
CDH5,6.916467,0.0005624237911015927,0.004167975337458799,12
TINAGL1,3.25939,0.0005639518134960106,0.00417745313084578,12
MORF4L1,1.0486013,0.0005408217010577197,0.004023362052969176,12
LUZP1,2.3775234,0.0005995577348754685,0.0044148772745242785,12
MT1A,3.8716028,0.0006081380604403327,0.004472168095862573,12
ARID5A,2.4526224,0.0006030696248527338,0.004437814455284235,12
RPGR,3.3799748,0.0006122770537924798,0.0044986603858167724,12
EFNB1,3.679591,0.0006321483364842584,0.004631473865010597,12
CXCL1,2.5953207,0.0006214922959293975,0.00455838029690967,12
FAM96B,1.3473008,0.0006504220520611807,0.004750828843245658,12
ITGB1,1.1465341,0.0006503348950751087,0.004750828843245658,12
FLT1,4.8686805,0.000718097016482957,0.00519200086869042,12
CCL14,7.8159738,0.0007468433596429851,0.005377817330567918,12
DAB2,1.9002912,0.000747150216436214,0.0053788721634443135,12
ARL4A,2.2066553,0.0007809747722903571,0.005599011910028318,12
GIMAP6,3.9453259,0.0008426641964375972,0.006004631360253547,12
KCTD12,2.5484886,0.0008431207599119635,0.00600660862536261,12
THBD,3.410721,0.0008620559800309924,0.006124596404621799,12
GJA1,2.2299242,0.0008523551872577209,0.006060810967948106,12
GIMAP7,3.3026485,0.0008790769331101887,0.006230739628262647,12
YWHAE,1.0830486,0.0008733401281779821,0.006194269663611271,12
RBP7,3.1539917,0.0009195378934178939,0.006476736766721877,12
UFD1,1.5653719,0.0008916978516783115,0.006305805954700031,12
RASIP1,4.0839686,0.0009611661294324511,0.006744450449224654,12
FILIP1,4.8514833,0.0009954222837853907,0.006958620012598123,12
AKAP13,1.5467492,0.0009717924586413436,0.006811889415943429,12
KLF9,2.302642,0.0010044322037870324,0.007012835251294931,12
NSRP1,1.7013873,0.0009952288169341992,0.006958620012598123,12
GPX3,3.424908,0.0010198125986847204,0.007107027577084328,12
CHMP4B,1.2929851,0.0009978435470611574,0.0069726396691621425,12
ASAP1,2.1003642,0.0010313958351983903,0.007186133715909681,12
PLXNA2,3.9796035,0.0010590244046473037,0.007349624985780099,12
MYO10,2.191998,0.0010447700447276333,0.007259712465342769,12
CD55,1.8908292,0.0010792103789480077,0.007472707539284708,12
MEF2A,2.0374105,0.0012184260211270345,0.00830634698671176,12
TLNRD1,2.4151165,0.0012515074443457128,0.008509388037867332,12
EIF5A,1.1823136,0.001233214934666998,0.008395222675799832,12
CLIC2,4.368247,0.0012975993076905848,0.008806713553065542,12
RAB7A,1.1348882,0.001263232152629787,0.008585627078288893,12
SPTBN1,1.929498,0.0013355180263365564,0.009040284585540754,12
RELB,2.3622282,0.0013461467659012468,0.009097543557343083,12
RGS3,2.6206274,0.0013919389511942068,0.009371140979928722,12
SRSF7,1.1352128,0.0013525374139241493,0.00913705083593754,12
MAP1B,2.453688,0.0013885349761248575,0.009350100709537009,12
RAMP3,4.326464,0.0014179317734341296,0.009525105069648336,12
LAMA4,3.1095407,0.0014196217291389756,0.009534547940939202,12
GRPEL1,1.7731503,0.0014061984474905008,0.0094576503162781,12
HIF1A,1.7331307,0.001413509754444653,0.009499204703231439,12
PLPP1,2.7502258,0.0014831017588875484,0.009925122923951967,12
SHE,6.6112514,0.0015049274801066904,0.0100511295520228,12
SLC9A3R2,2.75285,0.0015078686120431712,0.01006676375727309,12
RAPH1,2.7271361,0.0015125649953914779,0.010094099186316268,12
SPRY2,3.216692,0.001523131600518737,0.010152495431836042,12
TM4SF18,3.0243068,0.0015372460899628878,0.01023640482498416,12
PEA15,1.6799674,0.0015157421937697314,0.010111278623951982,12
IL1RL1,4.827131,0.0016072552281540067,0.010649971676107595,12
TACC1,1.9791808,0.0015892900559990404,0.010553628542519069,12
LAMC1,2.671535,0.0016158952437944681,0.010698527906062032,12
CDH13,4.499067,0.001646856472282888,0.010884179889032581,12
ZBTB16,3.2130582,0.001662391189999387,0.010978197067093807,12
SWAP70,2.3321688,0.0016923813098345362,0.01114115044419238,12
PXN,2.4445903,0.0017237676722290955,0.011332201390481397,12
MCTP1,4.4983125,0.0017447440203471167,0.01144542522715874,12
ADRM1,1.35254,0.0017368924036337606,0.011400608240759289,12
ENO1,1.0623162,0.0017328550970007153,0.011380789662913842,12
FSTL1,2.0359263,0.0017707030882500665,0.01159756928002255,12
SNAI1,3.707678,0.0018592621138793521,0.0121231552413739,12
SLC9B2,4.6497054,0.00195330063892615,0.012669823386235159,12
SASH1,2.7508788,0.001949830858099902,0.012652210642586344,12
F2RL3,6.1051307,0.0020554752851559125,0.013255950724930153,12
EIF5,1.2483482,0.002043353307300928,0.013185092974255566,12
MECOM,6.6430507,0.0021075780635067065,0.013562984617820116,12
SDCBP,1.344919,0.002039414982385925,0.013168106306266488,12
TIE1,7.1628227,0.002112314961712791,0.013584987520205778,12
MAGI1,2.659591,0.0021574944767379705,0.013833783644478737,12
MAFF,1.6276643,0.002150977939497597,0.013805195382450994,12
ADGRF5,6.097964,0.002243896111232425,0.014341181300847328,12
DDX39A,1.6473167,0.002237174706831265,0.014303674579075002,12
GNB4,2.1002135,0.0022713559123238645,0.014505626171983005,12
METAP2,1.1702015,0.0022586850148884757,0.014432949911292507,12
NRP1,2.3230004,0.002355027627526547,0.014965892697019312,12
NOP16,2.112084,0.002370121863235093,0.015044711849880443,12
LCN6,10.669864,0.002434225539215198,0.015402067310095635,12
UBE2N,1.2566886,0.0024460735837161817,0.015462448939205512,12
H2AFZ,1.0432384,0.002435100357264038,0.015404696545264636,12
GNG12,2.0593417,0.0026289024018535385,0.01642317292988816,12
EIF5B,1.0079271,0.0025798835921842607,0.016171159702009396,12
HSPG2,3.27343,0.0026760224300883826,0.016667982890123837,12
CYB5R3,1.3622978,0.0026941886263627153,0.016774787584338563,12
C11orf96,3.3460555,0.0027512017328021558,0.01708536517680376,12
CEBPG,1.7462931,0.0027262516301809364,0.016952392645142526,12
HIVEP2,3.023435,0.00277989637723519,0.01723803002197181,12
TMEM255B,3.8194413,0.002845138728852407,0.0176067893181621,12
SAP30BP,1.5216287,0.0028009295489569044,0.017352415589501943,12
FNIP2,2.3197603,0.0028466880669404124,0.017611411512478248,12
RGS5,5.288233,0.002893840752529895,0.01786861426373439,12
RPIA,1.7717791,0.0028650243077404753,0.017704248615426993,12
HLX,5.047306,0.0029527768537101766,0.018187977424143565,12
CCDC50,1.6967838,0.0029207779992044543,0.018018358446076254,12
ITM2A,2.3792222,0.002953153604599918,0.018187977424143565,12
PITPNC1,2.7608018,0.0030007631653299147,0.01844732355724536,12
IFI16,1.4289742,0.0029397833619230576,0.018122270491134216,12
PLS3,2.1781259,0.0030114419922266694,0.018499409498401963,12
LRRC59,1.4292868,0.0029903235949494756,0.018396633106786568,12
EDN1,3.744361,0.0030656004125325996,0.018784181015183758,12
GSN,1.3338684,0.003060531002077646,0.01876316401767251,12
HYAL2,2.7599106,0.003174830874663397,0.019371839615623977,12
SLC35G2,4.024557,0.00323208749150901,0.01965327167380415,12
ANKRD40,2.3468184,0.0032607478073923583,0.019813177936186067,12
RAPGEF4,5.8059597,0.0033070155374981597,0.0200543496914167,12
PELO,2.4554634,0.0032856373820693216,0.01993912853844529,12
ADAMTS1,3.129512,0.0033247539463398625,0.020158274062578693,12
DPH3,1.9471884,0.0034015974800076093,0.020568411948248645,12
ASRGL1,2.79846,0.00343509356102128,0.020741039267365393,12
RNASE1,2.025092,0.0033704276211747276,0.020405688238595947,12
SOCS2,2.8559482,0.003604246705756142,0.021653239970941568,12
MTUS1,2.1839957,0.0036015591988369294,0.021640970456501155,12
BAG3,1.6645961,0.003567213176322152,0.02146150621471234,12
EBNA1BP2,1.2378471,0.0035806142346016027,0.021526686152137008,12
SZRD1,1.5103197,0.0036259691912485783,0.021768146168546366,12
IVNS1ABP,1.7459278,0.0037617173435465063,0.022450491355852913,12
SOCS3,1.723666,0.0038276611651926144,0.022795380529425688,12
TSHZ2,2.5339541,0.003886797638612054,0.023114730424944486,12
INSIG1,1.6307142,0.003888347843449563,0.02311985020690335,12
RHOJ,5.1127515,0.004077717338858258,0.02407506167256491,12
G0S2,3.3071744,0.004085073228714298,0.02410157276416997,12
LIMS2,4.0370784,0.004102307157009154,0.024169240181493773,12
WARS,2.4313128,0.004087265929917673,0.02410602893535584,12
PLK2,1.9006705,0.00406678160488076,0.024019003664255252,12
WWTR1,1.926418,0.004132938760798372,0.02431127656540481,12
CMSS1,1.5444039,0.004187450249063294,0.024580201050723123,12
ARHGDIA,1.1650783,0.004213839326320263,0.024696205634126847,12
ARID5B,1.4653205,0.004235533380327416,0.024806011019654593,12
RASGRP3,3.1002975,0.004318580145875406,0.025208753336722414,12
EHD4,1.874339,0.004394204594873847,0.025587850054976338,12
BCL6B,7.6146417,0.0044889463836346654,0.026089715933718647,12
IRAK2,3.5830252,0.0045811095224620076,0.026602318991152736,12
GABARAPL1,1.8437457,0.004618605534091851,0.02679222556537094,12
EIF4EBP1,1.2199762,0.004594281929017795,0.026669576009204894,12
MAPRE1,1.2671044,0.0046427659014184885,0.026909108536284348,12
CTSL,1.5470946,0.00462864859147913,0.026831922296370814,12
ZNF267,2.446368,0.004772509719570247,0.027570314254959094,12
SLC7A1,2.5147378,0.004849222554496914,0.02794743676982239,12
XRN2,1.3653337,0.004849410631775031,0.02794743676982239,12
MAGOH,1.1236789,0.004842943365164399,0.027924559637438392,12
ICAM2,3.2237837,0.0049930343223668515,0.028642271969643675,12
STIP1,1.536923,0.00495321314307687,0.028438158512828025,12
VCP,1.4484462,0.00501900762590253,0.028756838876050014,12
MEPCE,2.310177,0.005131946444874672,0.029318789934856305,12
SH2B3,2.81231,0.005185737666389073,0.029585784498784812,12
CD36,3.886576,0.005250000098517275,0.029901554305377474,12
NAA20,1.0024271,0.005115385563390116,0.02924908748408931,12
LRRC8C,3.034676,0.005300248528321805,0.03013899124640322,12
CXorf36,7.558418,0.005356204337946004,0.0303950912479352,12
GPR4,7.0355163,0.005353761946341471,0.03039251940026911,12
PTPRM,3.7558956,0.005402383530094577,0.030592832345585377,12
AKIRIN2,1.4867487,0.0053359403791841085,0.0303085822207831,12
CTNNA1,1.1570387,0.005389915947445669,0.03053254024544421,12
CHST7,4.004634,0.005603062731070289,0.03155874509871177,12
WDR46,1.7046441,0.005634842629884798,0.0317111168874104,12
PODXL,3.2905297,0.00583428257325848,0.03261801532946115,12
SUGT1,1.4960394,0.005762852398664985,0.032285256773613207,12
AC027031.2,3.96606,0.005878789261336705,0.03283058118789451,12
PRMT1,1.2179571,0.005795205125640575,0.03242859111096272,12
TIFA,2.0924292,0.005922068352863983,0.03305576545571823,12
AKR1C1,3.4716942,0.005956221022564411,0.033223815250041804,12
HEY1,3.1684804,0.006083174564374096,0.033825556708168364,12
SH3GLB1,1.2832326,0.0060353554739992965,0.033604226087883535,12
CD40,2.661929,0.0061931069506664825,0.03433438020368669,12
UFM1,1.1465288,0.006126311066062672,0.034025931357312154,12
GYPC,1.8122039,0.006321328784876218,0.03496432862360376,12
RBMS1,1.3164133,0.006355493833762442,0.035130128325350375,12
HLA-DRA,1.0127594,0.006031217964696272,0.0335923417060574,12
RRAGC,1.6580452,0.006412149916533472,0.03540828454897089,12
PCDH1,2.68581,0.006587014680577389,0.03624857414294441,12
AAED1,2.3168886,0.00668656677040584,0.0367120864374173,12
TNIP2,1.5743083,0.006641941858795667,0.0365029283771695,12
HOTAIRM1,2.4945962,0.006725174369354184,0.03687576810896006,12
PDK4,2.475691,0.006781291243530375,0.037143614787957684,12
ACVRL1,4.057262,0.006892916385957434,0.03765395903931568,12
STX4,1.6355022,0.006815764322239217,0.03730540978006292,12
UBQLN1,1.3890417,0.006864232386441291,0.037525098015493474,12
TXNL1,1.2640469,0.0069554351015325205,0.03796456448177417,12
FEZ2,1.673577,0.007041974313200189,0.038368235938766655,12
MEF2C,2.1438015,0.007038679870379509,0.03835651690209572,12
RBM22,1.7399727,0.007028129050340618,0.038311470254749666,12
ITPRIP,2.5159354,0.0070671368452923594,0.03848657849130557,12
WAC,1.1706951,0.007020916599210234,0.038284598220469916,12
ACKR3,4.3320155,0.007213526876391052,0.039220117516782664,12
RBM17,1.1242598,0.007083761030287003,0.03854581906503186,12
AL049629.2,5.15625,0.00724125365275742,0.03935810869666774,12
CYYR1,4.235569,0.007244046906122148,0.03936691141902835,12
PSMC1,1.2618551,0.007322624926979566,0.03972956368098053,12
YES1,2.0063045,0.007409014282065615,0.04014135606928249,12
PPFIBP1,2.0457575,0.00744438363157375,0.04029241106771263,12
DNAJC8,1.0324936,0.007381154412721748,0.04001475677341202,12
CHIC2,1.8130815,0.007485484195147262,0.040495262159586175,12
SH3BP5,1.8027089,0.0076591257769737554,0.041347937821580034,12
GNL1,1.6343538,0.007726725330761014,0.041679333277429266,12
RABGGTB,1.2583319,0.007704995325721294,0.041575490382885764,12
DNAJB9,1.3932717,0.007907988015057566,0.04252714863124031,12
CYSTM1,1.1648194,0.007904591646225,0.04252251939150485,12
LINC00987,5.1915016,0.008165413767049918,0.043785154781873906,12
LDB2,4.932041,0.008298077502540854,0.044397163425222964,12
PROCR,3.166161,0.008364796482458752,0.04470421268612955,12
UTP11,1.6024303,0.008491259650623773,0.045307880996113895,12
GPATCH4,1.456008,0.00851122368888994,0.04537831088047329,12
BCL7B,1.6176862,0.008546497823224596,0.04553742390608041,12
COX7A1,2.4032018,0.008651540516970667,0.04598753097935232,12
SYNPO,4.1891193,0.0087487985049603,0.046416237053918605,12
IMP4,1.3720758,0.008688833982016333,0.0461418905305272,12
A4GALT,2.0842009,0.00877932886642649,0.04651199960650938,12
CMIP,1.8873357,0.008912481734365311,0.04711324662763545,12
GIMAP4,1.9306028,0.009157467577518714,0.04823345163592261,12
SH2D3C,3.3951035,0.009278897262510933,0.048811714724259596,12
TSC22D1,1.0996633,0.009146106962917244,0.04818118009159844,12
RBPMS,1.4981235,0.009297709997296486,0.04888818221638092,12
MEDAG,3.2972033,0.0094445633282102,0.049558838953613626,12
KEAP1,1.60289,0.009383448423432363,0.04928441020519024,12
ESM1,7.484677,0.009542525599378187,0.04999466590577066,12
TNIP1,1.6872503,0.00946201726398586,0.04961937477350684,12
TYROBP,7.883925,7.217922655584622e-61,1.1004379263225626e-57,2
HLA-DRA,6.3046145,1.2582523550102269e-57,1.5072515085499295e-54,2
AIF1,7.889435,2.4193176788672493e-52,2.0286583566721605e-49,2
FCER1G,7.8409634,5.86491893658e-51,4.574773163996042e-48,2
FTL,3.8744988,1.6939901875659226e-49,1.1837109350239294e-46,2
CD74,5.1545143,2.2262887641396734e-50,1.6593766986224176e-47,2
SRGN,5.1927958,1.0741772507952946e-47,6.92864984017788e-45,2
HLA-DPA1,5.9301653,1.4663682372862353e-45,8.336179160477562e-43,2
HLA-DPB1,5.8397617,1.7915559408479136e-44,9.104633001815133e-42,2
LAPTM5,5.277412,1.6283824029153913e-42,7.380753267052045e-40,2
B2M,2.1748738,7.021998487125747e-65,1.4720303203542792e-61,2
CTSS,5.6996965,6.187789522029812e-39,2.2559200908521946e-36,2
NPC2,3.2860963,3.602131049229251e-42,1.5897247042394515e-39,2
VIM,3.5480835,7.465309238982138e-48,4.909685042837252e-45,2
HLA-DRB1,5.2776265,3.644549774283203e-39,1.3582427108803656e-36,2
CYBA,3.371678,7.18501228805318e-42,3.089647399405022e-39,2
CTSB,4.366498,8.760594379130029e-39,3.1259478305361736e-36,2
ITGB2,5.0823116,2.05313231631368e-37,6.435898226306275e-35,2
PSAP,3.464374,1.5379277376862192e-37,4.912727071403188e-35,2
GRN,3.8581111,2.2748492665596894e-36,6.752276039794561e-34,2
LYZ,8.480625,5.811905139747669e-34,1.5720734700990045e-31,2
HLA-B,2.1549659,1.1214857141660446e-46,6.717098631936304e-44,2
HLA-A,2.2361414,8.143082796040645e-44,4.016575589147048e-41,2
CD68,6.422171,3.6564009651069814e-33,9.22100336621453e-31,2
CST3,2.5997193,2.766168387301968e-38,9.467352436581154e-36,2
CTSZ,4.124081,2.2946366328683183e-32,5.3821263848277105e-30,2
HLA-DQB1,5.1787066,8.597058729672415e-31,1.8022121678246406e-28,2
S100A4,3.5610802,1.501480107792978e-32,3.5972245925345905e-30,2
SAT1,2.0832832,4.998465617925719e-36,1.457856828616057e-33,2
CD14,7.2798142,2.7238382270379563e-28,4.8084346301621105e-26,2
CTSD,4.0107574,5.968662964242266e-29,1.0705610934954537e-26,2
C1QA,7.9486446,7.028102220046496e-28,1.1938413728467392e-25,2
HLA-DMA,4.2113614,4.542207887990168e-28,7.853102823251454e-26,2
TMSB4X,1.938899,1.0388183131527994e-32,2.5432850395224852e-30,2
FCGR3A,7.966288,5.917105339483343e-26,8.481437187675677e-24,2
GNAI2,2.9977372,5.118437845604882e-27,8.175120179973016e-25,2
ACTB,1.641261,2.0905586215245208e-29,3.917286409192958e-27,2
HLA-DQA1,5.895684,3.413466129031163e-25,4.5796426973533694e-23,2
MARCKS,3.1698465,4.0966737351638253e-26,6.026602357505696e-24,2
FCGR2A,6.8755484,1.196670841920684e-24,1.5089299514609647e-22,2
SH3BGRL3,2.170615,9.773222560764406e-27,1.517609527363884e-24,2
C1QB,7.7415757,4.20824621117725e-24,4.952588988389338e-22,2
SGK1,4.3498178,4.2597178227637236e-24,4.995636206060072e-22,2
MS4A6A,7.2479353,1.8041464199395483e-23,2.0238419756251638e-21,2
TYMP,2.588187,1.6834632737352313e-24,2.0683165444818093e-22,2
ITM2B,2.0400362,6.532799943880459e-25,8.525939413139863e-23,2
CD83,4.757548,3.562157883649805e-23,3.879166804399289e-21,2
FCGRT,2.947299,1.0261379785201282e-23,1.1706698618212116e-21,2
RGS1,4.6085663,2.782858209544928e-23,3.0603228592244734e-21,2
SDCBP,2.4671683,4.3066484071745304e-24,5.019454121902362e-22,2
C1orf162,6.715215,9.194947211237315e-23,9.667953743326358e-21,2
ARHGDIB,2.5447237,2.853277563658522e-24,3.430171425185322e-22,2
SPI1,6.0953493,1.3490288338762848e-22,1.383724040276589e-20,2
LCP1,3.7754042,1.4450682647663265e-22,1.477714471601444e-20,2
HLA-C,1.487244,1.233059363515288e-25,1.7232518379860945e-23,2
C1QC,7.2933664,1.6543192543990973e-21,1.5413200586611145e-19,2
PLAUR,3.824465,1.384338066734309e-21,1.2933727881987593e-19,2
HLA-DMB,5.0478325,2.790116535982353e-21,2.5158764751669857e-19,2
TNFSF13B,4.938893,4.754986983033426e-21,4.175052837641994e-19,2
SAMHD1,4.0437016,6.21350308470228e-21,5.38519656237724e-19,2
CYBB,7.0026307,1.7168104773620172e-20,1.4113612799313583e-18,2
CTSH,3.2290676,8.650612783729022e-21,7.382956828983591e-19,2
CAPG,2.60295,8.372279348214118e-21,7.163638306593106e-19,2
ZEB2,4.2978344,3.246913888592026e-20,2.6179023734919506e-18,2
HLA-E,1.9834819,9.86802127470403e-22,9.349810778950503e-20,2
APOE,5.1566377,5.664407919636575e-20,4.512824371319011e-18,2
S100A11,1.4209287,3.926951966619214e-22,3.8177940844166684e-20,2
LST1,6.8268147,9.358120609171591e-20,7.24897744462412e-18,2
ANXA5,2.1758845,9.935685650921877e-21,8.394277894649136e-19,2
LGALS1,2.3106685,4.076102026867968e-21,3.5883605796109844e-19,2
HLA-DRB5,4.5161777,9.920803296012113e-20,7.667135100265951e-18,2
MS4A7,4.1334977,8.740917135550763e-20,6.802299342076755e-18,2
APOC1,6.0926805,2.1610617071331444e-19,1.6071878208193526e-17,2
CLEC7A,5.3222876,2.182808110507981e-19,1.619769177755491e-17,2
EMP3,2.8525417,6.092710028094344e-20,4.842549456215934e-18,2
LIMS1,2.765982,1.7094372655651441e-19,1.2913566514486598e-17,2
TMSB10,1.0490448,2.28850104665328e-21,2.091515357106203e-19,2
PTPRC,3.3759067,1.6618617413665684e-19,1.2610973906600922e-17,2
TPP1,3.3193796,4.2609163217242305e-19,3.080073154029147e-17,2
RNASE1,6.1743827,8.710020496842315e-19,6.18946604840229e-17,2
KCTD12,4.5367575,8.074369063922091e-19,5.749945069490676e-17,2
RNASET2,2.8405597,4.373568262852722e-19,3.1547065183729705e-17,2
FYB1,4.0083604,8.990934834740304e-19,6.308890068870807e-17,2
SPP1,6.852426,1.9492383142966267e-18,1.328849640240308e-16,2
CTSL,3.632819,1.508821427480212e-18,1.0391659034725624e-16,2
FPR3,7.244261,3.754372757243186e-18,2.483736028613288e-16,2
MNDA,6.9361787,6.544176420033468e-18,4.243395530581263e-16,2
COTL1,2.9958365,2.056534456458648e-18,1.3963202875319742e-16,2
MSR1,8.420572,9.665146015510078e-18,6.151397770516576e-16,2
LY96,4.654399,9.373531247868719e-18,5.999954419556578e-16,2
PLEK,5.2718525,9.449719553167352e-18,6.028661131330949e-16,2
LILRB4,6.6262803,1.3428198442096163e-17,8.340651924932359e-16,2
ALOX5AP,4.195544,9.454326809218803e-18,6.028661131330949e-16,2
NAMPT,2.6229055,6.02142493394262e-18,3.914042901344368e-16,2
CD53,4.1107855,1.2308917702166935e-17,7.702488967320544e-16,2
TGFBI,4.006549,1.2852879831623579e-17,7.998115815073959e-16,2
BRI3,2.5702188,9.916787813042106e-18,6.299601894644798e-16,2
GPNMB,4.3404574,2.7005401222750112e-17,1.632050743085156e-15,2
CD86,6.3916564,3.706655400397251e-17,2.220088014012932e-15,2
CCL3,6.0212755,3.5652440148970375e-17,2.1392101879009223e-15,2
FGL2,5.6770306,4.447556524808639e-17,2.6356094240036497e-15,2
RNASE6,6.1748896,4.881262375693252e-17,2.8773712011094443e-15,2
TXNIP,2.330374,1.0181516864963066e-17,6.455543613756639e-16,2
OLR1,8.458047,6.957110932715174e-17,4.009423673439856e-15,2
LYN,4.111054,5.71383430060443e-17,3.327217296468285e-15,2
LAP3,2.7338767,3.827629315000679e-17,2.283652393684477e-15,2
GLUL,2.4434466,7.141663958366044e-17,4.108722998757384e-15,2
CLEC2B,3.1326113,9.140860918853677e-17,5.205324551430751e-15,2
DUSP1,1.9942119,2.7266068723236975e-17,1.644840307636855e-15,2
FAM49B,2.302345,1.1606794227348954e-16,6.531937670797169e-15,2
C15orf48,3.7567663,2.8435619080538487e-16,1.5408062998066905e-14,2
BCL2A1,5.609376,4.484493937842889e-16,2.3951339358151008e-14,2
GPR183,5.1918674,7.085736202012151e-16,3.719290734768225e-14,2
ATP6V1B2,3.1696365,6.613833562821245e-16,3.498968320671725e-14,2
EFHD2,3.13682,8.207311288397637e-16,4.287872709098834e-14,2
VAMP8,1.5185467,2.4746991057313804e-16,1.3474656283333803e-14,2
CTSC,3.098255,1.0477818485109707e-15,5.398410288925725e-14,2
CD4,5.177962,1.6320361091378939e-15,8.182380139999118e-14,2
LGALS9,3.950226,1.4221790035674122e-15,7.173128715587153e-14,2
HCST,3.1979253,9.147396176576594e-16,4.7567878319155896e-14,2
SERPINA1,3.4983492,1.7671514699888022e-15,8.781041104428802e-14,2
SLC16A3,3.857293,2.430210351764178e-15,1.193436096757281e-13,2
MAFB,2.5784178,1.1279287380424456e-15,5.793546371007911e-14,2
ADAP2,7.022974,3.727594448591859e-15,1.7759551903440274e-13,2
C3AR1,6.2447953,4.091686416363267e-15,1.9411492799326779e-13,2
SOD2,2.5342624,2.6538631901932693e-15,1.299463142514926e-13,2
LAIR1,5.464055,9.669181653994609e-15,4.3767074474579375e-13,2
ARPC3,1.3760935,2.7335804054483795e-15,1.334600005518837e-13,2
PPT1,2.49443,7.927271284160948e-15,3.6423096731786623e-13,2
ARPC1B,1.8647289,4.270253447907379e-15,2.0173038154403015e-13,2
SNX10,3.4977708,1.5471458919892713e-14,6.792253974242429e-13,2
MFSD1,3.1179528,1.7372838619106722e-14,7.5872705745242e-13,2
TREM2,7.8611307,4.494993404020344e-14,1.8798824658883584e-12,2
CSF1R,6.5855026,4.6146899283182985e-14,1.9203637082596034e-12,2
AP1S2,3.3888242,3.989731065213097e-14,1.6811503725918652e-12,2
HCLS1,3.253862,4.2152485752568914e-14,1.7672956557836425e-12,2
EVI2B,4.6846585,6.368986184739e-14,2.6083292505779097e-12,2
ACTR2,1.8562429,2.7669107522460716e-14,1.185248448800581e-12,2
RNF130,2.633459,4.7081741047792616e-14,1.95683850865429e-12,2
DAB2,3.4198835,6.175732958133508e-14,2.5353764889688616e-12,2
SERPINB1,2.4806602,4.4660914096040864e-14,1.8701269908805326e-12,2
MSN,2.1042914,4.5661765131057364e-14,1.9049020699761134e-12,2
TMEM176B,2.9252164,7.921540687406326e-14,3.2050228732966894e-12,2
LSP1,2.8260088,6.683631652438683e-14,2.730519966558415e-12,2
CTSA,2.3891468,1.0148436569351504e-13,4.071635298715536e-12,2
QKI,2.9717975,1.5467379944017557e-13,6.060647087643608e-12,2
CAP1,1.629391,1.0771150157607857e-13,4.3060208276081654e-12,2
GRB2,2.0841537,2.2052259181409483e-13,8.414730662157628e-12,2
TPM3,1.277406,1.1777478034351122e-13,4.6748921982268755e-12,2
SLCO2B1,7.8704624,5.071855853680678e-13,1.851333638739797e-11,2
RHOG,2.4491198,3.366379454513092e-13,1.2615836121097613e-11,2
GMFG,2.7535124,3.5010404912718895e-13,1.3076659144515641e-11,2
FABP5,2.7261727,4.0468141983155976e-13,1.493225467829521e-11,2
NCF2,5.7593417,6.854779270431323e-13,2.469561240703942e-11,2
CALM1,1.3415912,2.2047424679766431e-13,8.414730662157628e-12,2
MARCH1,6.1055675,8.883545803310087e-13,3.1563878155595725e-11,2
CD37,2.922787,6.673334901378541e-13,2.4171741460814e-11,2
C5AR1,7.3201485,1.1831740159028722e-12,4.15113385642241e-11,2
IFI16,2.341244,6.316831174044814e-13,2.2905171287420227e-11,2
ABCA1,4.1466217,1.3195998893697554e-12,4.596126675945064e-11,2
IL4I1,6.060186,1.5530730748676684e-12,5.359220576557249e-11,2
RASSF4,4.222326,1.5354329432846006e-12,5.3038060093417904e-11,2
MGAT1,2.6383147,1.3228405510811406e-12,4.602634328196321e-11,2
ATP6V1F,1.495088,8.625771734503877e-13,3.077840529223346e-11,2
IGSF6,6.169833,2.046036027960733e-12,6.974196586771436e-11,2
CD163,7.393303,2.2208382320349944e-12,7.536964720247777e-11,2
IL1B,8.102984,2.324960754783189e-12,7.854909175688678e-11,2
DSE,3.7539475,2.4962480279758215e-12,8.414739206667038e-11,2
GSTO1,1.9715927,2.2223720545973736e-12,7.536964720247777e-11,2
LGMN,3.130763,3.684352411076387e-12,1.222323088228616e-10,2
FCGR1A,7.6740437,4.800890396326367e-12,1.5709918515432457e-10,2
SAMSN1,3.5940046,3.7813995893135105e-12,1.2508079252974798e-10,2
HCK,6.0052524,5.286300764031306e-12,1.714775763311161e-10,2
FTH1,1.0152699,1.1368826241992528e-12,3.9970838677428866e-11,2
CD81,2.0547888,3.527685804273199e-12,1.171506035258687e-10,2
PLEKHO1,3.3108284,5.402904439429117e-12,1.7492163880588033e-10,2
CXCL16,2.6198602,5.413890228680648e-12,1.7510828559322818e-10,2
LY86,6.465252,7.906459793327436e-12,2.504160225948966e-10,2
NR4A2,2.3315115,5.269150398456888e-12,1.7125249371573882e-10,2
PYCARD,1.7969618,4.3167357978505595e-12,1.4194866215265256e-10,2
PLIN2,2.8373735,6.34889788944122e-12,2.035835412139082e-10,2
GLIPR1,2.694289,6.052172460346125e-12,1.942544655430329e-10,2
SLC7A7,6.0493073,9.043303983569803e-12,2.8400885666003253e-10,2
PLXDC2,3.5016007,7.826655911295758e-12,2.4835748904519493e-10,2
RGS2,3.399523,8.171522711452011e-12,2.580800784037777e-10,2
CMTM6,1.7569895,5.689842967962047e-12,1.8350290671962984e-10,2
EPSTI1,3.4144058,9.907459369425852e-12,3.0998702864730646e-10,2
RGS10,1.9296236,7.228729334811288e-12,2.3025528073970128e-10,2
SIRPA,4.598523,1.1659547265447422e-11,3.6345062716577325e-10,2
CD63,1.1552624,3.69314370453074e-12,1.2240289821508453e-10,2
IL18,5.753853,1.4198994818035072e-11,4.381310811331319e-10,2
ARHGAP18,3.6265585,1.392754313531852e-11,4.3120603205203306e-10,2
VSIG4,8.907208,2.125047110774679e-11,6.403971710915859e-10,2
CPVL,5.590263,2.0845961500582205e-11,6.29337889010826e-10,2
ARPC2,1.3139578,8.928322046677152e-12,2.8092387407842246e-10,2
KLF6,1.7429386,1.1282481795757515e-11,3.520239273595375e-10,2
RAB32,2.8491764,2.0658605466518087e-11,6.253702941809414e-10,2
HIF1A,2.4295685,2.247277877331858e-11,6.71201667707817e-10,2
RASGEF1B,3.807868,2.915736662056394e-11,8.556143777955687e-10,2
LCP2,3.3360744,2.7785153248756758e-11,8.19649802213325e-10,2
TNFAIP3,2.843286,2.7070633908897672e-11,7.999789708707814e-10,2
CD84,3.9418223,3.1394058722588514e-11,9.172370414759071e-10,2
ADA2,4.7393284,3.610157303336812e-11,1.042067866705852e-09,2
YWHAH,1.878884,2.3914042082430637e-11,7.12345368993611e-10,2
ASAH1,1.7897832,2.1417143114073484e-11,6.43319791582883e-10,2
SLC11A1,6.326649,4.4976732275571004e-11,1.2752025166990083e-09,2
ITGAX,5.863399,4.58048389941445e-11,1.2932155763489904e-09,2
CCDC88A,3.3204565,4.056162484827351e-11,1.1578531566263336e-09,2
SLC15A3,4.7803802,5.510460301991319e-11,1.5389620270793549e-09,2
A2M,3.156761,4.426684239914012e-11,1.2561371919708617e-09,2
FN1,2.9103305,3.981669404788219e-11,1.1404711657216196e-09,2
ARPC4,1.8232242,3.902761836047462e-11,1.1207408796478417e-09,2
CCR1,5.03151,6.048983854211018e-11,1.679544432566985e-09,2
SLC2A3,3.2033472,5.650946463188529e-11,1.576858530131501e-09,2
CREG1,2.163202,5.031589385640179e-11,1.4146231314648553e-09,2
APLP2,1.3816345,3.3139874922647026e-11,9.640455722294049e-10,2
PARP14,2.4154189,6.01295491702074e-11,1.6723094599651129e-09,2
ANXA1,1.8895254,4.164017432500229e-11,1.1866211444646574e-09,2
TMEM176A,2.538768,6.212865169106017e-11,1.7207738285465311e-09,2
MS4A4A,7.210327,9.89675055321619e-11,2.674834087876102e-09,2
FERMT3,3.7809367,9.449988743040388e-11,2.5623449671003854e-09,2
NCKAP1L,4.2261863,1.0352817413165481e-10,2.7824026350559568e-09,2
GM2A,3.8205154,1.0608474509101385e-10,2.8442753278159037e-09,2
LIPA,3.0228872,9.945471477231996e-11,2.6858378326718066e-09,2
HAVCR2,4.669216,1.1519548720907445e-10,3.0664855845075925e-09,2
GIMAP4,2.930375,9.611940524267021e-11,2.6000509928412885e-09,2
DOK2,3.41903,1.1364013298468887e-10,3.029891653767448e-09,2
PLTP,4.1866474,1.3192425700521136e-10,3.484150790717948e-09,2
CCL4,3.739022,1.2776616199384126e-10,3.38232426159071e-09,2
NEAT1,1.3185616,8.038456307332129e-11,2.1991669086804807e-09,2
PIK3AP1,5.058507,1.6722635246587584e-10,4.368332623098085e-09,2
SNX2,2.4848447,1.3724488738617404e-10,3.6189707294179743e-09,2
RAB31,2.0136695,1.3847154006268196e-10,3.648447702468512e-09,2
STAT1,1.8739705,1.9850400127079987e-10,5.149282835749342e-09,2
GPSM3,2.5204027,2.1365526477703875e-10,5.520963972177702e-09,2
ENO1,1.2834961,1.449585815754031e-10,3.810388545940906e-09,2
BTG1,1.3236638,1.5437962841605637e-10,4.042191347933604e-09,2
RBPJ,1.7909513,2.1729797416846618e-10,5.602145543108782e-09,2
APBB1IP,3.4101396,3.071162532018239e-10,7.780201094140766e-09,2
CXCL8,3.3086748,2.9460011658052527e-10,7.485744325929847e-09,2
S100A10,1.3542103,1.8063451017949194e-10,4.696637291418867e-09,2
GNA13,2.9008515,3.5341149217911457e-10,8.872585972439882e-09,2
SLC8A1,7.9209723,4.493334322549446e-10,1.1089840067154597e-08,2
LACTB,2.5960445,3.6491138576931313e-10,9.147602982128948e-09,2
M6PR,2.0432618,3.92694888366011e-10,9.778306793381124e-09,2
POMP,1.1174116,2.773409272057599e-10,7.068610972194828e-09,2
SNX6,1.7258688,4.754959385519279e-10,1.170969843977255e-08,2
NABP1,3.069136,6.646671664294482e-10,1.6015518268110718e-08,2
CMTM3,2.3745444,5.755535049083954e-10,1.3999013856513771e-08,2
IFNGR1,2.1153975,5.968437431840252e-10,1.450633042763434e-08,2
CASP1,3.057789,8.422406106819777e-10,1.9978495277853052e-08,2
ARPC5,1.2933884,5.597744770779989e-10,1.3644909691622937e-08,2
PTPRE,2.5720477,8.396509802080393e-10,1.994018558153642e-08,2
TFEC,6.5834885,1.056652182240561e-09,2.4749420980817497e-08,2
RHOA,1.0425967,5.57722715973955e-10,1.3604783721078128e-08,2
MYO1F,4.0835476,1.0945442767221052e-09,2.5529978849468796e-08,2
C3,3.1488261,1.1954173375319192e-09,2.7786204378487944e-08,2
ZNF331,2.7339385,1.3337029108593348e-09,3.07448311567924e-08,2
CORO1A,2.189985,1.1137236410869534e-09,2.5941253226178822e-08,2
MAP3K2,2.2964942,1.412363919017552e-09,3.2357990579076306e-08,2
FPR1,8.489838,1.7257026790629622e-09,3.9056540862652376e-08,2
XAF1,2.5456429,1.3989730714803965e-09,3.2109248442747456e-08,2
STAB1,6.1432314,1.909926033606445e-09,4.276423837996914e-08,2
RAC1,1.0131553,9.762184103762426e-10,2.2977783650827757e-08,2
CELF2,2.449208,2.0167928257756246e-09,4.494700875039218e-08,2
ATP6V0D1,2.0730257,2.0270666795034764e-09,4.5116020900614536e-08,2
SOAT1,3.4485059,2.4266723946739567e-09,5.3477673317844404e-08,2
SLA,3.2618418,2.3920350532347274e-09,5.2783715605622367e-08,2
ZFAND5,1.6461961,2.157379583552455e-09,4.7857585060802176e-08,2
GLRX,1.8341571,2.1276775431304394e-09,4.7229935456080784e-08,2
NCF1,3.6122031,2.74339050103901e-09,5.990628958030562e-08,2
CXCR4,2.1232002,2.168988802925573e-09,4.8051554451074395e-08,2
WIPF1,2.4125793,2.474488756719204e-09,5.4459860491547785e-08,2
HERPUD1,1.6385008,2.3089981614042676e-09,5.10858227781402e-08,2
HMOX1,2.5137725,2.5653133643220826e-09,5.6310978764873676e-08,2
CLEC5A,6.856958,3.4390443793442437e-09,7.394165867152902e-08,2
DMXL2,4.1861243,3.3925355198093587e-09,7.303532340816797e-08,2
CD300A,6.8641286,3.696808854838131e-09,7.902783033787492e-08,2
CARD16,2.8285384,3.1502357329155224e-09,6.816906885014163e-08,2
HLA-DOA,5.061031,3.918256338895472e-09,8.354878312962048e-08,2
CDC42,1.158437,2.660665570935348e-09,5.8289604124586874e-08,2
SPRED1,3.1529884,4.225631410461589e-09,8.95903306816006e-08,2
ACTR3,1.4636093,3.25884450363401e-09,7.038306728679222e-08,2
DPYSL2,2.250145,4.9338409402475574e-09,1.0381804201809493e-07,2
IFI44L,2.499805,5.073372794182967e-09,1.060885267392088e-07,2
PTPN6,2.5277903,4.964911259997133e-09,1.043360701257988e-07,2
NPL,5.0587716,6.640114315912164e-09,1.363011470440697e-07,2
ADAM8,4.403007,6.992798481489893e-09,1.4319014277634462e-07,2
AP2S1,1.2313929,4.9996442630643384e-09,1.0467732099091198e-07,2
TLR2,4.9244037,7.923659299981265e-09,1.6068165452277605e-07,2
CAPZB,1.2067062,5.344815822589947e-09,1.1148660914520487e-07,2
NCOA4,2.0612855,7.647522736001562e-09,1.5555218925908333e-07,2
PLEKHO2,4.091185,8.835211552464745e-09,1.7702618320264037e-07,2
CD48,2.7066505,8.497004952972554e-09,1.7096463295000146e-07,2
IL10RA,3.3095868,9.46232307568223e-09,1.884654265329321e-07,2
AP1B1,2.7432833,9.734683154343406e-09,1.9366014690381507e-07,2
SERPINB9,3.2805488,9.949133092401178e-09,1.9745791304865558e-07,2
ISG15,1.9225279,8.161130744786655e-09,1.6470065361666015e-07,2
GBP1,2.5962758,9.887904882159374e-09,1.965917117086589e-07,2
IFI6,1.7165375,7.722854401582971e-09,1.5698924817181481e-07,2
LITAF,1.3981218,8.198610119271248e-09,1.653575357850132e-07,2
DOCK10,3.5609524,1.1329748266133066e-08,2.2235873996159693e-07,2
MEF2C,3.015421,1.0945448531671858e-08,2.1557327610147139e-07,2
GSN,1.4780022,7.919352014292198e-09,1.6068165452277605e-07,2
THEMIS2,4.048408,1.2900755032900798e-08,2.511341988151629e-07,2
FCGR2B,5.839527,1.4064969089517932e-08,2.719038203063521e-07,2
MPEG1,5.7835793,1.3997376512198982e-08,2.7090940888382346e-07,2
PGK1,1.2610317,9.433827443952581e-09,1.8800951057493375e-07,2
MT-ND3,1.2853884,7.204638497710763e-09,1.4710614856057607e-07,2
TNFRSF1B,3.1475005,1.3373375360475152e-08,2.597315477508379e-07,2
MPP1,3.8830655,1.4398713577881172e-08,2.774527980956864e-07,2
SIGLEC1,7.431005,1.5165620859976262e-08,2.9000575214621656e-07,2
SCARB2,1.8320749,1.3006481621915876e-08,2.528987826554669e-07,2
GNB4,2.675655,1.4539827015062849e-08,2.791530268530183e-07,2
PECAM1,2.8237188,1.44195508597768e-08,2.774791482431289e-07,2
LILRB2,9.053581,1.7426594797718346e-08,3.3097701931498927e-07,2
IRF8,3.6771593,1.726240781237118e-08,3.284165742681462e-07,2
CD44,1.3522989,1.4041863680216294e-08,2.716136964810466e-07,2
MOB1A,1.7275496,1.6349957327680066e-08,3.1123377907361925e-07,2
FMNL1,3.008429,1.8073695516875038e-08,3.4196170926720483e-07,2
C2,4.384813,2.182807100307768e-08,4.0629041593464394e-07,2
LHFPL2,3.0716708,2.0960999672936857e-08,3.91672919236755e-07,2
C1orf54,3.9135804,2.2131571973962616e-08,4.107996987153736e-07,2
AKR1B1,2.6316488,2.092439881475181e-08,3.9120694573332804e-07,2
SH2B3,3.8192232,2.2733400089303707e-08,4.213432541715585e-07,2
S100A6,1.1199034,1.1052192183619252e-08,2.1735047160514547e-07,2
S100A9,2.1716552,1.9316193631553712e-08,3.637756600763296e-07,2
PSMB9,1.6245652,1.898821414979203e-08,3.582023007863748e-07,2
DOCK4,4.3575196,2.7118474588690903e-08,4.964960459493896e-07,2
FGR,4.863321,2.798618948438899e-08,5.104321813463246e-07,2
NAGK,1.8369479,2.3508938995406315e-08,4.346820963863965e-07,2
CSTA,2.1665964,2.5781278236778492e-08,4.738245771724862e-07,2
ETV5,3.5189328,3.3144650092800127e-08,5.95768868575889e-07,2
GRINA,1.4790511,2.733279943737515e-08,5.001469863224222e-07,2
ARL4C,2.3731408,3.2126467581900206e-08,5.797560662315866e-07,2
ZYX,1.7294717,2.9307320238874357e-08,5.333677852046037e-07,2
LPXN,2.7979639,3.4165525895836716e-08,6.131331749985336e-07,2
HEXB,1.8571942,3.427281056351944e-08,6.147295931074895e-07,2
GNAQ,1.783647,3.5100598865087966e-08,6.282332905730606e-07,2
PLSCR1,1.7789803,3.451303619571626e-08,6.187075077715227e-07,2
SLC16A10,7.137013,4.8198929345470594e-08,8.437579797371761e-07,2
PHACTR1,4.214669,4.746143565909648e-08,8.312814691601855e-07,2
LAT2,3.9281847,4.726661229253724e-08,8.287346800334509e-07,2
CCL3L1,5.7365565,4.977081258303566e-08,8.676521958667356e-07,2
VAMP5,2.0565596,4.4286201192425065e-08,7.813800495503046e-07,2
RB1,2.524471,5.222432253330711e-08,9.085352707933889e-07,2
PARVG,3.3742623,6.068669006522093e-08,1.0438421905013207e-06,2
EPB41L3,3.2699873,6.355827829350385e-08,1.0921148628291049e-06,2
CFD,2.164158,5.819411604803318e-08,1.0035418233249773e-06,2
SKAP2,2.3409536,6.546718189968635e-08,1.122614901890276e-06,2
GPR65,3.659773,6.987123037121278e-08,1.1920401515161993e-06,2
H2AFY,1.1758513,5.613912365560356e-08,9.702327032582061e-07,2
OTULINL,3.8062215,7.975006963708058e-08,1.3448451914013674e-06,2
IFI30,3.678386,8.054612710275894e-08,1.3562237194546373e-06,2
BCAT1,4.554861,8.375317480264415e-08,1.4052852606580728e-06,2
BMP2K,2.9816856,8.386920809297131e-08,1.4065285543231755e-06,2
SLC43A2,3.270824,8.773025457471073e-08,1.4661487138467227e-06,2
SERPING1,1.9560385,7.493927596298566e-08,1.2701052324782728e-06,2
MX1,1.9549353,8.486161399429015e-08,1.4224604672576143e-06,2
RAP1B,1.1748521,7.52528340712571e-08,1.2747754078707244e-06,2
PLD3,2.1304607,1.0015587038200043e-07,1.6532126222847817e-06,2
CORO1C,2.1956477,9.905763465720242e-08,1.6358897705747051e-06,2
GYPC,1.9775862,9.133180290954445e-08,1.5202779163220995e-06,2
CCL4L2,4.4010715,1.1048605546956714e-07,1.8050719856330987e-06,2
BNIP3L,1.367997,8.92562654774358e-08,1.4894250748152607e-06,2
EVI2A,3.605239,1.1368355293257297e-07,1.8564070345235784e-06,2
CAPZA1,1.3452445,9.511642180477545e-08,1.5785749152666866e-06,2
UNC93B1,2.4888005,1.1554020561645274e-07,1.8848900956135417e-06,2
ERO1A,2.0452585,1.1444285393290275e-07,1.8678967220260299e-06,2
PTAFR,5.060789,1.3227827683821333e-07,2.1352735388712742e-06,2
CPM,3.2289739,1.2573794309455446e-07,2.0344314275612404e-06,2
ARRB2,2.5178578,1.2144269100355577e-07,1.9715921098500793e-06,2
CYTIP,2.3010747,1.195689235484498e-07,1.944937567768455e-06,2
ALOX5,3.9006164,1.3650323636676418e-07,2.1966173809391798e-06,2
DRAM1,3.4741795,1.4122461742726074e-07,2.265334716942971e-06,2
IL1RN,4.7817326,1.5101560001385173e-07,2.4120067809831435e-06,2
PSME2,1.275236,1.2285977111008037e-07,1.9936330831171774e-06,2
LINC01094,6.1736383,1.5995029461608437e-07,2.5438088343850575e-06,2
TBXAS1,3.7958624,1.9403156871966214e-07,3.0368702036519775e-06,2
RNF13,1.8224003,1.770055117194667e-07,2.7886058565442144e-06,2
PNRC1,1.1835309,1.54352507983024e-07,2.460616668373863e-06,2
HNMT,2.084041,1.881048499965488e-07,2.9523747186402636e-06,2
GNS,2.2566347,1.9348561537727106e-07,3.0297390407885383e-06,2
MBNL1,1.5934047,1.83493735359223e-07,2.8854024274185177e-06,2
SLC1A3,5.3200655,2.3198081778240104e-07,3.597257794377953e-06,2
DOCK2,3.5903766,2.2194204197645488e-07,3.4511627398851517e-06,2
FOSB,1.2824543,1.699030866383669e-07,2.6868078401402465e-06,2
SLAMF8,6.6522617,2.4352582263678645e-07,3.75544809979791e-06,2
HLA-DQA2,4.7014484,2.470717800757075e-07,3.804882725215475e-06,2
ENG,2.4184728,2.239515555304424e-07,3.4807966283811714e-06,2
IQGAP1,1.2963321,2.1231063009801448e-07,3.3059938923479595e-06,2
CYFIP1,2.1505961,2.521883979163199e-07,3.87300872459308e-06,2
CSF2RA,4.96386,2.843774785585251e-07,4.343490440952409e-06,2
CAPZA2,1.3149168,2.3680486475142169e-07,3.6619050108932384e-06,2
KLF4,1.8558067,2.48646329642352e-07,3.823863614183461e-06,2
DOCK8,2.654966,2.711688403550507e-07,4.1530931846341345e-06,2
HBEGF,3.3387094,2.863750202304508e-07,4.370020270040741e-06,2
GPRIN3,3.2757764,2.931772011226654e-07,4.461640881513303e-06,2
ACSL1,2.6079319,3.0905706094510657e-07,4.675725250861443e-06,2
GAA,2.2818065,3.049915738113456e-07,4.624648452624929e-06,2
HSD17B11,2.6972556,3.076035340549253e-07,4.655834898797946e-06,2
KYNU,2.7787435,3.4026484334437786e-07,5.1132720029631625e-06,2
PDXK,1.4797635,3.0579792735514164e-07,4.6347800639036625e-06,2
PTGS1,5.6085315,3.68594307801523e-07,5.49956480336783e-06,2
IFIT3,2.9010842,3.5967447247974354e-07,5.380839197789062e-06,2
C6orf62,1.3764173,3.1928789573557594e-07,4.81603240485822e-06,2
SYK,3.933923,3.835173366587783e-07,5.709522853471852e-06,2
PPP1R18,2.0665348,3.4929108372307993e-07,5.24186677367151e-06,2
MMP9,4.4242444,3.9419624515372447e-07,5.860698696232745e-06,2
CD302,3.2011118,4.0135709206744894e-07,5.959237815420233e-06,2
PLXNC1,3.837541,4.060241918131909e-07,6.020538204069954e-06,2
METRNL,2.681182,4.1395752868453133e-07,6.127338689147337e-06,2
NCF4,3.224524,4.235318269568e-07,6.260767301876611e-06,2
BASP1,1.995444,4.300461886157064e-07,6.340298554883257e-06,2
CLEC4E,9.023435,4.899646686251353e-07,7.1327712458140905e-06,2
MRC1,8.388263,4.990677170268053e-07,7.2495583788636115e-06,2
MFSD12,2.510737,4.908353277764724e-07,7.1392487983307295e-06,2
RAP2B,2.1935244,4.81821439476585e-07,7.026423000645278e-06,2
TREM1,5.855617,5.776197482819879e-07,8.258288140292479e-06,2
TSPAN4,2.0218756,5.257541376771039e-07,7.597724916771969e-06,2
ADGRE2,4.5388813,5.894889710724633e-07,8.4136381186134e-06,2
CCL2,2.493737,5.288266826265877e-07,7.635547034859396e-06,2
FNDC3B,1.9299157,5.572826656231241e-07,8.001634369719694e-06,2
ITGAM,6.2117786,6.351482680503446e-07,9.011636234634774e-06,2
TLR4,6.3425727,6.395077553449842e-07,9.069653117135777e-06,2
MCL1,1.0802224,5.338937898261265e-07,7.698766811933838e-06,2
GPR34,6.469775,6.98849243388533e-07,9.836383748424165e-06,2
RAP1A,1.4615442,6.071830534860918e-07,8.640444122603736e-06,2
IFIT2,3.4901218,7.057495000724226e-07,9.925175673764832e-06,2
NR4A3,3.4919763,7.535527315648469e-07,1.0531213403923555e-05,2
MX2,2.5899963,7.256825379539789e-07,1.0184149793102262e-05,2
IFI44,2.530319,7.844051551815012e-07,1.0948703000392314e-05,2
FMNL2,3.1878002,8.163299052039333e-07,1.136592833144256e-05,2
PILRA,5.513928,8.47438612178636e-07,1.17551441236905e-05,2
ID2,1.264247,6.976420547652553e-07,9.823514760235696e-06,2
BLOC1S1,1.255013,7.250747146948285e-07,1.0179879031217765e-05,2
CASP4,1.8671962,8.126525605209472e-07,1.1319426716126699e-05,2
OTUD1,3.070895,8.82483009533202e-07,1.2205922731032217e-05,2
MARCO,6.055777,9.309433391467886e-07,1.279179456711284e-05,2
SAMD9L,2.5951943,9.134601073929784e-07,1.2577325723344784e-05,2
RGS19,2.345877,9.09011293971778e-07,1.2531503415991536e-05,2
MAF,2.7219884,9.486760371121084e-07,1.3008306340614706e-05,2
ATP6V1A,1.8100847,9.326810804985744e-07,1.2810424291974892e-05,2
FAM49A,3.3811188,1.0716858850833828e-06,1.4552800109952123e-05,2
ATP2B1-AS1,3.2833922,1.0902889062234737e-06,1.4781479467923013e-05,2
LPCAT2,3.5820885,1.1295535816001106e-06,1.52705992262996e-05,2
ALDH2,2.0034893,1.0682880667608782e-06,1.4523602928689674e-05,2
ERP44,1.449084,1.041356795697165e-06,1.4192664886013251e-05,2
TIMP2,1.7311413,1.097886577434391e-06,1.4872461104090028e-05,2
PLA2G7,5.6344724,1.3147936712058927e-06,1.75432409200622e-05,2
LILRB1,5.4923353,1.3149192830576421e-06,1.75432409200622e-05,2
CXCL10,4.6770024,1.3265946960276613e-06,1.7683571524052652e-05,2
ETS2,2.064233,1.2283180875978653e-06,1.648620127095638e-05,2
AQP9,9.807631,1.3877041935928129e-06,1.8433657963285754e-05,2
MERTK,5.756496,1.4375994353861813e-06,1.900611851095306e-05,2
CYTH4,3.3479288,1.3978538512083487e-06,1.8546446211779753e-05,2
NFKBIA,1.1817001,1.1359359651259224e-06,1.5337306236137024e-05,2
POU2F2,3.7231028,1.4423794325277814e-06,1.9049252234114705e-05,2
AXL,2.8922722,1.4254137390994193e-06,1.8852445671582658e-05,2
IFI27L2,1.6067959,1.2995324305455169e-06,1.735866875863289e-05,2
GBP4,2.6025121,1.5957627742649755e-06,2.0915779293326124e-05,2
KCNMA1,2.4641953,1.5978150526546425e-06,2.0934497922300535e-05,2
FCGR1B,7.981633,1.740716685231157e-06,2.2673933335665334e-05,2
TNFAIP2,2.0937054,1.5952510360231569e-06,2.0915779293326124e-05,2
ACP5,2.3940487,1.642551474923122e-06,2.1453589961213565e-05,2
EMILIN2,4.5150275,1.74215517800128e-06,2.2676848934505563e-05,2
TGFBR2,2.0568273,1.6318626239578888e-06,2.133059402578782e-05,2
ME2,2.501165,1.7422927075585356e-06,2.2676848934505563e-05,2
FOS,1.0024743,1.3270191564366156e-06,1.7683571524052652e-05,2
NLRP3,6.648118,1.8729702225820583e-06,2.420710958662094e-05,2
NAIP,2.7417333,1.7755394408981407e-06,2.30582904133917e-05,2
BLVRB,1.1759568,1.740145641778415e-06,2.2673933335665334e-05,2
GK,3.1080065,2.0646516461083173e-06,2.647189635402105e-05,2
LRRC25,6.5191875,2.2275304295087246e-06,2.8343550127523572e-05,2
CALHM6,4.92405,2.2386308520940234e-06,2.8463198411707977e-05,2
HEXA,1.9226816,2.0984150283705506e-06,2.6863716971975815e-05,2
PEA15,1.4412732,1.9693308294126586e-06,2.535636289801535e-05,2
ARL6IP5,1.0559064,1.9014346260088644e-06,2.453867594881236e-05,2
FNIP2,2.342456,2.2675421518612318e-06,2.8792360843054352e-05,2
RAPGEF1,2.8301525,2.312782764046031e-06,2.9306024438559853e-05,2
REL,1.4209417,2.118186013473013e-06,2.7096139236421942e-05,2
TNFAIP8,1.8859669,2.2162787213663964e-06,2.8232512188891116e-05,2
LGALS3BP,1.4360901,2.2184445500531554e-06,2.8249373065046656e-05,2
AC020656.1,5.494003,2.5668310414436686e-06,3.208873647449202e-05,2
PLEKHB2,1.5886427,2.366914189722608e-06,2.9924288815206157e-05,2
TGFB1,2.0898263,2.460879557064791e-06,3.096037555270448e-05,2
RAB8A,1.4173207,2.379937076871704e-06,3.0054770141322975e-05,2
FCN1,8.421598,2.7735463591636975e-06,3.4505756095218684e-05,2
PICALM,1.7624166,2.515881737440306e-06,3.1557662436606325e-05,2
NR1H3,3.1661685,2.7317117050962874e-06,3.403578837319263e-05,2
RAB5C,1.1173832,2.390684553883284e-06,3.017913083244231e-05,2
NAGA,2.6574097,2.69665557867819e-06,3.363649117309229e-05,2
CEP170,2.5830803,2.768152522143248e-06,3.445142996111565e-05,2
ZNF385A,2.768489,2.8537669474597493e-06,3.534645390869551e-05,2
SLC43A3,2.274719,2.8229995008915176e-06,3.5043014899852846e-05,2
MT-ATP6,1.0824147,2.393974778003059e-06,3.0209295721971635e-05,2
GCA,2.11782,3.0960111368853542e-06,3.8023914149495296e-05,2
DAPK1,3.4903026,3.305076601446072e-06,4.039926176716571e-05,2
STK17B,2.0294058,3.302998517409931e-06,4.0388579392069444e-05,2
G0S2,3.047408,3.5421485248015373e-06,4.302897474283538e-05,2
GAL3ST4,4.418237,3.827684490784158e-06,4.606543433993234e-05,2
RNF149,1.5215278,3.571755777938543e-06,4.332739983646896e-05,2
WASHC4,2.1551013,3.7833878898691863e-06,4.559777693643635e-05,2
TM6SF1,5.624706,4.053015362193189e-06,4.8568127282358617e-05,2
TAOK3,1.5599445,3.7945073769364444e-06,4.569894862830351e-05,2
UPP1,1.7868994,4.103460192902742e-06,4.906011867011564e-05,2
PLEKHA2,2.6743133,4.452758737932622e-06,5.288597054851206e-05,2
PLXND1,2.796265,4.606605034526822e-06,5.461652154933338e-05,2
TAGAP,3.0024772,4.830762758553006e-06,5.701217934012188e-05,2
TAPBP,1.0996714,4.389577678333812e-06,5.217251059850971e-05,2
IFNGR2,1.2742195,4.6790788543578794e-06,5.5436589139532897e-05,2
CIITA,3.2493992,5.33087218552632e-06,6.256220572943958e-05,2
TFRC,1.8760006,5.8599337295000114e-06,6.83170098092318e-05,2
NRP2,2.1250646,6.0183999969033965e-06,6.99698975029937e-05,2
LTA4H,1.8546755,6.381211533201833e-06,7.388064067487837e-05,2
UCP2,1.4405164,6.0601693364396945e-06,7.042468517953498e-05,2
TRPV2,3.6673822,7.1946358364415546e-06,8.247275481547716e-05,2
VSIR,2.6859632,7.3534890571577425e-06,8.4121206161708e-05,2
NFKBID,2.5692182,7.678352418797688e-06,8.744978556159364e-05,2
IRAK3,3.6367571,7.932262922399372e-06,8.991417055768751e-05,2
TRIM22,1.7842301,7.222712112566074e-06,8.273804199712387e-05,2
IGKC,1.7100862,6.858095012826707e-06,7.89116174357532e-05,2
LPAR6,2.4026418,7.75017857092405e-06,8.817799845568641e-05,2
GLIPR2,2.2610943,7.793345118800093e-06,8.860901309480472e-05,2
PPIF,1.6270391,7.578673366571219e-06,8.637318497729026e-05,2
ADGRE5,2.3044033,7.766270440604305e-06,8.833112134564564e-05,2
CXCL2,2.0386827,7.47629040783486e-06,8.535134668794725e-05,2
BAX,1.2038437,7.547602569028703e-06,8.607757149533891e-05,2
NFKB1,1.890703,8.034872041330381e-06,9.095431763019315e-05,2
CNPY3,1.6327492,8.089235623097198e-06,9.147709104325797e-05,2
SIGLEC10,6.350837,9.802550223799938e-06,0.00010894212626125703,2
FBP1,2.0176625,9.348617667548584e-06,0.00010424268124576033,2
CAT,1.730212,9.10400853126949e-06,0.00010171803802375415,2
NCEH1,3.2752419,9.896449980734362e-06,0.00010984011542151264,2
TTYH3,2.5550668,1.0115645688813459e-05,0.00011193494785047365,2
GPR137B,2.226664,1.0577976069777241e-05,0.00011659411612106424,2
LILRB3,4.4014072,1.1914957977678924e-05,0.0001303455986723186,2
ATF5,1.9886563,1.1749678431960496e-05,0.0001287054096297802,2
VASH1,4.501481,1.2602480415710628e-05,0.00013675179411949215,2
CXCL9,4.5972095,1.322625532395153e-05,0.0001427814064437265,2
INPP5D,3.0965328,1.3268216744289775e-05,0.00014318830689196376,2
SMIM25,5.5919514,1.4155484107146728e-05,0.00015173828457584163,2
SYNGR2,1.1072433,1.2494633468302105e-05,0.00013571324519440445,2
ST3GAL6,3.254725,1.4351219345063861e-05,0.00015368909580229468,2
ICAM1,1.5723597,1.469057456179301e-05,0.00015682258477947147,2
TSPAN33,4.9454527,1.632775562324e-05,0.00017202663670290536,2
FKBP15,2.7555,1.7421832411390324e-05,0.00018238005022173622,2
SORL1,1.9153482,1.6958307916884613e-05,0.00017802773265734797,2
CEBPB,1.0732853,1.5869126388146615e-05,0.00016790737166713743,2
CD52,1.8553411,1.670263183237644e-05,0.00017550845059202325,2
SDC3,2.3968763,1.7958000918988213e-05,0.00018734970725467611,2
AOAH,3.8910785,1.8937786954381182e-05,0.0001966539666368109,2
WAS,2.8297718,1.9618901483545108e-05,0.00020309801687024272,2
TWF2,1.7364569,1.921466873150794e-05,0.00019915921011233245,2
ANPEP,2.738164,2.0120276190923878e-05,0.00020790332215643185,2
OGFRL1,1.8613453,1.997730912951737e-05,0.00020655330626175773,2
CD33,6.615157,2.1295776177369304e-05,0.00021863533173098983,2
SP110,1.7520738,2.0564558948628015e-05,0.0002122325759064407,2
ITPR2,1.7045835,2.06082188565581e-05,0.0002126177387474055,2
RASGRP3,3.513763,2.2305313338693558e-05,0.0002280227109701678,2
STX7,1.7446114,2.125436551586958e-05,0.00021834385107742158,2
ACP2,2.1678607,2.21043910535701e-05,0.0002263136081586675,2
TCIRG1,1.82871,2.2545230496982942e-05,0.00023019469592064075,2
HERC5,2.5474315,2.3271408443273755e-05,0.00023674440721742343,2
RCSD1,2.3045313,2.3542935418267434e-05,0.0002392889687466994,2
PARP12,2.3608913,2.4648746898191046e-05,0.0002496960494449489,2
GALM,2.190507,2.4469730572464103e-05,0.00024805847740635685,2
SH3BP2,2.2243855,2.491267750678991e-05,0.00025214125415064584,2
SDS,6.833035,2.681742918542723e-05,0.0002697101626112188,2
PLBD1,2.0092914,2.5630977371713022e-05,0.0002584752291114331,2
PFKFB3,1.8434078,2.5979211219537998e-05,0.00026182954432527766,2
ST8SIA4,3.0245874,2.7665647672187156e-05,0.00027765813541975746,2
ATP6AP2,1.1395926,2.6924789154933178e-05,0.00027062761553659387,2
CD300E,8.592577,2.9711757409297607e-05,0.00029615514272370014,2
TACC1,1.6871216,2.8116493902196742e-05,0.00028176137495475973,2
MTRNR2L8,1.3464162,2.8763038020759435e-05,0.00028763895594940134,2
ATP1B3,1.0576292,2.8077964528051506e-05,0.00028145935691433816,2
PTPRO,5.482597,3.214353337180998e-05,0.00031775014819448235,2
FGD4,3.1553574,3.212719962232052e-05,0.0003176823120672914,2
COLGALT1,1.9362351,3.1803029825977964e-05,0.0003148481178846301,2
VASP,1.4511898,3.153621581691295e-05,0.00031229885288310515,2
THBD,2.839473,3.3501157929649416e-05,0.0003298099025883097,2
AKIRIN2,1.4236448,3.2049867965463924e-05,0.00031701109449413904,2
SF3B1,1.0149374,3.3181576968469833e-05,0.0003270476853069194,2
STXBP2,1.9492557,3.66561768767785e-05,0.0003561659410845967,2
DPYD,2.6906347,3.708276230975162e-05,0.00035999795387304753,2
RAB8B,2.1314845,3.6454633917586975e-05,0.00035472146104722504,2
PRKCB,3.1776571,3.959479819665987e-05,0.0003825026285467076,2
TNFRSF14,1.8565825,3.989134893706948e-05,0.0003852564741428872,2
ANKRD22,4.6061597,4.364823116954868e-05,0.00041685800730576085,2
CSF3R,2.9664128,4.3136410857966635e-05,0.00041314630399402026,2
PAG1,2.3275356,4.3190395819207826e-05,0.00041342724491211463,2
CTDNEP1,1.144363,4.19873008417571e-05,0.00040340763607372526,2
RIN3,2.8609238,4.63079098266798e-05,0.00044012853598658744,2
CD40,2.7860005,4.702273022741152e-05,0.0004462901512613497,2
PLA2G15,3.0684988,4.754073790598878e-05,0.00045056905626017794,2
DOK3,4.67834,4.868023252462943e-05,0.00045985618942107607,2
CD72,4.229696,4.86851712421884e-05,0.00045985618942107607,2
CCRL2,4.731527,4.914421760591886e-05,0.0004630185962696979,2
FLVCR2,5.2182593,5.029342229209574e-05,0.00047287358056326826,2
CXCL3,2.0534315,4.722494276350008e-05,0.0004479558272710849,2
SMAP2,1.9460511,4.881214882555312e-05,0.0004606663713443661,2
IVNS1ABP,1.5160685,4.835834140921664e-05,0.0004576713118528599,2
STOM,1.1819346,4.739298026386667e-05,0.0004493481882048595,2
ITGA5,2.1844237,5.036284954623494e-05,0.0004733035406641261,2
SNX20,2.9837286,5.1738597648097696e-05,0.0004844679798198897,2
MGAT4A,1.5967349,5.030300037117979e-05,0.00047287358056326826,2
SELPLG,2.5208204,5.180690753136498e-05,0.0004849722259306483,2
SERPINB6,1.3354781,4.991196579759588e-05,0.0004697242549992041,2
TGFBR1,2.0539777,5.213541078447525e-05,0.0004876391001455896,2
ABI3,2.9894705,5.30913696811234e-05,0.0004961654027513402,2
LRP1,1.8553329,5.3449055007778026e-05,0.0004992299509930055,2
MYO9B,1.9208351,5.565881943526123e-05,0.0005169904355242583,2
PLCB2,3.2777066,5.686135278091628e-05,0.0005272053500674846,2
TLR7,6.660997,5.823374910940256e-05,0.0005383732576842534,2
OGFR,1.6297433,5.4681065225832867e-05,0.0005090362499971302,2
KCNAB2,2.7946947,5.775416437493056e-05,0.0005343813592550472,2
VMO1,6.396359,6.051170430619885e-05,0.0005568238886513623,2
ADM,2.1730127,5.7643123733671736e-05,0.0005335011073816456,2
CSK,1.753797,5.9171740884891834e-05,0.000546141816461243,2
IFI35,1.5988742,6.0416339575428986e-05,0.0005560989148461755,2
ADAMDEC1,6.0912814,6.862583361721352e-05,0.0006249739574680854,2
CREBL2,1.8115737,6.615043026232061e-05,0.0006043307254634683,2
DRAM2,1.3637958,6.579449828362297e-05,0.0006013115168749314,2
GNB1,1.2284318,6.616089037005025e-05,0.0006043307254634683,2
EHBP1L1,2.2004008,6.905322234574574e-05,0.0006286954752167909,2
GCHFR,1.7075919,6.857935414654321e-05,0.0006247202926206425,2
OAS2,2.1697755,6.946176210885068e-05,0.0006322434091975469,2
FGD2,4.4403677,7.244628614761749e-05,0.0006554952478222925,2
TNS3,2.2461455,7.082647977029774e-05,0.0006425142145433103,2
MIS18BP1,1.8161235,7.058492891528481e-05,0.0006409747294216438,2
AHR,1.7168505,6.982311484823713e-05,0.0006351877122659945,2
PTPRJ,2.693749,7.231142391565767e-05,0.0006546281969109512,2
PTK2B,2.3592148,7.235555351429364e-05,0.0006548509499252356,2
SPCS3,1.1564268,7.089985941437431e-05,0.0006428905608590237,2
KIAA0930,1.9203414,7.649830238303311e-05,0.0006886284380647647,2
PTGER4,2.5745318,7.926455305483726e-05,0.0007110661658483868,2
PARP9,1.5805603,8.441534824604556e-05,0.0007528206726644042,2
TENT5A,1.8423169,8.49960976853503e-05,0.0007571989674540064,2
APOBEC3C,1.9542764,8.490095363901193e-05,0.000756753357960696,2
CKLF,1.3449578,8.443729675810169e-05,0.0007528206726644042,2
ZNF267,2.440619,8.726232012336515e-05,0.0007747129378660112,2
ADAM28,3.0206888,8.904912053324028e-05,0.0007876573185140855,2
MXD1,1.993036,8.780056695248583e-05,0.0007788730008339929,2
ADCY7,2.8544207,8.872167340844566e-05,0.0007851751049584896,2
CD300LF,9.084359,9.199712885053405e-05,0.0008101012598518673,2
OSTF1,1.2385685,8.658929439997694e-05,0.000769756565987179,2
TRIM38,1.7549661,8.86447966381165e-05,0.0007847018010132135,2
PRNP,1.5286514,8.818654415861696e-05,0.0007815262279068275,2
S100A8,1.8090178,8.75086874003074e-05,0.0007766945975373672,2
RHOQ,2.0663354,9.133632982913859e-05,0.0008055513643963022,2
PARVB,2.0682886,9.13687094552754e-05,0.0008056251009041514,2
LMO2,3.6372194,9.587396856626993e-05,0.0008411479936388333,2
IL17RA,2.414132,9.516093168844458e-05,0.0008357666430379994,2
STX11,2.9377959,9.666007727624409e-05,0.0008476014776267982,2
PALD1,4.819493,0.00010199823958807686,0.0008902219500451954,2
HPSE,4.4312897,0.00010513281707926937,0.0009140123944157008,2
CFLAR,1.3155166,9.933193705646813e-05,0.000868967664358751,2
GNA15,2.4255495,0.00010446889309716818,0.0009098912343215055,2
SLC25A19,2.456041,0.00010468628074324631,0.0009106023190895292,2
GRK3,2.9551115,0.00010516904156025796,0.0009140903920633874,2
TMIGD3,6.340101,0.00010879999358466695,0.0009426557902179916,2
FOXN2,2.5990906,0.00011419341193559164,0.00098284866043923,2
TNFAIP8L2,4.559909,0.00011748246736067823,0.0010088273010098589,2
ATP6AP1,1.0324305,0.00010943684929648774,0.0009470127353595189,2
CXorf21,4.5951095,0.00011818317038234177,0.0010132877601723225,2
LYL1,4.3876624,0.00011842957330526052,0.0010148815325068327,2
HPS5,2.4022484,0.0001176522242575672,0.0010097679769250415,2
RELT,3.159688,0.00012118259054247558,0.0010376781387248337,2
NMI,1.485978,0.00011794027793840586,0.0010114637847947,2
ACSL4,2.0773618,0.00012164859243126417,0.0010406058247225277,2
OSM,4.5657573,0.0001274730807208539,0.001085171218390396,2
CLTC,1.131271,0.00012151287640829545,0.0010397446634884946,2
NRP1,2.1883755,0.00013124959806527995,0.0011147740614605103,2
APOBR,5.2192554,0.00013556765375108355,0.0011468031965864043,2
ABCG1,2.1952124,0.00013444442634435422,0.0011378754741397893,2
DDX60L,2.6208363,0.00013589747388882367,0.0011490136555848335,2
STX6,1.8945616,0.00013639687213486254,0.0011529454355532823,2
ADAM10,1.4316925,0.00013775669302751144,0.001163267180472246,2
IL13RA1,1.3050128,0.00014138679518355333,0.0011921202858852595,2
SLC2A5,4.986036,0.00016208268940654015,0.0013520058406826072,2
MARCH2,1.7648008,0.00015794918672041916,0.001321140566531067,2
ROCK1,1.2533921,0.00015516423624735215,0.0012997911208722374,2
RIPK2,1.8545104,0.00016704404171494143,0.0013882121415165637,2
CRTAP,1.2258888,0.00016562620874964042,0.0013781366082043387,2
SIGLEC7,27.291777,0.00017754404458355578,0.0014663887710852116,2
CD36,3.4865334,0.00017551750136666805,0.0014517959342390662,2
SH3KBP1,1.2852284,0.00016460408372492678,0.0013716734340913713,2
SKIL,1.2698768,0.0001717179181438734,0.0014235271113355555,2
PIP4K2A,2.1608458,0.00017826914516310584,0.0014712906983060368,2
ZC3HAV1,1.439203,0.00017566970590828602,0.0014526966483899954,2
ENTPD1,2.293446,0.0001774962341967816,0.0014663549732005544,2
CCL8,5.763111,0.00019203349596592196,0.001570455124875289,2
LACC1,3.5368614,0.0001957209114874066,0.0015976332665366526,2
DENND3,3.0473328,0.00019704435909656372,0.001607262852251421,2
CD58,1.7494068,0.00019209832952263913,0.001570455124875289,2
PPP2R3C,1.5109751,0.00020003771360743475,0.0016290765299858036,2
ARL8B,1.2183421,0.00019947686995612054,0.0016253816174454387,2
CLEC4A,5.050919,0.00022232496679388817,0.0017882498108474348,2
SLC6A6,2.1812167,0.00021762812048085303,0.0017546790358289163,2
TNF,2.6310995,0.00022348072512042258,0.00179496336237167,2
MEF2A,1.5056759,0.0002194769144803733,0.0017678854919755526,2
TMED5,1.5442464,0.000220351672429122,0.001774079559516366,2
SERPINF1,1.576054,0.0002119211166367558,0.0017160903363383452,2
HS3ST1,3.1221538,0.00022858839103481838,0.0018289797766457164,2
MMP19,3.0796812,0.00023756984196231668,0.0018963184362822618,2
CCNYL1,3.103973,0.00024130379097595737,0.0019215990453522974,2
MIR3945HG,7.063722,0.0002470950776053885,0.001959861796739065,2
IGLC2,1.4267086,0.0002252943473986357,0.0018078458336307898,2
PHACTR2,1.7571994,0.00024326890507278304,0.0019349021449006913,2
FCGBP,5.8758044,0.00025315452408026,0.002003079946255249,2
IKZF1,1.8013,0.00024045753955103045,0.0019161763682777647,2
SRGAP2,2.4068427,0.00025598871959923617,0.002021690050406871,2
GPCPD1,1.9505643,0.0002593230361844658,0.0020460959672225754,2
FOLR2,6.463769,0.00026687995492306204,0.002099301258929274,2
LUCAT1,4.2811465,0.0002674756614007815,0.0021025078882220796,2
CAMK1D,2.219213,0.00026369417797882664,0.002077652436830591,2
ABL2,1.3878884,0.00025952692815572296,0.002047223117890664,2
NEK6,2.03953,0.00026777717538153505,0.0021043847796326305,2
TCF4,1.2634268,0.0002530792380553617,0.0020029567540384347,2
EREG,4.447452,0.00027817918037265006,0.0021734003934029945,2
PLD4,4.226726,0.000278040536128022,0.00217282330434995,2
ADPGK,1.3712479,0.0002656026078134155,0.0020912152743356267,2
BNIP2,1.4027352,0.0002688824645624032,0.0021096109342427054,2
SPPL2A,1.1233045,0.00026605775222054664,0.0020938158299458835,2
ELL2,1.4484527,0.00027064802135228264,0.0021219741197234486,2
PSMC2,1.1271914,0.0002679847851594222,0.002105522998133563,2
SIGLEC9,5.880705,0.0002905103097123341,0.0022618399020569633,2
SHTN1,1.3599982,0.00027771720825075363,0.0021708023495545393,2
AP2A2,1.6911908,0.0002827875003065707,0.0022058082669262065,2
PLEKHM2,2.342082,0.00028841819661580196,0.0022476381813872244,2
ARHGAP26,2.755723,0.0002948401986123392,0.0022918273700246743,2
OSCAR,5.0115657,0.00030084662141824614,0.0023348271258464733,2
ARHGAP4,2.2697608,0.000293802038700144,0.002284935098137593,2
IFIH1,2.0954518,0.00031134479315312127,0.0024061787343660924,2
ABI1,1.2830268,0.0003059779603279824,0.002369068967534824,2
LAMP2,1.0085342,0.00030435818892755927,0.002358705641131993,2
PABPC4,1.2484726,0.0003108928401901082,0.002403793626744218,2
OSBPL11,2.4734764,0.00032336997500844757,0.0024922225027018243,2
GMIP,2.8114917,0.0003250071077698872,0.0025036893435254446,2
HRH2,3.255292,0.00032860097526975045,0.002530212422296304,2
CMKLR1,4.0405893,0.0003490254852988374,0.002671133663312594,2
LYSMD2,1.6926357,0.0003460311612997526,0.002653274472863119,2
SETDB2,2.752513,0.00035408748372357747,0.0027042986854319993,2
SDSL,1.9188967,0.00035399492048373145,0.0027042986854319993,2
NFAM1,5.962121,0.00036357240216988154,0.0027683500434006803,2
SLC31A2,2.192742,0.00035562723402642396,0.0027140143473220217,2
PIK3R5,4.124741,0.00036669699066394315,0.002790241325739409,2
PRMT9,2.150931,0.0003679013217794471,0.0027987702957143197,2
RILPL2,1.4252706,0.00036596744888364426,0.0027859541995021134,2
OLFML3,2.436034,0.00037384996256006013,0.0028349691454781292,2
BTK,3.430662,0.0003813772797558743,0.00288297844045341,2
GATM,2.3038206,0.00038174031045980905,0.0028850724995791925,2
GBP2,1.4479947,0.00037527928544768487,0.0028445745792544178,2
FLI1,2.431469,0.0003848747903566063,0.002904834685722532,2
ATP6V1C1,1.3284253,0.00037880222627029777,0.002867390086060045,2
PDE4B,1.4797409,0.0003838824785993391,0.002899955453761359,2
MILR1,4.7762146,0.0004049639447133753,0.0030366411065574157,2
TLR1,4.609944,0.00042005733468672044,0.00313719507074756,2
CAMK1,2.6875532,0.00042240248470118235,0.0031526038583360827,2
ADORA3,6.8269114,0.0004309889212593012,0.0032088344967720803,2
CD80,6.337949,0.0004334392369834318,0.003224930223527348,2
SCAMP2,1.2480471,0.0004176457229464725,0.003120573667486664,2
FOXN3,1.5634681,0.0004266083922406118,0.0031797493520316356,2
MANBA,2.217195,0.00043733429212627586,0.0032489222935880007,2
P2RY6,3.149922,0.00044268563898260425,0.0032849820834326394,2
DUSP2,1.5846306,0.0004323104891192819,0.0032179596350532256,2
ST14,1.420332,0.0004491957859852418,0.003327401912043064,2
PSTPIP1,2.3808396,0.00045294871895881257,0.0033537203052091684,2
SLC39A8,2.6154861,0.00046288110158970995,0.0034212197065712786,2
ARRDC3,1.3021386,0.00047455504871580676,0.0034928792821981294,2
F13A1,3.732004,0.0005151496502853085,0.003765228681677824,2
IGSF21,4.0313697,0.0005174161478513342,0.0037768563688969753,2
LPAR5,3.2168405,0.0005164515628345408,0.003771549341187526,2
RRAGD,3.1329396,0.0005193963156827034,0.0037896610450975756,2
VCAN,1.707995,0.0005074424266430326,0.003710513719649871,2
IFIT1,2.0227587,0.0005205671507234805,0.0037949017175431983,2
RSAD2,2.286916,0.0005266095632998686,0.003830624888883299,2
SEC14L1,1.3629491,0.0005197424197077783,0.003791361570121486,2
PHF11,1.2806953,0.0005202681065934183,0.00379354620940214,2
CMIP,1.4385266,0.0005241562566502366,0.0038144337175755223,2
MYO5A,2.164043,0.0005413822323435543,0.0039261624767643576,2
MFNG,2.744457,0.0005521067199809482,0.0040004777478680024,2
SRC,2.4464781,0.0005556711659054598,0.004022828960853665,2
B3GNT5,2.4529877,0.0005618385221045852,0.004056970047343357,2
AC245014.3,3.1656528,0.0005684352500618579,0.00410019069297307,2
GNPDA1,1.5209332,0.0005573781905326712,0.004033445930670189,2
RIT1,1.6086364,0.000560046799505173,0.00404839002202651,2
CLEC10A,8.513874,0.0005814816837616613,0.004184397587438293,2
AMPD3,3.941538,0.0005785066099185947,0.004166564355439035,2
APOBEC3A,5.791295,0.0005865153630445856,0.004214291300745169,2
FBXW5,1.1195974,0.0005615887988396104,0.00405691361229364,2
CD180,5.152866,0.0005895024348723298,0.004231222163075715,2
CORO7,2.5080273,0.0005850083656157904,0.004204363743543867,2
GABARAPL1,1.4933312,0.0005845844574758894,0.004203118389753228,2
TCN2,2.616685,0.0006023137141669391,0.004315788140754818,2
CPPED1,2.189174,0.0006172025847299977,0.004407551399443223,2
FRMD4B,1.6916556,0.0006240846112115119,0.004449919631089566,2
VAT1,1.5211548,0.0006307742448983951,0.004489982798840635,2
P2RX7,4.1070833,0.0006495885724629463,0.00460826674887628,2
TET2,2.0170865,0.0006550943570916156,0.004642809635956678,2
PYGL,2.1471777,0.0006587505246960883,0.004665361348993136,2
CNDP2,1.2860028,0.0006557521126147447,0.0046460882148735005,2
RREB1,1.5387974,0.0006612853139237828,0.004678373911478084,2
RENBP,3.0003815,0.0006831885243008272,0.004821129032942152,2
TNFSF12,2.2449632,0.0006987675578304844,0.004919681498151192,2
PITPNA,1.5166119,0.000709351657861071,0.004982694022265587,2
GAPT,4.0996156,0.0007373760211322372,0.0051525685676659105,2
BACH1,1.8859038,0.0007265727605741607,0.00508980304144067,2
GIMAP1,2.6278522,0.0007369526719984056,0.005150683386434366,2
FAM20A,3.0125594,0.0007540436205150714,0.0052537135595546345,2
MMD,2.4355621,0.0007560803648236084,0.005266810283810727,2
GPR84,5.5487146,0.0007711581792551294,0.005361819338805202,2
ACOT9,1.6780418,0.0007607167027758731,0.005294708223242491,2
RGCC,1.553642,0.000760361548047581,0.0052933347204366776,2
CCL13,6.508496,0.0007996341203432135,0.00553457037359301,2
MAP3K8,1.4110626,0.0007985139263363295,0.005530240677936575,2
NUP214,1.8433683,0.0008229605397879191,0.0056772767307747005,2
ARHGAP30,1.6838678,0.0008177740499559631,0.005649631186317808,2
FUOM,1.8533955,0.0008247398590465725,0.005687212091340685,2
ADAM17,1.3704883,0.0008267625554652024,0.005697645957028632,2
ACAP2,1.1341636,0.0008330470144156541,0.00573859722951642,2
UBE2E2,1.4453641,0.0008527684933250222,0.005851617846688741,2
VOPP1,1.1246066,0.0008496156977994574,0.005837148734103155,2
TMEM259,1.1734788,0.0008561019731783599,0.005873036028906444,2
VAMP3,1.331915,0.0008627281461325781,0.005909079997842109,2
CCL7,7.261372,0.0008995440636542061,0.006119915778025958,2
SLC15A4,1.7404574,0.0008860132601892386,0.006042653672225956,2
GLB1,1.6810981,0.0008892058844390171,0.0060607304551857505,2
KLHL6,2.8935971,0.0008985260765655268,0.006115556642468412,2
RNPEPL1,1.8342012,0.0008946278993973385,0.006092733882981955,2
SLC37A2,4.440133,0.0009140262366919635,0.006203430595889346,2
RILP,2.3762407,0.0009046850959308682,0.0061500124078936605,2
DENND5A,1.8673116,0.0009094615712589224,0.006176199749260076,2
TMEM51,2.0427792,0.0009230920857745158,0.006251046163731684,2
GBP5,2.2376938,0.0009318780838441129,0.006297828492890467,2
ATP8B4,3.4127781,0.0009393553565260649,0.006340695917335629,2
USP4,1.6116802,0.0009229006258993569,0.006251011690890616,2
KCNMB1,2.2134793,0.0009345334202727793,0.0063132296977581655,2
DUSP3,1.6116326,0.0009348618587015423,0.006314176722253007,2
CCL18,5.2178073,0.0009754492582034325,0.006563832445350643,2
CREM,1.1451088,0.0009449860585505817,0.006373572770932045,2
STAC3,3.5033915,0.0009874319669447656,0.006630521642301178,2
SAMD9,1.7114064,0.0009688765383616283,0.006525519673330798,2
MITF,2.2343967,0.0009828520034638776,0.006603733783690288,2
CYB561A3,1.4466952,0.0009767819026108553,0.006569529134844736,2
FCHO2,2.3386154,0.0009988595099241868,0.006696531445606067,2
WNK1,1.0114039,0.0009742707634044734,0.006557899995053069,2
CYB5R4,1.9886717,0.0010253966309108685,0.006863059611466719,2
ZFYVE16,1.7088045,0.001041643963453311,0.006951408710343714,2
ZCCHC2,1.9767742,0.0010448644816330888,0.006968741216634606,2
SUCNR1,5.903532,0.0010665915918602255,0.0070939021579583235,2
CLEC12A,4.2417574,0.0010631322873876094,0.007075103184775359,2
CD93,2.13084,0.0010545903899942673,0.007022437218740862,2
IL18BP,3.2024221,0.0011021458312869992,0.007295652916360222,2
FNBP1,1.2102408,0.0010756458553646496,0.007149868734598834,2
LGALS2,4.8592043,0.001125160649119698,0.007431865563632097,2
HVCN1,2.8690255,0.0011158270476200659,0.007376025818727755,2
TMEM30A,1.1114464,0.0010916575913455426,0.0072405155766899045,2
USO1,1.0814476,0.001097512168128772,0.007272156387042105,2
DUSP6,1.3021901,0.0011069766052373882,0.0073232943424590205,2
CSF2RB,3.1652844,0.0011616957560239938,0.007644582568726853,2
AC007952.4,2.0696356,0.0011562684156158588,0.007617835185262526,2
CAB39,1.4616953,0.0011595780810999326,0.007633642476579556,2
PER1,1.7842758,0.0011677774081421237,0.0076800827542147,2
PSMB10,1.3876228,0.0011560538651445493,0.007617835185262526,2
FES,2.7558923,0.0011875678391190735,0.007790379990591207,2
FUCA1,1.7692217,0.0011865487675244292,0.007785217568766995,2
IL1RAP,2.8576422,0.001200971600215578,0.007864464748697913,2
EML4,1.1436622,0.0011699185199450003,0.0076911479963691215,2
TUBGCP2,1.2157495,0.0011911248359779312,0.007809131767696598,2
ASGR1,4.124723,0.001240188328208411,0.008088111358436382,2
KCNE3,5.4065323,0.0012414281656486746,0.008093049971627249,2
PTGS2,2.4064102,0.0012495950491801515,0.008141543812072933,2
UBE2D1,1.1135784,0.0012387961237149679,0.008082174826983804,2
SP140,2.329209,0.001255474449433998,0.008175086101429961,2
RNPEP,1.1701384,0.0012466004320686246,0.008125189485428242,2
SIDT2,2.0458126,0.0012774862860291045,0.00831035056627273,2
AC004687.1,3.591423,0.0012944087662786323,0.008413907835223179,2
BST1,3.4681911,0.0013153764351459094,0.008535314569786989,2
ZBTB1,1.756191,0.0013235921020999693,0.00858032522159549,2
MIR181A1HG,2.8472958,0.0013416992431051356,0.008670892931211822,2
P4HA1,1.2618396,0.0013265242363189492,0.00858937247304515,2
DNASE2,1.2500767,0.0013274295534209176,0.008593575497257477,2
RNF145,1.1956941,0.0013553597164745281,0.008747377381233818,2
IL10,7.43187,0.0014252324452046438,0.009154293650825153,2
CYP2S1,7.505276,0.0014258965744954094,0.00915680585968802,2
HLA-DQB2,6.1070895,0.0014395493193212535,0.009232086055168695,2
PI4K2A,2.33089,0.001431487836508809,0.009185676970411701,2
WDR11,1.4525262,0.0014271966861963202,0.009163400469316763,2
GZF1,2.4658978,0.001454199877082298,0.009315377784036929,2
PBX3,2.1752024,0.00146266615927546,0.009366033915284117,2
CACNA2D4,3.9380593,0.0014848306215198808,0.00948081170310267,2
SH3TC1,3.0604603,0.0015010588681169997,0.009578960330196402,2
STAG2,1.1048198,0.0015044121184028306,0.009594684658311967,2
SLC31A1,1.4658792,0.0015756515655112773,0.010007371550618017,2
MAML2,1.7323946,0.001623488267628914,0.010267190740046082,2
UBALD2,1.1240923,0.0016018069742037488,0.010148509203205126,2
GAPLINC,4.655422,0.0016649956250029756,0.010503219533237691,2
LRRK2,3.0658672,0.001687473394598018,0.010627026873490823,2
ATP2B1,1.2388673,0.0016787391143314612,0.0105783098475346,2
ALDH3B1,3.645022,0.0017180642088053266,0.0107973752346898,2
ANKRD44,1.7058033,0.0017127196693777617,0.01077186019699972,2
RP2,2.630418,0.0017398609389615708,0.010915951319436972,2
SRGAP2B,2.1578264,0.0017476903086337545,0.010958923283208966,2
CSGALNACT2,1.7589223,0.0017743994550167208,0.011110012621381045,2
PLXNB2,1.1749998,0.0017719729536363157,0.011098738531823653,2
SCIMP,3.9010355,0.0018388549210356952,0.011476932062980696,2
SEMA4D,1.6847694,0.0018059800698013182,0.011290657506282574,2
CHST11,2.1429024,0.0018432846642676705,0.01150029965107923,2
GRASP,3.4409294,0.0018735464708601482,0.011667401072989273,2
MYO1G,1.9898485,0.0018424037934771692,0.011496942444096322,2
PRCP,1.1782091,0.0018295735292667157,0.011427509449745793,2
PTPN12,1.0113811,0.0018468071419819872,0.011520133596655725,2
IL6R,2.0531418,0.0018867084438191335,0.011736292268942424,2
ATG3,1.0273972,0.0018800225964281778,0.011703033063896327,2
NUB1,1.2522061,0.001904515524410519,0.011830618613408587,2
SNX8,1.6795517,0.0019135308232228142,0.011878907522064856,2
RGS12,1.7510471,0.001941563952898846,0.012032889235805653,2
CD300C,26.561829,0.0019770163406822093,0.012230008314795643,2
ATG16L2,2.1568768,0.0019576524916652452,0.012123637781193498,2
FUCA2,1.2456642,0.001949876099170401,0.012079973976729434,2
MMP14,1.3126386,0.0019893090248497185,0.012299246820734452,2
SMCO4,1.1232233,0.002008173038779944,0.01241130125183676,2
RAB20,1.4211317,0.002051902903319346,0.012632255302164976,2
GLS,1.4753926,0.0021248080994589573,0.013028919280430143,2
STK4,1.076274,0.002092951940548059,0.012850027647432262,2
ALDH1A1,2.6945515,0.0021635115498856664,0.013234787688257367,2
MCTP1,2.6915343,0.002162507384251746,0.013232352603037262,2
CPSF2,1.578749,0.0021565279231487793,0.01320169795041672,2
RAB42,3.345432,0.002208705223631561,0.013481306724759093,2
COQ2,2.417876,0.002209035561231805,0.013481306724759093,2
JAK2,2.3109207,0.002257399891976348,0.013761441253503943,2
MRO,7.8105283,0.0022911937506821635,0.01393200318920059,2
DHRS9,4.910009,0.0023258339522619163,0.01411193860217383,2
CMTM7,1.241029,0.00227499113971566,0.013853765728151918,2
AC025164.1,2.6038058,0.002313775023199674,0.014046394217762943,2
SGPL1,1.4362478,0.0022971271407505565,0.013955432245592177,2
P2RY13,26.994013,0.0023560143339517664,0.014259319170920942,2
PXK,1.8861095,0.0023334020564487377,0.01415529722831382,2
MCEMP1,7.4383926,0.0024059593169940907,0.01451407939771561,2
ARHGAP24,2.5159388,0.0024001714189338724,0.014484373796772402,2
SWAP70,1.3317549,0.0023889360273052812,0.014429552186538167,2
LBR,1.2954371,0.0023834085839303356,0.014403947263713041,2
IRF2,1.1257012,0.0023928005712560737,0.014447691081998195,2
NCOR2,1.2575499,0.0024573005703900142,0.014791873372478727,2
SRGAP2C,1.9339015,0.0024805593721575468,0.014918568172004272,2
TNFRSF21,2.1290894,0.0025227656737035406,0.015123518044984888,2
DNM2,1.2823994,0.002500186954520685,0.015009624242272828,2
LTC4S,1.941674,0.002553006171580894,0.015280224839577939,2
SIGLEC14,7.1274757,0.0025930509886816083,0.015475715873909222,2
RPS6KA3,1.6964339,0.0025573873767686453,0.015298257535972378,2
CMPK2,1.8549186,0.0025646814969027387,0.015330953856284931,2
HK2,1.7472427,0.002604987691458143,0.01553037542822566,2
HGF,3.2431693,0.002642584366076607,0.015700229048533604,2
TFEB,2.3311677,0.0026379934950195778,0.0156825487090485,2
WARS,1.5357298,0.0026174442833562465,0.015590782935189463,2
SNCA,3.449594,0.0026606107699828937,0.015786227814611045,2
TLR8,26.721085,0.0026881965367687058,0.015932991701671527,2
CD69,1.5563972,0.002626637864129798,0.01563166440751908,2
SH3BP1,1.6766038,0.0026555722986926133,0.015761909479817544,2
UBE2F,1.0718064,0.0026629969651873497,0.015797591299849468,2
LINC02345,26.909384,0.00280768977074162,0.01653603557514393,2
GIMAP8,3.7355838,0.0027945805335617027,0.01647329097999878,2
MCOLN2,3.225501,0.0027976890926096516,0.016488717247446903,2
CLIP4,2.1942203,0.002784271884816121,0.016424070223112472,2
GSDME,3.5716698,0.002829636067471732,0.016653592444125172,2
PDCD1LG2,4.7496758,0.0028696091437168166,0.016847463729985253,2
RAC2,1.1485795,0.0027791756366057022,0.01639977657061785,2
NRIP1,1.2241801,0.0028876180814245357,0.016947261254428757,2
VAV1,2.6967993,0.002925204270513247,0.017146850128850893,2
MICAL1,2.2358444,0.002941708713338457,0.01722854058915404,2
PLAU,1.6378714,0.0029585081249832368,0.017314835285301474,2
LRMDA,2.3058224,0.0029848179547656557,0.01745054541063184,2
RNF144B,1.2036664,0.0029475367840120217,0.01725363547513913,2
RCBTB2,2.49213,0.0029963447946774265,0.017514883366726307,2
CXCL11,3.764632,0.003041100998708966,0.01776581438050676,2
AL136987.1,3.4688761,0.0030643428736152854,0.017878087375879332,2
FAM129A,1.5546334,0.0030420652201843504,0.01776665672126124,2
C9orf72,2.1162605,0.0030568390132664275,0.017840514589171613,2
AC084871.2,26.575768,0.0031158257619654977,0.018137436980577015,2
TESK1,1.9176612,0.0030855460263743764,0.017992402515755034,2
NFATC2,1.5716448,0.003088097391026145,0.018001020958013196,2
ARL11,3.8605604,0.003172276121200371,0.018408440193276275,2
PRDM1,1.5967683,0.0031463220973956007,0.018299079151854664,2
SCLT1,2.1341736,0.003176729992063369,0.018421628745469824,2
TMEM106A,2.1833172,0.003176543633212995,0.018421628745469824,2
MYD88,1.5447013,0.003157370317983589,0.018350607838414062,2
ACER3,1.4532975,0.0031628716037866962,0.01837621279449326,2
OTOA,6.0098286,0.003253000288766768,0.01880539170726063,2
RECQL,1.2815636,0.003182053198274668,0.018446119309251753,2
DYSF,3.1481194,0.0032747672194083453,0.01892470146557121,2
IL7R,1.646565,0.003227127364091278,0.01867126903612237,2
IFI27,1.0630836,0.003219127308858092,0.018635269082914956,2
ARHGAP27,1.9571457,0.003337186490490842,0.019239012044955886,2
PCK2,1.5586511,0.003334724480821017,0.019228123398868445,2
NFIL3,1.8438985,0.0033613729971379734,0.019361808637644647,2
MR1,1.890847,0.0033845580089173523,0.019475289102264013,2
FRMD4A,1.3852743,0.0033964918398061393,0.019517171971721384,2
L3MBTL4-AS1,26.291101,0.0035097192464352655,0.0200783716944713,2
ARHGAP22,3.1906106,0.0035283653302905227,0.020162579857440473,2
PDK4,1.9488775,0.003562979236164333,0.020320674470360123,2
TCF12,1.2745844,0.0035522092247605775,0.020266142134324636,2
CYTH1,1.271796,0.0036328205707987647,0.020690853245909555,2
MOB1B,2.3013258,0.0036813238042698966,0.020935110498307326,2
IRF5,3.667923,0.003704417086706301,0.021041465453889255,2
KCNE1,6.208673,0.0037397390563662864,0.021220535897408497,2
PRKAG2,1.1859504,0.003676386970326442,0.020910580866833846,2
AC005224.3,4.35326,0.0037986722753940217,0.021511272461420036,2
ZGLP1,3.8714452,0.003800303199851694,0.021513243818772263,2
MVP,1.0039569,0.003752000244726669,0.021282908880158498,2
CSRNP1,1.176309,0.0037985263151427283,0.021511272461420036,2
ABR,1.7959012,0.003934528268899508,0.022157154578099126,2
SLC41A2,2.533259,0.003989310498020427,0.02240410254740009,2
RGL1,2.3910086,0.003997903850191344,0.022442459086069937,2
ATP6V0A1,1.7052534,0.004010637573860798,0.02249135510196707,2
CCL5,1.3022071,0.003910598056864881,0.022042784622019185,2
TNPO1,1.0145314,0.004028208857142569,0.022567254597865193,2
MAN1A1,1.5692136,0.004149803722062363,0.023155642429162154,2
ATM,1.2619319,0.00412957274889098,0.023058098813143392,2
C19orf38,4.1199183,0.004273758967909574,0.02373673613887316,2
AC016831.1,2.9276745,0.0042750950459488945,0.023740225651684082,2
CREBRF,1.1598253,0.004232570392836921,0.023543058631201187,2
PPARD,2.474273,0.0042925016292675,0.02382111137446413,2
CYSLTR1,2.2558506,0.004330290048213204,0.023975282024945373,2
VEGFB,1.3995612,0.004293456119199127,0.023822466781481876,2
CD1D,5.416995,0.004382859552276986,0.024222358253900542,2
DHRS3,1.3607864,0.004312237511409582,0.02389505342312718,2
TRMT1L,1.8926097,0.004357585432267318,0.024106510470670976,2
LILRB5,7.844259,0.004428107628625809,0.024420118048625167,2
WDFY4,5.2976427,0.004439506875366935,0.024474934271315314,2
RPS6KA1,1.5814929,0.004415809814906381,0.024372334540361182,2
NT5C2,1.3946391,0.004420773907944972,0.024391705485504574,2
CEBPA,2.2954087,0.004464112227112209,0.024590374151678536,2
OAS1,1.252323,0.004475267678861945,0.024643728979922588,2
TDP2,1.1959022,0.004504395335624841,0.024783780175884645,2
MIR155HG,2.159701,0.004536947406273454,0.024934254129742407,2
WDR81,2.4172173,0.004626492632240294,0.025372333122624546,2
SECTM1,2.5829558,0.004657044922561881,0.025523193422818308,2
APH1B,1.726263,0.0046632758418452954,0.0255531669680335,2
RNASEH2B,1.169582,0.004680033636663627,0.025624062717488526,2
FKBP5,1.1877856,0.004781946718531683,0.02607988209532865,2
ADAMTSL4,2.6805658,0.004856999578956642,0.026441912494365317,2
SSH1,1.6268182,0.004818564236132219,0.026262506182013447,2
ARHGAP10,1.8967757,0.004855270589054591,0.026436790718746758,2
RIOK3,1.13149,0.004867263333657111,0.02648059683279694,2
CDK6,1.5252098,0.00493518169080437,0.026776274521395887,2
LRRC8C,2.1793044,0.005022931850929027,0.027221547457103007,2
SEMA4A,1.6232996,0.005035107773410501,0.027265506914427126,2
PPP1R15B,1.2306486,0.0050316555721283485,0.02725121258594493,2
CDC42SE2,1.1109174,0.0050518751253853175,0.02733864852864617,2
CPED1,2.815348,0.005220461434434517,0.028101347612320356,2
COMMD8,1.4225,0.005182628902300338,0.02794254235847221,2
ZSWIM6,2.302766,0.0052226009703471785,0.02810835352156847,2
RNASE2,26.558874,0.005297868831280242,0.02844498454777823,2
SLC12A9,1.5876437,0.005258207135606276,0.028277300871471883,2
BIN2,1.8614076,0.005273572968513901,0.028335745605599122,2
UNC13D,2.2227242,0.0053161672883308185,0.028524966728188127,2
UBAC1,1.2524483,0.005362475336801075,0.02873207432454391,2
NTAN1,1.0808816,0.005347985966083642,0.028668179205435743,2
SASH3,1.8748674,0.005422382839903019,0.02901597684001072,2
PQLC1,1.2509199,0.00543375130505447,0.029067536287533013,2
ERAP2,1.8088024,0.0055236962833026156,0.029478169775378364,2
EPB41L2,1.4944077,0.005534520717571564,0.029526540383023353,2
RAP2A,1.6396234,0.0055766463092535665,0.029713470033149145,2
PDE4A,1.7430179,0.00560417077951186,0.029841164012638085,2
SLFN11,2.1594777,0.005646442209130661,0.030028114497614004,2
SLC46A3,2.198737,0.005793987012123033,0.03069595930715821,2
GIMAP2,1.9322999,0.0057918346866956145,0.03068940398522237,2
SLAMF9,4.666271,0.006012734332980631,0.03170462541463659,2
HACD4,1.5054221,0.006065542657961617,0.03195795888952098,2
PLBD2,1.537856,0.006197089693333201,0.03252841712114067,2
KDM6B,1.0747377,0.00617589042574788,0.0324374476620748,2
TET3,2.1250968,0.006245750820104469,0.03274796439848742,2
GBE1,1.574102,0.006410620192169361,0.033528553230243646,2
SNAP23,1.0663022,0.006423391207035655,0.033584873651626324,2
TMEM173,1.4208611,0.006466656108016404,0.033795280853689345,2
OSTM1,1.4765552,0.006502260279960524,0.03396018561976891,2
HK3,26.240248,0.006603101434243207,0.03441184356835789,2
SFMBT2,2.2097704,0.006566287360947325,0.03424741298692023,2
CH25H,3.5966632,0.006677061955584055,0.03471637498872187,2
ITGB7,2.0784936,0.006623983922032476,0.03448787962279035,2
IL2RG,1.1327766,0.006555263215217768,0.03420505343833528,2
GPR132,2.863419,0.006722212226145116,0.034897031462178194,2
DICER1,1.0695564,0.006704752851995946,0.034827956544648604,2
MKNK1,1.3245199,0.006719870087374868,0.03489027284839635,2
ANGEL1,2.4626231,0.00680401490300405,0.03527801265445337,2
PLAC8,2.475909,0.00685150568841153,0.03549681067269248,2
STX4,1.0413997,0.006855129781919417,0.03551010162399369,2
BHLHE41,1.5118451,0.006898086527325505,0.03569954022728356,2
GLA,1.3347715,0.0069112339344456035,0.0357455200301064,2
GAS2L3,3.190681,0.007013274675371884,0.03618957629025359,2
ETV6,1.1746634,0.00696954452040582,0.035991607815078,2
HAAO,2.8070018,0.007076266837825321,0.036464136734905374,2
C3orf62,2.01853,0.007178232237533067,0.03693606490424242,2
TENT2,1.2321361,0.0071695361230574685,0.03689940326890756,2
GBA,1.3201457,0.0072028833131022735,0.03705397380441156,2
ADPRH,3.0507889,0.0073638450405310064,0.037795061439089596,2
HSD17B14,2.0699766,0.007339674959094266,0.037694080202569404,2
AC015912.3,2.4056113,0.007397414448544192,0.0379557408625701,2
AC004817.3,6.0595536,0.007445306306970221,0.03815477751597986,2
EPS15,1.1648241,0.007348404204274972,0.037727357326739146,2
SLC11A2,1.2418945,0.0073620352789905965,0.03779155575338592,2
ASCL2,1.8654472,0.007435461089216125,0.038115971327127934,2
MT-ATP8,1.2348956,0.0074075685655187505,0.037996216127246435,2
RGS18,4.3978715,0.00758929773279303,0.038827430636914434,2
CBL,1.6662631,0.007605751151152194,0.03889380993456255,2
DDX58,1.849494,0.007702884438556078,0.039312606048936306,2
GNPTAB,1.0979073,0.007684931619783059,0.03924486776174537,2
GNGT2,3.8168364,0.007830095131190123,0.03987083965314224,2
FAM26F,26.605814,0.008210305541579813,0.04150442474304876,2
LILRA2,4.527993,0.008201947193381878,0.0414746737242909,2
VPS13C,1.2150214,0.008133033374779249,0.04121318513725197,2
MOB3B,2.3375466,0.008190939761737686,0.0414377542305345,2
TOR4A,3.0152822,0.00821191775223092,0.04150631906684408,2
ARHGEF40,1.8302426,0.008209394459552448,0.04150442474304876,2
DOK1,1.7784684,0.008224344904330308,0.041556606272392715,2
CPQ,1.1979886,0.008245210284054389,0.04164948767130546,2
UBR4,1.093817,0.008320920931764043,0.041975035189095775,2
SETX,1.1877924,0.00834160587581484,0.042054081268706675,2
DTX3L,1.1805446,0.008480830392454274,0.042685403990592556,2
ITSN2,1.0861899,0.008694846512520532,0.04361206024771215,2
TBC1D1,1.3318125,0.008804848712839477,0.044064970259228425,2
CLN8,1.1885343,0.008818725928131516,0.04412783624577938,2
SMPDL3A,1.5189524,0.00888239187106342,0.04439342955555627,2
ADAM9,1.2696724,0.009008580760280506,0.04495712055952514,2
MAP3K3,1.8838122,0.009053049479236944,0.04513874425198251,2
BEST1,1.6800231,0.009077078009614166,0.04523165555199358,2
FMNL3,1.8507808,0.009155826485632401,0.04556314186269976,2
ATXN1,1.0151501,0.009101269040539692,0.045325265759278664,2
PARP4,1.7429816,0.00918907410138517,0.0457041806199378,2
APOBEC3G,1.2149014,0.009118404802409519,0.04539712267739612,2
KCNJ5,26.403381,0.009366316902796936,0.04647272710602249,2
RPE,1.290262,0.009271315960156483,0.046069512388090164,2
CX3CR1,4.4437723,0.009450881104451817,0.046802303724260794,2
APOL6,1.1198661,0.009437243173517006,0.046748570858504486,2
KMO,2.6066546,0.00963009536360017,0.04754239455262192,2
PPM1M,1.5441288,0.009611634931509634,0.04748103006821829,2
TPST2,1.0828812,0.009590892864148316,0.0473976922876674,2
TMC6,1.1653489,0.009764271021391529,0.04810812896070412,2
SCN1B,3.3017879,0.009880628145822185,0.04857191098329502,2
CD209,26.2332,0.009944358551174258,0.0488422507197153,2
PHC2,1.0991596,0.009874144364286516,0.04855427006634423,2
SHKBP1,1.177017,0.009908781452509315,0.04868890106923746,2
ACSL5,1.9048184,0.010004853822871808,0.04907470050788876,2
TRPM2,2.2819178,0.0100658470938535,0.049308978731552544,2
OLFML2B,2.0111415,0.010156350074427035,0.049650799861005276,2
PPP4R3A,1.0162004,0.010109471474027416,0.04947210135838249,2
KRT15,4.57394,7.110010354225633e-17,3.916167855629251e-14,5
NFIB,2.926442,8.419193694755061e-16,3.486273774268883e-13,5
NDRG2,3.378338,4.640802756916465e-14,1.2971430439144595e-11,5
CRYAB,3.2010193,4.146632346985357e-14,1.1788515711491403e-11,5
MARCKSL1,1.7148865,2.0923854130271658e-14,6.3800635580312874e-12,5
PABPC1,1.572515,3.6643903544380245e-14,1.0595458351569465e-11,5
GABRP,3.4457169,1.1919286886827457e-13,3.05179237764183e-11,5
EIF3L,1.9127716,3.247340795687774e-13,7.359395785686731e-11,5
PERP,1.6590029,1.5962667812276968e-13,3.995551052922252e-11,5
POLR2F,1.592777,2.7677249257302307e-12,5.428787235901617e-10,5
PCSK1N,4.6366487,1.2668528110181215e-11,2.135251765545669e-09,5
ELF5,4.746979,4.8426260547503914e-11,7.316509932539769e-09,5
MGP,2.9597118,3.620336453048052e-11,5.595838938787314e-09,5
KRT19,2.020135,3.2227837172274554e-11,5.051186385959163e-09,5
SFRP1,2.9786682,1.950098100583044e-10,2.6268369635203165e-08,5
KRT7,1.7209193,1.8431713939476512e-10,2.517567103176752e-08,5
EIF3E,1.2250397,3.6930316639786166e-10,4.6219393672204025e-08,5
RPS19,1.0167173,7.560389665196721e-10,8.744242405529765e-08,5
MDK,1.7558218,7.460233583475469e-10,8.688322729977456e-08,5
DSC2,2.737964,1.2993001402966448e-09,1.414929415769148e-07,5
PPP1R1B,3.1894066,1.7484924073773563e-09,1.8156713261871178e-07,5
SOX4,1.5321614,1.682382306396132e-09,1.7689274275496132e-07,5
EIF3D,1.3585656,1.8702107910324313e-09,1.9301150812928856e-07,5
MFGE8,2.1256683,6.177324809992399e-09,5.739436328309005e-07,5
SNORC,5.281978,1.1435934319667478e-08,1.0094017710946496e-06,5
RPS10,1.2645787,7.578815773202346e-09,6.964412598602189e-07,5
S100A13,1.1942743,6.791849437581334e-09,6.292967458174461e-07,5
CD59,1.3910633,1.2554619947633694e-08,1.0937519679573551e-06,5
GSTP1,1.287568,1.1903535693245567e-08,1.0424451453972573e-06,5
S100A1,3.0321007,2.7999344923385846e-08,2.2961516578857813e-06,5
MIA,3.688145,3.403412969783166e-08,2.744083519699451e-06,5
PTPRF,1.4239725,2.485497863574785e-08,2.0483067283086455e-06,5
PLPP2,1.6627492,3.192554520770499e-08,2.592771699301775e-06,5
TRAF4,1.6767457,5.220535305540108e-08,4.0161003367688255e-06,5
ROPN1B,3.6758819,7.657197937116687e-08,5.618045718096152e-06,5
CMTM7,2.3235471,1.1725423620504765e-07,8.05906626342931e-06,5
FBXO32,2.399857,1.336688232601008e-07,9.075680163900894e-06,5
CD24,1.4998071,1.4245139626268222e-07,9.536850862368511e-06,5
FABP7,4.817327,2.2680779446668693e-07,1.4414447000665584e-05,5
KRT23,2.7343304,2.2913921581130323e-07,1.447374470344053e-05,5
TTYH1,2.9805503,2.3863954679019594e-07,1.4905417204636802e-05,5
KRTCAP3,2.0216057,2.4245966993127146e-07,1.5087828922383627e-05,5
THUMPD3-AS1,1.6216768,2.6776483018055657e-07,1.6448901408582507e-05,5
LAPTM4B,1.7119536,2.87539541709971e-07,1.7503382519953062e-05,5
SMDT1,1.0063192,2.2530926765165732e-07,1.4367106742023267e-05,5
SCRG1,4.664863,4.2951176436804157e-07,2.4838369118393933e-05,5
ROCR,4.3222475,4.898376799114021e-07,2.8080637289767984e-05,5
SYNM,4.1578784,5.607127534799483e-07,3.1617338309959256e-05,5
TUBA1A,1.596383,5.529946503228141e-07,3.1278235356623114e-05,5
HSBP1L1,1.6999725,5.694408109023872e-07,3.199265366579057e-05,5
GMDS,2.2240376,6.658420194784414e-07,3.69140614468205e-05,5
TATDN1,1.3949918,9.660819023855516e-07,5.135238207276353e-05,5
NET1,1.7404859,1.0560998573554956e-06,5.5347883305563564e-05,5
RPS17,1.184044,9.591716670469647e-07,5.1065995054638485e-05,5
HIST1H2AC,2.0823972,1.1371394953804316e-06,5.895479674736592e-05,5
STAC2,5.3092337,1.294923830835236e-06,6.62089027592144e-05,5
KANK4,6.650805,1.5368321812563914e-06,7.67066788564295e-05,5
CCDC14,1.8421733,1.4492494580521756e-06,7.276837735408387e-05,5
ACTR3B,3.1270878,1.6553832117467813e-06,8.201360163249452e-05,5
SOX10,4.1967754,1.8029299380426762e-06,8.8929519193955e-05,5
TSC22D4,1.7436504,2.1093878531137747e-06,0.00010235848088515452,5
SNHG7,1.4784012,2.2555058163767007e-06,0.00010853934087100561,5
TM4SF1,1.3468554,2.284914890483345e-06,0.00010962746653923335,5
CITED4,2.2388604,3.0127342630744286e-06,0.00013861470496266036,5
FOXC1,2.8175776,3.1446847597269207e-06,0.0001440927206639353,5
ELF3,1.1274532,2.427315204852706e-06,0.00011597518416804078,5
RPL17,1.0074283,2.611118382264591e-06,0.0001231779488882372,5
STMN1,1.4222687,2.91952136309968e-06,0.0001348810826993476,5
PROM1,3.7223248,3.804043953823063e-06,0.00016921941413153762,5
HRCT1,4.6731873,3.886591062868286e-06,0.00017243406195722907,5
SIX3,8.260153,4.2948927849614275e-06,0.00018635834269132114,5
KLK11,3.2029123,4.161193628580716e-06,0.00018181831329949354,5
LINC01139,5.327831,4.472011938473116e-06,0.00019230224670298304,5
LDHB,1.2213112,3.704459068559417e-06,0.00016544775182230546,5
RGMA,2.9245656,4.41391907726667e-06,0.00019053701386177784,5
TFAP2A,1.3340777,4.3136985744107085e-06,0.00018693251147843616,5
EN1,3.4027398,5.483946950912447e-06,0.000231076714422807,5
PODXL2,2.3873665,5.980000877209511e-06,0.00024978232804792556,5
HIST1H2AE,3.1172442,6.28305316264598e-06,0.0002607724244933985,5
NT5C3B,1.7511896,5.869495156452499e-06,0.0002457786979308031,5
UPF2,1.354096,5.449915853371055e-06,0.0002305115102621924,5
AIF1L,2.6237652,6.774878789668452e-06,0.000278475746916997,5
AARD,2.3326097,7.277511727038051e-06,0.0002962318214036205,5
PHF20L1,1.4244865,6.964841906005141e-06,0.00028523536308830086,5
S100B,4.9585543,8.483129495712827e-06,0.00033832657124340535,5
SYCE1L,2.8159049,8.368131939601023e-06,0.00033573626003128936,5
APOO,2.1835618,1.0689310635612482e-05,0.00041163050290364897,5
EPCAM,1.3928277,1.0277427750506209e-05,0.00040099466567852023,5
CKB,2.1080487,1.1017428921888817e-05,0.00042280959206987735,5
GPM6B,2.1323893,1.3268817935166923e-05,0.00049122452799496,5
PART1,2.7694857,1.62166241708716e-05,0.0005861226199517289,5
BEX2,1.960225,1.828501130078688e-05,0.000651750865079376,5
PRSS21,4.870038,2.3279953153237525e-05,0.0008074797401372698,5
CLU,1.6810992,2.327303046888193e-05,0.0008074797401372698,5
ROPN1,4.0459867,2.5485753653539804e-05,0.0008731538950902744,5
CLDN4,1.1206509,2.4271631653104464e-05,0.0008401391096767563,5
SCPEP1,1.6162277,2.8346515596919e-05,0.0009517222018380983,5
ID4,2.3908477,3.0991677737661574e-05,0.001027165872528564,5
FAT1,2.0559766,3.121431076460728e-05,0.0010335233932435269,5
SORBS2,1.9217306,3.439669384782755e-05,0.0011222757863326692,5
FBL,1.0186335,3.1744437754405844e-05,0.0010479726247249275,5
ACTG2,4.1199207,3.687925674672042e-05,0.0011901034889511097,5
CDC42EP1,1.7295271,3.92446647757457e-05,0.0012536240964221778,5
CALD1,1.2314405,3.5875896515044864e-05,0.001163746078347311,5
KRT17,1.77972,3.885871577213857e-05,0.0012424787280393705,5
COLCA1,4.9294887,4.9681409484108216e-05,0.0015457923520468214,5
OFD1,1.4318308,4.6231471161293505e-05,0.0014478522635116204,5
PTN,4.746756,5.2887109243144035e-05,0.0016334130120849854,5
NOP53,1.0774828,4.976170073183373e-05,0.0015468556109790872,5
VTCN1,2.0379524,5.453461382630681e-05,0.00167657697740436,5
MRAS,2.295592,6.405514045624143e-05,0.0019303445337311715,5
COL27A1,2.9287598,6.998322097317106e-05,0.002084642286555178,5
C6orf132,1.5118942,6.626650879257427e-05,0.0019934035618042454,5
S100A6,1.0379951,6.434662972094841e-05,0.001937388067747155,5
AP1S1,1.2168846,7.219039751638023e-05,0.0021427771000857606,5
TMEM54,1.3106027,7.718432411942823e-05,0.0022629715168616628,5
MYEOV,5.04445,9.060839311308578e-05,0.0025864647773668173,5
CENPV,2.235415,8.722242660019609e-05,0.002504732372086624,5
ITGB4,2.8227265,9.394499054485023e-05,0.0026613251079939367,5
AQP5,2.671336,9.838903051065638e-05,0.0027615619015547493,5
BCL11A,2.138051,0.0001007770310343859,0.0028107465364679007,5
SOX6,4.41592,0.00010627257625411324,0.002943425664854841,5
DSG2,1.4407262,0.00010356868781219127,0.002875310694516027,5
RCN2,1.1006607,0.00011778544259088552,0.0032302874324945958,5
TRIM29,2.3404799,0.000126865709461454,0.0034260891795866574,5
KCTD1,1.7802377,0.00012800792538144042,0.003448605482103528,5
SEPT4,3.8971667,0.00013456280056915352,0.0035963114692350424,5
CTNNB1,1.0728133,0.00012630342626715393,0.003416405822924686,5
APP,1.0272804,0.00013234421033086384,0.0035483270653137522,5
PFN2,1.5586842,0.00014301407462541935,0.003785978750600782,5
TRIM47,1.6869453,0.00014349664658413412,0.00379485829340179,5
NIPAL3,2.0327697,0.00015154252557722053,0.003977220540207789,5
SAMM50,1.5989423,0.00015413263219953027,0.004026294872744894,5
TKT,1.0784396,0.00016028630934328264,0.004164340125238608,5
KLK5,4.3616543,0.00018208560412488896,0.004637306946053835,5
MSLN,5.589801,0.00019439402767017097,0.004880366827908087,5
AKAP1,1.6471822,0.00020476484262044485,0.005102539068597578,5
FXYD6,2.6545632,0.00021479349274022377,0.0053168919114390005,5
CCNB1IP1,1.9225489,0.00021739717075998867,0.005361557723868221,5
ESRP1,1.4721277,0.00021616739522484086,0.00533907997292812,5
ATL2,2.3346655,0.0002247558301098051,0.005494559254892837,5
GPATCH8,1.177285,0.00021600058975934346,0.005338891511509314,5
ARHGEF9,1.793317,0.0002260823483818345,0.00551894326570241,5
ARL16,1.2849414,0.00022645631029531433,0.005524051711720101,5
ZNF462,2.3929515,0.00024059774000217008,0.005826634510767355,5
PDE9A,3.5710423,0.00025419074490212366,0.006102943289020852,5
LINC00685,1.8145972,0.0002462318049594422,0.005937355118723689,5
CMTM8,1.6929585,0.0002501478253648517,0.00601017780126253,5
MED30,1.3756187,0.0002550502072398275,0.006110864029325395,5
HIST3H2A,1.3237139,0.0002559117442656584,0.006126720781166629,5
LINC01006,2.3510976,0.00027280612318210477,0.00646199871303035,5
ZNF667-AS1,1.7102311,0.0002723532812429981,0.006460397034067467,5
KRT14,1.525007,0.00027798957954755624,0.006543191921126024,5
TRIM2,2.2308035,0.00030538786708357373,0.007083689107780185,5
EFNA4,1.288782,0.00029891283974306076,0.006952729235660195,5
ATG101,1.0805147,0.00029961219537463985,0.006964166767193899,5
VGLL1,2.63725,0.0003332883348229379,0.007651488048115099,5
CAVIN1,1.2808766,0.00031949580203725935,0.007380309019374459,5
MELTF,2.7368765,0.00034826024075780825,0.007940854340759786,5
TGFBR3,2.3151972,0.0003477214252582212,0.007934279227679891,5
PTPRK,1.4966235,0.0003494577665020515,0.007962746566742738,5
PRKX,1.5080882,0.0003469014413540927,0.007931439157776159,5
LINC01833,6.0361295,0.0003919276145391419,0.008728847356744594,5
CAPS,1.9339875,0.0003928168192100688,0.008742846007382163,5
BAMBI,1.3305218,0.0003823028343898155,0.008565677600713962,5
IFRD1,1.2162095,0.00039930041098743967,0.00884606016177656,5
CHI3L1,2.46955,0.0004210575359180602,0.009229511903125738,5
PDLIM3,1.6017939,0.00040320904241719787,0.008920867078967831,5
TOB2,1.2742066,0.000456424117410739,0.009870355462329849,5
EIF2A,1.0829526,0.0004583352152670326,0.009892549199016434,5
HDHD3,1.322154,0.0004624244039349123,0.009974390310212793,5
SVBP,1.2838949,0.0004690958014170783,0.010105293690000143,5
EHF,1.7583964,0.00048243323764338966,0.010319702311094983,5
PRPSAP1,1.2076983,0.00047300467728729863,0.01016338877699762,5
OBP2B,3.9928806,0.0005105906039162357,0.010845927451522776,5
NKX2-5,7.1634116,0.0005635752324057167,0.01174091731063363,5
GGH,1.5018331,0.0005688347364313591,0.011828447547826543,5
TCF7L1,2.083804,0.0005785619112297648,0.01199353835881183,5
MYLK,1.9592738,0.000607161090449891,0.012501405853149046,5
INTS8,2.0434985,0.0006067124029721584,0.0124998407297845,5
CELF4,3.6415653,0.0006209797946752332,0.012731224506847185,5
MT1H,4.0298734,0.0006275869598852084,0.01283530135457913,5
C18orf21,1.822015,0.0006214623388293693,0.01273333433517158,5
ST3GAL4,1.6662364,0.0006290278617741428,0.012849100798883389,5
SDC2,1.5360674,0.0006412695668672918,0.01303565002563384,5
NNT-AS1,1.6010529,0.0006564849847663187,0.013304630135375887,5
C11orf1,1.3682227,0.0006586967467576931,0.013315251220237419,5
SH3YL1,1.103514,0.000660311886226071,0.013333847667615079,5
JAGN1,1.2608223,0.0006762672743683377,0.013590581575547283,5
LINC00842,5.9552855,0.0007119622501744314,0.014195947592772915,5
ITGA6,1.8061844,0.0007318214204970805,0.014515684367174795,5
TPD52L1,1.2298504,0.0007307050521436821,0.014502117250858723,5
ZBTB20,1.1376278,0.0007348790194262493,0.014567717015706754,5
EPS8L2,1.6748036,0.0008819323783462988,0.01696152173286308,5
FZD7,2.0514212,0.000900413781593769,0.017284484583537388,5
ANXA1,1.2142452,0.0008864481872610353,0.017038600944941196,5
CBY1,1.416702,0.000902946252142246,0.01731602072218586,5
MMP7,2.0749137,0.0009241344232263237,0.017631622690235566,5
USP1,1.1537588,0.0009117889759218402,0.01743575486966616,5
PIGZ,2.247957,0.000933766282190698,0.017734685657394226,5
TCF7L2,1.281539,0.0009035383186796363,0.017317473569619247,5
ZNF32,1.1506963,0.0009108038527891781,0.01742685226834103,5
SYNGR1,1.496855,0.0009265534939664104,0.017657687921095098,5
C12orf49,1.4084997,0.0009293803458357665,0.017691456401633054,5
FOXP4-AS1,2.828085,0.0009715860172871033,0.01835941780609957,5
TPGS2,1.0658844,0.0009496108157959688,0.01799485670769073,5
OBSL1,2.1155324,0.0010027006874019863,0.018799096565763007,5
TAGLN,1.8250787,0.0010002669795541321,0.018774457057204895,5
CCDC82,1.5008566,0.0009841623848353533,0.018544826151552014,5
NR4A1,1.1255333,0.0009998606365328327,0.018774457057204895,5
MCM7,1.5237314,0.0010213386623773083,0.01907389759175796,5
MT1G,1.3975158,0.0010564922339775995,0.019556184337661514,5
CHRM3,4.522514,0.0011187995319516515,0.02048584084209885,5
ZFR2,5.0270796,0.0011689806214953283,0.021262895350094797,5
VGLL4,1.0295881,0.0011376237501918498,0.020782700547486294,5
EPHB3,1.9438597,0.001215907005156027,0.02187836206331322,5
CTSF,1.2046041,0.001194047429005517,0.021604009258058755,5
OSBPL1A,1.2369893,0.001218537162632232,0.02187836206331322,5
UBE2E3,1.0296388,0.0012118330488307826,0.021864492894477287,5
RCN1,1.2658907,0.001234904533993337,0.022090630919824276,5
KLF5,1.3012502,0.0012195802064027092,0.02187836206331322,5
FAM92A,2.0879142,0.0012645890739342019,0.02250163508160587,5
MLXIP,1.2749889,0.0012447456083646675,0.02221927219274045,5
PDLIM4,1.2611984,0.0012930335977674962,0.022934764623331355,5
PAWR,1.079038,0.001297453154758514,0.022987441335301898,5
BSDC1,1.285675,0.0013185264695707718,0.023276903865595937,5
MELTF-AS1,2.760912,0.0013844448315489621,0.02423573282619193,5
GRHL1,1.5007793,0.0013718685297698589,0.024078410443229115,5
DLL3,3.9783728,0.0014164437732889226,0.024705637337433046,5
RASSF10,2.7033792,0.0014063839670559576,0.02455571298231331,5
SLC25A37,1.0841196,0.0013798074835954701,0.024167165956801913,5
SIX3-AS1,26.590622,0.0015085756347638973,0.02598825647951509,5
STEAP3,2.000329,0.001613395758757931,0.027358395927451852,5
TMSB15A,2.692061,0.001672866197570812,0.028209957331685572,5
SLC12A2,1.496299,0.0016479862459814394,0.027860436832894887,5
DTNB,1.7061493,0.0016468234919653592,0.027859280907914525,5
TAX1BP3,1.1674187,0.0016345644084120306,0.0277033475606609,5
ST6GALNAC5,3.0313175,0.0017080076727993608,0.028672815492173855,5
TNNT1,1.1613297,0.0016368463232836199,0.02772801137841207,5
FOLR1,2.1584878,0.0017226417421515798,0.028900966686450185,5
ZFAND1,1.1138378,0.0016848564312812284,0.028355127727849313,5
TNNI3,2.364947,0.0017417988957489088,0.029116875948647952,5
SLC35B2,1.393681,0.0017422727416873808,0.029116875948647952,5
IL34,2.2848203,0.0017671017275468872,0.02945368054286283,5
SPEG,2.7424018,0.0018761140762714812,0.03095265235229796,5
CCDC50,1.2089784,0.0018392612461291655,0.030464524176009054,5
FBXO17,1.9039923,0.0018890078170773089,0.03112038438900922,5
ENTPD2,2.6393585,0.0020019900504350137,0.032628157571254035,5
COL2A1,4.784681,0.0020307886017293516,0.032969351641144326,5
PPFIA1,1.1326112,0.001980523350882597,0.03240426034729423,5
CMTM5,26.772394,0.0020974696353212806,0.03382270626841879,5
PTS,1.1440389,0.002039028879210947,0.03308575093784278,5
CSRP1,1.2007058,0.002072913980182509,0.03352343674508271,5
CRISPLD1,3.0128067,0.002128256056555259,0.034204042354058425,5
LRP6,1.6775934,0.002102683102132525,0.033890482426058154,5
FGFR2,2.6325262,0.002178682482977878,0.03484999659481661,5
ACADM,1.1502553,0.002136281684977192,0.03431658237347701,5
SMOC1,3.1148622,0.002216480323454587,0.035321627161832146,5
PRAME,3.8832886,0.0022586525713938076,0.0358700122618938,5
PRICKLE1,2.2584422,0.0022563911610680542,0.03585107339336031,5
AC110015.1,26.757812,0.0023419793811147883,0.03687902836712259,5
MAGEF1,1.1745156,0.0022766170733001115,0.036138198417207314,5
ARL9,3.0813546,0.0024509875257088557,0.03821876922352428,5
PHGDH,1.2000995,0.002404583256292399,0.03761759654818254,5
LINC01956,3.3078926,0.002486179911198525,0.038570286957220035,5
SOX9,1.0655426,0.0024276613253905333,0.037907908992050224,5
GPRIN2,4.934391,0.0025284222671045874,0.03895535657370462,5
CYB5R2,2.191153,0.002516418290108172,0.03890524613227731,5
TTLL4,2.1719992,0.0025535483345045054,0.0392343402142078,5
HES4,1.0091463,0.0025050229304846724,0.03877294605970761,5
KLHDC3,1.2738048,0.0025801055274744123,0.03956987631322326,5
CALML5,1.4209362,0.0025674003138096463,0.039429108940242374,5
KRT16,2.0507326,0.002609545255204728,0.03989369070411203,5
FAIM,1.6283027,0.0026063330112938623,0.03986275218048675,5
LHPP,1.8976252,0.002650808692633336,0.04026756085127478,5
SLC44A2,1.2666465,0.002652727698736616,0.0402784697796853,5
CLDN23,2.939105,0.0027280222649812176,0.04112853586425099,5
FMO2,2.9659126,0.002726654179090818,0.04112853586425099,5
KLF3,1.0749706,0.002647119304152495,0.04024797306463229,5
PROSER2,3.2388787,0.0027554922985499144,0.04137062094255268,5
ZNRD1,1.1447792,0.0027063961896136943,0.04094507649789487,5
RARRES1,1.5759242,0.002745868281726411,0.04126943161712709,5
LTF,2.5218625,0.0027861131638387015,0.04175293826131673,5
ALKAL2,3.8429353,0.0028078677582610997,0.04198782544798731,5
RSU1,1.0855168,0.002732010909202206,0.04112853586425099,5
MCAM,1.9374117,0.0027319475773969824,0.04112853586425099,5
NFKBIL1,1.1701285,0.002729653474532522,0.04112853586425099,5
OSR1,3.8943973,0.002860812774580065,0.04255189413400885,5
TGFA,3.5670846,0.0028820853365395496,0.042792396756473235,5
CHD7,1.411442,0.0028278392142143216,0.042192417741976226,5
GRB7,1.1196043,0.0027874767340148694,0.04175293826131673,5
DBNDD1,2.1017752,0.00288948266451042,0.04286428042916585,5
NCOA7,1.3816645,0.002900029075185422,0.042978169593606744,5
CHD6,1.0099373,0.002872756095111863,0.04269167575815108,5
RAC3,1.4663954,0.0029475469040518482,0.043590683734040146,5
C1orf198,1.3738338,0.002939328289145428,0.04348831501818562,5
POLR2J3,2.201594,0.0029764788013927567,0.04396040311647488,5
SLC25A29,1.4807854,0.0029625928817030205,0.043774593764405734,5
HAPLN3,1.6358727,0.002985670242827577,0.04405735398798054,5
CHMP4C,1.4245127,0.0030245674655916426,0.04457250323524134,5
ATP6V1C2,3.8419724,0.003186058673353114,0.04655483269241676,5
TFAP2C,1.4921421,0.0031534497116051112,0.04614740697074478,5
PADI2,2.6650794,0.003206032436839418,0.04677404696130097,5
PACSIN3,1.429576,0.0031563572982381124,0.04616981253388771,5
SAA2,2.426739,0.003251312785929135,0.04731118531576968,5
FRMD3,3.75485,0.0033031863062430913,0.04794122539926418,5
ADH5,1.0545129,0.0032102972500366624,0.04679555848043446,5
TLR5,2.2324784,0.0033279354688984355,0.04825866128937416,5
EVA1A,2.1554816,0.003382417578779322,0.04885859948744067,5
IMPA2,1.3053164,0.003419945024681661,0.04925220097588991,5
IRF6,1.1762176,0.0034606940829704403,0.0496471942843933,5
TBL1X,1.3696803,0.003485656833781425,0.049919904296269337,5
COL1A2,9.0819645,5.342304089282791e-38,3.73304628038821e-35,6
COL3A1,9.079323,8.791399432067198e-36,5.08400566122355e-33,6
COL6A2,6.77765,1.9281862948275589e-35,1.0602179756526418e-32,6
CALD1,5.0126376,4.864703030577119e-33,2.0918846711357326e-30,6
COL6A1,6.7599993,3.0323898614213306e-30,1.0594727952284671e-27,6
LUM,7.5885267,8.13496552368633e-30,2.7015334517818138e-27,6
VIM,3.5742319,5.0553854211306455e-37,3.1992958945309994e-34,6
DCN,7.8761387,1.1371187286882871e-29,3.667317238359023e-27,6
COL1A1,8.950234,3.786094415022306e-29,1.1440485835519203e-26,6
SPARC,7.07232,1.0323009910019018e-28,3.037228731508315e-26,6
COL6A3,7.4151497,4.958932595483629e-28,1.4095555778399695e-25,6
LGALS1,3.4534252,1.0408036704671035e-27,2.90913299259476e-25,6
IFITM3,2.7800665,2.330199059965895e-28,6.737690230199662e-26,6
VCAN,5.9731827,7.223195248074482e-25,1.6708495987287323e-22,6
FSTL1,5.8425026,2.5751341063888815e-24,5.68308989738756e-22,6
RARRES2,6.439101,3.697658175339517e-23,7.655750176485355e-21,6
THBS2,7.1073484,9.017548640958192e-23,1.8003428509903497e-20,6
COL5A2,7.998673,1.272938963661417e-22,2.4823049872190456e-20,6
TIMP2,4.791891,6.989012866244393e-23,1.4037034763275642e-20,6
BGN,6.0780263,1.3187881121258797e-22,2.5568480964632447e-20,6
FN1,5.9378285,1.0825322621683598e-22,2.135836153258174e-20,6
FBLN1,5.991756,3.531946482195684e-22,6.473498194498658e-20,6
PRRX1,5.7651825,5.6675884319827445e-22,1.0220246429953401e-19,6
THY1,7.944927,1.0066604973226278e-21,1.7404329763246524e-19,6
AEBP1,7.6005993,1.1828072344968258e-21,1.9737580822018923e-19,6
C1S,5.849122,1.1620990033601236e-21,1.9551335957345285e-19,6
IGFBP7,5.0730553,7.09492413715902e-22,1.2658023961938867e-19,6
MMP2,7.0041656,3.2558541405458154e-21,5.175573636400341e-19,6
NNMT,4.299115,1.6493386559646302e-21,2.711787640181846e-19,6
TIMP3,5.3584514,1.644307973913685e-20,2.4955535634859233e-18,6
MXRA8,5.817655,7.80022554528893e-20,1.0992746429182184e-17,6
SERPING1,4.451685,5.830183552963919e-20,8.35684557905824e-18,6
IGFBP4,4.8215384,8.606538562994766e-20,1.2078322591690689e-17,6
TAGLN,5.646975,1.2032733628062248e-19,1.660863862628954e-17,6
CCDC80,6.5072103,6.055125700691782e-19,8.059324251067582e-17,6
SERPINF1,5.760922,8.364749853061073e-19,1.0999943348574666e-16,6
PCOLCE,6.445549,1.292772455267105e-18,1.6405691792311505e-16,6
C1R,5.45672,5.924251470023613e-18,6.828361462407628e-16,6
CTSK,6.423522,1.0253971738430422e-17,1.1502624283568389e-15,6
ITGB1,2.5717885,6.068435618493277e-18,6.970595858900102e-16,6
LRP1,5.550927,3.9165654713318995e-17,4.183615365412205e-15,6
COL5A1,7.169928,4.865147995433643e-17,5.147694918449206e-15,6
SFRP2,8.176969,9.358445243643596e-17,9.599131862906724e-15,6
S100A6,1.9732196,1.0802073802761674e-18,1.3881699517947483e-16,6
ISLR,6.904749,1.5607801579695935e-16,1.5673690801933573e-14,6
CTHRC1,4.828346,7.994223276754702e-16,7.448173414600819e-14,6
FBLN2,5.887681,1.433128718031615e-15,1.299150549499957e-13,6
POSTN,8.079324,1.6343824044464777e-15,1.4657438563513184e-13,6
TCF4,3.857624,1.1502405712398494e-15,1.0598961263724118e-13,6
MYL9,4.2300844,1.5943474583386639e-15,1.441401835583211e-13,6
FBN1,7.0656133,2.529934797724203e-15,2.192675531019832e-13,6
CAVIN1,3.754367,2.0453531600098815e-15,1.795895035075692e-13,6
CDH11,6.2055554,8.284044304112338e-15,6.537767764805457e-13,6
CXCL12,6.688106,1.0259074250781393e-14,7.965268737163396e-13,6
TIMP1,2.9802327,9.881280848076248e-15,7.68974572912588e-13,6
HTRA1,5.738115,2.93193729352662e-14,2.151862336152656e-12,6
PALLD,3.8072374,2.6462500129928776e-14,1.9507224546328377e-12,6
MXRA5,5.421681,4.3152776690029946e-14,3.079547410553818e-12,6
COL12A1,6.399014,5.5706000312475476e-14,3.950179612010021e-12,6
TPM2,3.5183547,3.2758067320065796e-14,2.3730849589251123e-12,6
MEG3,5.617253,6.355794008418589e-14,4.459826084442842e-12,6
NBL1,3.6763556,5.699959561242584e-14,4.033382777291931e-12,6
EMILIN1,6.6998987,3.283219858212016e-13,2.0738696283293638e-11,6
MRC2,5.2253833,5.013929158393466e-13,3.091400696721972e-11,6
PMP22,2.9690607,3.8724054334215703e-13,2.432291210531702e-11,6
SPON2,4.3202853,6.525403658945065e-13,3.972206245456922e-11,6
LIMA1,2.9261296,8.143720458327739e-13,4.8602940906186956e-11,6
PDGFRB,6.065428,1.4302577205060102e-12,8.256845818156986e-11,6
LOXL1,5.1633363,1.6569423299508881e-12,9.500085929723546e-11,6
EFEMP2,5.5909524,2.4114328590722306e-12,1.3435526499359084e-10,6
ASPN,7.981642,2.829637015445059e-12,1.566152725000705e-10,6
CD99,2.3434105,1.755665528795021e-12,1.0031818995113084e-10,6
PRSS23,3.2222679,2.8189350881713682e-12,1.5628082940885266e-10,6
CTGF,5.484829,4.561947045594075e-12,2.451639683056205e-10,6
CRISPLD2,5.785232,5.262350908756333e-12,2.788380913595516e-10,6
PPIC,3.0133574,5.780043685054295e-12,3.048245994346008e-10,6
MFAP5,4.948019,7.2144981248011484e-12,3.72852822194076e-10,6
CST3,1.729768,2.1853841849309625e-12,1.2381751849116454e-10,6
CAVIN3,3.963792,9.729403112328135e-12,4.951956142497693e-10,6
ADAM12,5.8916297,2.2723744438436107e-11,1.079570980466835e-09,6
CALU,2.4785914,2.1257490296340173e-11,1.0142211693165659e-09,6
SULF1,5.507298,6.612590048264304e-11,2.929892771582999e-09,6
SPARCL1,3.859338,5.7595452043087513e-11,2.579184321731907e-09,6
LAMB2,3.7810838,8.193097621805651e-11,3.587528555260879e-09,6
ACTA2,4.501185,8.736713784858723e-11,3.787346290638049e-09,6
GAS1,6.4921722,1.001177334537514e-10,4.294180176179381e-09,6
SDC2,3.2311137,9.152934780349088e-11,3.948365972302517e-09,6
FLNA,2.8032238,1.0929083627161391e-10,4.6816397693310375e-09,6
COL10A1,9.33123,1.7446250439504976e-10,7.3145585748929545e-09,6
PDGFRA,5.459936,2.015838554323225e-10,8.367975365167733e-09,6
MMP11,6.989456,2.463632193823189e-10,1.005263837141406e-08,6
C3,4.3420663,2.3867649187847307e-10,9.762741724507153e-09,6
THBS1,3.514314,3.085964114449606e-10,1.2381139038606966e-08,6
IFI27,2.1098843,1.2499624559632924e-10,5.313687038715436e-09,6
MFGE8,2.4840717,2.3638205796386456e-10,9.692531303381394e-09,6
GSN,2.53829,3.4040254061878624e-10,1.3559906906050724e-08,6
S100A4,2.2087412,3.0320553192312965e-10,1.2179421252974482e-08,6
CLEC11A,3.5872252,5.514088262748594e-10,2.1040732016023958e-08,6
LAMA4,4.554092,6.605005328931032e-10,2.4948027447936455e-08,6
UACA,3.8281415,8.8724577026696e-10,3.2992361840935813e-08,6
PLAC9,6.3171625,1.0865968221634883e-09,4.013826433060084e-08,6
DPYSL3,5.03803,1.3873387298346253e-09,5.079992176570215e-08,6
RCN3,4.9123216,1.4365692755999679e-09,5.2487984828865495e-08,6
PDLIM2,2.8850102,1.6464657219192403e-09,5.976634932780653e-08,6
COL14A1,7.0371604,1.9390391605291e-09,6.911510359543733e-08,6
PSAP,1.3225065,6.948080155442825e-10,2.6184893988057056e-08,6
FBLN5,4.493149,1.937587778780977e-09,6.911510359543733e-08,6
SERPINH1,2.7648566,1.8042392358685473e-09,6.480819071353657e-08,6
HSPG2,4.275863,2.0923053187890246e-09,7.423246066009315e-08,6
MARCKS,2.1783807,1.6699639154880743e-09,6.055379425879514e-08,6
OLFML3,4.7032294,2.422623612548669e-09,8.481964362055836e-08,6
RRBP1,2.109101,2.0048516540004964e-09,7.130936301890842e-08,6
ANGPTL2,5.972446,2.7536519580793085e-09,9.522412213065973e-08,6
ANTXR1,4.7081547,2.756704409196822e-09,9.522412213065973e-08,6
COL11A1,7.929051,2.8497546263817385e-09,9.82359916993524e-08,6
MFAP2,4.3877172,2.739698213291574e-09,9.492997703720318e-08,6
TSPAN4,2.8060777,2.4284480188465447e-09,8.493490615237952e-08,6
DAB2,2.6431198,2.715538818739062e-09,9.438537566769625e-08,6
DDR2,4.5859213,3.90112413686592e-09,1.3163742925012054e-07,6
FAP,6.7801576,4.0778434929847465e-09,1.3642165432098728e-07,6
GPNMB,2.684919,2.974735260423171e-09,1.0191582775265944e-07,6
COL18A1,4.048636,4.07951221740408e-09,1.3642165432098728e-07,6
TPM1,1.7751808,2.8338075738243962e-09,9.778676937617703e-08,6
LHFPL6,4.1677175,5.332000498914364e-09,1.7380041665120182e-07,6
MYH9,1.9960738,4.184830380777645e-09,1.3952623837143437e-07,6
LAMB1,5.3902383,6.596474417179966e-09,2.1132029458131161e-07,6
ACTN1,2.239709,6.218528368794441e-09,2.0093994221361692e-07,6
PODN,29.773054,7.908237026000009e-09,2.4937395833423134e-07,6
COL8A1,4.859781,7.910732884160346e-09,2.4937395833423134e-07,6
NID1,5.849314,8.19091404545477e-09,2.5699854817455423e-07,6
ITGB5,3.255272,1.2407224659292226e-08,3.745731073783263e-07,6
EID1,1.3800657,1.0999677066706303e-08,3.3693166072547596e-07,6
DPT,5.842442,1.7488504409688084e-08,5.149973014972328e-07,6
SPATS2L,2.5237973,1.8007349305202014e-08,5.293466284362671e-07,6
SFRP4,6.872745,2.4073201142449893e-08,6.930808922909115e-07,6
FGF7,4.5945587,2.6033627563880193e-08,7.463195744616286e-07,6
IGFBP6,4.4226274,2.8576108731628707e-08,8.115760058997108e-07,6
CYB5R3,2.001985,2.410600438002699e-08,6.934300968357506e-07,6
CPE,4.097131,2.9341009968769264e-08,8.304867640189788e-07,6
MMP14,3.6753373,2.916656208165653e-08,8.262463334297649e-07,6
ITGBL1,7.099162,3.4632329356565935e-08,9.67196468733204e-07,6
LOX,5.1708865,3.7311493762385574e-08,1.0325617263070748e-06,6
P3H3,5.3804784,3.909654251538656e-08,1.0775161318887271e-06,6
SMOC2,4.24803,4.022615105094566e-08,1.1068296410170374e-06,6
INHBA,4.2443795,4.2144646965837746e-08,1.152996414258698e-06,6
PLXDC2,3.3302975,4.09446244887021e-08,1.1238327741207503e-06,6
CYBRD1,2.636382,4.4506990745290665e-08,1.212679915993334e-06,6
EMP3,1.9839107,3.994159855226465e-08,1.09990242778449e-06,6
COX7A1,3.3616726,5.238951569310987e-08,1.4035117778455257e-06,6
SPOCK1,6.3798347,5.703858205725758e-08,1.5207719243103947e-06,6
FIBIN,6.021236,6.108834818797778e-08,1.6146290674333826e-06,6
CFH,5.250113,6.098197564215226e-08,1.6142369929010811e-06,6
BMP1,5.2323437,7.253818115124028e-08,1.8963391535415043e-06,6
TSHZ2,3.4602516,7.325662476636595e-08,1.9136296349600313e-06,6
ADAMTS2,7.1027126,8.766265500311958e-08,2.2479305133483437e-06,6
PPIB,1.2588724,6.098649093807421e-08,1.6142369929010811e-06,6
SLIT3,5.4071765,8.734843593588055e-08,2.2430614799196684e-06,6
ELN,5.874368,9.806330857075758e-08,2.488004109509667e-06,6
ECM2,7.6751857,1.107590782825841e-07,2.774436329108404e-06,6
PDGFRL,4.261966,1.1145916619674704e-07,2.7857316642362836e-06,6
GLT8D2,7.2078056,1.166467521917832e-07,2.906722671073254e-06,6
RUNX2,4.0069633,1.2322748772575264e-07,3.0593435720277346e-06,6
FKBP10,3.0793507,1.265484653478012e-07,3.127901308939278e-06,6
TPM4,1.6606046,1.1026565495011284e-07,2.7671301042918872e-06,6
LRRC15,7.7680125,1.4047331864122756e-07,3.438231751255339e-06,6
SSPN,3.1995573,1.3441098295952015e-07,3.3076146584337972e-06,6
MTRNR2L12,2.0727036,1.1116269296448405e-07,2.7803936500535123e-06,6
TGFB1I1,4.1880097,1.417525565203478e-07,3.462871448105597e-06,6
CPQ,3.207561,1.4588924840999202e-07,3.556156454156644e-06,6
SEC31A,2.0928829,1.5757081660425048e-07,3.8104417878321307e-06,6
DLC1,4.220367,1.813178425173729e-07,4.328527940124701e-06,6
CNN2,2.5111837,1.6728627542600918e-07,4.027960491072343e-06,6
KANK2,3.2225988,1.7990348131588012e-07,4.305822873642434e-06,6
CERCAM,4.2763553,1.9575644290138516e-07,4.663257706928522e-06,6
SELENOM,1.3189915,1.5236715300314369e-07,3.6979353682188443e-06,6
CYR61,2.5527618,2.0360089293438613e-07,4.829545650574431e-06,6
FKBP9,2.8976283,2.1650258263454394e-07,5.110283690461111e-06,6
ID3,2.255299,2.139572865008214e-07,5.060889525052222e-06,6
SRPX,4.816768,2.61796063741504e-07,6.085171014520989e-06,6
GNG11,3.1503663,2.404420084225464e-07,5.635685118449076e-06,6
CRTAP,2.199835,2.3904036711836683e-07,5.606750317144854e-06,6
ZBTB20,2.142456,2.4274556981024296e-07,5.677774865415174e-06,6
AHNAK,1.4383208,2.1581258611920137e-07,5.097584472552207e-06,6
CYP1B1,3.3284245,2.805556474673672e-07,6.503190719905297e-06,6
PLS3,2.7733939,2.8887867111818897e-07,6.668464905695234e-06,6
LOXL2,5.403738,3.2596424900395246e-07,7.432472383304942e-06,6
MFAP4,5.580855,3.2740724901220693e-07,7.46030335537937e-06,6
CAV1,2.8053668,3.0642061777505116e-07,7.039489000543145e-06,6
ITM2B,1.2357066,2.5164527581754653e-07,5.8736494058429565e-06,6
FILIP1L,4.5638494,3.705675795196406e-07,8.369836487992099e-06,6
TMEM119,6.4126663,3.830822195880743e-07,8.640861282584801e-06,6
FNDC1,6.7877593,4.0886503303946614e-07,9.16081634814745e-06,6
COL16A1,4.4844003,4.2535085585062083e-07,9.498464085276747e-06,6
ITGA11,29.705996,4.7234174515953917e-07,1.0429765947594537e-05,6
HTRA3,5.7588034,4.746928202636474e-07,1.046977496400881e-05,6
GPX8,3.8062346,5.365388823107635e-07,1.1670590565230426e-05,6
VCL,2.6633706,5.247949397050186e-07,1.1437392509841474e-05,6
RAB31,2.3125713,5.414555321408913e-07,1.174755015040028e-05,6
MIR4435-2HG,2.2048697,5.446017310110398e-07,1.1784830103123408e-05,6
LTBP2,4.9346766,7.488743912301102e-07,1.5728237918753366e-05,6
TMEM176B,2.5306838,7.084893157796227e-07,1.4967669692125757e-05,6
COL15A1,4.4542007,7.600081169331841e-07,1.5932145156284954e-05,6
PLPP3,2.8916547,7.745685347429533e-07,1.621710563284232e-05,6
DKK3,6.826396,8.541787055312241e-07,1.7728965323157666e-05,6
TMEM176A,2.4958026,7.820137080446056e-07,1.636277091798136e-05,6
MXRA7,3.8546708,8.507090884683198e-07,1.7678831187308494e-05,6
ADD3,2.5962305,8.048018469939682e-07,1.6797671904184623e-05,6
PRICKLE1,4.4830074,1.0423170339098324e-06,2.1175260832446814e-05,6
KIAA1217,2.8172796,1.0636870753906218e-06,2.1557177157508668e-05,6
OGN,6.818352,1.1266166927731252e-06,2.272270023590102e-05,6
ARID5B,1.7671607,9.935632719343004e-07,2.029543587329377e-05,6
MAP1B,3.220501,1.1771275962810911e-06,2.362778977071459e-05,6
OAF,4.0222063,1.2331679533228398e-06,2.46493959013119e-05,6
MEIS2,3.4905713,1.3055799021393098e-06,2.594221297254419e-05,6
PLOD2,3.1128867,1.2997870710462197e-06,2.5842417397724515e-05,6
LGALS3BP,1.8686943,1.2281154558963055e-06,2.456304144676087e-05,6
LAMC1,3.2161367,1.3593742885588488e-06,2.6963201071881932e-05,6
CNN3,1.5008286,1.1942308881630172e-06,2.392813513732124e-05,6
LAPTM4A,1.1318085,1.3720401474046852e-06,2.7166232930401737e-05,6
CHPF,2.8081,1.7617124731877474e-06,3.405616871301229e-05,6
NEXN,4.7624326,1.911570080552171e-06,3.661677445562557e-05,6
SURF4,1.7003342,1.7300543465620514e-06,3.352267639401373e-05,6
MIR99AHG,4.276533,2.0083062527865782e-06,3.827306819586058e-05,6
COLEC12,3.747895,1.9971093007145237e-06,3.808132066814431e-05,6
GGT5,4.81764,2.0576040235750904e-06,3.9101471135825554e-05,6
BICC1,5.719183,2.115020222112483e-06,4.003379981369909e-05,6
FAM114A1,2.202936,2.104280129071162e-06,3.9898055290659044e-05,6
EHD2,3.6433756,2.2341287155110264e-06,4.198034243526909e-05,6
VAMP5,1.9972016,2.0805839450121733e-06,3.947107811066364e-05,6
PDLIM7,2.8821602,2.3292067141241505e-06,4.352307654509089e-05,6
IFITM2,1.4168946,1.981395411695947e-06,3.780317605443331e-05,6
SDC1,2.3458354,2.3745808005140778e-06,4.429689356509604e-05,6
RABAC1,1.110621,2.1305557662436514e-06,4.028239625455373e-05,6
OLFML2B,4.802439,2.7884153309840543e-06,5.116315022786442e-05,6
SEPT11,2.4795368,2.661624945464776e-06,4.9078373994411246e-05,6
SH3PXD2A,2.9232562,2.8322622870333583e-06,5.188252832844668e-05,6
AKAP12,2.9495497,2.6906924228767547e-06,4.955986521455751e-05,6
ANXA1,1.493895,2.3167960500435797e-06,4.336384316240499e-05,6
LEPROT,1.6123623,2.641821050420599e-06,4.879367833268575e-05,6
GOLIM4,2.4318624,3.0405270783444215e-06,5.530494508392096e-05,6
ITGAV,2.3453326,3.095216982627681e-06,5.608680324922477e-05,6
MTRNR2L8,1.7793337,3.033931638334945e-06,5.521492191068496e-05,6
ITGA1,4.2495656,3.672273407752083e-06,6.562158890219106e-05,6
HMCN1,7.4138207,3.9605675832499675e-06,7.039819677254222e-05,6
CD248,6.552489,4.252892248151144e-06,7.491925362144827e-05,6
CLMP,3.471173,4.194298114246844e-06,7.41206285826941e-05,6
TGFBR2,2.4048018,4.035114488071641e-06,7.164731341684008e-05,6
RUNX1T1,5.0786576,4.6190324923345025e-06,8.056524639905956e-05,6
IGF1,6.02091,4.846920398554804e-06,8.40157917767063e-05,6
EDIL3,3.6859243,4.750599235769576e-06,8.25167524427485e-05,6
PLXDC1,4.4792314,5.271102185992792e-06,9.071217979496369e-05,6
EFEMP1,4.083942,5.291322640798376e-06,9.101346292052222e-05,6
FKBP14,3.0479321,5.235636698867528e-06,9.01480957478007e-05,6
WSB1,1.2784369,4.589893015161198e-06,8.011645493217355e-05,6
HEG1,3.9640553,5.508814669793682e-06,9.411117695247231e-05,6
CPXM1,6.3766522,5.700138495494758e-06,9.68532650847972e-05,6
CMTM3,2.0925229,5.335938151200271e-06,9.15929895237504e-05,6
ZFHX4,6.3656216,5.944088700626704e-06,0.00010074314255064188,6
COL8A2,6.5076995,6.120325846286039e-06,0.00010326048753032195,6
TUBB6,2.08098,5.596611204414893e-06,9.53841140280894e-05,6
ADAMTS12,5.7500963,6.3621288709455864e-06,0.0001070708301356678,6
BNC2,5.592922,6.612528167755739e-06,0.00011095087907688607,6
CASC4,1.959772,6.264138732204705e-06,0.00010547463715706727,6
EPB41L2,3.2911587,7.3043059441544235e-06,0.00012200882752633641,6
SEC24D,2.5156307,7.549068199454824e-06,0.00012578405190159675,6
PXDN,2.6730125,7.934542807901062e-06,0.00013174876253455918,6
PARVA,2.7090647,8.045533504454847e-06,0.00013339359331335641,6
GALNT1,2.0406563,7.995330269585915e-06,0.0001326267915787246,6
SORBS3,2.8242307,8.437785033442761e-06,0.0001390721119443261,6
COPZ2,4.128562,8.663002329445334e-06,0.00014229469203326444,6
CTSO,3.1261935,8.548097581555482e-06,0.00014068289547740552,6
PDLIM3,2.7930653,8.632749735277731e-06,0.00014186725079419423,6
SPRY1,2.5787377,8.810248618960856e-06,0.00014443037582041352,6
SPON1,4.614166,9.355376076403735e-06,0.00015225068849037248,6
MSRB3,3.890756,9.29592508618896e-06,0.0001514301230285886,6
NREP,2.7872386,9.326566817101017e-06,0.00015185552311280836,6
SERPINE2,2.8393998,9.51760371705118e-06,0.00015466567164419264,6
TUBA1A,1.5123526,8.72616084804736e-06,0.00014319185959117247,6
CD63,1.0970496,8.584121847910352e-06,0.00014120648891650865,6
RTL8C,2.0110075,9.738836001383202e-06,0.00015803110707421093,6
CD55,2.1486764,1.001515433311847e-05,0.000161888333246808,6
IKBIP,2.8138306,1.0527595617243805e-05,0.0001695994642641568,6
GJA1,2.46936,1.0929802763358588e-05,0.00017538898647882824,6
PLAGL1,4.199471,1.1817234398133158e-05,0.0001874051342542715,6
CILP,7.8852353,1.3245709987743674e-05,0.00020568257347171784,6
EMP1,1.8075953,1.1946056514080917e-05,0.00018917973632615108,6
ECM1,2.2307184,1.2354419923010724e-05,0.00019427079167262198,6
NID2,6.7039385,1.3316458098185927e-05,0.00020658988023647277,6
CD276,2.6898491,1.2891291357479004e-05,0.00020120372425370094,6
FRMD6,2.5924745,1.2845908712922289e-05,0.0002007120359187397,6
LMCD1,2.1857786,1.2826129942970442e-05,0.00020056001138329678,6
PLAU,3.0733008,1.3560370613548647e-05,0.00021008239757461207,6
CLIC4,1.6988939,1.4104410403902954e-05,0.00021790696884261122,6
FOSL2,1.8723203,1.579076360192185e-05,0.0002410732826454532,6
CD81,1.4840101,1.5398280114655023e-05,0.0002357251087748262,6
ZCCHC24,4.8029,1.7136771385972347e-05,0.0002589117232539586,6
PRELP,3.9041688,1.710524340740023e-05,0.0002585520365604376,6
SLC2A3,2.22211,1.624506097415309e-05,0.0002473334499019831,6
CTSB,1.3858441,1.5033814039344467e-05,0.00023088331350441978,6
LAMA2,10.266267,1.789753617477681e-05,0.0002678720485667956,6
FERMT2,2.3355465,1.71465916112203e-05,0.0002589117232539586,6
HCFC1R1,1.5658811,1.658535258881577e-05,0.0002516967992707071,6
NOTCH2,1.6624211,1.6591682513566484e-05,0.0002516967992707071,6
NRP2,2.6566439,1.772607832474653e-05,0.0002658991024554219,6
ZEB2,2.137118,1.7088174975831994e-05,0.0002584104945285757,6
ZEB1,3.185738,1.8572479963567142e-05,0.0002769851269266365,6
FHL1,4.2074785,1.9325602603002903e-05,0.0002865605821871443,6
WNT2,6.0261335,2.002597673922129e-05,0.000295768950158618,6
PLPP4,7.38759,2.038882404025364e-05,0.0003004664091099066,6
GXYLT2,4.3533664,2.085987719304433e-05,0.00030686892146135954,6
VKORC1,1.4143223,1.9425862772479644e-05,0.0002877927841217932,6
PPFIBP1,2.5831592,2.1512159690967884e-05,0.00031494515416619545,6
NCOR2,2.1134145,2.12882411321473e-05,0.00031207556635198976,6
RBMS3,5.669538,2.2989925815648144e-05,0.00033472100809661453,6
TEAD1,3.265651,2.2992671734730624e-05,0.00033472100809661453,6
PKD2,3.7916749,2.451580031820034e-05,0.00035519847018261673,6
OSMR,3.0185626,2.7550945251453572e-05,0.0003933058935631268,6
MDK,1.3840513,2.5823067029811558e-05,0.0003714114456461876,6
SH3PXD2B,3.4824646,2.907780618923517e-05,0.0004123884555573517,6
OMD,6.672913,3.176124980364099e-05,0.0004461072360401686,6
EXT2,2.963766,3.2329524645016594e-05,0.00045314023657271274,6
PDPN,3.6594062,3.2678908847842174e-05,0.0004572729585588129,6
KCNQ1OT1,2.0499003,3.2022850781132765e-05,0.0004494052042050101,6
P3H4,3.0276475,3.314941583801498e-05,0.0004630839469482968,6
SVEP1,6.9124856,3.4177427567198276e-05,0.00047625471459551195,6
NEGR1,5.9455185,3.50657352895043e-05,0.00048721616708585904,6
STEAP1,2.9787283,3.4785454424622565e-05,0.00048392323801587115,6
ABI3BP,5.728222,3.599480548749464e-05,0.0004972412565305015,6
LPP,1.6375037,3.43051599804833e-05,0.0004774395729897885,6
MRVI1,6.3960366,3.8139341307427486e-05,0.0005238458832073815,6
TCEAL9,1.6030979,3.632200245347282e-05,0.0005013482651407126,6
AXL,2.5764472,3.825259159823671e-05,0.0005251863179682593,6
MAP1A,4.108759,4.053576349210858e-05,0.0005529117703492534,6
FNDC3B,1.8719246,3.923867257222864e-05,0.000536528461779503,6
GPC6,3.542908,4.286048629292905e-05,0.0005807857773733218,6
RECK,3.8190577,4.387301481157904e-05,0.0005924093356663335,6
MARVELD1,3.173277,4.41212081304456e-05,0.0005952813523343828,6
TACC1,2.0034215,4.305368948367023e-05,0.0005827537526116961,6
HDLBP,1.4542149,4.249233923161317e-05,0.0005767849251993272,6
PTK7,2.6643744,4.6538038723822855e-05,0.0006238738436593694,6
TRIM22,2.0817826,4.5526731524085546e-05,0.0006115958266583773,6
PHLDA3,2.0893877,4.66152083971487e-05,0.0006246586915096942,6
F2R,3.6839597,4.9513822258054774e-05,0.0006595484957733976,6
SOD3,3.3048441,5.0468936418953676e-05,0.0006717375382651291,6
IGFBP5,1.9373014,4.6389959886150287e-05,0.0006221374028554046,6
HSP90B1,1.0003121,4.544974364303822e-05,0.0006114840960814861,6
PHLDB1,3.1197097,5.391347510040888e-05,0.0007124948259821963,6
APOD,2.3991256,5.461806312086226e-05,0.0007212379744633232,6
FXYD1,3.9000523,5.9471348940023774e-05,0.0007798000448777708,6
SGCB,2.6446588,6.248921573910303e-05,0.0008171348090078967,6
MAP4K4,1.9309957,6.284142903932207e-05,0.0008214202538612243,6
NRP1,2.6193323,6.43719518289584e-05,0.00083848529564858,6
COL4A2,3.1977127,6.752320871946544e-05,0.0008774877735992214,6
PTMS,1.0998063,6.205770355129732e-05,0.0008118086719243618,6
TMEM47,3.050634,6.984624235087198e-05,0.0009043230060618964,6
PRRX2,2.8473408,7.321968266662617e-05,0.0009438360400927397,6
OLFML1,27.94586,7.732549402892535e-05,0.0009880283410377848,6
PAM,2.1553159,7.488142821258551e-05,0.0009611932582006623,6
VGLL3,6.133384,7.792430377772504e-05,0.000994543026259009,6
TP53I3,2.4680686,7.677881532470562e-05,0.0009817911722477893,6
WISP2,6.0064583,7.891482015273286e-05,0.0010045092913634965,6
LTBP3,1.7430377,7.712028842570314e-05,0.0009857818575024805,6
IFI16,1.505353,7.419641755678459e-05,0.0009534950349701578,6
MAF,2.3604732,7.851099762282146e-05,0.001000888396528717,6
GPX7,2.883982,8.137251959590331e-05,0.001031487407319045,6
WWTR1,2.0209668,8.148523750011598e-05,0.0010325260109525464,6
FMOD,3.3956003,8.631716275496049e-05,0.0010875897655763071,6
CTDSP2,1.9489769,8.435861000315656e-05,0.0010665179563195907,6
UBE2E2,2.0696056,8.456748324135959e-05,0.0010683532788694696,6
NFIC,1.3200531,8.295222637822822e-05,0.001049528715560978,6
MYADM,1.8180476,8.559747420654864e-05,0.0010797385793011839,6
PRKG1,4.205607,9.012034444403102e-05,0.001129932481775599,6
P4HA2,2.2669835,9.068498554220454e-05,0.001136221554004887,6
GAS7,4.340415,9.320841589698334e-05,0.0011647926518631587,6
SGCD,5.722764,9.585291970465888e-05,0.0011933937564268609,6
PDLIM5,1.7344133,9.708057132766345e-05,0.0012077816924707565,6
APOL1,3.3072932,9.999447596223449e-05,0.0012380637571979723,6
NUAK1,3.725702,0.00010247670318100976,0.0012659930391875685,6
COMP,7.141512,0.00010391766601255405,0.0012800229290220624,6
NDN,3.543333,0.00010253277270779409,0.0012662193407187486,6
FRZB,4.105239,0.00010337423487105924,0.001273796918372593,6
LRRC17,6.399116,0.00010451881513732497,0.0012860108505212827,6
SYNPO2,4.437827,0.00010489289965023442,0.0012891948505564356,6
UNC5B,2.8779814,0.00010535632455566129,0.0012934686976286366,6
CCND2,2.1872346,0.00011724360297158285,0.0014212026336356562,6
CKAP4,1.7734424,0.00011849267989025994,0.001435306239147421,6
MIR22HG,2.5683956,0.00012313655395624175,0.0014872607692640635,6
NTM,6.6795816,0.00012693466463890442,0.0015278360420772719,6
NT5E,4.3184752,0.00012695146385824385,0.0015278360420772719,6
TWIST2,3.387257,0.0001259004710765374,0.0015179107477994755,6
SLIT2,4.7991652,0.00012828495891682628,0.0015422243035947206,6
PTGFRN,2.751651,0.00012976565965601945,0.001557791693100411,6
JCAD,5.107229,0.00013208239420516376,0.0015805121598413835,6
SEMA5A,4.5881557,0.00013265192993182958,0.0015867611918129443,6
NOX4,8.053894,0.0001394136866941179,0.0016564202853019511,6
PLEC,1.691738,0.00013562156273097615,0.001615944168937716,6
OSTC,1.1237745,0.0001333420289101688,0.00159161031732241,6
ALDH1B1,3.5427682,0.00014806633950191852,0.0017511611753292839,6
SULF2,2.2671213,0.00014507217295417265,0.0017181729354010964,6
IFI27L2,1.5490286,0.0001430282407663385,0.0016957618322883561,6
KIF26B,4.4781413,0.0001543674329701268,0.0018192684712758339,6
PLBD2,2.528632,0.00015823514271381758,0.0018609273919229158,6
VMP1,1.1203458,0.00015523105693110662,0.0018281618260274745,6
SHOX2,5.0324907,0.00016870254742566137,0.001969527373200177,6
DNM1,4.889279,0.00017118923178318783,0.0019950861790270684,6
PTPRG,3.6040852,0.00017063007134572426,0.0019899524419356527,6
DNM3OS,7.072379,0.00017571383179092992,0.00204001994880567,6
LXN,2.693722,0.00017392279280654846,0.0020227269048281697,6
FAM20C,2.531356,0.00017703973743384067,0.0020525716672203423,6
COL5A3,6.8476696,0.00018127146315108228,0.002096560739844983,6
IL1R1,2.5448794,0.00017885146230265856,0.002069998929293813,6
MYO1D,3.0790622,0.00018167165192667982,0.002099741170666012,6
C1QTNF6,4.5076513,0.00018347684767567555,0.0021181220126896354,6
ADAM33,6.7904706,0.00018468447465710402,0.0021294265948690015,6
ANO6,2.2365677,0.0001802178160350591,0.002085093400355956,6
TWSG1,2.4322524,0.00018364410240896158,0.002118887801478837,6
STEAP2,2.8652263,0.00019007303640489057,0.002182553821998095,6
GAS6,2.0132487,0.00018793640539355354,0.002160978736134789,6
EVA1B,1.6022962,0.0001868783491578106,0.0021502870357125643,6
PCDH7,4.397393,0.00020026244123419576,0.002283917899162244,6
LRRN4CL,6.1202016,0.00020249954264361654,0.002307861760044017,6
FZD1,2.7479248,0.00019902497469617765,0.0022721227625202498,6
ADAMTS1,2.992978,0.00019847871003562335,0.00226665795481949,6
RAI14,2.5677533,0.00019915535559858493,0.002272837625767995,6
MMP23B,4.7341623,0.00020394927472963965,0.0023220171838787655,6
VCAM1,4.7409196,0.00020485947608403393,0.00232842822342751,6
GLIS2,4.3727055,0.0002055040177377169,0.002334962824844432,6
CNPY4,3.2813222,0.0002045772855811206,0.002327587088085606,6
RGS16,2.4185176,0.00021497146057020895,0.0024285475779674565,6
ARL2BP,1.4704216,0.00021368076090096734,0.002414779784831316,6
KDELR3,2.2716584,0.00022055336309494714,0.002485746085876217,6
MYLK,2.1886468,0.00022598731810692164,0.00254186473394509,6
BASP1,1.626327,0.0002255134751796755,0.002537385934586211,6
RBFOX2,2.080323,0.0002350914370269387,0.0026231543211312543,6
FAM3C,1.5850773,0.00023236390516326427,0.0025961751309397227,6
SPHK1,2.0349758,0.00024485757122304225,0.002721261695292266,6
GNAI2,1.131471,0.000238450816623741,0.0026588692953380642,6
MYO1B,2.0120704,0.0002670140001534309,0.0029421539353305607,6
PLOD1,2.2981465,0.0002791839798524879,0.0030581678211078693,6
ABCA6,5.201837,0.0002888228297989234,0.003157564059415153,6
TRAM2,3.2597497,0.00029056333437733493,0.003171423624585158,6
PTGDS,4.0744586,0.0002908000808609549,0.0031729751178130408,6
GPC3,4.402974,0.0003002731543856618,0.0032699551530030787,6
LEPR,4.632827,0.0003068337029783159,0.0033349025377821433,6
PLSCR4,3.4828327,0.00030721899025060515,0.003337588954745393,6
LUZP1,1.8123876,0.00029982105336460096,0.0032660922217934655,6
MMP19,3.1104457,0.00030789238976066936,0.003343159159910201,6
LMOD1,6.83823,0.00031946017827933767,0.003452001881336103,6
TNS1,2.9354126,0.0003158214035353625,0.0034159837781295044,6
PHACTR2,1.994107,0.00032136271667131567,0.003470324172528203,6
AC245595.1,2.6760511,0.0003354774714217319,0.00360187255728435,6
RCN1,1.5666193,0.0003291066921543308,0.003542544146838385,6
MBTPS1,1.7994199,0.00033614241405542097,0.0036067027222753917,6
SNX9,1.6230624,0.00033346708565971863,0.003583729420093759,6
FXYD6,2.8020604,0.0003517016240900666,0.0037509470217136,6
CYTH3,3.2279928,0.0003544445147905917,0.0037753011973932155,6
SEC23A,2.0441334,0.00035304262100731184,0.0037639550385270967,6
ANTXR2,3.309886,0.00036053888987435024,0.0038329112219573948,6
ZMAT3,2.4949741,0.00037223228620772273,0.003939283478022566,6
FZD7,2.4915876,0.00038316516381729874,0.004041428540753465,6
COL4A1,3.164646,0.00038709061333823874,0.004075143208404854,6
PMEPA1,1.5355995,0.00037951819597220284,0.004009266082237372,6
ARHGAP1,1.9620414,0.0003898656536016084,0.004100496672139087,6
ANKH,2.1746018,0.0003906148975029858,0.004107089115093306,6
ILK,1.4201987,0.0003941692043898712,0.004137974736914138,6
ANXA6,1.4276893,0.0003914038024785056,0.004113557323804341,6
NFIX,1.7276411,0.0003984792912420539,0.0041773955712735835,6
P4HA3,5.4790792,0.0004195696695499421,0.004363654662441738,6
CARMN,4.6261735,0.00041972651535654925,0.004363932750022944,6
PCSK5,3.8773165,0.0004194496407911683,0.004363654662441738,6
LTBP4,2.011952,0.000425779404720084,0.0044172802393183845,6
MYH10,2.6660492,0.00043154423834118247,0.004471555544702379,6
CXCL14,2.0684273,0.0004177293602778441,0.004347210820068001,6
TLN1,1.3739612,0.0004204022123825561,0.004369603534404498,6
EGR1,1.3280368,0.00042310933242003563,0.004390937536726614,6
FST,3.6588206,0.00045229401208206544,0.004664942638144083,6
HSPB6,28.405092,0.00047105166440324385,0.004831664793807095,6
CREB3L1,3.0952687,0.00047714172035893693,0.004874751886250108,6
OSBPL8,1.2381188,0.0004600270637359646,0.004733057590419629,6
PODNL1,4.324872,0.00048690121726484075,0.004959675652906467,6
TNFAIP6,1.9065762,0.0004719154176429055,0.004837664538699561,6
ARHGEF17,3.6297505,0.0004996177922000118,0.00506121424590172,6
DSEL,3.5495517,0.0005015637981575234,0.005077860354362055,6
PDGFC,3.3413694,0.0005020999435756642,0.005078689447367718,6
FUT11,2.7290053,0.0005005330621955271,0.00506895514465585,6
TFPI,2.2235293,0.0004914193108682488,0.004999300911686968,6
SELENOP,1.4201012,0.0004901828273738946,0.004988234894705036,6
PKD1,2.378165,0.0005167616129358514,0.005210834208565351,6
HIC1,5.514298,0.0005322436764857842,0.005336916338717396,6
DIP2C,2.9013295,0.0005309754400832764,0.005328978825802865,6
ISCU,1.0367337,0.0005168732420588808,0.005210834208565351,6
GLG1,1.4331445,0.00053003853564397,0.0053227612347408375,6
TGFBI,1.9261857,0.0005334378431401471,0.005347291899809824,6
FHL3,2.257405,0.0005486029427044905,0.0054763962206105105,6
CTSL,1.242239,0.0005151346899275207,0.005199558421564542,6
MICAL2,2.559452,0.0005675684314131091,0.0056438816359404365,6
AFF4,1.1407529,0.0005560169307728526,0.005543806145972725,6
MAP4K5,1.8708221,0.0005776614628632686,0.005737442441781727,6
C11orf24,1.9910651,0.0005812443606131151,0.005767904467255767,6
PDIA4,1.1020344,0.000563462567582629,0.005609705544460956,6
CAMSAP2,2.3141096,0.0005988189229403337,0.005921281100926218,6
SVIL,1.7196736,0.0005957574766011558,0.005894484224979164,6
RECQL,2.0315957,0.0006006573275153262,0.005932463905238974,6
INAFM1,1.9947749,0.0005997666458256178,0.005927157651042146,6
MAP4,1.441518,0.0005964443391960181,0.005899539835144099,6
FKBP7,3.0749743,0.0006227408861892889,0.006127119995211188,6
SHC1,1.5630451,0.0006487017381282853,0.006356443178077949,6
PJA2,1.4748005,0.0006582697443296105,0.006440789234118864,6
ST5,2.6226857,0.0006796315579463647,0.006616987542838611,6
RUNX1,1.3252088,0.0006683633721327174,0.006520528174724686,6
BDH2,2.186822,0.0007041994694551617,0.006830409024001035,6
PLEKHH2,3.3785114,0.000728670156936892,0.007021064560132231,6
SGIP1,5.8553324,0.0007364212015994641,0.007077450866145452,6
CHRDL1,5.34624,0.0007361380610614972,0.007077450866145452,6
FGFR1,1.5366287,0.0007146637379383922,0.006910400618863074,6
GEM,2.2598426,0.0007203838465588151,0.006951206731136138,6
ATM,1.7689482,0.0007281158442137117,0.007017739520336811,6
SH3D19,3.11632,0.0007553843771721103,0.007243095310099986,6
HOXC6,3.6493163,0.0007726092643515058,0.007382930864847253,6
SYNE1,2.3968608,0.0007673637231274403,0.007345361483281243,6
DSE,1.8228703,0.000766126762805406,0.007337033447048812,6
BAG2,2.6022875,0.0007938528926353199,0.007566530227871913,6
CNTN1,6.490671,0.0008231871467262808,0.00781503540570229,6
LIX1L,2.3743706,0.0008095282929699381,0.0076962552365376115,6
GREM1,6.3138165,0.0008516442390994359,0.008044212735464427,6
TWIST1,5.7572036,0.0008536889022549959,0.008058986622722999,6
C1RL,2.395906,0.0008498349278297054,0.008031646467832108,6
TCF7L2,1.9248154,0.0008556426117762939,0.008075157242990622,6
CHD3,1.8804424,0.0008577500341829684,0.008088218694554665,6
HOXC8,2.7024753,0.0008670183636007323,0.008168725543127012,6
DIO2,5.275149,0.00088436177549142,0.008301813129515175,6
P3H1,2.9548695,0.0008912174147711024,0.008354478286427486,6
ACVRL1,3.386248,0.0008908055502939898,0.008352951904503973,6
PLAUR,1.3019632,0.0008569998176197882,0.008083702818161013,6
FAM198B,2.2471528,0.0008975593803251685,0.008411578422879708,6
SMIM3,2.2696123,0.000900519989381849,0.008436966749680615,6
ARHGAP21,2.1127045,0.0009035517971701582,0.00846300777126062,6
CSF1,2.4062307,0.0009153732263095861,0.008552276872420047,6
FAT1,2.2244675,0.0009282300012491183,0.008648267353304631,6
ANK2,5.106678,0.0009544292612371815,0.008867731814724738,6
PCDH18,5.7139153,0.000957722289681126,0.008893400697174599,6
SLC39A13,2.1749718,0.0009580220639358557,0.008893722127448806,6
FBLIM1,2.201249,0.0009600371366083176,0.008909962811007078,6
RNF144A,3.9254305,0.0009837162201681692,0.009102020893975328,6
SGCE,1.882303,0.0009695011477948216,0.008985365570098401,6
ARHGEF40,2.9718251,0.000986667563758004,0.009124490440573037,6
RASSF8-AS1,3.4661548,0.0009976258226918183,0.009207861232500352,6
WIPF1,1.5508224,0.0009734721037384632,0.009012207516282582,6
PEAK1,2.823476,0.0010127203432250128,0.009321529372148779,6
MBNL1,1.206983,0.0009949825051478569,0.009188520981598091,6
KIRREL1,7.134332,0.0010432742929929477,0.009555560639343654,6
RIN2,1.9457349,0.0010380605855587486,0.009521196190137811,6
TNKS1BP1,1.82204,0.0010447692306376876,0.009565341007282015,6
LRRC32,3.281079,0.0010628131639250642,0.009710655497469512,6
SNAI2,2.5797095,0.0010743314857020348,0.009805211527056311,6
EDNRA,4.192446,0.0011156933897174073,0.010144069391301587,6
PTTG1IP,1.1159137,0.0011069071979907825,0.01007510836575545,6
PDZRN3,4.0213065,0.001165631038899734,0.010538121475939617,6
GBP2,1.424308,0.0011613676966760807,0.010508074970113954,6
ZNF521,3.0476444,0.0012366620688785705,0.01107580305801232,6
GINM1,1.2473998,0.0012103158755523878,0.010871774178334933,6
VAT1,1.8065294,0.0012456548843169423,0.01114741474783206,6
DACT1,6.3392835,0.0012765935380014046,0.0113920079892369,6
LIMS2,3.5750113,0.0012762091746371226,0.0113920079892369,6
CEMIP,7.143815,0.0012873763090208146,0.011477907703579782,6
CCNL2,1.6869574,0.0012625879290463482,0.011280890177981772,6
DCHS1,3.6099916,0.001289366435586304,0.011492596230667078,6
TGFB3,3.3730285,0.0013017210124544138,0.011590396729156755,6
NPTN,1.6984917,0.001312720835286783,0.011669750738498274,6
TCF12,1.7227852,0.0013141100156784612,0.011675911002879806,6
PLPP1,1.954551,0.0013416915560310939,0.011877404411107639,6
CTSZ,1.1158949,0.0013044944062200702,0.011609617446527621,6
GLS,1.6945275,0.0013654167680109558,0.012055131301883513,6
FOXP1,1.1276691,0.0013547555194991115,0.01197992482982328,6
MPRIP,1.9644457,0.0013849364537451133,0.012195367181692004,6
FSTL3,2.54556,0.001394695958578232,0.01226815666186226,6
UCHL1,3.5420234,0.0014011059590017143,0.012308668143236381,6
DTWD1,1.5766195,0.0013969431034807445,0.01228174800362979,6
IGFBP3,2.1842222,0.0014211174719683682,0.012464880001906653,6
GPSM1,4.295527,0.0014468798971659037,0.012674274910117937,6
SNHG18,2.8763094,0.0014474661513020257,0.012676099786115207,6
PTPN14,2.3011444,0.001447881303477593,0.012676425685184532,6
GRP,5.090276,0.0014779037562963316,0.012912313073700249,6
SEPTIN11,4.0861626,0.001476380780999289,0.01290236784145314,6
ADGRA2,4.3854465,0.0014823516442890282,0.012941061036204658,6
HSPA5,1.0344869,0.001456244396837724,0.012742993298808791,6
ROR2,3.4858184,0.0015073305712313006,0.013128375665974825,6
RAB23,2.9096398,0.001504794168548795,0.013116502392748215,6
LHFPL2,1.8723675,0.0014877032186620103,0.012984401159808088,6
GOLGA2,1.290625,0.0015515955511251653,0.013485894371673792,6
ADAMTS5,4.7525787,0.001595492779932922,0.013813656926684221,6
SNED1,4.238157,0.001597198377366447,0.013821370169052632,6
DCLK1,2.5678508,0.0016294026891018575,0.014074631881319959,6
CCN1,5.608024,0.0016547933398602525,0.014271901108833305,6
SPSB1,1.9599223,0.00167737320076428,0.014436944964545732,6
SLC7A6,2.7426682,0.0016955741459145648,0.014571163829905307,6
C1QTNF1,3.2202005,0.0017056810549576644,0.014639265164875901,6
TENM4,6.519761,0.0017353423391792853,0.014844457382915685,6
TMEM204,2.6087348,0.0017329276554354177,0.014831366800448928,6
DENND2B,5.3060355,0.0017756804385224817,0.01512010601383157,6
GNPTAB,1.551863,0.0017382504073300122,0.014861752972790195,6
MYOF,1.4704462,0.0017435319624751495,0.014899313516784455,6
ZYX,1.2572364,0.0017398508607133513,0.014871645698059764,6
SLC22A17,2.6001332,0.0018047110284023313,0.015342653094579892,6
PI16,8.164516,0.0018229470436772108,0.015459789327933586,6
CNRIP1,3.5149412,0.0018147053103379017,0.015397680448784104,6
NLRP1,2.7129855,0.001811399549056547,0.015385199360573726,6
ARFRP1,1.5547675,0.0018276077751263264,0.0154836555659288,6
SDF4,1.1839528,0.0018294590893186418,0.015495426089605193,6
KLF9,1.5960737,0.0018532538733160718,0.015673219406176088,6
SRPX2,4.4968615,0.0018942790047911536,0.015971848189969856,6
LMO7,2.09248,0.0019044643613000882,0.01604159697196541,6
F13A1,3.396573,0.0019467691032724378,0.016352762958392397,6
TLN2,2.8439267,0.0019486950247488714,0.01636484221960488,6
GADD45B,1.1454827,0.0019066046865726365,0.016051563200886746,6
AKT3,3.0538635,0.0019624233981545202,0.016463642620685535,6
DST,1.4894886,0.001964076125324762,0.01647032478079725,6
STON1,4.1856713,0.0020544193710635462,0.01712885168934828,6
MAP1LC3A,1.2787068,0.0020099452313523123,0.016824450462886924,6
ZC2HC1A,1.9818424,0.002050038028664562,0.017105213683021987,6
TAX1BP3,1.3828765,0.002055324248934804,0.017131617950676508,6
PLA2G5,27.303488,0.002165123753965417,0.01794425891567928,6
EBF1,4.2665505,0.002172880507063794,0.017990764030468207,6
MT1M,2.250974,0.002150213063679651,0.01782949230380202,6
CPXM2,4.467132,0.002205604064249419,0.018230203528582987,6
STMN3,2.083206,0.0022433354841305776,0.018496488562739357,6
PTGIS,5.7016582,0.002284774268354259,0.018801180994816043,6
SMARCA1,2.0261557,0.0022716286079640085,0.018706775138649843,6
DPYSL2,1.5403273,0.0022566518733735477,0.01859257196876005,6
ITGA5,1.9176587,0.0022856333930126828,0.018803637389020945,6
GFPT2,2.7851655,0.0023109365713876078,0.018955029626348284,6
CILP2,5.5779076,0.0023441070318577085,0.019185869681683603,6
CDK14,2.84208,0.0023410214412410407,0.01916529171605217,6
BOC,2.7579978,0.0023577796060642747,0.019278958012433407,6
PDGFD,5.474156,0.002429065749846712,0.01977987237572434,6
MYO1E,1.9640594,0.0023990016102557977,0.019563557746070926,6
NFATC4,2.2383103,0.002462131126102778,0.020017278049678008,6
FCGRT,1.0094986,0.0024288422293475167,0.01977987237572434,6
GLMP,1.8982766,0.002487517912471995,0.020206790579371078,6
MX2,1.9610435,0.00253311166692581,0.02051257808313824,6
PLXNC1,2.6304667,0.0025627237110351702,0.020697403320932013,6
TNFRSF1A,1.1657495,0.002529130051639586,0.020490229725131245,6
NXN,2.6441154,0.00257196596523433,0.020752059283118754,6
LAMP5,4.913955,0.0026110314131394152,0.021011661379104877,6
NUCB1,1.1896704,0.0025607469790038507,0.02068641965866285,6
SSC5D,3.9591348,0.002632248700262248,0.02113102515894921,6
NCKAP1,1.2449667,0.002598353806819621,0.02091967955701798,6
HNMT,1.3479573,0.0026020494525679522,0.020944406212762584,6
SFXN3,2.0189297,0.0026309135875568317,0.02113102515894921,6
GULP1,2.7209835,0.002656889353974156,0.021278587827518423,6
TCTN1,1.9650837,0.002661678278924856,0.021296600943086497,6
RFLNB,3.0572445,0.0027010486386694382,0.02157558285058624,6
RAB34,1.1802782,0.0026821629403044984,0.021440044609331074,6
FOXN3,1.7117252,0.0027699271733925826,0.02203655771412728,6
ZNF469,4.628886,0.0028184301481092577,0.02238084582767758,6
ADAMTS7,5.1064954,0.0028565692145753004,0.022645281972599893,6
AOPEP,5.921813,0.002900724772754532,0.022941101061768394,6
NORAD,1.0301065,0.0028325632999843956,0.02248154416582504,6
SUGCT,4.749323,0.002919765813891519,0.023069932900762175,6
CAV2,1.8644798,0.002895192966868951,0.022908154588759493,6
LINC01116,2.4932656,0.0029489134911423968,0.02326187850574015,6
LPAR1,3.3973649,0.0029758949774300616,0.02345265353336036,6
GPC1,2.1551466,0.003005125793396595,0.023638584483188365,6
GUCY1A1,2.1076114,0.0030141561311747733,0.023692948393656686,6
TSPAN3,1.2021886,0.0029894864108253416,0.023526598710814823,6
OLFML2A,4.0850754,0.0030643240504515837,0.024020052946225532,6
CDC42BPA,2.220407,0.003045741503307971,0.023924406501745352,6
FAM20A,3.3931992,0.003070957835998976,0.024060499130399822,6
BHMT2,6.3827896,0.003095569222389244,0.024242000300760593,6
SNTB2,1.7895243,0.003049175964695267,0.023935955758860747,6
TNXB,6.7003946,0.0031411350732613538,0.024507283436208203,6
ZNF503,2.069565,0.0031171199975046104,0.02435390678693271,6
SSH1,2.338684,0.00320172077839014,0.02488891922872516,6
CCDC28B,2.2177916,0.003201535792517778,0.02488891922872516,6
SYNDIG1,5.380973,0.0032657749640812254,0.025332413984793797,6
CHST15,2.0550942,0.0032877011461327965,0.02547303860994228,6
TENM3,5.255206,0.003343146654813424,0.025878717274197337,6
HAS2,5.347293,0.003365796909317704,0.02600115598633366,6
MGP,1.1222619,0.0032239033820545874,0.025042367609424018,6
KIFAP3,1.8130949,0.0033393276280236474,0.025861091658171593,6
ABCA9,5.437784,0.003418865585151095,0.026331152833881256,6
BCL9L,1.8932726,0.0033847373074918268,0.02611628112044706,6
ABL2,1.3712487,0.0033992337326295397,0.02621004566117871,6
GJB2,2.160273,0.0034277075862473466,0.026393191035427515,6
DZIP1,4.4104533,0.0035679755844902268,0.02732540800186826,6
C11orf96,2.8469844,0.0035847223370943098,0.027438423530004624,6
IL32,1.0395404,0.0034590634929541186,0.026616299292767626,6
CALCOCO1,1.891635,0.0036322639720011507,0.027757978100909228,6
STAT2,1.5574045,0.003619341181593099,0.027671830994258975,6
CYGB,6.148839,0.0036909831837760635,0.0281392913999461,6
EPAS1,1.9677544,0.0036514556510343667,0.027891932131938895,6
CASC15,3.1441166,0.00369744407334735,0.028155762761378114,6
HEPH,4.9949183,0.0037178726082534594,0.02826409001664308,6
TLE4,1.8488861,0.0037021794494299337,0.028183114142834635,6
METRNL,1.7796693,0.003748918192114017,0.02844208665046285,6
ABCA10,4.9968195,0.0038435570495710357,0.029074593369341928,6
MITF,2.3476841,0.0038926164502033726,0.029399290330166923,6
ADH1B,6.3047037,0.003939423079804472,0.029685955857048255,6
ITM2A,1.8090035,0.0039191863397076325,0.029560024515433707,6
MINDY2,1.4339365,0.003923527583198762,0.029579464748948004,6
ALDH1L2,3.8901715,0.004026006815279121,0.030250065992669578,6
C1QTNF3,4.213146,0.0041756865038803,0.031186083506267902,6
WDR81,2.980218,0.004158103047148653,0.031068597528271992,6
EXTL2,2.2801023,0.004156031948993354,0.031066964029682658,6
MME,3.4313126,0.004241824908517775,0.03156056993269625,6
ITSN1,2.001264,0.00421186505878782,0.031377121809181896,6
TRIO,1.6751258,0.004212208485806445,0.031377121809181896,6
SETBP1,2.5992656,0.004258910919544627,0.031662297491078156,6
PKIG,1.3669852,0.004204911560894835,0.03134850826049648,6
MACF1,1.1350656,0.004214157810032231,0.031382563744736025,6
TGFBR3,2.302899,0.004259273315635927,0.031662297491078156,6
PTPRD,5.012019,0.004300349105170416,0.03190400560418512,6
LATS2,2.3690102,0.00429060584811031,0.03185285762538023,6
GYPC,1.2707968,0.004209348813456969,0.03137461523381338,6
NAV1,1.8456202,0.00437775484635845,0.03237800998935143,6
RASAL2,1.8383344,0.004376802669588207,0.03237800998935143,6
ITM2C,1.577936,0.004332122059511289,0.03209712966601903,6
HAPLN3,1.8999186,0.004429848914676934,0.03266964873508774,6
CLEC2B,1.4604692,0.0043936551871013715,0.0324669725998165,6
GABBR1,2.7193043,0.004488959917706141,0.033047454916545586,6
CDKN1C,2.499318,0.0045919858986499485,0.03374666937480673,6
SNX29,2.1436508,0.004589472747130554,0.03373559180615953,6
NBPF1,2.2603326,0.004611675454064241,0.033854147048996724,6
OS9,1.13325,0.004593459012947517,0.033750100493597515,6
GLIS3,2.662191,0.004665396124499632,0.03416638677114458,6
IGSF10,4.312035,0.004696458125595833,0.03435635812227041,6
F3,2.4917243,0.004701018592700939,0.03438222080631971,6
CNP,1.5017359,0.004677865674902146,0.03423528095175494,6
DCTN2,1.0409039,0.004835507012605548,0.0351740925417052,6
ITIH5,3.5014143,0.004926739763000767,0.035736976295590125,6
CNTN4,5.423933,0.004951702691929395,0.03585601467832553,6
STAT5B,2.0406067,0.004956482742409334,0.035875137605341285,6
JAM3,2.9456358,0.00500093288287607,0.03614227317917394,6
GALNT10,1.7220348,0.00498718209594464,0.03605843386076291,6
SCPEP1,1.2893425,0.004968318903713702,0.035945294294534365,6
SYDE1,3.820436,0.00504873832472978,0.036393666913767796,6
RFTN1,2.4108033,0.00501589526084432,0.03621919116124421,6
GOPC,1.2517326,0.005008092193080836,0.03617842348656565,6
PHLDB2,2.6869485,0.005065469951516542,0.03649858810823122,6
CHN1,2.7546852,0.005112731082060093,0.036807493716114525,6
AFAP1,2.3680058,0.005140477423268975,0.036975499303852605,6
SEPTIN2,2.2037463,0.0052268308304044215,0.037508158511466556,6
POFUT2,2.286853,0.005315022395035255,0.03801090962726599,6
PRCP,1.4435984,0.005302357406548385,0.03794460630958809,6
F10,6.588652,0.0054905957134095545,0.03899218099163029,6
NINJ2,2.207165,0.0054525514041086215,0.03879593267823659,6
SASH1,1.9436358,0.0054677170598183555,0.038870855850650164,6
RNF24,1.5125449,0.005452373530244638,0.03879593267823659,6
FLRT2,3.9960155,0.0055256166319059075,0.03914143768759368,6
LSP1,1.3197445,0.005411899330466747,0.03861317069627423,6
RAB3IL1,4.060845,0.0055310008683171225,0.03916303570281288,6
ALDH1A1,2.6138113,0.005513355086251822,0.0390899587047642,6
WDFY1,1.7658823,0.005515404904258163,0.03909387064533454,6
C12orf75,1.2358975,0.005503596494167265,0.03906796402346333,6
SNX19,1.9994016,0.0056257500869254465,0.03972490182432977,6
DEPP1,1.801665,0.005644035958535635,0.03983724959706307,6
ATP2B4,1.4591577,0.005618599128433557,0.039691119074724085,6
RUFY3,1.5306447,0.005739686852362685,0.04038490386303688,6
GUCY1B1,3.6160274,0.005829852998472049,0.04092488476805169,6
WISP1,6.696743,0.005864051665909269,0.04111332711669373,6
CNN1,3.970094,0.005883418802861941,0.04121465122531169,6
AMOTL1,2.542331,0.005995788973640587,0.04186193962632783,6
SCT,4.067438,0.006104929928661306,0.042524067942635545,6
PRDM2,1.3709809,0.006186812709105616,0.042954229988845266,6
AHNAK2,2.5347085,0.006298433009290899,0.04355788485868578,6
PLD3,1.0349412,0.006210101215035636,0.04309807673360445,6
MVP,1.244296,0.006260367217740966,0.04335721182123679,6
CHSY1,1.3845923,0.006287679780514894,0.04351941137396823,6
PTN,2.0289724,0.006263725531445313,0.04336256306505825,6
CHD9,1.2983829,0.006320911911694679,0.0436683226426676,6
TNC,2.5839946,0.006367458325735481,0.04390272564803854,6
PRICKLE2,3.3087883,0.006411348984388759,0.04415668506886722,6
ARAP1,2.0531144,0.006379774071154046,0.043966304113535616,6
MMP16,5.5881214,0.006468560205987555,0.044486770118726385,6
TPST2,1.3599285,0.006360510312819243,0.04386960238582567,6
CCN2,6.176064,0.006495043854983697,0.04464144793852627,6
EPN2,1.637659,0.006424078314692879,0.04421711692040096,6
EPHX1,1.3040158,0.0064221608109248955,0.044212991740400644,6
PLXNA1,1.9833366,0.006523976988675154,0.04481276104385692,6
BACE1,2.9200408,0.006632194288019429,0.045423803544219606,6
SKI,1.9086862,0.00664359481984352,0.04548536718766514,6
MIR503HG,3.8113716,0.006729064397366201,0.045920559298486215,6
PLEKHA5,1.681984,0.006679232294809867,0.04566411137387235,6
PDIA5,2.117544,0.006723541417551592,0.04589220648882742,6
RARRES1,1.2504036,0.006625154405684936,0.04538690848061242,6
ANXA4,1.0296258,0.006657869458766686,0.04555520185974978,6
AMOTL2,2.1552737,0.006749833041416075,0.04603419073650601,6
ARMH4,4.1839213,0.006787421393567693,0.0462073936503902,6
MATN3,2.8253171,0.006904973745078588,0.046930035336105555,6
ENG,1.4841378,0.006873173122561805,0.04672336840369792,6
NR2F2,1.2422991,0.006912878107614036,0.046974239183039376,6
VASN,2.012858,0.007005741465164289,0.047489808909271514,6
XYLT1,3.2069123,0.007122729406725502,0.04817465528502051,6
ZNF362,2.2560241,0.007124006148108337,0.04817465528502051,6
TMEM43,1.443577,0.007110674357109235,0.04810389846950401,6
NRN1,2.4573538,0.007220042327999583,0.04872715156482215,6
ABCA8,6.1712747,0.007284743853773516,0.049132836034469635,6
RGCC,1.4092948,0.00714987518400491,0.0483106292398688,6
EVA1A,2.4471052,0.007233930785808034,0.04880975105346756,6
RPS17,2.8280487,2.3600633833746416e-25,4.797508238895082e-23,11
CD59,3.3077064,9.465074206678854e-21,1.0547111427449018e-18,11
RPL14,1.2160836,3.0294998209406587e-19,2.806973853430128e-17,11
RPL37A,1.3365661,4.7689146126635876e-18,3.7459991808746933e-16,11
S100A6,3.405545,5.208380481597878e-17,3.572480362643649e-15,11
RPL27A,1.2540848,4.2570275518129614e-19,3.8963866280923393e-17,11
RPS27A,1.0774447,6.753574343390026e-18,5.21939255879366e-16,11
RPL26,1.3334743,1.5629576685212632e-17,1.1322497442736867e-15,11
RPL3,1.127496,1.1114052402764915e-17,8.339517486378927e-16,11
KRT7,3.3307061,1.317028032723099e-15,7.461898183372543e-14,11
RPL31,1.475417,2.883785764028918e-16,1.794527983511947e-14,11
SOD2,3.8902931,1.4842048031973918e-14,7.021398209315052e-13,11
RPS29,1.1960169,8.320988551088786e-16,4.870755270367696e-14,11
PFN1,1.5385071,1.5675651827082558e-15,8.762950632202936e-14,11
TNFRSF12A,3.4736269,3.6080639118895324e-14,1.5902506132547544e-12,11
S100A16,2.5557346,1.4242241377450296e-14,6.756704639901844e-13,11
RPS23,1.0399939,1.1952860182349137e-15,6.87668753646951e-14,11
RPL9,1.05148,6.12546247665069e-15,3.0802719179811214e-13,11
RPL6,1.0071423,1.3531736259423543e-15,7.640874846419614e-14,11
RPS20,1.0076349,5.5326368640291676e-17,3.7794332598045275e-15,11
TXN,1.659587,3.434351092238278e-14,1.5196777042844865e-12,11
S100A10,2.0510266,6.054823781611721e-14,2.5837766470615614e-12,11
RPL34,1.2840636,1.995594667876112e-13,7.747018605929707e-12,11
MT2A,3.6945925,5.283323031211954e-13,1.9240818435383297e-11,11
RPL23,1.1286433,5.88547667811465e-15,2.986456478980991e-13,11
RPL23A,1.0311705,7.09413759701019e-15,3.525103246538056e-13,11
RPL21,1.1994138,2.9204212006109283e-13,1.1043274801543535e-11,11
RPL13A,1.0686338,3.9179455813068036e-14,1.7133222000340482e-12,11
RPL7,1.1073271,8.335615809648541e-14,3.4431636683672625e-12,11
HMGA1,3.2783644,1.1618187447517098e-11,3.4303312075455193e-10,11
RPS7,1.0153575,1.4504930696078262e-12,4.91424121694102e-11,11
ANXA2,1.7923831,6.073314594018217e-12,1.868853621999679e-10,11
RPL5,1.0401993,8.145552724886702e-12,2.4547168368861173e-10,11
DDX21,2.2340868,8.992890856678803e-11,2.313117731778096e-09,11
NFKBIA,1.7263415,3.413187666866832e-11,9.304806665617679e-10,11
MYL6,1.1549633,8.594954807038892e-11,2.214158058240334e-09,11
CXCL1,5.1447372,3.303852396457575e-10,7.809338493980517e-09,11
CXCL3,3.736939,3.312340388836604e-10,7.823887956476658e-09,11
MT1X,3.316605,1.2447633612547172e-09,2.6814777071191052e-08,11
BIRC3,3.5924869,3.324607324261687e-09,6.645450194461336e-08,11
RAN,1.4334841,1.8023911240654619e-09,3.7619166578892135e-08,11
YBX1,1.4082496,1.5928963061247584e-08,2.85097838867292e-07,11
PRELID1,1.801049,3.977236829670187e-08,6.620372233447531e-07,11
ANXA3,4.175454,5.499595969811799e-08,8.984995052287265e-07,11
RPL17,1.8407849,5.3076030528640424e-08,8.684015316883554e-07,11
SAA1,4.3186593,8.67310889592342e-08,1.3657499787707391e-06,11
ALDH1A3,5.4135003,9.524630186042301e-08,1.4865780412752204e-06,11
ENO1,1.6942503,6.477299761466845e-08,1.0449981303480492e-06,11
MGST1,1.993503,6.660302960527068e-08,1.0724590571245241e-06,11
SLC25A3,1.1265631,5.3169263249790776e-08,8.695028077334142e-07,11
CXCL8,3.1689332,1.193085940120903e-07,1.8303956977865218e-06,11
S100A14,2.1250465,1.1701421739649975e-07,1.7987047963776342e-06,11
KRT18,1.4559243,9.410273704292286e-08,1.4714684863201285e-06,11
TM4SF1,2.4274585,2.0179697101310804e-07,2.9803928686704785e-06,11
EIF4EBP1,1.5980563,2.596783910429259e-07,3.7510219267746666e-06,11
PDZK1IP1,2.546865,4.245103443543925e-07,5.922837545753194e-06,11
PI3,5.688022,5.693001247014413e-07,7.75269812529884e-06,11
C1QBP,1.6430302,4.765508970238758e-07,6.588620625341228e-06,11
MYL12A,1.2466412,4.15602542251446e-07,5.813062914785551e-06,11
TACSTD2,2.0818796,5.354217690230565e-07,7.342020259526712e-06,11
GLIPR1,3.2545156,8.494995234230869e-07,1.1257630784327836e-05,11
CLDN7,1.9492893,1.139504291490178e-06,1.4772659143842482e-05,11
LRRC59,2.0745747,1.1979460487326085e-06,1.5465861593741504e-05,11
WFDC2,3.0936265,1.32223768459123e-06,1.6920707431848318e-05,11
UCHL3,2.306966,1.3401941250177846e-06,1.7117841259414133e-05,11
YBX3,1.5799978,1.1903334513869568e-06,1.5379419989587795e-05,11
ACTN1,1.9726843,1.5025114696384486e-06,1.9010085704693775e-05,11
SAT1,1.7366887,1.9119171299698998e-06,2.372356352904529e-05,11
SVIL,2.5972407,3.595491570552842e-06,4.218131611329586e-05,11
NCL,1.2597755,3.129463622092281e-06,3.720855701829039e-05,11
SLC25A37,2.209884,3.668109626973595e-06,4.295812325360382e-05,11
EEF1B2,1.1682452,3.1999925880860836e-06,3.800671083463007e-05,11
TYMP,1.3267852,2.956950997033963e-06,3.5320189954243646e-05,11
GPAT3,5.973169,4.497696148095745e-06,5.162807204082115e-05,11
SMS,1.897358,4.125758146170381e-06,4.788306366114213e-05,11
PRMT1,1.8965932,4.212382255996136e-06,4.8696999197156136e-05,11
CARHSP1,1.9245454,4.197933627967685e-06,4.8569469408645785e-05,11
SLPI,2.4502833,4.258873619142195e-06,4.9146878164919566e-05,11
TUBA1B,1.1742057,3.507467041719077e-06,4.126410103342672e-05,11
TUBB4B,1.5746964,5.354990347368304e-06,6.070014573879022e-05,11
SERBP1,1.0852469,4.657903840730593e-06,5.324838197748631e-05,11
MT-ND6,2.6602228,6.24720459546479e-06,6.996243383522021e-05,11
TUBA1C,1.7602603,5.923162571754253e-06,6.65334212388511e-05,11
CLTB,1.5073072,6.022334726994045e-06,6.755689935722651e-05,11
TPM4,1.6285183,7.599333771987711e-06,8.392797301489622e-05,11
CDCP1,3.4760325,9.155239675734166e-06,9.966760596033744e-05,11
CXCL2,2.5701501,8.136167347533253e-06,8.935664341965057e-05,11
YWHAE,1.232327,9.948396322152532e-06,0.00010770792803141321,11
ATF4,1.4008453,1.0598959576122457e-05,0.00011397874419452495,11
TMEM165,1.618438,1.2889524020277631e-05,0.0001355039928570477,11
CCL2,3.0017636,1.5935791639907994e-05,0.00016405843689200553,11
KRT23,3.2026944,1.7536895873469673e-05,0.00017884008041716215,11
SDC4,2.2471962,1.8376989982545947e-05,0.00018644362401832232,11
FOSL1,3.5379763,1.924692008514297e-05,0.0001942705225927717,11
S100A9,2.8720155,1.897297328972951e-05,0.00019185182306626997,11
SLC34A2,3.9924393,2.006183339635452e-05,0.00020158596583197335,11
LAMC2,4.245366,2.393941619447338e-05,0.00023651014980230681,11
LAMB3,3.9711454,2.47818881130679e-05,0.0002436849338025243,11
SFN,2.6206672,2.405501886966681e-05,0.00023724390656508645,11
C15orf48,2.5595229,2.5450921255247762e-05,0.0002498242170975315,11
BACE2,2.290623,2.7823201575798206e-05,0.00027104792450010094,11
SQOR,2.2707329,3.06482913300402e-05,0.00029599030794727276,11
MMP7,3.5711892,3.535331010612256e-05,0.0003368708449629139,11
PDLIM4,2.1727312,3.372852290893404e-05,0.00032294844044777524,11
IL32,1.7188404,3.2797042230664486e-05,0.00031483846406946695,11
PA2G4,1.3683895,3.582193209269772e-05,0.0003406587537060318,11
SNORC,3.460594,5.05785676142546e-05,0.00046554767737368646,11
NUDC,1.3125042,4.742401394879536e-05,0.00043946971954908357,11
TBCA,1.0106649,4.647876381370658e-05,0.0004314819311031089,11
EIF3J,1.205343,4.802563528771128e-05,0.00044447091430012626,11
SNU13,1.0447348,4.946908620408339e-05,0.00045608648168531086,11
EIF2S2,1.1644585,5.896153901679783e-05,0.0005363788934533268,11
CAST,1.2889218,6.480481234798684e-05,0.0005844630844215721,11
ORMDL2,1.7673266,7.12562938583394e-05,0.0006373352939473499,11
MYO1B,2.642476,7.754225473229083e-05,0.0006880541708930599,11
GCLM,2.4443345,8.09051879100356e-05,0.0007152453631234855,11
LCN2,3.175894,8.33043908533344e-05,0.0007347127461508517,11
MYDGF,1.1575629,7.412748427996645e-05,0.0006601991370776299,11
ITGB1,1.2184718,7.49228274921235e-05,0.0006663979201573361,11
GARS,2.402384,8.521591769408146e-05,0.000749011293337837,11
LGALS3,1.116798,7.242901985299806e-05,0.0006469618521676187,11
EIF4A1,1.4254236,8.369409943016132e-05,0.0007378435146355065,11
HNRNPAB,1.4263812,8.74552226352234e-05,0.0007666846895995891,11
CXCL5,5.6802983,0.000116686641885127,0.0009943563657187613,11
IFRD2,1.9770924,0.00011449297969488417,0.000977649957216423,11
DEFB1,3.856956,0.00012149702036125032,0.0010319401265983027,11
TPM1,1.0923741,0.0001109966631618114,0.0009509422935147679,11
ITGA2,3.1146026,0.00013637995564037448,0.0011452979699884329,11
CAV2,2.658988,0.00013650592695811173,0.0011460689101632105,11
WTAP,1.6528546,0.00013841930874743694,0.0011603904110716776,11
TSC22D1,1.4353564,0.0001420937204835948,0.0011891131433982667,11
CCL20,4.1850843,0.00015862096390993822,0.0013129627450757593,11
G3BP1,1.5000378,0.00015310137202542639,0.001272342199976419,11
MALL,2.8842587,0.00016419194393613596,0.001355442281949775,11
NME1,1.4406815,0.00015590569032715768,0.0012937240869033142,11
PHLDA2,1.916265,0.0001612998623466366,0.001333208152530443,11
EIF5A,1.3804927,0.00015889484179764456,0.0013145835400473753,11
PIGR,5.2547307,0.00017807061924778714,0.0014578146546717179,11
WDR1,1.3133757,0.00016248872055300685,0.0013420423974558982,11
SAA2,3.956181,0.00018390499898618583,0.0015019132142672653,11
CMPK1,1.4646059,0.00018687352631708266,0.0015239302081695282,11
CEBPB,1.1175997,0.0002115177514850477,0.0017045463658070653,11
MYH9,1.4206427,0.00022708799007462282,0.0018174083214251787,11
PPA1,1.053791,0.00022524217332181337,0.001804358188532826,11
USP53,2.923545,0.0002641697639053472,0.002083357171678639,11
MARS,2.6805382,0.0002739215769162544,0.002150152963105099,11
VCL,2.0467017,0.0003031190526921848,0.0023611045393285117,11
NME2,2.1646502,0.0003162790051634332,0.00245505996579188,11
DRAP1,1.2567818,0.0003145777814207399,0.002443551034421731,11
KTN1,1.0608662,0.00031755032675131057,0.0024637879966610474,11
GNL3,1.4759426,0.0003514569228091404,0.0026981498393090814,11
LTF,3.200678,0.00038361537391442706,0.002910392050772178,11
LDLR,1.9055318,0.00037457292522470717,0.002854055085179896,11
WDR43,1.9443063,0.0003795289995631418,0.0028839560884339234,11
MSMO1,1.8805641,0.00037885289900470813,0.0028794709008649255,11
MTHFD2,1.4273163,0.000368293956873599,0.0028132424521743076,11
ERRFI1,1.9555116,0.0003860417862463189,0.002927476272323713,11
MGLL,2.3426497,0.0003978111944630174,0.0030032069462656583,11
TNFAIP2,2.496237,0.0004372525974806478,0.0032743669060277757,11
PSMB7,1.1122348,0.00041196218026277626,0.0031009029372068625,11
CAPN2,1.5691999,0.0004326590016050543,0.0032428638151586874,11
TUBB6,1.7353733,0.00045224951070011154,0.003373865844838176,11
SLC39A14,2.7242017,0.0005035562668582489,0.0037120397245478083,11
LRRFIP1,1.1231629,0.0004925489509242768,0.0036421041364530795,11
RSL24D1,1.0375761,0.0005015485309322081,0.0036996787499444014,11
NUTM2B-AS1,1.675501,0.000527537358058063,0.0038650350647936853,11
POLD2,1.2799003,0.0005158946193866625,0.0037921589806811417,11
PHLDA1,1.7161,0.0005302164843643967,0.0038812726106648254,11
MT1E,1.7859813,0.0005738528943366011,0.004167951478766552,11
KDSR,1.6499888,0.000578366447037647,0.004195283088254697,11
CHMP4B,1.1155584,0.0005665356142710388,0.004123735034345684,11
RAB7A,1.110172,0.0005764910593169636,0.004184394421240051,11
PDCD5,1.103445,0.0005890114237823583,0.004261439207308905,11
KCNN4,2.9842231,0.000632606274869904,0.00454839165389313,11
YWHAH,1.3016329,0.000614303006040696,0.004431993358918259,11
ISG20,1.7209707,0.0006295353520619159,0.0045321410696520115,11
EMP1,1.7360159,0.000643603734309136,0.0046175642465160925,11
EBNA1BP2,1.2315122,0.0006730745207412103,0.004801274457716065,11
RPL22L1,1.3554758,0.000691364250365318,0.004915016600572941,11
PAWR,1.634788,0.0007214310372939883,0.005104961692379254,11
NOC2L,1.6648542,0.0007315849405916916,0.0051724474056462745,11
BZW2,1.6162173,0.0007406090828755565,0.005225235433051965,11
S100A2,2.9915771,0.000770147079238464,0.005412005695524265,11
LIF,2.7827857,0.000787236789125563,0.005512465374542904,11
CAVIN1,1.63982,0.0007586492467213906,0.0053367983188511246,11
CD47,1.3711785,0.00077235710137285,0.005425649985360064,11
SRPK1,1.6727651,0.0008439376902314654,0.005879200079255315,11
SPTSSA,1.1679567,0.0008594227319384725,0.005973041411510217,11
CORO1C,1.8411204,0.0009007888299539227,0.006233414100574482,11
ABCF1,1.555916,0.0009020015816023817,0.006239231810378529,11
S100A8,2.9275002,0.0010100583678648882,0.006891025997323679,11
TOMM5,1.3950202,0.0009833845802827295,0.006732741826344771,11
NOP53,1.0367919,0.0010072921655206667,0.006878076468339168,11
ABCC3,3.1668365,0.0010777868420652425,0.0073030400948909694,11
NARS,1.474277,0.0011056587238863415,0.007473780584012855,11
PDE4B,1.8610276,0.0011313629508074858,0.007619888500609213,11
TNIP1,1.7055078,0.0011626257357071536,0.007814755471213155,11
PLRG1,2.0780551,0.0012257920897995678,0.008185206546678737,11
HIGD1A,1.665541,0.001286794392868388,0.008565265078626434,11
CALD1,1.4586039,0.00128946948741928,0.008579665954677657,11
FSTL3,2.8675182,0.0013862440928629706,0.009163581615829109,11
NPM3,1.7015496,0.0013678876468563173,0.009061884172073422,11
AREG,2.5698721,0.0014162915617213455,0.009340117041229975,11
KATNBL1,1.6565112,0.0014508622144374895,0.009543708479005262,11
MFGE8,1.4966089,0.0014793440965509927,0.009712014159799734,11
IARS,1.9195497,0.0015844270201827446,0.01033111716250961,11
ELL2,1.7409092,0.0016163921538011766,0.010512974448447792,11
SMTN,2.2116873,0.0016686532025670772,0.010821403145263406,11
ZFAND6,1.0953848,0.0016223574174725698,0.010545637623923926,11
REEP3,1.6183864,0.001699864235310747,0.010996170938583946,11
ANKRD36C,2.6573415,0.0018209329458758303,0.011686933015235596,11
ANXA11,1.1195056,0.0017899544431420565,0.011510134581562062,11
NUTF2,1.2637087,0.001852298312885365,0.011870068343998477,11
MTRNR2L1,3.5290904,0.00201009034941561,0.012766604887284412,11
CD3EAP,2.324139,0.002008393330672931,0.012758242557594847,11
PALLD,1.4374318,0.0019949394886607102,0.012689600870314599,11
CYP27B1,5.1037855,0.0022237038355730956,0.013951599391873775,11
KRT17,1.7023841,0.002142086608886189,0.013495065166914287,11
DEF8,1.988479,0.002211461046082423,0.01388257812963701,11
CEACAM1,2.44339,0.0022740297431195666,0.014235392238516869,11
SCGB3A1,2.864873,0.0023172209743106474,0.014465272417523437,11
SFRP1,1.5841235,0.0022457814680086163,0.014082212790891193,11
TXNRD1,1.9213141,0.0022923807608415973,0.014331545778077914,11
MTHFD2L,1.7213567,0.002369700770333875,0.014743486094930163,11
MRPS24,3.0758274,0.0024226797390173743,0.015028500300791892,11
SH2D3A,2.6179898,0.002431942915965562,0.015069240226196365,11
S100A1,1.7953626,0.0024582892768319053,0.015212819305206446,11
SLC7A5,1.7611576,0.0026736370969093182,0.016361332214456386,11
NOP16,1.6876826,0.0026725266976040584,0.016359563054829353,11
C6orf132,1.6384159,0.002705442990917088,0.01653485119503463,11
LETM1,1.8700757,0.0027516781279640166,0.016781815638264818,11
TAP2,2.163289,0.0027518555204214695,0.016781815638264818,11
CSF3,2.8306952,0.0027557044900751626,0.01680223310336503,11
CDC42EP1,1.6821933,0.002778039006656823,0.016926104690695096,11
MAP4,1.2509845,0.0027993706613054672,0.017040597341351483,11
PSME3,1.5567187,0.0028861582219379843,0.017511691917876618,11
THOC6,1.6102943,0.0029139277519398135,0.01765782307638903,11
C12orf29,2.2041252,0.003119096222524642,0.01876885654820578,11
MGP,1.1935248,0.0029310670861481393,0.01775526840102849,11
ACAT2,1.9417769,0.0032510317357965003,0.019458039873367312,11
PPM1G,1.1508878,0.0032609435862010782,0.01950344308572938,11
CYP24A1,7.458977,0.003381200036511438,0.020145468909802112,11
BCL10,1.9200712,0.003379012449800534,0.020141364240049708,11
CTSV,2.7561061,0.00342396468929576,0.02035144420408809,11
BZW1,1.0920469,0.003430393237919537,0.020386041742214596,11
NAMPT,1.2771704,0.003450820763339537,0.020500173436622634,11
CYSTM1,1.3040253,0.003529845868831911,0.020917766835069105,11
WWTR1,1.8322005,0.0035793331916727155,0.02116988442636123,11
PPP1CB,1.0016074,0.0035243680805987832,0.020889252677825196,11
PSTPIP2,2.027698,0.00361174689974729,0.021335259380842526,11
SESTD1,1.6395351,0.003604665018664582,0.021308436621612397,11
ARHGDIA,1.0583656,0.003606840039259952,0.021313781141088454,11
EIF6,1.0829083,0.003705306364488456,0.021791983302000228,11
ACTR3,1.065356,0.0036916948766978924,0.021734796885961735,11
MXD1,2.1670482,0.003810803258707244,0.022314621525890307,11
RELB,1.7277719,0.003808136612344055,0.022302900316855587,11
TGM2,3.078858,0.0038887579338203583,0.022708755992071793,11
EVA1C,2.2525072,0.0038949125947472163,0.022735688016083604,11
TCP1,1.0142184,0.003889156322700098,0.022708755992071793,11
MMP3,2.9805617,0.003984677888181774,0.023178994285033797,11
TRIO,2.07719,0.004111310408065617,0.023800045287699145,11
CCT2,1.0008134,0.0041008691301804515,0.02375600198538558,11
MET,3.7033195,0.004367525605903891,0.0250846640941522,11
TFCP2L1,3.20067,0.00438631712489541,0.02516187150438121,11
TARS,1.7094051,0.004526309930415295,0.02586319614583636,11
SARS,1.1963279,0.004507034069133003,0.02577140543584105,11
SMIM12,1.4376694,0.004578915043665182,0.026150415371968987,11
GNG12,1.5520874,0.004647221407050728,0.026490899594474586,11
WBP4,1.5805932,0.004727316626206777,0.026897188627582953,11
CLIC4,1.2733502,0.0048578423020548865,0.027495256269528003,11
RRP7A,1.4763988,0.004996817732185763,0.02814905015755887,11
LARS,1.5139903,0.005076231335827813,0.02853391574241674,11
G0S2,2.434837,0.005195664463596916,0.02911255960132044,11
TSFM,1.8290695,0.005225941114338494,0.02924800449124436,11
TNFRSF1A,1.2159506,0.005489377647198971,0.030533866611061476,11
PTPN14,2.353346,0.005609414850931989,0.031098410498365262,11
AZGP1,1.0378722,0.00546041124706277,0.03039290634545841,11
SQLE,1.2487816,0.005629719832246688,0.03117081826780611,11
NPAS2,2.9330904,0.005851047337085899,0.032169951691397185,11
GLIS3,2.7998269,0.005912285238244197,0.032450328780223955,11
COL6A2,1.5048834,0.005848639949966639,0.03216943794060857,11
CCDC50,1.4099803,0.006005780043619114,0.032872041195011206,11
RPL26L1,1.1912394,0.006080262847337068,0.03322008407925275,11
GAL,3.2524529,0.0062302205356281,0.03391645311578232,11
CNN3,1.0247542,0.006108946410767673,0.03334963729875627,11
KLK10,2.9006603,0.006672968434906764,0.03601835118686961,11
PKP3,1.5800318,0.0067821884987613835,0.03651386588073123,11
HMGXB3,1.9582303,0.0068688531987588725,0.03689753445540861,11
VNN1,4.6804333,0.007022721683849071,0.037646650083665655,11
SGMS2,2.7348363,0.007112593430296725,0.0380544737989444,11
ANXA1,1.439665,0.007344290766233101,0.03913804521611446,11
IL6,1.7401965,0.007306078278332074,0.03895297592330887,11
MYC,1.048778,0.007349674717577519,0.03916051464690509,11
TIAM1,2.334273,0.007694387255481898,0.04084150070202854,11
GMFB,1.678011,0.007707254618391531,0.040883920157436394,11
VPS37B,1.6867456,0.007799350501289849,0.04132017298432519,11
ITGB6,2.262445,0.007964640326165966,0.04204974046591101,11
NDFIP2,1.6856712,0.007935769455520195,0.04192155560523656,11
KIAA1143,1.7117983,0.008265083671133324,0.04343085875191647,11
HMOX1,1.4473968,0.008261824547176168,0.043420535433537424,11
ARID5B,1.1242024,0.008475039993310582,0.04440889180059838,11
SMARCD1,1.737107,0.008669579537507285,0.045315001911723836,11
MRPL19,1.4722506,0.008677444764902694,0.045341980816264414,11
KRT81,2.6557207,0.009002161041023351,0.046790869901900546,11
MRTO4,1.4115826,0.008962537589564248,0.046621041143234246,11
MIR22HG,1.8872939,0.009067607109289604,0.047050836951219456,11
FAM3B,1.9423072,0.00920446699626922,0.04767248726403117,11
EMC8,1.4059148,0.009323395258350228,0.048176860323574947,11
HYPK,2.4620373,0.009476607768714687,0.04884064246626603,11
MELTF,2.4787805,0.009650332921805787,0.049598807313865755,11
RPL21,1.1307777,3.2674042365555113e-14,1.0437333856981754e-12,10
RPL9,1.0483665,3.37855036830471e-13,9.26573654156241e-12,10
HSP90AB1,1.5594175,7.82495001851768e-12,1.785419378034704e-10,10
MT2A,3.881745,2.2502342962253133e-11,4.807331753483646e-10,10
VIM,2.8287048,2.066209740601056e-11,4.442483391634617e-10,10
EIF1,1.2979622,9.81821124749696e-11,1.9314523369636103e-09,10
TUBB4B,2.3320875,3.046344234811893e-10,5.61106161338966e-09,10
YBX1,1.6850398,2.737679200898189e-10,5.061989971186668e-09,10
RPS17,1.5654387,2.0571031705246248e-10,3.861068687328844e-09,10
TNFRSF12A,3.2719822,9.072621356552247e-10,1.5511695747580796e-08,10
RPL26,1.0399983,4.454718759938987e-10,8.04175037282635e-09,10
RPL31,1.0546496,5.179091137192982e-10,9.216254932015708e-09,10
NFKBIA,2.5628526,1.965508220142702e-09,3.231623098617959e-08,10
NCL,2.0864196,3.346565389816725e-09,5.3248173500874186e-08,10
CD63,1.640183,2.8673264059008992e-09,4.612613668120962e-08,10
RPL4,1.0194211,3.3189106480391786e-09,5.2858301066420746e-08,10
CCL2,4.705665,8.847204055592387e-09,1.3217998718424241e-07,10
GEM,5.897296,1.2598038481804477e-08,1.831602985341153e-07,10
NNMT,3.6463587,1.1253723576192588e-08,1.646863623338026e-07,10
EIF5B,1.5913131,1.0607052231418735e-08,1.5652051865112884e-07,10
GNL3,2.863741,1.9689511637432778e-08,2.7794861524879325e-07,10
NOP16,3.7065156,2.630725046022927e-08,3.6476704741072753e-07,10
EIF4A1,2.4911387,2.6155406942096837e-08,3.631119636775124e-07,10
PRNP,2.9980466,3.5785670867626516e-08,4.883186275716278e-07,10
RPL36AL,1.2663393,5.7485678734009396e-08,7.61804484558439e-07,10
CD59,2.1600544,1.2404079612289172e-07,1.559389933567433e-06,10
H3F3B,1.1679976,8.535501611012458e-08,1.1006891946750053e-06,10
ANXA5,2.402286,1.9635865891806367e-07,2.3940624423012625e-06,10
ATF4,2.0689747,2.526865656897244e-07,3.0345005727887743e-06,10
GCLM,3.2258914,4.2625232819963436e-07,4.938490272934002e-06,10
CXCL3,5.1782856,4.477662671913482e-07,5.1663324278861404e-06,10
DDX21,2.5085151,4.1453248535919216e-07,4.811015256551095e-06,10
PLPP3,4.0269995,4.757757656124235e-07,5.476319476460637e-06,10
CXCL1,5.7261252,5.219647172612612e-07,5.9507880970972e-06,10
CXCL2,4.9925427,5.478711547114873e-07,6.206060925423166e-06,10
HNRNPDL,1.440144,4.408346012903282e-07,5.093363197340302e-06,10
GRPEL1,2.7269852,6.60901053952539e-07,7.381712371169534e-06,10
SLC3A2,2.3206947,6.494799463757326e-07,7.26624645810155e-06,10
NAP1L1,1.4916941,6.005100587220977e-07,6.763501638548649e-06,10
SQSTM1,1.7136073,6.237911351522493e-07,6.999858970940647e-06,10
NPM1,1.548535,6.735636672396679e-07,7.505647495975316e-06,10
MYC,2.9741433,8.207245893714609e-07,9.022590446446467e-06,10
SBDS,2.0945017,1.0274486262641293e-06,1.1113077837318658e-05,10
TXN,1.7017013,1.0210751529294644e-06,1.1047703775615214e-05,10
PDLIM4,2.9738142,1.2315009466009587e-06,1.3171483816946033e-05,10
SOD2,2.6174538,1.414521904147376e-06,1.4985621979471616e-05,10
EIF5,1.920502,1.4341509292306214e-06,1.5169617255542186e-05,10
CAVIN1,2.8187685,1.5518312473984084e-06,1.6291071007508613e-05,10
EIF4E,2.0504746,1.9484793630755188e-06,2.0127485776691092e-05,10
PRRX1,3.684109,2.186549415623686e-06,2.240044408962555e-05,10
PPP1R15A,2.1062837,2.100865247872323e-06,2.1588578823187986e-05,10
BTG3,2.6483502,2.244657806518761e-06,2.2967683797573447e-05,10
MEG3,4.444346,2.495589209394157e-06,2.5349654049754522e-05,10
DCN,3.9039893,2.750666519816737e-06,2.7706828264429724e-05,10
CAV1,3.45561,3.0833762880766175e-06,3.077046238571194e-05,10
FGFR1,3.1234813,3.1805662302104265e-06,3.1683805146269055e-05,10
RAN,1.5568309,2.858863717891552e-06,2.8700732703322524e-05,10
SON,1.3111243,3.308622630918249e-06,3.274550358914989e-05,10
CTSL,3.5908537,4.061886093012357e-06,3.9524143152227285e-05,10
SRSF7,1.875133,3.810691100082705e-06,3.733987443408531e-05,10
CALD1,2.3119876,3.95839290786504e-06,3.862916977675336e-05,10
CEBPB,2.0504656,4.3736424851813334e-06,4.220263020583058e-05,10
YWHAE,1.3863212,4.287604079007028e-06,4.149178546277402e-05,10
CD44,1.6874007,6.301936499661892e-06,5.924138232487655e-05,10
TUBA1B,1.4304178,5.5733237077291795e-06,5.276174159778279e-05,10
HSPA9,2.2089632,6.864290764035574e-06,6.415023029159019e-05,10
IL1R1,3.9169676,7.402233620715163e-06,6.882999380536132e-05,10
MRPL32,2.226033,7.120826636159246e-06,6.638122462574132e-05,10
FOSL1,4.255565,9.426178481257308e-06,8.62185580692259e-05,10
MAP1B,3.597577,1.0104498278366923e-05,9.17225918145345e-05,10
TPM2,3.0351014,1.0964886523764594e-05,9.894357247607969e-05,10
NOP56,2.1894298,1.4270910613006787e-05,0.00012552339472359327,10
ATP1B3,1.8144674,1.50229510457658e-05,0.0001318035053690899,10
HSPD1,1.8233569,1.5672283354645386e-05,0.0001369987114928749,10
IL6,4.732364,1.774716868488094e-05,0.00015337742459664816,10
TNFAIP6,4.376737,2.1070673509383393e-05,0.00017964704122476572,10
TCP1,1.7342694,2.471081533010258e-05,0.00020777775306767877,10
GPATCH4,2.4634552,2.6649019835380305e-05,0.0002227348054568878,10
TAGLN,3.4803586,2.7483958673470474e-05,0.00022942744098229794,10
SEC62,1.2737396,2.7872576309182146e-05,0.00023244009994686184,10
KDM6B,2.5615714,3.271669506149032e-05,0.00026922244088749926,10
PA2G4,1.687093,3.540898876883009e-05,0.00028981280924727425,10
CDKN1A,1.993512,3.7979172745467734e-05,0.0003085899789379199,10
MTHFD2,2.2929668,4.467008848868474e-05,0.0003586410051679602,10
APOD,3.1070082,5.487780736747582e-05,0.0004322819485468545,10
RND3,2.5649214,5.779437633009451e-05,0.00045418959149196345,10
NOP58,2.048899,5.7999124986989926e-05,0.00045547849477607796,10
SLC25A5,1.070183,5.856205218236344e-05,0.0004594689572511466,10
TWIST2,4.828671,7.808963271980693e-05,0.0005994974527477784,10
FBL,1.5901529,7.638059637369714e-05,0.000587318107054144,10
SPHK1,3.004023,9.91180676076575e-05,0.0007474188636754588,10
SNRPB,1.2750479,0.00010650296164412465,0.00079861744612242,10
UBE2D3,1.170241,0.00010648237786531227,0.00079861744612242,10
VASN,4.3361645,0.00012130365232249413,0.0008971655573426186,10
S100A6,1.0814433,0.00010248698913701674,0.0007712623070775586,10
BRIX1,2.2858963,0.00012725559858018913,0.0009372595590641467,10
CCT2,1.7328504,0.00012479671245377942,0.0009209695340840957,10
EIF4A3,1.7851641,0.00012815429261610212,0.000943050269556095,10
HNRNPH3,1.7689202,0.00013578716550824495,0.0009937676889181855,10
ADAMTS4,3.8456085,0.00015956110545410005,0.0011536622198827268,10
SERBP1,1.2565382,0.00015070650215892728,0.0010950707948250823,10
AKR1C1,5.9770837,0.00016588711154112777,0.0011960489269563555,10
CXCL8,3.7305217,0.00017392484834895106,0.001247807495402775,10
TUBB2A,2.7478104,0.00017452614754864907,0.001250808016010521,10
IGFBP7,2.5555289,0.00017838840837010105,0.0012746752460889561,10
MEDAG,5.4427595,0.00018652099793768046,0.0013279772430116197,10
CEBPD,1.7325531,0.00017616165554640225,0.0012611820893664626,10
ERRFI1,2.4868515,0.00018806564928731462,0.001337555119326934,10
CCT4,1.5107551,0.0001943247411134924,0.0013785630587325821,10
NAMPT,1.6889968,0.0002021180303946428,0.0014287125094766522,10
SERPINE2,3.108229,0.0002245720250226886,0.001568916952986044,10
MT1X,2.1116016,0.00022021801700447457,0.0015417099787825258,10
WTAP,2.1532245,0.0002277780252338064,0.0015893286341516748,10
SPSB1,3.1675966,0.0002490875801643673,0.001725775504839747,10
NFE2L2,1.6130433,0.0002500531116837134,0.001731784311167341,10
SFPQ,1.3273269,0.0002491340447343268,0.001725775504839747,10
PSMC4,1.8437431,0.00025728690218173786,0.0017782114127503955,10
ACTA2,3.3495128,0.00026613727898882196,0.0018352200811192594,10
ARID5B,2.3520036,0.0002732226809443542,0.001879828090575299,10
GSTO1,1.8992134,0.00027739122801951206,0.0019065082490022105,10
PNRC1,1.5883192,0.0002820375712321829,0.0019361076906874016,10
GTPBP4,2.2318184,0.00030511180973617573,0.002080877431956297,10
TIMP1,2.2277281,0.0003041148247887989,0.0020753439141894415,10
TUBA1C,1.7543503,0.0003015549700065255,0.0020591317689309593,10
YBX3,1.6202939,0.0003012255711476459,0.0020573013402287094,10
LYAR,2.4965818,0.00033977450545299005,0.002296749947514308,10
RBM8A,1.2919304,0.000331509877903856,0.0022490236275835834,10
LHFPL6,3.0203145,0.00035395205942958483,0.002382481642650553,10
MT1A,4.646413,0.00036199786114988466,0.0024327329715143823,10
ITGB1,1.5540899,0.0003482860467286716,0.0023481130237841957,10
TFPI,3.2531419,0.00038773591868880857,0.0025896157803148804,10
RAB7A,1.4261461,0.000389628745459956,0.002600186580078071,10
EIF3J,1.4167234,0.0003890965066480577,0.0025976683776836196,10
TUBB6,2.5744328,0.0004278673701068317,0.0028350650850954644,10
TCEAL9,1.9309814,0.00044292408579325036,0.002927313647604219,10
CYR61,1.9461876,0.00045052422246321533,0.0029722724125961263,10
SOD3,3.565968,0.0004717635618046793,0.003100569100275175,10
CCT5,1.3161284,0.0004500546295118297,0.002969758475006154,10
IER3,1.6425496,0.0004609757353239285,0.0030346589084396243,10
AXL,3.1433399,0.0005596062336020334,0.0036193121251920173,10
PSMD11,1.5859989,0.0005472468704612569,0.003544844975307265,10
EBNA1BP2,1.6908108,0.0005568512124825079,0.0036028832017507323,10
NDUFAF4,2.4139977,0.0005749518408593384,0.0037085499412044367,10
GFPT2,4.3957515,0.0006033696323503021,0.00388288964671172,10
ODC1,2.3503835,0.000624570530627902,0.00400779035159565,10
POLR1C,2.6323307,0.0006560790515123991,0.004192331390127145,10
UTP11,2.363616,0.0006540973691368914,0.004181261646316081,10
WDR74,2.1479075,0.0006528595501213726,0.004174670437840227,10
PDPN,4.0706854,0.0006940662132029962,0.00440902932898517,10
AMD1,1.5648016,0.0006818132042163748,0.004342707307751885,10
PFDN2,1.3591962,0.0006821104373565637,0.004343775617880482,10
EPB41L4A-AS1,1.7656195,0.0006907738896585414,0.004392274319059173,10
CFD,2.9643838,0.0007094401900260644,0.004491380410280148,10
PHLDA1,1.9474564,0.0006972877070296156,0.004426140609666983,10
CYCS,1.3461723,0.0006953425012747069,0.004415464376231531,10
MMP3,6.248649,0.0007388483501144769,0.004655591303999562,10
TXNRD1,2.5928843,0.0007420380549571463,0.0046739339720784315,10
SNAI2,3.486001,0.0007613844584772696,0.004781425972998708,10
ANXA1,1.6462222,0.0007373311847936456,0.004647777723954833,10
TIMP3,2.349466,0.0007534034727865341,0.004737515163242059,10
HNRNPAB,1.4588355,0.0007567988735224063,0.00475440925581851,10
PUM3,2.0861864,0.0008327379263449525,0.005189680934138991,10
UAP1,2.057769,0.0008493322582243872,0.005281322445885089,10
RRP9,3.1553311,0.0009008278358602961,0.005561322739295084,10
ELOC,1.1343595,0.0008774407675586828,0.0054296967223211165,10
PRPF38B,1.3781008,0.0009289701914127981,0.00570983859083318,10
ESF1,2.0863228,0.0009714322842365277,0.005952285393784686,10
ATP13A3,2.0986106,0.0009777023838448307,0.005986329984764415,10
WWTR1,2.353888,0.000996713738413288,0.006082850782746846,10
SRGAP1,2.392924,0.0010313527155932831,0.006281569172637426,10
SERTAD1,1.81524,0.001023707802645763,0.006236139376778339,10
CLMP,3.664777,0.0010468622653824608,0.00635871192379448,10
RRS1,2.3660655,0.0010508608196280152,0.006378379071868125,10
CRYAB,2.0053756,0.0010671157021382752,0.006465340998088854,10
SOCS3,1.8258802,0.0010855455537137914,0.006567511438873426,10
MFSD2A,4.068069,0.0011243522265358854,0.0067802765246746015,10
BAZ1A,1.6726513,0.0011176819190709853,0.006744902707369542,10
MT1M,3.9546614,0.0011561464828282817,0.006947027800169007,10
C11orf96,3.5793746,0.0011965099399899569,0.007158783427970593,10
PLIN2,2.0325568,0.0011804678287129253,0.007075423774635495,10
TLE4,2.6885476,0.0013525116495893225,0.008016362120317276,10
RELB,2.5055714,0.00137014312842936,0.008110831392631338,10
SPRY2,3.4275844,0.0014064245292608867,0.008297781026550466,10
GLA,2.7483125,0.001435728581476973,0.008442456583330848,10
SPARCL1,2.479574,0.0014198663336583842,0.008362376944202962,10
SERPING1,1.7705911,0.001419015056440829,0.008358831051647673,10
HNRNPM,1.2258471,0.001439891526513452,0.00846545165482694,10
SRSF2,1.0581625,0.0014456724109072779,0.008496460195241109,10
ETS2,2.347436,0.0015099954563197774,0.008843505779713927,10
HMOX1,2.2964354,0.0015056642739263721,0.008819679603870843,10
LRRC59,1.7642937,0.0015295195654991514,0.008943796329568869,10
FGF7,3.2085013,0.0015597872385188637,0.0091049118982181,10
CRISPLD2,3.236196,0.001608247923407314,0.00935847390683635,10
SERPINE1,3.098884,0.0016326298983525642,0.009487186316812779,10
PNPLA8,2.1556308,0.0016457513636116703,0.009555157778587335,10
CTNNAL1,3.0893953,0.0018115178692607186,0.010423764085241682,10
SLC39A14,2.9249141,0.0018166024783734336,0.010447644672003315,10
JAK1,1.306331,0.001766030989296099,0.010186491042472995,10
DCAF13,1.7669668,0.0018929528178447577,0.010840281793295376,10
CHIC2,1.9616399,0.0019070693796800133,0.010913669009358015,10
EIF1B,1.450939,0.001975706217193557,0.011271842529492955,10
FNDC3A,2.1511781,0.0019904690313509916,0.011348346384590108,10
MIR4435-2HG,1.939823,0.0020201857708904173,0.011500178367521298,10
IFNGR1,1.6713071,0.0020556917237641915,0.01167456080372075,10
RPL7L1,1.484375,0.00208808261563565,0.011836467637491183,10
AIMP1,1.3324597,0.0020806267098319306,0.011802181713930793,10
PEA15,1.7106742,0.00214745731045885,0.012146351711652662,10
EDNRB,3.900113,0.0022474117694703294,0.012656218629920134,10
THAP2,3.3703637,0.0022704564900726918,0.012766702620876471,10
LUM,1.9871305,0.0022496412390634758,0.01266664710415109,10
PTGS2,3.6234512,0.0024763631961271263,0.013774410938855713,10
ID3,1.8520719,0.002440981907692228,0.013606942690029086,10
EIF2S1,1.6487217,0.0025119558854022365,0.013949257011966292,10
RRP15,1.951344,0.0025316961578149815,0.014040281221771212,10
FAM180A,5.316711,0.0026677276454609724,0.0146757836569471,10
TRMT10C,1.7880288,0.002725486118357702,0.014968974929725837,10
AKAP12,2.7997646,0.0027741638180959764,0.01520147502413938,10
PPP2CA,1.2597955,0.0027465615664323787,0.015069230648621664,10
CEBPZ,1.6280771,0.0028403834257590926,0.015518700192765227,10
UBE2N,1.2674583,0.002862096727506332,0.015616981671919616,10
EIF4A2,1.0176365,0.0029547008112916166,0.016056970173611813,10
GNL2,2.1985033,0.003060497696545538,0.016583546565401276,10
C1R,2.1729307,0.0030814710844838723,0.016683716165403317,10
MAP1LC3B,1.3929962,0.00316806722018318,0.017105625021275602,10
FAM3C,1.7021867,0.003240930762621278,0.017445684273644728,10
AKR1C2,3.9658883,0.0033073304515082074,0.01776888846292436,10
C8orf33,1.4808314,0.0033707280765732347,0.01807186547575813,10
COQ10B,1.9007679,0.0033981544269047763,0.018198546644230096,10
TOP1,1.1885958,0.003390140180519219,0.01816671600297528,10
CAV2,2.3691986,0.003499931334430402,0.01867205294864484,10
CYTOR,1.4933987,0.003479607817260138,0.01857248978337401,10
ACSL4,2.5654793,0.003560403205765488,0.018946451519051284,10
CREM,2.068542,0.0035790125032147306,0.019039438282367215,10
G3BP1,1.3969221,0.0036204549316082115,0.019239185831296607,10
MPZL1,1.5021933,0.003698251202369384,0.019592962182699653,10
BAG3,1.9682648,0.0039539594887749415,0.0208071383098288,10
CYP1B1,2.3875382,0.003954226276197716,0.0208071383098288,10
SPAG9,1.7602334,0.003985927305857287,0.020954857016576685,10
RSPO3,5.3880343,0.004066976075071291,0.021324127643264995,10
COPS3,1.855811,0.004028102151291528,0.021156682470477473,10
AK6,1.6967291,0.0040827520807459544,0.021395168640344263,10
TMEM38B,2.7618725,0.004123460134925782,0.02156373048928397,10
PAK1IP1,2.068768,0.004209927682191331,0.021946718120668236,10
CREB5,2.887101,0.004267130458117411,0.0222069546463485,10
ACTN1,1.3931209,0.0042130151386893565,0.021953641360329384,10
PSMC1,1.333051,0.004395478785369533,0.02280766614172022,10
PDGFRB,2.8523097,0.004460376279105046,0.023097959051638466,10
EMP1,1.6862206,0.004454129368186229,0.02307273407541843,10
COPS8,1.7888025,0.004525097063464721,0.023394946233342442,10
ENO1,1.0039059,0.004440832328326386,0.023015776949426796,10
COL6A2,1.6101145,0.004463222135258173,0.023109128378927812,10
GADD45A,1.6212004,0.004556963022278724,0.023543607013285686,10
UBAP1,2.3540757,0.004685699825558513,0.024149209872319926,10
MAFF,1.7227296,0.004770952736782977,0.024509500037438785,10
CCND2,2.0131083,0.0047696059189523965,0.02450633457836739,10
NUDT4,1.6651833,0.004855539521080397,0.024860273405061455,10
NASP,1.3323892,0.004844561112802805,0.024823010125957667,10
SARS,1.326646,0.004872905179458066,0.024941570673615594,10
MYL9,1.9187043,0.004917329964345608,0.02512677701616637,10
VEGFA,1.6554565,0.00508699970926118,0.025906932470138058,10
F3,3.0524514,0.005140295687650335,0.026146596551331495,10
PIM1,2.0991747,0.0051296444792347665,0.026096375774004747,10
SURF4,1.3453003,0.005124195784682743,0.02607656665362523,10
RBM22,1.9583907,0.005245898221120667,0.02659904342170949,10
PRPS1,2.089634,0.005300058579172715,0.026835316236152908,10
DNAJC2,1.7169245,0.005345674838290335,0.027043631938325204,10
ABCF2.1,2.4420266,0.005552422739065791,0.02794205717794534,10
MRTO4,1.9494116,0.0056109102368775325,0.028181121963076015,10
PITPNB,1.7033484,0.005598540621684895,0.028123506214158017,10
MFAP4,3.2152414,0.005666827413038366,0.02839424234549146,10
DNTTIP2,1.9071951,0.0056699484532829105,0.028397154109535926,10
SNRPD1,1.0520232,0.005612264883661878,0.028181121963076015,10
ITPRIP,2.9610338,0.005773376385849666,0.02885053893888314,10
ZBTB16,2.8934586,0.005802169340423535,0.02897009436577217,10
SNRPB2,1.0181464,0.00593769294406039,0.029557162219758022,10
JMJD6,2.0347216,0.0061040155784608694,0.030281731477171427,10
NIP7,2.020768,0.00616578486225794,0.030547502225257546,10
TSR1,2.2742033,0.0062742540536063,0.0310046568671459,10
RPF2,1.5829034,0.006460100513392945,0.03183167787861213,10
NIFK,1.5582427,0.006566891493871977,0.0323104162528913,10
THBS1,1.8115958,0.006596870024635624,0.032448376616553816,10
TOMM40,1.4109082,0.0065978333539517915,0.032448376616553816,10
DPT,3.1712937,0.006695262492074653,0.03284085979038841,10
WDR43,1.7769059,0.006667692252600186,0.032739140073849045,10
ABL2,1.6895456,0.006791086436988158,0.03324767627835642,10
IWS1,1.8985399,0.00686138719414621,0.03355756603657888,10
GSN,1.5059338,0.006956333138216771,0.03395631387727616,10
DDX10,2.3377554,0.0070830337323911155,0.03449071347533833,10
SNAPC1,2.4435573,0.0072332113583423565,0.03515055667490017,10
SERPINF1,1.9170032,0.007162904712707366,0.034864458999988066,10
UTP3,2.0269735,0.0072262387309757386,0.03512685119937062,10
TWISTNB,1.5699856,0.007355064402549833,0.035696167721881625,10
DHX36,1.1760907,0.007349353185478805,0.035673611460802404,10
PTRH2,2.3168445,0.007500667713374276,0.03631873766050045,10
HSPH1,1.6144154,0.007573576496761846,0.03664003018576217,10
GULP1,3.0224333,0.007652482372039735,0.036979096850682146,10
ARC,3.3153403,0.007729576531532666,0.03730863814133503,10
RBM7,1.9210743,0.0077225782708974944,0.03728559058358613,10
DDX39A,1.4175266,0.007694169300558763,0.03715377663547962,10
TXLNG,1.735597,0.007882340794851624,0.03795859190238598,10
RLF,2.13125,0.007946526638853707,0.0382292670673827,10
TP53RK,1.8835795,0.00795225927997681,0.03825135931589018,10
SLC25A33,1.9023705,0.008109173583449633,0.038889017895694045,10
CCDC80,2.2902374,0.008166654228831359,0.039131107069890377,10
RRP1,1.7303216,0.00839270250454186,0.04005401745942495,10
IGFBP6,2.4514751,0.00849695563648997,0.04049970001470941,10
SRPX,3.0462434,0.00858078763340163,0.04084123712387173,10
IFI16,1.6132832,0.00860767652758573,0.040957593759647186,10
ZNF622,1.9561337,0.008709863480059378,0.04135582261957412,10
GAR1,1.6867553,0.008697771443616175,0.041304254847845126,10
PSMC3,1.2671387,0.008681271321562174,0.041237575612026185,10
FST,3.1424422,0.008842269645207066,0.04188962799009749,10
CD40,2.7102485,0.008884348292317313,0.042047400320673764,10
INHBA,2.9006627,0.009017764905535481,0.04261869137615409,10
MSRB3,2.6140885,0.009421703295538023,0.044253374910466436,10
DNAJB9,1.6007655,0.009520844929517875,0.044679602753844014,10
NXT1,1.314686,0.00960187629401285,0.04496112421855158,10
PSMD6,1.4906578,0.00967808139567184,0.04525477876651739,10
KLF9,1.8779242,0.00979354553946926,0.04573093567302498,10
CCDC59,1.3574326,0.009750854427607295,0.04555695895756739,10
CCDC3,3.8996704,0.01001354747849443,0.046634878641513694,10
BYSL,2.2216203,0.01011040169533879,0.04699959772455523,10
C11orf53,6.1132345,0.010293174811072356,0.04773829871932769,10
RASA2,2.046826,0.010704800584230035,0.049313242191410464,10
IFRD1,1.5927292,0.010822516790345803,0.04980763387280304,10
RPL13A,1.418183,6.064570112289688e-22,1.7687977924896384e-19,9
RPL27A,1.158514,3.0864094467403123e-17,4.520579006686324e-15,9
RPS15,1.0857706,1.0406642603316942e-15,1.2036179295098397e-13,9
CRIP1,3.0818095,2.33851465843283e-13,1.731481681202992e-11,9
ATP5MC2,1.14747,5.820815817828213e-14,4.808768062703844e-12,9
ZFAS1,1.6741946,4.833071712996283e-13,3.3913401323349025e-11,9
RPL26,1.0334198,1.8416336370615557e-12,1.1788212561198786e-10,9
IFITM2,1.9724228,1.3279990625914552e-11,7.254465237521172e-10,9
SLC7A2,4.002025,1.0035811517947408e-10,4.5735211158080705e-09,9
SMIM22,2.4102228,1.716144599937094e-10,7.534189270482994e-09,9
FASN,3.3643537,2.5702987471822925e-10,1.0830451040105686e-08,9
HSPB1,1.8717453,9.936420588791353e-11,4.5343875233830035e-09,9
MALAT1,1.508232,2.8183976815044394e-10,1.1728520674359851e-08,9
CA12,3.0526712,6.573667979526729e-10,2.525204929041377e-08,9
MUC1,3.0765586,8.967661635229318e-10,3.375527449652566e-08,9
POLR2J3.1,2.480312,1.71538256757457e-09,6.140410533513197e-08,9
FXYD3,1.6790493,1.5969150567982705e-09,5.771781025869698e-08,9
KRT19,1.9657623,1.6580384045498177e-09,5.966981344099296e-08,9
TOMM7,1.1246482,3.962961004789383e-09,1.3385868586267945e-07,9
STC2,3.3373163,1.6447535310316512e-08,4.921202335801304e-07,9
POLR2L,1.4729342,2.9878605846901156e-08,8.400321196235639e-07,9
CLIC6,4.752305,5.601438287816628e-08,1.4887309160987127e-06,9
MT-CO2,1.046921,1.8453789434118315e-08,5.439003087959248e-07,9
GATA3,2.1336346,1.1238698509462853e-07,2.808920914350921e-06,9
PPDPF,1.2247878,9.589226826184683e-08,2.431082819176572e-06,9
RPL17,1.3645214,1.380139084139328e-07,3.3937862918707625e-06,9
ZNHIT1,1.5519122,2.0631347580199131e-07,4.91125641722824e-06,9
ZNF552,3.3528078,2.8813352245764835e-07,6.6239112246415236e-06,9
H2AFJ,1.820806,2.451788109656947e-07,5.718736090820839e-06,9
SCGB3A1,3.7028594,3.67408157510698e-07,8.298476101728164e-06,9
C19orf70,1.4664196,2.711987693788011e-07,6.264654217447912e-06,9
MAPT,3.3148916,4.6313417236011096e-07,1.0163522678905957e-05,9
KRTCAP2,1.882333,4.636173548411233e-07,1.0163522678905957e-05,9
GATA3-AS1,2.604925,8.053460220953698e-07,1.6582020213075996e-05,9
ANKRD30A,1.9677296,7.192670977361343e-07,1.4993746255542375e-05,9
ELF3,1.6868875,9.106451327296629e-07,1.854520242676723e-05,9
PGR,3.7218163,1.419232250391974e-06,2.775953549463713e-05,9
UQCR11,1.2216444,1.4193853305895079e-06,2.775953549463713e-05,9
IL6ST,1.7808856,1.5014495500715767e-06,2.9194272092145366e-05,9
SELENOW,1.1293997,1.340629259312509e-06,2.637304749947265e-05,9
MT-CO3,1.071896,1.1696084786796123e-06,2.3240425345611893e-05,9
TBC1D9,1.9308151,2.5794227661400777e-06,4.743224725828089e-05,9
DEGS2,2.2516003,2.9012733406027007e-06,5.2629318073096365e-05,9
AZGP1,1.9343327,2.6649096241104767e-06,4.884357032911994e-05,9
KDM4B,2.567151,3.0747843157565115e-06,5.553653243661236e-05,9
CYB5A,1.3798242,2.5545649443854224e-06,4.710426761936858e-05,9
NAA38,1.5202821,3.5212775519338107e-06,6.278956425806058e-05,9
TCEAL4,1.5392574,3.520316929440003e-06,6.278956425806058e-05,9
POLR2I,1.2655213,5.4955774783107054e-06,9.418863781298895e-05,9
PARD6B,2.6793869,6.9827449223832665e-06,0.00011675386213442529,9
ZG16B,1.913282,7.062548152344674e-06,0.00011785319779989686,9
COL1A1,2.2345593,7.539836471289706e-06,0.00012500922149457638,9
THSD4,2.271888,9.424994311258215e-06,0.00015323496567809587,9
DCXR,1.4589475,8.976155024018286e-06,0.00014650570105138557,9
COX8A,1.0496533,8.93549214241824e-06,0.00014591301944929416,9
EVL,1.7878547,1.2337263141383523e-05,0.0001945482571815443,9
UGCG,1.8690498,1.3903436768784663e-05,0.00021599591137647352,9
BLOC1S1,1.4264749,1.513914395693201e-05,0.00023265720470260203,9
TMC5,3.0335484,1.721642229573544e-05,0.0002612923168422002,9
FKBP5,2.398889,1.8781452876269125e-05,0.00028173019272045743,9
NME3,1.3976363,1.838134951301379e-05,0.0002763464114818447,9
MRPS21,1.50054,2.0541246137815887e-05,0.0003043171098535701,9
PTPRF,1.5725408,2.088221964770909e-05,0.0003090955556945325,9
TMEM101,2.4749863,2.2933837350324016e-05,0.00033502780425401473,9
MIDN,1.728519,2.2363152016494237e-05,0.000327833252528511,9
SREBF1,2.2077973,2.4597376680048984e-05,0.0003557656797005274,9
MZT2B,1.1201382,2.338661420428184e-05,0.00034045693861089603,9
LAMTOR4,1.1755673,2.4886831095283937e-05,0.00035964205160142975,9
ZMYND8,2.1699052,2.769199580297402e-05,0.00039625308499468924,9
AGR3,2.0808249,3.393515934450099e-05,0.0004746535361025471,9
SIM2,5.253207,4.601521698069066e-05,0.0006185957485969319,9
SLC40A1,2.2431166,4.356048946684616e-05,0.0005896135501240868,9
CCND1,1.3980603,4.064406653554859e-05,0.0005546145791980615,9
COL1A2,1.8829234,3.8881196502388304e-05,0.0005322915150557575,9
MTA1,2.0065203,5.761276147805833e-05,0.0007544208964688956,9
TPM1,1.2285656,5.5757372094833035e-05,0.000732820539746393,9
ATP5F1D,1.1060507,6.33842642730554e-05,0.0008224261539584337,9
DLG5,2.6088645,7.41705029590051e-05,0.0009480765395381059,9
C4orf48,1.6637295,7.935502610130661e-05,0.0010066743307352213,9
MS4A7,2.5927017,8.26297354338957e-05,0.0010423031049974787,9
NME4,1.4109316,8.220892104438456e-05,0.0010377754688557404,9
AP2A1,2.2257202,8.740493668829474e-05,0.0010943071972609533,9
TRPS1,1.2815256,8.442683360933488e-05,0.00106297313291693,9
XBP1,1.0125115,7.89736366422993e-05,0.001002809781961298,9
RUNX1,1.5332838,0.00011049420983110558,0.0013437586265210705,9
CRACR2B,1.858503,0.0001243935408207967,0.0014927669955886733,9
GREB1,3.085018,0.00013014526398358894,0.0015503245830695719,9
MGST3,1.0190626,0.00012777314934653974,0.0015251385061324876,9
TMEM256,1.4610215,0.0001454763833351192,0.0017108777606743455,9
UQCC3,1.401822,0.00016993003588308556,0.001967422621178658,9
RAB11FIP1,1.6229267,0.00017593008790853189,0.0020284878234926324,9
GFRA1,2.462095,0.00019598964090725718,0.00223442846555755,9
DPM3,1.5489002,0.00021054995739927282,0.0023777966737808117,9
NPDC1,1.7091905,0.000225039093787912,0.002519371243237769,9
C1orf21,1.7581419,0.0002393514537816019,0.002656547687388719,9
GTF2I,1.3499477,0.0002408919974129879,0.0026701118589653097,9
NFIC,1.2889341,0.00024917947171351285,0.0027537820957966833,9
MCL1,1.2828043,0.0002642973314643948,0.0029036347181943226,9
IGFBP5,3.1719284,0.0002971973737523419,0.0032042099366850854,9
CPB1,4.147649,0.0003048286597362477,0.0032822658350605085,9
FOSB,1.2937759,0.0002844887144325845,0.0030850423442558414,9
SPINT1-AS1,1.582618,0.0002955368951994559,0.0031893832052396877,9
ADAM15,1.7537173,0.00032116129136760684,0.0034415561896999685,9
MINOS1,1.070748,0.00035309325785013156,0.0037442620807939496,9
GDF15,3.3263133,0.00038202534767542754,0.004001721482317775,9
GREB1L,3.9027898,0.0003998254076834452,0.004167353635522199,9
TIMP1,1.138145,0.0003706163657951688,0.0039004843191514766,9
KCNK6,2.172094,0.0004273378775649626,0.004410258385048126,9
NHP2,1.028974,0.0004298795396486749,0.004432159251984345,9
ATP6V1F,1.0079985,0.0004360563687761976,0.004489185593960235,9
MKNK2,1.8036944,0.0004846844224869214,0.004923319265485716,9
MRPL55,1.1100852,0.0005023962390327588,0.005067931504781281,9
CENPX,1.1168588,0.0005149750907591998,0.005181775343322393,9
SLC38A1,1.6151571,0.0005483084142307252,0.0054718275875372665,9
PREX1,2.033323,0.0005518290403598218,0.00549878129611075,9
GJA1,2.4403121,0.0006486112047546685,0.006335197559311688,9
TIMM13,1.0071158,0.0006285425347277051,0.00616507992904881,9
GNMT,3.62933,0.0006802005064388992,0.006603358954114941,9
LAMA5,2.689432,0.0007415984389525906,0.007104813836306439,9
NDUFA2,1.0045867,0.0008234781142593611,0.00780233882213933,9
PCAT18,4.112286,0.0008713852277282191,0.00821217530857887,9
NOS1AP,3.1527712,0.0009619122054501655,0.0089422109986153,9
SEMA3C,1.990963,0.0009555286032418103,0.00888779392161219,9
ALKBH7,1.1180179,0.0009327013038061219,0.008692340769925295,9
AC004951.1,2.623064,0.0009660252628129836,0.008970502032118018,9
WDR60,2.0619674,0.0009697482041946633,0.009000089794381074,9
NDUFA13,1.0597157,0.0010068394444784487,0.009303140993733236,9
HSBP1L1,1.5137786,0.0010660574945458845,0.009799022862308444,9
LRRC26,1.7351425,0.0010785948069891008,0.009899082742129127,9
TSPAN1,1.9093952,0.0012121971737472368,0.010937657007308105,9
TCEAL3,1.3741047,0.0012146381476920403,0.010949100843635469,9
C19orf24,1.1815175,0.001210575069243381,0.010929716930684319,9
CTSK,2.3366063,0.0012415048562347496,0.011154919470391036,9
DNAJC1,1.2707744,0.0012331303696693303,0.011082643550128352,9
FKBP2,1.0712031,0.0012493844157862649,0.011219706208805117,9
MMP24OS,1.371915,0.001278071046981902,0.011443614785589957,9
PAFAH1B3,1.222515,0.0013600910016556215,0.012090859339128334,9
ZNF652,1.7079201,0.0014137998933165825,0.012502046459723568,9
PGGHG,2.202438,0.001430351647879669,0.012611836125534168,9
TMEM134,1.0780941,0.0014003657553778716,0.012409423461328716,9
HOOK2,1.213994,0.0014818451234335738,0.013004062036402846,9
JUND,1.2475151,0.0016202416635809683,0.01404977394988864,9
TMCO1,1.0946765,0.0017357000143895151,0.014928869584771591,9
WFDC2,1.3424851,0.0019371304865262696,0.01646143745846912,9
UGDH,1.4556293,0.0019854457588512836,0.016829374828817516,9
PET100,1.0249662,0.0020114856546337573,0.01699854883902012,9
BATF,1.7398584,0.0020460273231108555,0.017212390881480112,9
SHROOM3,1.975354,0.0020829407081924814,0.017465978573371004,9
ASH1L,1.3814397,0.002262916703858255,0.018801211088459186,9
GNA11,2.0932465,0.0023273705748072184,0.01925839703504536,9
SBSPON,3.7268324,0.0023706191803437226,0.019526752929250688,9
HIST3H2A,1.5951785,0.0023526313400459155,0.019431078004550614,9
C5orf38,1.7080238,0.0023944422019514266,0.019698794676392642,9
STX16,1.5145911,0.0024068389879189395,0.01977652780347603,9
SUGP2,1.5923415,0.0027483490612379502,0.0220825340412078,9
TSC2,1.837219,0.0027912862626124856,0.022354950461863747,9
AR,1.4969816,0.0027714195672878636,0.022224307993861922,9
FAAP20,1.1464672,0.002799708839659582,0.022401010064652206,9
SPTAN1,1.4108375,0.0028134599164059246,0.022489575561527912,9
NDUFA7,2.028763,0.002869825889847386,0.022863855147594106,9
FAM83H,1.9314467,0.0028910163542142935,0.022999900269616135,9
TMEM141,1.1028925,0.0028516911694612757,0.022749187627509968,9
ELOVL5,1.184692,0.002989201260645216,0.023691115189815967,9
SUDS3,1.3191255,0.003146865130543821,0.024794222068022155,9
MCCC2,1.4846938,0.003183172174711369,0.025015646183691197,9
HILPDA,1.5196046,0.0032113479558038087,0.02518396581379835,9
ARHGAP35,1.7268412,0.0032394739265737913,0.025357105010784486,9
FLVCR1,2.5971727,0.0032761383889917083,0.02561420925528459,9
C9orf116,2.3509984,0.0033503335843792577,0.02612866539159559,9
ESR1,1.4455817,0.0033124544603118163,0.025861972777774356,9
CLDN15,3.1086476,0.003418631968463809,0.026542491331075828,9
NUDT14,1.5168972,0.0033849890091427423,0.02633632947243255,9
MAP1LC3A,1.3957461,0.003431550115184987,0.02662447892977554,9
GRIA2,3.7194765,0.0035917772182996366,0.027688301466097017,9
RARRES3,1.2470593,0.003506474574799589,0.02713048759246898,9
ERICH1,1.6301802,0.003644221590331366,0.02804746130364946,9
SEZ6L2,2.0672472,0.00379491605323628,0.028987765734820786,9
CACNA1D,2.5387845,0.003863548004706723,0.02941344140694801,9
HAGHL,2.0982468,0.00386636275316923,0.029426292966655127,9
ZDHHC9,1.6720233,0.004015029192481752,0.030351159374584272,9
RAB31,1.1631962,0.003942630105133642,0.02989820401453482,9
PKIG,1.3577317,0.003971228229176181,0.030067486689570717,9
ZKSCAN1,1.0975382,0.004067649057662442,0.030665996188594283,9
EFNA1,1.2443047,0.004142136820085884,0.031108690345387515,9
FBXL16,3.5388517,0.004234239173076091,0.03168688444983158,9
CARD19,1.2083824,0.004304595929156921,0.032127381410737045,9
SERPINA1,1.8329184,0.004414493916064257,0.032787099299980346,9
CYB561D2,1.7066454,0.0044600840991113316,0.03306712660660769,9
TMEM160,1.1077179,0.00451896081515939,0.03344106965905659,9
LINC00504,2.8700478,0.00461703009862451,0.034072564694821714,9
CENPP,2.3446586,0.0048040421396586055,0.03520480170554715,9
TIMM10,1.0791155,0.004912323721477332,0.03583389515921514,9
AL391421.1,3.7697945,0.005205056487067717,0.03765806722017651,9
KRT7,1.0696173,0.005250214637171601,0.0379275143539463,9
COL3A1,1.3883967,0.00514373515342255,0.03731099065331872,9
VAMP2,1.0598484,0.0053879230026566685,0.03871759908007499,9
PCBD1,1.0254836,0.005434650466933321,0.038999488941251714,9
CRIP2,1.0610436,0.00542659724111649,0.0389500316850606,9
TMC4,1.5652316,0.005552284599634598,0.03966542657217126,9
AK4,1.7721783,0.005611118614181416,0.04001244414537351,9
BORCS7,1.2386392,0.005963775091890161,0.04206750375543384,9
KHDC4,1.3914886,0.006001741710729908,0.04225282695378636,9
GADD45G,1.6956929,0.006157441527749765,0.04319739516466322,9
NFIX,1.5601637,0.0061888516317604005,0.04337239293373916,9
DCTN5,1.7115405,0.006245768747208939,0.04368001033155443,9
ZBTB16,2.5886376,0.006314166923645313,0.04410318050520356,9
BNIP3,1.1984754,0.006231335556075977,0.04361855935216243,9
MYO1C,1.4676495,0.0065810460051320555,0.04571973157790685,9
CYB5D2,1.8860906,0.0067688209268935,0.04681093251730616,9
RETREG1,1.8494979,0.006863638052432147,0.04735426130030724,9
CERS6,1.1450012,0.006960336936033329,0.04796726138719825,9
KRT19,2.510878,1.5048762373948133e-27,1.6282275444664333e-24,3
CD24,3.1976116,1.855126839628478e-24,1.1522742468144219e-21,3
KRT18,2.3437378,8.142596556176928e-25,5.462216621814607e-22,3
KRT8,2.240641,7.647727910903347e-24,4.3476685060950706e-21,3
MT-ND3,2.1234014,6.871668174122912e-23,3.366497708245587e-20,3
MT-CO2,1.6909028,5.407023265894168e-24,3.1616853703347596e-21,3
MT-ATP6,1.7734181,3.588325013709036e-22,1.6264325579029023e-19,3
MT-ND1,1.4830732,7.150608214386985e-22,3.07485320665069e-19,3
ERBB2,3.7897143,3.056733184829623e-18,7.119853316136832e-16,3
MIEN1,2.8432739,3.84585582584278e-18,8.721607244780466e-16,3
MT-CYB,1.5000913,1.7068256378913917e-20,6.1557676043564706e-18,3
SPINT2,1.4174107,2.640137757754532e-19,7.977735183139167e-17,3
CDH1,2.6554656,1.593754944556664e-16,3.126089742419594e-14,3
EFHD1,2.3208776,5.076369578678948e-16,9.056729363748437e-14,3
KRT7,2.3210962,8.01695705078385e-16,1.364958154519498e-13,3
RHOB,1.8308498,4.684551955252151e-16,8.493219304384454e-14,3
CRIP2,1.9172593,1.482704437075863e-15,2.3909321886519963e-13,3
MT-ND4,1.4926147,2.3429916398610063e-16,4.4906447195758866e-14,3
DSTN,1.4431268,1.5127338629600683e-15,2.427684521413572e-13,3
CRACR2B,2.5296009,5.1400948498680585e-15,7.431203506871748e-13,3
TMSB10,1.045372,9.377054621846685e-16,1.5725789453567981e-13,3
SPDEF,2.24398,1.8699789429216538e-14,2.5393102722483883e-12,3
MT-CO3,1.3968276,9.076266581742845e-16,1.5375103910011957e-13,3
H3F3A,1.071359,2.900384207289995e-15,4.503786421144154e-13,3
COPS9,1.4410869,2.315257134006077e-14,3.0815888703054695e-12,3
MLPH,2.2775955,9.021759682176712e-14,1.0807101482138896e-11,3
SLC38A1,1.8886924,7.35207293726848e-14,8.999849576238033e-12,3
PBX1,1.8197594,9.338250657961489e-14,1.1146415135896309e-11,3
UQCR10,1.2708398,1.0012693776297429e-13,1.1825202885591271e-11,3
HEBP2,1.8781011,3.1396504515487427e-13,3.3537266176877827e-11,3
ENAH,1.9539464,3.3574709194018723e-13,3.56370038315374e-11,3
PRLR,2.570561,5.614499234227091e-13,5.7238881098848285e-11,3
ANKRD30A,2.5147586,4.79580427679729e-13,4.934235314357604e-11,3
ATP6V1G1,1.1979423,2.338142127941218e-13,2.554515476002488e-11,3
XBP1,1.6610208,2.6631567036447505e-13,2.862978814004762e-11,3
CSNK1A1,1.2841325,3.1507946790851266e-13,3.354946169244261e-11,3
MT-CO1,1.2519263,5.3572279188660483e-14,6.729842008490117e-12,3
EPCAM,1.774689,1.2416406285100403e-12,1.217715447978224e-10,3
CDK12,2.7768674,2.9495378214199368e-12,2.6956525359195123e-10,3
CAMK2N1,2.6586394,3.1215633277112906e-12,2.845118358009902e-10,3
CYB5A,1.7222023,2.8963738361286685e-12,2.661569173632649e-10,3
TFAP2A,2.5813968,5.849917428113357e-12,5.083214519594563e-10,3
MT-ND4L,1.5235922,3.870834397668912e-12,3.47143466663671e-10,3
MED1,3.1260996,9.396127163863038e-12,7.958472252604297e-10,3
RPL19,1.5277855,8.773610053722281e-12,7.506068061377398e-10,3
PERP,1.8144562,5.590207247938372e-12,4.88284222143492e-10,3
SERINC2,1.824759,9.209844550595154e-12,7.840289240393706e-10,3
MT-ND5,1.088991,2.7438599085381744e-12,2.5564390331188586e-10,3
TSC22D1,1.7877058,1.1548283118019694e-11,9.659375662381511e-10,3
GRB7,3.388525,2.7212405939603364e-11,2.1415479015109203e-09,3
MRPL41,1.3253037,1.1768248359027706e-11,9.80563235656433e-10,3
SERHL2,5.293454,3.9558214997652365e-11,3.0155047482642227e-09,3
GNAS,1.327482,2.2768411861030672e-11,1.8096571142910659e-09,3
CD164,1.7417277,3.438027970228207e-11,2.644837067647346e-09,3
STARD10,1.7911563,2.7263377774817772e-11,2.1415479015109203e-09,3
GSTM3,2.0837522,4.795557396435132e-11,3.62269798724844e-09,3
HMGN1,1.0232924,2.958094641829537e-11,2.3127611277763285e-09,3
LYPLA1,1.8595524,7.831001198463156e-11,5.747475080911438e-09,3
TFF3,2.4860106,1.1496192613213794e-10,8.152088719657588e-09,3
GSE1,2.4111006,1.7621569452809017e-10,1.2037577617447397e-08,3
ARFGEF3,2.3800929,2.5774627146765544e-10,1.7152912085906015e-08,3
FNBP1L,2.2217631,3.3880492651094483e-10,2.1980379187821278e-08,3
STARD3,2.6582541,5.237610922037907e-10,3.289788538128716e-08,3
PHPT1,1.1876544,2.696271673639996e-10,1.7837405957703966e-08,3
MSRB2,1.7713673,4.868105920577048e-10,3.0983138649350053e-08,3
ALCAM,2.2765615,5.842101574626469e-10,3.6219949891783064e-08,3
LRRC26,2.610862,6.311171665214281e-10,3.89123177983368e-08,3
NUFIP2,2.0734913,6.027373839385998e-10,3.7230966104391484e-08,3
C3orf14,1.8082149,5.894775841978033e-10,3.6479091608078446e-08,3
HSPE1,1.1077894,4.777471109835817e-10,3.056897157803546e-08,3
PDCD6,1.2207196,5.580243056237266e-10,3.4724848302273494e-08,3
ARMT1,2.4152827,9.37839639610354e-10,5.567447672950599e-08,3
FBXL20,3.0791678,1.0804235419715955e-09,6.335399654068056e-08,3
CLDN4,1.4409498,7.64192586063754e-10,4.601756468431665e-08,3
MARCKSL1,1.2486458,8.676339467749882e-10,5.168971617900511e-08,3
SLC9A3R1,1.7542832,1.4089818537804129e-09,8.106116699425185e-08,3
CERS6,1.7120415,1.6448292706279418e-09,9.414542417428635e-08,3
DDR1,1.9214649,2.064131141210305e-09,1.1500502094241668e-07,3
METRN,2.1804235,2.328554501455454e-09,1.2845731337716675e-07,3
TM9SF3,1.519609,2.0513388201951912e-09,1.1448602118998088e-07,3
SMIM14,1.4702309,2.222858774994416e-09,1.2343858637762865e-07,3
SCOC,1.9016364,3.1317640517172956e-09,1.6915056048091756e-07,3
RHOC,1.2743409,2.404163829677349e-09,1.3219353936263603e-07,3
SET,1.0290546,2.0514027230905017e-09,1.1448602118998088e-07,3
TTC3,1.3384566,3.0050783375909045e-09,1.633603444426848e-07,3
NDUFA5,1.3830062,3.1120950854917444e-09,1.6863131060174249e-07,3
CHMP2A,1.3811836,3.850367007243073e-09,2.0597314161074948e-07,3
DAAM1,1.8145466,4.862725899566496e-09,2.556437137889653e-07,3
CLDN3,1.8397789,5.082390953571463e-09,2.647026008909013e-07,3
ATOX1,1.2495692,4.6000981734545405e-09,2.4238925656525853e-07,3
XIST,1.1959203,4.99734570204387e-09,2.61899956550396e-07,3
VAV3,2.0250793,6.915341920932489e-09,3.5411829522136884e-07,3
VMP1,1.1971114,5.031314649427667e-09,2.628587611471236e-07,3
HSBP1,1.1045554,5.941239223768634e-09,3.065770843144981e-07,3
AR,2.167696,1.0067923998998887e-08,5.062792186662993e-07,3
CD151,1.4142942,8.579069853276942e-09,4.346685527926917e-07,3
ST8SIA6-AS1,4.6714892,1.3655107110847747e-08,6.637767356593395e-07,3
ALDH3B2,2.5511837,1.2444751039790448e-08,6.120372355214244e-07,3
AC093001.1,3.451476,1.508798587370071e-08,7.239858858223111e-07,3
MDK,1.6122046,1.2295839545546427e-08,6.064922855840775e-07,3
CSNK2A1,1.7100812,1.5705954276769945e-08,7.504179663776934e-07,3
HSPD1,1.1895201,1.2501327217007843e-08,6.139194966115081e-07,3
JUND,1.5181502,1.8365172169396972e-08,8.602041229568426e-07,3
TMEM141,1.4078474,1.8376559357431782e-08,8.602041229568426e-07,3
NFIA,1.6366512,2.0396304368708165e-08,9.462136166401668e-07,3
CLU,1.8670123,2.389315182655993e-08,1.0993144107196798e-06,3
BRWD1,1.6453109,2.522518142538774e-08,1.1530598373291571e-06,3
ARID1B,1.617657,2.5803548015156406e-08,1.1774194232130078e-06,3
SYPL1,1.4964676,2.661727710957157e-08,1.2113569762986974e-06,3
CANX,1.0498258,2.181437719226637e-08,1.0050494854475362e-06,3
TCAF1,2.3917282,3.58118432784085e-08,1.5846504424816617e-06,3
PDCD4,1.413063,2.800343857290113e-08,1.2675618531358662e-06,3
TRPS1,1.3535576,3.0215012874797754e-08,1.35668239201284e-06,3
FASN,1.8370818,4.435130853498307e-08,1.9269264761293615e-06,3
AC010642.2,2.1129634,5.3295724348713096e-08,2.271400114841405e-06,3
MPC2,1.2262313,5.2608142620741706e-08,2.244948742547452e-06,3
AC008771.1,2.0888302,6.746617759782634e-08,2.7902380552511627e-06,3
SOX4,1.3262911,5.5399838988534606e-08,2.355089986710316e-06,3
NUDT4,1.9219472,6.796486318868595e-08,2.807400832773049e-06,3
COMMD7,1.3818667,6.175028261147151e-08,2.585725629302579e-06,3
TOP1,1.1365112,5.531868173412464e-08,2.354624243711008e-06,3
SPINK8,4.1276,8.88752418371296e-08,3.5872015480856366e-06,3
H2AFJ,1.2147647,5.6890140873939836e-08,2.409283099814162e-06,3
PSMD3,1.9989785,8.437370081948109e-08,3.4261238488937233e-06,3
HIST1H4H,3.643273,9.823260887390815e-08,3.922404683618753e-06,3
RBM47,1.429023,7.200822415030762e-08,2.9634697499698997e-06,3
JUN,1.0243087,6.982596308875267e-08,2.8771899606386406e-06,3
HACD3,1.1676145,8.471235854847009e-08,3.4357161040800907e-06,3
FOXO3,1.429138,1.0286737457130596e-07,4.083165219522099e-06,3
CTNNA1,1.3458338,1.1251375848176651e-07,4.408672865930994e-06,3
TRAF4,1.9184139,1.40193132920531e-07,5.436090024609862e-06,3
HNRNPU,1.0201726,1.039462884948273e-07,4.1113944132134465e-06,3
PGAP3,2.9788396,1.5327494031012488e-07,5.862023686364765e-06,3
REEP5,1.0369618,1.1152463441452788e-07,4.380149605266604e-06,3
MSL1,2.1614733,1.6481709389223238e-07,6.211382186785804e-06,3
CRNDE,1.339493,1.457610049562245e-07,5.632453764097611e-06,3
ZKSCAN1,1.5016289,1.5855829244577264e-07,6.029709395605057e-06,3
TAOK1,1.6949248,1.6217812852021704e-07,6.125694379162837e-06,3
KIAA1324,1.853006,1.691633576891214e-07,6.353760560191289e-06,3
HDLBP,1.2164651,1.4087516184275704e-07,5.456228410355559e-06,3
TXNDC17,1.1659702,1.5992986037936356e-07,6.061251352524557e-06,3
GATA3,1.39213,1.507707002593306e-07,5.786041255604356e-06,3
SLC12A2,2.1499228,2.0304977693656075e-07,7.426927555320811e-06,3
PTPRF,1.3640655,2.008285432267649e-07,7.353701057171312e-06,3
NDUFC1,1.0051003,1.7999768481383393e-07,6.68582762606955e-06,3
HIST1H1C,2.1754923,2.4952180255933746e-07,8.884512504928597e-06,3
SLC25A29,2.2878325,2.474084102242277e-07,8.818624322349438e-06,3
IFT122,2.508183,2.601721473611245e-07,9.205099150463584e-06,3
BAMBI,1.883212,2.5145865116813507e-07,8.9345070114729e-06,3
TMEM132A,2.485708,3.046641344765986e-07,1.0689058299664847e-05,3
CYB561,1.7797203,3.2288938522604545e-07,1.1246140051782753e-05,3
SELENOP,1.7551417,3.189672073764399e-07,1.11326525521469e-05,3
FXR1,1.3472266,3.0704182233005445e-07,1.076122232264614e-05,3
MAL2,1.0964621,2.599703268720077e-07,9.205099150463584e-06,3
FOXA1,1.4619285,3.126646069561348e-07,1.0935436477492927e-05,3
IRX3,1.6208293,3.747540096792819e-07,1.2865531462285359e-05,3
ESRP1,1.7374301,3.7765431731912023e-07,1.2938614358734027e-05,3
NPDC1,1.473609,3.632304102657457e-07,1.2521183135378597e-05,3
UBL3,1.8007016,3.9392850454604117e-07,1.3441257345858359e-05,3
ZNF652,1.8095878,4.2227487480547426e-07,1.4321053160617202e-05,3
SMIM22,1.1739005,3.5793725703593886e-07,1.2364133407046781e-05,3
CTXN1,2.398641,5.070746442262402e-07,1.6906352526831335e-05,3
TSPAN13,1.2706897,4.583745081746059e-07,1.543608371353861e-05,3
COMMD3,1.4960849,5.314313738908153e-07,1.7630800901752557e-05,3
ACSL3,1.5551498,5.507793270104984e-07,1.8182765164625125e-05,3
UBE2H,1.4118918,5.781459786576023e-07,1.8992746591728345e-05,3
CLTC,1.2915462,5.664216676817154e-07,1.864411104584143e-05,3
SEPT2,1.252937,5.63098509267646e-07,1.855293428226534e-05,3
SLC38A2,1.2388717,5.605642399684713e-07,1.848759604010078e-05,3
CD46,1.3079977,6.044815534448358e-07,1.9741884892008992e-05,3
TSPYL1,1.4733975,6.777251950102369e-07,2.1930617247073723e-05,3
RAB25,1.2188544,6.626374593202465e-07,2.1494703117079677e-05,3
PODXL2,2.6795022,8.603543111597347e-07,2.7456844862615282e-05,3
PPP1R14B,1.1746826,7.573711666755485e-07,2.4332362357724687e-05,3
P4HB,1.0231687,8.223975992189397e-07,2.63206468276741e-05,3
PPP1R35,1.4959031,8.896984503979537e-07,2.823214354285503e-05,3
PRKAR2B,2.9210079,1.062335840458065e-06,3.3207648112585236e-05,3
UBE2K,1.2555323,9.56121675174878e-07,3.0055554926935877e-05,3
CAPNS1,1.1063161,9.169929100783484e-07,2.898855720729301e-05,3
CTNND1,1.3991864,1.0176419547246032e-06,3.189974654525039e-05,3
BNIP3,1.9274647,1.2278975499629596e-06,3.7804533487527815e-05,3
LIMCH1,1.8618455,1.272313205227769e-06,3.900791336064406e-05,3
USP22,1.5778545,1.263497060253507e-06,3.87730602909084e-05,3
MUC1,1.7974797,1.3540956978051707e-06,4.11020124887631e-05,3
GOLGB1,1.4364706,1.33660145011428e-06,4.064455959953134e-05,3
C4orf3,1.0040594,1.2296814655166169e-06,3.7804533487527815e-05,3
ARL1,1.2490804,1.3294187058628004e-06,4.052036465002042e-05,3
HIST1H2AC,1.6063386,1.5753330936906678e-06,4.7388562596841876e-05,3
SHTN1,1.655287,1.6651728195099343e-06,4.9912029972459965e-05,3
DUSP10,2.3283074,1.8151869674840322e-06,5.3831287423856695e-05,3
MUCL1,2.6877227,1.879721075571162e-06,5.5402218449676936e-05,3
NME4,1.197486,1.670019122559836e-06,5.001259945516023e-05,3
CACUL1,1.5022732,1.8713711724353887e-06,5.5253222266421984e-05,3
KCNK1,2.4454641,2.133850767842805e-06,6.207414449628405e-05,3
PNKD,1.0851754,1.7938030632008462e-06,5.3291362748290155e-05,3
MGST1,1.2234486,1.8373022930384317e-06,5.439095870326747e-05,3
CLIC3,3.116463,2.276382479130627e-06,6.559462605886628e-05,3
SCD,1.6943448,2.0546768154182317e-06,5.997903835156041e-05,3
GGCT,1.197423,1.9834174444120126e-06,5.8101139303950494e-05,3
DEGS2,1.4696062,1.9862403660690546e-06,5.813306118527239e-05,3
SNHG7,1.3260931,2.0408878959209887e-06,5.962841543300164e-05,3
JPT1,1.1362159,2.204409067874383e-06,6.392078378869246e-05,3
ERBB3,1.2362713,2.226992401704815e-06,6.450393104108913e-05,3
NDUFA8,1.1251504,2.240755465133413e-06,6.47348656813435e-05,3
CASD1,2.591396,2.958653613591745e-06,8.269683404456728e-05,3
IFT20,1.4264803,2.8805711884198544e-06,8.085124538141452e-05,3
ANKRD17,1.7359903,3.1651507081742344e-06,8.78827151513841e-05,3
MPHOSPH6,1.7527822,3.219918766886423e-06,8.896152830324343e-05,3
TXNDC9,1.4329237,3.028366748060607e-06,8.457489516794405e-05,3
SUPT6H,1.7659632,3.1702657655465744e-06,8.795193055599475e-05,3
FAM110A,1.9104,3.340381363001806e-06,9.161057342309367e-05,3
PLEKHF2,1.4897983,3.1565685216658687e-06,8.771703793305294e-05,3
VPS35,1.1623498,3.043045255218842e-06,8.48821065768826e-05,3
CREB3L4,1.5547694,3.3047855755949716e-06,9.100641460675776e-05,3
NOL3,1.8822924,3.7241423940694905e-06,0.00010089778678472115,3
C8orf59,1.0429372,3.539063722712705e-06,9.642870538059045e-05,3
MKNK2,1.6828041,4.0980927697211445e-06,0.00011049367330322902,3
ITGB6,2.4587984,4.356789237727245e-06,0.00011591320198112013,3
RAB11FIP1,1.7230493,4.492667256677562e-06,0.00011921562694321368,3
SEZ6L2,1.9106559,4.3395384478528994e-06,0.00011579352353176938,3
RAB14,1.2216362,4.184058821174326e-06,0.00011232955490916063,3
NDUFV3,1.2233326,4.275579924429633e-06,0.00011417772790230439,3
AFMID,1.9594148,4.702949229758721e-06,0.00012440190860831015,3
GTF2I,1.047036,4.186277798409433e-06,0.00011232955490916063,3
PART1,2.6338308,4.960894512618836e-06,0.00013019824948963098,3
TPD52,1.0130993,4.123006057473719e-06,0.00011098695519560674,3
WDR45B,1.2101874,4.803324265681794e-06,0.00012655797265925613,3
SLC2A4RG,1.5757772,5.005889002394444e-06,0.00013108085299149327,3
CHMP3,1.0942384,4.817646415671689e-06,0.00012683569735325286,3
TMED4,1.0016134,4.718688811931172e-06,0.0001247198908124377,3
GID8,1.3336598,5.3006114454853605e-06,0.00013835627120079724,3
SEC16A,1.8262935,5.805467115249041e-06,0.00015024781829673465,3
FAM8A1,2.422671,6.330976123242178e-06,0.0001614808138020273,3
MAP3K1,1.678457,5.968587058870015e-06,0.00015352176268524474,3
MCCC2,1.5568919,5.9749164589664785e-06,0.00015356679919555145,3
PTPRK,1.7973297,6.252511008282508e-06,0.000159844109549393,3
PTPA,1.4132797,6.228179580605812e-06,0.00015946516894129736,3
CLDN7,1.1688396,6.4291405257925996e-06,0.00016333458429521175,3
COPZ1,1.0145385,6.503424108706472e-06,0.00016475177343664937,3
SMARCA5,1.431056,7.168524720657215e-06,0.0001800590761836055,3
BAZ2B,1.5465882,7.671045039604082e-06,0.00019158192231821336,3
ASPH,1.356695,7.926496728743761e-06,0.00019693527909540333,3
ZNF264,1.9956605,8.117572110672356e-06,0.0002010867696928076,3
SMAD5,1.5195216,8.440918531638632e-06,0.0002080211965243875,3
TBC1D9,1.228417,8.232676684673854e-06,0.00020363732203587445,3
GRSF1,1.3586851,8.829852445675655e-06,0.00021696855742154374,3
AP1S1,1.1853633,8.692022614012775e-06,0.00021373836546671737,3
HRAS,1.8247495,9.599350846614718e-06,0.00023314397302411606,3
LONP2,1.5091811,9.528161430047834e-06,0.00023158265400379305,3
CPNE3,1.1385428,9.039425285150957e-06,0.00022130756459069214,3
IDI1,1.3946377,9.425921208826464e-06,0.00022943020556258958,3
AHCYL1,1.1268378,9.023300892702821e-06,0.000221074167452261,3
PDRG1,1.7005581,9.74664521495847e-06,0.00023637905072662477,3
TMEM87A,1.2176375,9.242241072128757e-06,0.0002257785927168759,3
NR2F1,4.071002,1.0783995507398213e-05,0.00025744198812358964,3
HMGCS1,1.7988622,1.0086015092544772e-05,0.0002430280403872444,3
APMAP,1.2250767,9.302529155407744e-06,0.00022692082211020446,3
PRKDC,1.1884917,9.770302504573382e-06,0.00023678158692622532,3
JUP,1.2560499,9.799304444290818e-06,0.00023731297499347172,3
CCDC57,1.7190294,1.0851123334047981e-05,0.0002584925623205279,3
TFAP2B,2.3099365,1.190140746203298e-05,0.0002802972756050779,3
ERGIC1,1.3564625,1.1225173358083771e-05,0.00026645685746885193,3
AREG,2.2792978,1.2696836648294083e-05,0.0002963567140016923,3
PAIP1,1.2337635,1.2015080131718007e-05,0.00028260715476714846,3
EPN2,2.023631,1.3266877952256132e-05,0.00030794764940942764,3
ARHGAP29,1.5474987,1.3090285203375143e-05,0.00030448076005992075,3
CCDC47,1.1792927,1.2793834419162518e-05,0.0002984130738895202,3
ANKRD50,1.8754966,1.4042822620680804e-05,0.0003241640148109118,3
YPEL3,1.2397882,1.36314604947872e-05,0.0003153191837625224,3
MARCKS,1.0533228,1.3194149493047662e-05,0.0003064715845888585,3
ZNF292,1.3668721,1.522828846334539e-05,0.00034841202138408443,3
INSIG2,1.8113029,1.602398251090549e-05,0.00036388652498191,3
EPB41L4A,3.257023,1.7327677330378513e-05,0.00038953594191570086,3
HILPDA,1.6279447,1.7083993178061872e-05,0.000385090198377267,3
RNF43,3.0728488,1.8623926586349915e-05,0.00041505988148356313,3
PPP1R1B,2.814103,1.920299240490392e-05,0.0004254211150943741,3
RAD21,1.1551974,1.741629382757267e-05,0.0003910039566737717,3
MRPL42,1.1819278,1.700492504304282e-05,0.00038356569661647565,3
SIX1,2.1966126,1.9340325515855323e-05,0.00042761625453348936,3
AIG1,1.4802525,1.9134844750735634e-05,0.00042419155835057756,3
CTBP2,1.1257609,1.8233339338685487e-05,0.00040770962317256663,3
NAT14,2.2370653,2.0269189114493476e-05,0.0004443456680321736,3
SLC40A1,1.4793993,1.89763908740445e-05,0.0004212356891504477,3
ZNF91,1.4763659,1.9815735115951668e-05,0.000436115204412162,3
KDM5B,1.2852197,2.020077050272431e-05,0.00044313541100842124,3
SLC25A36,1.3418074,2.087673782171398e-05,0.0004561737220052825,3
MORN2,1.64834,2.1548667446798162e-05,0.00046841468232861777,3
CXXC5,1.348958,2.1356308231415838e-05,0.0004645343283981314,3
BBX,1.1088966,2.0682305418511577e-05,0.00045221982140958067,3
NDUFS1,1.5942997,2.2893368866795367e-05,0.0004944407502647672,3
RAB27B,1.5283339,2.2812009976504202e-05,0.0004933189082024032,3
AP3S1,1.0069777,2.263417284561329e-05,0.0004897888976869131,3
ERBB4,2.0616157,2.436549614912422e-05,0.0005238737861139587,3
EPPK1,2.2393768,2.5642253350771683e-05,0.0005481624089472486,3
HSD17B4,1.831815,2.5214657080827238e-05,0.0005400541590983565,3
MIPEP,3.5048563,2.6844644426536462e-05,0.0005695105747694241,3
THUMPD3-AS1,1.0397353,2.372105451723261e-05,0.0005106725863687413,3
PRSS8,1.4103252,2.486462856122643e-05,0.0005332381755576059,3
C1orf122,1.0281608,2.440010648096571e-05,0.0005242818523241966,3
DSP,1.1523682,2.5768081256124165e-05,0.0005505014098163444,3
P4HA1,1.4928585,2.785223897257364e-05,0.0005890239264685325,3
TSNAX,1.3351364,2.828033757554044e-05,0.0005965728318372339,3
CPPED1,2.3561552,3.1077682617448976e-05,0.0006478412384536085,3
KLHDC10,1.9936689,3.1205057548991184e-05,0.0006500924442551015,3
NDUFA10,1.0195571,2.8852559542335643e-05,0.0006059760172883405,3
GNB1,1.0200261,2.8243873779711587e-05,0.000596178584295347,3
GPD1L,2.3698208,3.27035209797867e-05,0.0006775224195077367,3
BCLAF1,1.0302252,3.0263238186347105e-05,0.0006320418879254472,3
SELENBP1,1.5611748,3.234851125308277e-05,0.000671019399173962,3
HIST1H2BN,2.6310875,3.403479013558975e-05,0.0007012044815342849,3
ZBTB11,2.0927212,3.342255918636025e-05,0.0006911381366644323,3
C6orf203,2.3760738,3.558801085961514e-05,0.0007269533935702505,3
UBA6,1.7367657,3.4362763734991584e-05,0.0007066593859198975,3
RAB4A,1.1083366,3.315453034456508e-05,0.0006860185701955937,3
TRIQK,1.9013661,3.5385011943249735e-05,0.0007244570616085705,3
ZNF217,1.5380843,3.488661480733014e-05,0.0007161150227984456,3
PATJ,1.6350249,3.5199040296838714e-05,0.000721204038238404,3
SCARB2,1.2511959,3.448764911419025e-05,0.0007087930385655975,3
MSMO1,1.5540425,3.569226256493202e-05,0.0007281959724394068,3
RGL2,1.573218,3.542260460445591e-05,0.0007244570616085705,3
ABRACL,1.3119097,3.728569865152927e-05,0.0007556493162966424,3
IGFBP2,2.0925288,3.983447617375959e-05,0.000801492600686305,3
MXD4,1.3875726,3.790840408970509e-05,0.0007654941490504505,3
ARSD,1.65062,4.042322531672684e-05,0.0008113916219918223,3
AGRN,1.9838033,4.1864151508497606e-05,0.0008363106049711246,3
STRBP,1.5986427,4.358466129411724e-05,0.0008648540507066385,3
MARCH7,1.3344367,4.2864094982469604e-05,0.0008537438300516704,3
PCMTD1,1.2732149,4.4573321025175195e-05,0.0008809863055423696,3
EPS8,1.4464593,4.4174276549290433e-05,0.000874645460295012,3
RRAS,1.542717,4.506303648061356e-05,0.000890140934391201,3
RB1CC1,1.5129445,4.6679228666090225e-05,0.0009185488174013084,3
MACO1,1.6033548,4.645236938656111e-05,0.0009148907349352003,3
NAALADL2,2.511446,4.891573056060255e-05,0.0009566661916811486,3
MAP9,2.1251945,4.803685859884366e-05,0.0009422247217917048,3
ZMYND8,1.3536294,4.6252245877943985e-05,0.000911484476493607,3
SDF2,1.2200593,4.6692875396357616e-05,0.0009185488174013084,3
PHF12,1.894612,5.119093628811313e-05,0.0009953595327765812,3
NUP153,1.9509091,5.203508901215401e-05,0.0010071026662184985,3
CBWD5,1.5851659,5.1292292406141587e-05,0.0009967524794869031,3
COPB2,1.091686,4.8646050738374725e-05,0.0009525027366116911,3
SRSF6,1.0614188,4.937734929102715e-05,0.0009634471626354517,3
H1FX,1.072674,4.959442810913216e-05,0.0009671201820979081,3
ERP27,2.9971886,5.77547259726585e-05,0.001104417584180347,3
DYNLL2,1.5870107,5.555123725264376e-05,0.0010685901391653619,3
CUL3,1.4417744,5.5594253326708436e-05,0.0010685901391653619,3
CENPX,1.0270051,5.48647803013324e-05,0.0010575974690155115,3
MRPL3,1.0937902,5.567405433982995e-05,0.0010695094253220139,3
IDH1,1.4826362,5.92185199949908e-05,0.0011285502154272649,3
PROM2,1.9184436,6.115405546430247e-05,0.0011585219330086502,3
HSPA1A,1.0297714,5.71830170835362e-05,0.0010947349178075845,3
SPINT1-AS1,1.1984524,5.835937931981509e-05,0.0011134425152252091,3
SH3GLB2,1.7371377,6.214766851979067e-05,0.0011717228498157948,3
OGA,1.1151621,6.120571435828771e-05,0.0011585219330086502,3
PDXDC1,1.1765319,6.15608655296404e-05,0.0011638677546810282,3
POLDIP2,1.1979434,6.158846861841406e-05,0.0011638677546810282,3
BPTF,1.1123967,6.357120030653956e-05,0.0011972159626511191,3
SETD7,1.7757667,6.758477321621134e-05,0.0012635790849748856,3
WSB1,1.0424737,6.556531481333672e-05,0.001231313675338257,3
NAA15,1.5826957,6.879465601879151e-05,0.0012854827618530842,3
TTC36,2.7342699,7.319482407276157e-05,0.0013586206940921395,3
SLC39A7,1.2931293,6.897038133353873e-05,0.0012880487529555807,3
FIG4,2.9020736,7.547894979646241e-05,0.0013925409544131714,3
CCDC186,1.3342825,7.03053081771808e-05,0.0013093338931542593,3
EPS8L1,1.9195393,7.360946318468941e-05,0.0013632992847474696,3
EFHC1,1.6337972,7.639766121322582e-05,0.001407168563840092,3
SEMA3C,1.5968908,7.626119424980703e-05,0.0014054267672158117,3
PDSS2,3.142361,8.209440171266686e-05,0.001496482786872043,3
AC244090.1,1.6464893,7.763823370355643e-05,0.0014268843817265677,3
DPM2,1.3009632,7.677070726525068e-05,0.0014124883666394804,3
PLPP2,1.0875226,7.576557149832702e-05,0.0013970604912728897,3
COX20,1.0246536,7.727515263711907e-05,0.0014209900737947427,3
LLGL2,1.4372097,7.999309460788045e-05,0.0014629489565119512,3
MYO5B,2.0146806,8.193655534159957e-05,0.0014944176197458352,3
ASCL2,2.167436,8.192091194374121e-05,0.0014944176197458352,3
SEMA3E,2.8205261,8.482996442561501e-05,0.0015384138805772136,3
ORMDL3,2.0043545,8.862298015459038e-05,0.0015964035324195036,3
DNAJC1,1.0071181,8.234952770951468e-05,0.0015003180385143031,3
PIK3R3,1.5947767,8.964003747959683e-05,0.0016103998377628053,3
NFIB,1.1149428,8.536252803301022e-05,0.001545140071643387,3
FBP1,1.343774,8.74563206933778e-05,0.0015787795760907346,3
TSR2,1.2926354,8.945561701383198e-05,0.0016079479369029682,3
ARHGAP32,1.6444616,9.242860158287485e-05,0.001656946940508394,3
SOX12,2.610956,9.700596771452009e-05,0.001730679342081233,3
TRIM24,1.9710212,9.491678032714391e-05,0.0016952096533294644,3
NQO1,1.1140338,9.25103294427192e-05,0.0016575261537597461,3
PIGS,1.922698,9.987227740358514e-05,0.001773237171025808,3
BMI1,1.676373,9.919171628049017e-05,0.001763110416409073,3
DCAF6,1.5205016,9.952574352668513e-05,0.0017681106798880012,3
BAZ2A,1.2803271,9.784332506711415e-05,0.0017427676276578704,3
SNHG25,1.5137957,0.00010207613950042364,0.0018048159172291563,3
ANKRD30B,3.3464031,0.00011087255522875192,0.001938882364404363,3
TMEM11,1.3601876,0.00010640122548597302,0.0018724047765084056,3
CNOT2,1.1361395,0.00010626581316366813,0.00187100348520871,3
GPR160,1.314121,0.00010761899540579005,0.0018898684423589549,3
TC2N,1.3244798,0.00010864389212821983,0.0019058707039082748,3
SHROOM3,1.7315164,0.0001135667574079133,0.0019787753819318545,3
CAND1,1.2710826,0.00011190833728613167,0.001952922758019845,3
PAICS,1.1821204,0.00011003081469833907,0.001926170958140392,3
SMPD2,2.1893306,0.00011898063696763133,0.002061009818882059,3
VEGFA,1.6138147,0.0001190237625346456,0.002061009818882059,3
FUNDC1,1.4976335,0.00011744204277568284,0.002038883828539947,3
VKORC1L1,1.4258758,0.00011585733068204342,0.002013456335961875,3
FBXO21,1.3289148,0.00011751407571567359,0.0020390789516706712,3
RPA3,1.0036051,0.00011790309195798064,0.002044543449326987,3
LRBA,1.6250191,0.00012410877620978704,0.0021347345963345986,3
PCMT1,1.0990002,0.00012252867795515618,0.002114060898813731,3
AC093323.1,2.2648723,0.00012911725030382315,0.0022016887099341803,3
PAK4,1.5035366,0.00012794604755438899,0.002190627044931986,3
ERAL1,1.6951112,0.00012905132989648,0.0022016887099341803,3
DLG3,1.8897831,0.0001316691831718437,0.0022395111930866175,3
ZFYVE21,1.1790837,0.00012977211287284248,0.002211267641671955,3
DPCD,1.2264272,0.00012910137064466162,0.0022016887099341803,3
ZMYND11,1.3392502,0.00013338178692611722,0.002266341699741083,3
CKB,1.920968,0.00014022015602062267,0.0023669472838891317,3
MYB,1.6654866,0.00013765347693222438,0.00233065889438856,3
ATP6V0E2,1.3699284,0.0001387915594174131,0.0023463748459775463,3
POP7,1.0162163,0.00013585659195616793,0.0023037239387269106,3
CPD,1.647072,0.00014949266271454482,0.002507066700054274,3
PPIL4,1.4907151,0.0001511387133939324,0.00253340509042773,3
LMO4,1.1829965,0.00015345081936262814,0.0025670293926393565,3
COQ4,1.0886997,0.00014937491282196772,0.002506345148054837,3
MED13,1.5199244,0.00015829783201224798,0.00264102909244604,3
QPRT,1.457664,0.00015554638291403637,0.0025994923912903306,3
ARHGEF38,3.5456855,0.00016625006399278026,0.0027482471150230866,3
MARCH6,1.1309205,0.00015689237971499485,0.0026206809302891645,3
VEZT,1.3352598,0.00015982276315054173,0.0026616759179902286,3
HIST1H2BD,1.9197907,0.00016423103030322635,0.0027229228805736604,3
SYNJ2BP,1.4431732,0.00016124873655331824,0.0026814297832101373,3
TROVE2,1.0526624,0.00015875091079639648,0.0026451387476512343,3
BZW2,1.1115959,0.00016004260815784472,0.0026640144517232106,3
ITPR1,2.2081988,0.0001734584517166682,0.002850548715839671,3
EHF,1.566214,0.00016804154103473466,0.0027764932649487857,3
CLCA2,3.0148072,0.00017762899425526204,0.002903437668769856,3
MAGED1,1.2288533,0.00017416100460412366,0.002859292342352869,3
PNMT,3.3580387,0.0001874285866225402,0.0030340454748584078,3
ELF2,1.3331537,0.00017696968420811512,0.002898477330034758,3
AL355338.1,1.657339,0.00018084574337423235,0.002950266088771949,3
ARRDC1,1.1949298,0.00017573113846695528,0.002882248467149216,3
DDX42,1.3192465,0.00017935314312972543,0.002928196458829743,3
USP9X,1.1786305,0.00017697986261325498,0.002898477330034758,3
C17orf58,1.5479205,0.00018312252351182506,0.002980161359102438,3
MUT,1.9218646,0.00018616045416962025,0.0030164288856537355,3
CASZ1,1.5379853,0.00018810028217674976,0.003043449862272245,3
TLCD1,2.560222,0.0001957684295789508,0.0031508008140631425,3
MEGF9,1.9079016,0.00019465355621881185,0.003135866920814202,3
KAT6B,1.3458632,0.00018894939793118558,0.003055714443592042,3
SINHCAF,1.1392528,0.00018602651936554671,0.0030157155563266323,3
IFNAR1,1.075092,0.00018661145671153016,0.003022276614949992,3
MZF1,1.8773148,0.0001971450907190413,0.003168396496314022,3
CISD3,1.0893137,0.0001918382488149082,0.0030964613587588243,3
CCDC157,3.0255516,0.000209888888687283,0.003336391506772333,3
ABHD11,1.326683,0.00020163407017404335,0.0032327955772980823,3
PON2,1.1735618,0.00020066186488737353,0.003218746824575512,3
G3BP2,1.0978714,0.0002054118200543563,0.003279256476174757,3
PDS5A,1.1460468,0.00020657915452923777,0.003291625378653285,3
AP2B1,1.0007408,0.00020615161656424528,0.00328793693351467,3
NHSL1,2.3988583,0.00022423645243811987,0.0035260735355025683,3
FAM107B,1.1496595,0.00021233685167638014,0.003368964211011101,3
RNF144B,1.5210407,0.00022300863772777978,0.003513354963845684,3
APOD,1.70126,0.00022515278285888972,0.0035355825713492685,3
LMBR1,1.711678,0.00022575032844216275,0.003543234331435929,3
ARMCX3,1.0506614,0.00021918552169864836,0.003461253099479456,3
SLC39A10,1.8148777,0.00023167471322181472,0.0036226580681458682,3
PIP,2.0274901,0.00023650920039668856,0.00368793821036975,3
ZNF552,1.4174848,0.00023345349490038337,0.0036436778373446993,3
RSRC1,1.0855505,0.0002326130555975255,0.0036339424768498385,3
AP4M1,1.6119236,0.00023974774523564095,0.0037280385363693243,3
VAPB,1.4308292,0.00024001999828921706,0.0037293441171966503,3
TINCR,2.2530046,0.00024756131543930275,0.0038353136633485696,3
TSPAN1,1.847612,0.0002504357891357358,0.0038726910112502136,3
GAB1,2.2072256,0.0002560135631818897,0.0039341962557264114,3
RAB3D,1.6949613,0.0002549901199545467,0.003923221841007088,3
LMO3,3.413852,0.0002637450370515539,0.004033867892269115,3
ZNF721,1.486256,0.00025114921343601354,0.003878864286133861,3
RHOD,1.3276448,0.0002518737713838641,0.003885969717564943,3
SLC25A1,1.2379315,0.00025396458915660287,0.003911031352112772,3
FBXW2,1.3768193,0.0002558908069393072,0.0039341962557264114,3
QRSL1,2.3528275,0.00026782967959735737,0.004087022421917635,3
TFAP2C,1.8247316,0.00026364219384899455,0.004033867892269115,3
MUC6,3.9209602,0.0002756554415076579,0.004172273990797993,3
MYO6,1.0377345,0.00025605528834115725,0.0039341962557264114,3
GUCY1A1,2.2150311,0.00027250345121173524,0.004143959618833388,3
THRSP,3.5834694,0.0002769642177578771,0.004188303348880503,3
RANBP9,1.5261648,0.0002645190752270801,0.004043862489604145,3
FRS2,1.6518052,0.0002732493178442763,0.004150840294300213,3
HID1,1.8110065,0.0002748802536797229,0.0041642992722093885,3
ACSS1,2.1048112,0.00028213643252565185,0.0042607555530584824,3
KDM1B,2.4235075,0.00029326207169873557,0.004399062230253708,3
DSC2,1.4964985,0.00028710509937801093,0.004327996466623759,3
IGSF3,1.9750544,0.0002960401768716117,0.004437743555456571,3
CCNG2,1.5005158,0.0002966402488248529,0.004441790440104639,3
FAM241A,1.3380497,0.0002876787173984464,0.004332748926924693,3
CCDC34,1.2405214,0.00029263870009964586,0.004391675454157594,3
IGFBP5,1.8062959,0.00030153373162216497,0.00450300217824534,3
TPD52L1,1.0582577,0.0002970951376627035,0.004446616694486719,3
KIAA0100,1.8082101,0.00030894636734139086,0.004595286078491171,3
TSPAN5,1.4974935,0.00030797462530813907,0.0045869346835969325,3
CA12,1.1292379,0.0002987215036209809,0.004466971891641248,3
ADGRG1,1.4465477,0.0003087234287988997,0.004594007331563396,3
GOSR1,1.1729218,0.0003139991978774177,0.004660109334516136,3
ASS1,1.9828869,0.00033666529918199346,0.004956893745887195,3
SAR1B,1.0580896,0.0003260143236541759,0.0048298791650550855,3
VWA1,1.6360402,0.0003360486479155419,0.004952288093029522,3
IRX5,1.6832281,0.0003396247663877218,0.004985275400179683,3
CITED2,1.2881873,0.0003395681796425014,0.004985275400179683,3
BROX,1.2625139,0.0003387541295368522,0.004981215369923524,3
PNPLA2,1.1933979,0.0003432951374341398,0.0050325446698769585,3
CRLS1,1.3646601,0.00035235365558879144,0.005148647237535282,3
N4BP3,2.2091508,0.00036277756337448086,0.005262942151013608,3
WFS1,1.9681717,0.00036103467174106613,0.005248716278167952,3
PKIA,3.419187,0.00037395673467421984,0.005399432990834269,3
YIPF5,1.192683,0.0003538131841833527,0.005166411846187998,3
ARIH1,1.2371607,0.00035689065602456286,0.00520229008853536,3
LINC01184,1.790298,0.0003732644977024095,0.005391759051436915,3
TNKS2,1.1788298,0.0003573639403013604,0.005203013924811147,3
AC005261.1,1.5330149,0.0003685868943064074,0.005335681062551235,3
SMARCD2,1.1999915,0.00036117101964794226,0.005248716278167952,3
ELMOD2,2.134837,0.00038268743658117333,0.005508892407883748,3
TWF1,1.0803188,0.0003704622667827333,0.005360515483244029,3
RTF2,1.1180179,0.00038945741679048863,0.005599138969811307,3
ZNF254,2.2536774,0.0003973505583978866,0.00569309486511043,3
NIT2,1.0587978,0.000394455641348736,0.005658869403968329,3
PPIL2,1.7388517,0.0004090119875857853,0.005832768314462086,3
MRPL1,1.3152357,0.0004046146230725303,0.0057872831865568184,3
TKFC,1.8108785,0.000428265004531763,0.006076326783840889,3
TMEM63A,1.4300271,0.0004266560340884625,0.006056060109759255,3
INHBB,1.8293754,0.00043511359349415995,0.006155269944912534,3
ETNK2,2.4928827,0.0004445228547467748,0.0062593371415036,3
ABCD3,1.378357,0.00043035718287679436,0.006098272188791955,3
C6orf52,3.2480986,0.00045219796432375355,0.006348753420419849,3
NUDT8,1.9704899,0.0004482158016961959,0.006303398827963148,3
MLF1,1.1580805,0.00042978577955313707,0.006092749295009201,3
ABCC11,3.5472329,0.0004653028911281597,0.006521823765703973,3
TRIP11,1.2319423,0.0004430897042800906,0.00624702470418601,3
ZNF426,1.9732527,0.0004674715636751827,0.0065412864902917416,3
ADGRV1,2.8340435,0.0004838396160653568,0.006736597991883824,3
DIP2A,1.4622751,0.00046854286715093397,0.00655354308052939,3
CBWD1,1.3098325,0.00047533462260052447,0.006640232643333691,3
TRIM28,1.2410709,0.0004784288611794705,0.006672341967908781,3
ATP8A2,5.091615,0.0005001097027055539,0.0069183613804781885,3
HIST2H2BE,1.5440553,0.0004834251818035524,0.0067336229330867735,3
CTPS2,1.8907436,0.00048643554611140725,0.006764317849138769,3
ADIRF,1.0065229,0.0004661666097017768,0.006525748854760975,3
HIPK2,1.2204165,0.0004777762594067803,0.0066660122781875275,3
LUC7L2,1.0499536,0.00047890933203994834,0.0066762667938287225,3
THRA,1.9969622,0.0004976394147446638,0.0068887014485970975,3
MKLN1,1.3310668,0.0004927311654965628,0.006832036387730555,3
TRIL,2.892837,0.0005158766118154505,0.007101069481915134,3
NUMA1,1.03818,0.00048630957978225637,0.006764317849138769,3
TTC37,1.5075812,0.0005010208464386928,0.006926933310140229,3
TMEM150C,2.0077884,0.0005110620375140698,0.007045430250825901,3
PIK3R1,1.2471153,0.000511575696870708,0.0070496139888004995,3
ZBTB41,1.8323435,0.00052856431090062,0.0072361532864970175,3
EPRS,1.1780292,0.0005171068295173553,0.007105399495633599,3
LLPH,1.0563805,0.0005148584427391803,0.007091937177788438,3
PAK1IP1,1.6352051,0.0005350823655530717,0.007310467463550134,3
SWI5,1.1590699,0.0005225284817731641,0.007165219872098812,3
HINT3,1.5099034,0.0005298424716133914,0.007249504465047583,3
ZNF587,1.6244979,0.0005365675813688067,0.00732777412324558,3
LIN7A,2.8991334,0.0005434338442330096,0.007415506334182008,3
MFSD6,1.9446735,0.0005499311290793236,0.007488932196690863,3
ATF3,1.2467337,0.0005539880896340856,0.007538058626538282,3
SGK494,3.3086789,0.0005804984795435742,0.007816338619980337,3
DOPEY2,1.8814218,0.0005641730358168314,0.007642539496903209,3
MAD2L2,1.3047066,0.0005580824057559427,0.007582038566845441,3
TTC30A,2.7835631,0.0005780322057671361,0.007789384577595625,3
RABL6,1.2834374,0.0005599706664086989,0.007600961603405168,3
ATXN7L3B,1.2495606,0.0005581244811288093,0.007582038566845441,3
CD2AP,1.2576836,0.0005609053606800078,0.007610569054436951,3
RALGPS2,1.4880546,0.0005715817168297663,0.007720773434606427,3
DUSP16,1.7813098,0.0005813526111314961,0.007824698206244587,3
CEBPZOS,1.1043022,0.000563898712484703,0.007642539496903209,3
RNF11,1.0298926,0.0005696670085098617,0.0077045165856569646,3
SOX11,3.9194593,0.0006094394797789793,0.008140664910898742,3
GOLGA2,1.0316014,0.0005755195046056993,0.007761761038994675,3
HIST1H3H,3.3428855,0.0006162072413829484,0.008210260260903417,3
ST14,1.2121521,0.0005908168866638555,0.007932982063888061,3
DHRS4-AS1,1.3657069,0.0006041131302263518,0.008092076078642998,3
REPIN1,1.136625,0.000598551179371859,0.008023982856639297,3
NIPSNAP1,1.4293696,0.0006065553639649346,0.00811183152422164,3
NLK,2.2498114,0.0006209007095480856,0.008254312603627563,3
SPINT1,1.0703284,0.0006049288256026113,0.008099767560693487,3
NR2F2,1.223009,0.0006086522897359743,0.008133389023918053,3
SPPL2B,1.544309,0.0006202664918082488,0.008251716424103056,3
C9orf152,2.0101972,0.000638101432583786,0.00845950994082718,3
ARID2,1.4493653,0.0006291892074961866,0.008351260470371822,3
RBP1,1.3638428,0.0006538216008632264,0.008626998550178394,3
SLC25A17,1.4975277,0.0006513802296419323,0.008604940638999626,3
SUCO,1.1882795,0.0006495318564159542,0.008587287345702608,3
GOLM1,1.1867774,0.0006517262194231571,0.008606121703020516,3
ZDHHC9,1.337429,0.0006700342429020896,0.008799380791377834,3
PER2,1.8533163,0.0006840551926592294,0.008955462613966908,3
SCYL2,1.4021779,0.0006756155448176889,0.008855342316815203,3
MLLT6,1.2740867,0.0006806630591792373,0.008914533255732448,3
HGD,3.597927,0.0007086011735405989,0.009215661869610401,3
KCMF1,1.2187454,0.0006892545871644261,0.009012977819915016,3
MARVELD2,1.8604697,0.0007069884583041553,0.009201823779580781,3
LRP11,1.8432968,0.0007079968550198662,0.009211374132746832,3
PRRG4,1.2932004,0.0007111693561329301,0.009241895146863468,3
JPT2,1.0620828,0.0007033377053639748,0.009161417466257505,3
HSPH1,1.0282155,0.0007402088822902356,0.00957475747045769,3
MKL2,1.411484,0.0007475012377714923,0.009643053467728317,3
CMTR2,1.4200125,0.0007470315629048341,0.009640702443782624,3
HBP1,1.164068,0.0007553087052136601,0.009717610004438578,3
FAM210B,1.256565,0.0007765068143952894,0.009936976368421366,3
SLC7A1,1.8987358,0.0007844570830139039,0.01001197679656368,3
ARFGEF1,1.211772,0.0007645204899803284,0.009821057738196168,3
RRP36,1.1615964,0.0007654039856290697,0.009828642833837912,3
DIDO1,1.4782552,0.0007795963042215266,0.00996510657008164,3
REV3L,1.5065002,0.0007771967582094316,0.009942012382571528,3
TCTEX1D2,1.13728,0.000771975337821442,0.009897868809582945,3
ARHGEF12,1.118814,0.0007813064424153995,0.009982640261122673,3
PTRH1,1.1226959,0.0007998595360037051,0.010177719620332119,3
KIF13A,1.9385263,0.0008332632459252492,0.010524251627257177,3
KYAT3,1.7413616,0.0008262058733485749,0.010461219780288617,3
RHOU,2.4083817,0.0008398647097978239,0.010594171580040921,3
ORC4,1.3784171,0.0008175833287229539,0.010379471017674715,3
ZNF626,1.7166499,0.0008308489420621928,0.010508108735184015,3
AFDN,1.1695358,0.0008350053482845477,0.010540803307042533,3
TP53TG1,1.1203762,0.0008329415247330226,0.010524251627257177,3
TMEM203,1.214151,0.0008333804097073749,0.010524251627257177,3
DTNA,2.7333236,0.0008711211900499309,0.010921650626168136,3
HBS1L,1.5257854,0.0008524765814742173,0.01072215484717856,3
PPIL6,2.6810732,0.0008694481432317988,0.010912744176549647,3
SERTAD4,1.3571128,0.0008545147022255718,0.010742607806352287,3
TPMT,1.4318588,0.0008731675741013153,0.01093053326576352,3
CDS1,1.573259,0.0008830045262976028,0.01103870846684603,3
DGAT1,1.7917871,0.0008891696847084349,0.011107501078139894,3
WEE1,1.162651,0.0008706898622211347,0.010921394416140269,3
KMT2A,1.0032378,0.0008693910795476566,0.010912744176549647,3
ETNK1,1.1019734,0.0008721068621703448,0.010926558002402748,3
C2orf49,1.8082234,0.0009101124686740785,0.011314337402445243,3
SLC2A1,1.2025151,0.0008724045893215634,0.010926558002402748,3
MBOAT7,1.1702193,0.0008928839847246995,0.011137308193250706,3
SLC25A24,1.2612547,0.0009043817097770855,0.011268152647709221,3
DLG1,1.1727383,0.0009186529652861213,0.011399385537795705,3
LCOR,1.3478588,0.0009202785475029992,0.011412612743726557,3
KLF8,2.4405587,0.0009460555338827636,0.011674631590125745,3
TAF10,1.1053723,0.0009425622586746677,0.011644375955140712,3
ODF2,1.6575032,0.0009595444010643055,0.011810671103155182,3
LRRC75A,1.8472545,0.000978567480675991,0.012022758926503084,3
MRPL15,1.378937,0.0009796593738657198,0.01202736275945465,3
SRCIN1,2.4075453,0.0010002425251533994,0.012239742625381309,3
DCD,6.4572096,0.001040486339255693,0.012630818785731161,3
EFS,2.1083288,0.0010244301193840628,0.012486514593183017,3
PPP2R5E,1.1259584,0.0010031014692781007,0.012270250321319029,3
PUS7L,1.3228295,0.001009220266959595,0.012322627220273672,3
GSDMB,3.0400481,0.001046702391246484,0.012687909253631486,3
RBM12B,1.8259844,0.0010454456822409106,0.012677257276949525,3
ZNF148,1.1770221,0.0010301733713861142,0.012541940126918932,3
TTC6,2.319151,0.0010654371636045616,0.012854614354122516,3
SLC44A4,1.6732181,0.0010541480120259369,0.012761803021229921,3
HIST1H2BG,1.8268907,0.0010670475349928519,0.012864788415239125,3
GSTA4,1.6065364,0.0010695794906421558,0.012888360567304958,3
DST,1.236414,0.0010556953060854885,0.012773837035141906,3
PTPRA,1.2995363,0.001063614147550074,0.012841858215614482,3
CLPSL1,2.9249766,0.0010956335678818526,0.013147994812280937,3
UFL1,1.1842537,0.00106500534176659,0.012854028128173154,3
PPP1R37,1.3864123,0.0010818209071556174,0.013005503601041779,3
ZNF644,1.026162,0.0010765144338917788,0.012955640698659546,3
GRB14,3.1613672,0.0011487349264536256,0.013687288869691316,3
ANK3,1.5311774,0.0011206088695484768,0.013423693604830521,3
DDX49,1.1547513,0.001104443299706687,0.013239504187084344,3
ZNF135,2.8322055,0.0011556913161679726,0.013740887073941853,3
SLU7,1.1490272,0.0011504184542091456,0.013702480601075621,3
CDYL2,2.6333768,0.0011885674903627235,0.014076886368028287,3
GPRC5C,1.8260437,0.0011996781386312645,0.014178437085211855,3
CDK13,1.0341368,0.001197276019970933,0.014155035243512536,3
TMEM14C,1.0765461,0.0012405736864304702,0.014583802484300995,3
ENTPD2,2.4851215,0.0012576610571629976,0.0147442186362475,3
SLC15A2,3.4261162,0.0012816834482941716,0.014999631730368041,3
FUCA2,1.176405,0.00125288238131652,0.01469847077710297,3
TEX2,1.6214885,0.0012759970755584073,0.014938295955080118,3
UBE2M,1.2915603,0.0013090068950181075,0.015276757225400955,3
ANO10,2.0530612,0.0013337146473981897,0.015527290172989476,3
DTYMK,1.0636344,0.0013099872636657289,0.015282880977604248,3
FGFR4,3.9606063,0.0013779482995731431,0.01596468529049492,3
GPS1,1.2104509,0.001334649816534347,0.015532786084794772,3
AC245297.3,1.2098267,0.00133659943196304,0.015550080314766675,3
FTX,1.3981862,0.0013724011860519409,0.015918310145807912,3
DMXL1,1.6411422,0.0014008107535010306,0.016190418154093063,3
UBE2W,1.1562092,0.0013898865938565589,0.016080781733198633,3
MYLIP,1.0425777,0.0013952724713173347,0.016137528951880937,3
BIK,1.2530274,0.0014068879183917215,0.016247522034900555,3
RUFY3,1.301131,0.0014085134233553127,0.01624768936233636,3
TTC39A,1.2317628,0.001413252126240265,0.016294908754288323,3
REEP1,3.0253522,0.0014729962874919294,0.016885088338607933,3
OLMALINC,1.9831309,0.0014634497533092918,0.0168043711659524,3
RAB17,1.4224594,0.0014583901178722046,0.01675774681176828,3
SUMF1,1.2217122,0.001453916564665482,0.016712068367184692,3
LDLR,1.3558573,0.0014809710110382417,0.016924445887984214,3
ZNF562,1.335411,0.0014783830385063806,0.016918717063750224,3
ZNF827,1.4741073,0.0014875445050070847,0.01697065654504851,3
ZNRF1,1.2682326,0.0014748223508317965,0.016900244779381377,3
SLC35B3,1.4095602,0.001499773354558786,0.017081119893126058,3
FEM1C,1.4788446,0.0015021217659415239,0.017096255904799677,3
KITLG,2.6099339,0.0015489213940781319,0.017510068243604526,3
AC009283.1,3.8832607,0.0015540029850766878,0.017555680068190364,3
FBXL5,1.1205497,0.0014955577737306629,0.01703952877926565,3
LENG8,1.1133648,0.0015015152494490577,0.01709515376163301,3
SLC5A8,5.7183514,0.0015862465553595358,0.01788379687842494,3
C8orf82,1.3282534,0.0015348068846009512,0.01737393105514698,3
LGALS8,1.0895731,0.0015203415098139308,0.017258411740880532,3
PEX11A,2.170523,0.0015676316412221965,0.017685816642527313,3
LRRC75B,2.0239723,0.001565279449787455,0.017671167292265578,3
SPOPL,1.3029335,0.0015499073347624976,0.017515310618352067,3
SAMD12,2.1456208,0.0015963252551377673,0.01797509432905774,3
APPBP2,1.412792,0.0016006433624582476,0.018015831885977208,3
UBN2,1.5548642,0.0016420836839977726,0.018414285805740317,3
GATA2-AS1,3.5375912,0.001696068814338003,0.018943671029540782,3
CHPF,1.1739212,0.0016360127710359433,0.01836361776173691,3
TNFSF10,1.1247622,0.0016615389427203232,0.01860757184567024,3
DDIT3,1.2827729,0.001672607978331268,0.01871903376750386,3
KMT2C,1.0155348,0.0016536856533099242,0.018525808449454964,3
CMTM4,1.9439278,0.0016948512229637638,0.018936377371561494,3
SH3BP4,1.6188604,0.0017038856594839638,0.01900789263958597,3
TAT,4.3210025,0.0017449227552229038,0.019347588143117822,3
MEST,2.1250334,0.0017280611825134676,0.01921780508046559,3
HS6ST1,1.5551714,0.00170666870432022,0.01902405284533217,3
IBTK,1.2190905,0.0016982863041033614,0.018962124143119458,3
CDKL5,2.1285193,0.0017535781025600564,0.019437132563769614,3
RAB22A,1.2054685,0.001744135549671701,0.019345254785561677,3
RASSF6,3.0426447,0.0017902169981864895,0.019764867786758736,3
ZNF121,1.5727506,0.00178490964225284,0.019732252574424028,3
GGA1,1.1634022,0.001826186787986019,0.02009584352225691,3
AC008124.1,1.7110555,0.0018502858871554259,0.02032769044909274,3
TMEM263,1.2974904,0.0018493617255839147,0.02032419450780147,3
SPA17,2.254144,0.0018713195235165287,0.020518446596360866,3
IRS1,1.9896718,0.0018727004061423157,0.020526877229548827,3
RHOBTB1,2.8409493,0.001896425994040941,0.020746257099193477,3
ARL16,1.0573269,0.0018628046880764316,0.020438446857301798,3
C16orf74,1.4995186,0.0019054427163722532,0.020831308393038376,3
HCAR1,3.269946,0.001960413774730393,0.02135571238006889,3
EPB41L5,1.5212771,0.0019196369652525467,0.020952340856340925,3
MTHFD2L,1.0569599,0.0019240336925390841,0.020986671246001114,3
ROCK2,1.2014211,0.0019145610457722612,0.020910547716133966,3
BX255925.3,2.2671654,0.0020349954018900928,0.02203125541133823,3
CCDC6,1.0230268,0.0019842061873814824,0.021586850383056213,3
DIP2B,1.5932746,0.0020368779413422336,0.02203125541133823,3
SSH2,1.5142765,0.0020427233029460816,0.022080239221435552,3
EHMT1,1.1750978,0.002040700544299406,0.0220654858015301,3
FBXW4,1.4254135,0.002052441221709189,0.02217099227611849,3
CHML,1.6443247,0.002068533001091501,0.022316071209266656,3
BSPRY,1.1715635,0.00206156957597195,0.022262429216894773,3
ZBTB7C,2.193421,0.0021046467592904044,0.022582199921100273,3
DNAJA4,1.424792,0.0020903812315638324,0.02247537244852235,3
WDR34,1.0184021,0.002074521598040946,0.022355289498835727,3
CRBN,1.076593,0.0020796183759208614,0.022392449421111273,3
MIB1,1.3314068,0.002108924206412425,0.022613627495933233,3
SREBF1,1.1376717,0.002105937143723347,0.022588819231731623,3
DBNDD1,1.7621486,0.0021169437488387276,0.02268511510536734,3
ZNF497,3.4263225,0.0021967062325520437,0.02340524896633675,3
CDK5RAP2,1.299879,0.002186293076605122,0.023301701964541593,3
CMBL,1.3312849,0.002211348332758786,0.023538824001606614,3
PCYOX1,1.0916214,0.0022022073536253697,0.02345641055825612,3
MTERF2,1.577808,0.002232974940289039,0.023723855708658426,3
KMT5B,1.2721413,0.0022324879101611127,0.023723855708658426,3
GFOD2,1.6690476,0.002254981381917382,0.023934914724965478,3
RBM20,5.060414,0.0023126961424484475,0.024393126199328107,3
CREB3L2,1.1883299,0.0022715906005229512,0.02408072703291413,3
GALNT3,1.4022024,0.0022975360801965896,0.0242713882412201,3
DNALI1,1.3518941,0.002287143801965636,0.0241950600849013,3
CYP4Z1,1.941036,0.0023024098706652314,0.02430756357317675,3
MAOB,1.7592454,0.002357273532028599,0.024793136261452256,3
TMC5,1.4494532,0.002344018280955919,0.024692436294454292,3
KIAA1671,1.4959339,0.0023668064889401856,0.024836156064477893,3
NCOA1,1.2721174,0.0023686006787551686,0.024836156064477893,3
LNPK,1.2280701,0.002375178476685841,0.02486450102575524,3
UBAP2L,1.1691965,0.002396635052594736,0.02506564898630497,3
KDM7A,1.4680077,0.0024134792552979005,0.02520252419114162,3
LYPLAL1,1.247018,0.0024173224927851096,0.02523480041410064,3
RFX1,1.4330909,0.0024188518184975714,0.025242908787874004,3
RTN4IP1,2.4493628,0.002490435441193976,0.025885247949515692,3
ARHGAP8,1.6171949,0.002472865360533985,0.025749478090947457,3
USP38,1.4800267,0.0024587082002620725,0.025615728203981718,3
EFNA3,1.417171,0.0024743021343169155,0.025749478090947457,3
UBE4A,1.3111005,0.002459158785272387,0.025615728203981718,3
DGKD,1.6949505,0.002510259419139492,0.02605899448386187,3
TMED7,1.1079732,0.002474157255416684,0.025749478090947457,3
SLC5A6,1.3060341,0.0024902437983026064,0.025885247949515692,3
AL121944.1,1.7434322,0.002538078408540652,0.026258386150790253,3
R3HDM2,1.1249405,0.0024807956763129536,0.025801044272624116,3
SESN1,1.5616755,0.0025118536696445057,0.026067476464587364,3
EIF3B,1.0033367,0.002500809850571581,0.02596893597461963,3
PCDHGA10,2.9044325,0.0025642864993944423,0.026465539401925423,3
TRAF3IP1,1.7088569,0.002554688076895771,0.026397656434738462,3
RAB21,1.0489141,0.0025663569517634056,0.02647744648388077,3
MUC15,4.9956875,0.002682228322020106,0.027429211042225,3
EXPH5,2.0136986,0.002660711105556556,0.02725826730842482,3
CLOCK,1.4475645,0.0026567983733452724,0.027234619266617903,3
DNAJC12,1.3393587,0.0026472992407806967,0.027170460169836395,3
MAP7,1.0409411,0.002629457987348578,0.02704098178327243,3
AL355353.1,3.6805017,0.002744686604291884,0.027934562528832245,3
STK16,1.2833775,0.0026823234912047344,0.027429211042225,3
CPEB4,1.0842105,0.0027066393367019682,0.027631466631420368,3
ARHGEF35,1.32527,0.0027236241878603623,0.02777533562937805,3
SEC23B,1.1532723,0.002754110084778054,0.02800733850125885,3
CLGN,3.3476624,0.002839962368950385,0.028725928171581684,3
MT-ATP8,1.315705,0.002808058893804307,0.02844612001120213,3
POR,1.1525561,0.0027977345928351903,0.02837581372188845,3
SLC7A8,1.6097019,0.002859094821871504,0.02888460825915425,3
TSPYL5,1.7240255,0.0028537518065576695,0.02884653477096993,3
SLC37A1,1.6513262,0.002854466143074124,0.02884653477096993,3
CNTNAP2,1.9452059,0.0028962745274796033,0.029154845115904375,3
CASP14,5.6535845,0.0029678781207558864,0.029759521688571957,3
NREP,1.3409917,0.002889879220567942,0.029107939620741544,3
PHKB,1.089027,0.0028804238531175254,0.029021416779037225,3
SCAF8,1.6176372,0.0029331640817583755,0.02949078431242736,3
PKP3,1.3962253,0.0029521576951937706,0.029626055358769807,3
MACROD2,3.3601022,0.003011623792321898,0.030120488862739225,3
ERBIN,1.0590256,0.0029528263372357298,0.029626055358769807,3
C1orf115,1.8909003,0.003024530783438471,0.03021917992472736,3
PINK1,1.3814437,0.0030172714265232696,0.030155631977657027,3
RNF39,3.1853387,0.0031021986323520184,0.03088196480152359,3
CRKL,1.397698,0.0030550120698079777,0.030487402509202434,3
SLC52A3,2.4963288,0.0031083863115128935,0.030910096260263215,3
CYP4X1,1.8862035,0.003094201468177785,0.030823466422379295,3
SC5D,1.4880599,0.0030709211926337084,0.03062794163607708,3
GALNT7,1.1902796,0.003132813403444099,0.031137209532201254,3
MTRF1L,1.279958,0.003165731278661782,0.031368328749658746,3
EPB41L4B,1.8164669,0.0032047893161138907,0.03167113684495463,3
C1orf56,1.065899,0.00318792095495128,0.03153230809496339,3
AC010329.1,3.3242788,0.003302465099798435,0.032431856899893655,3
ECI2,1.1479228,0.0032198572296748,0.03178258721027736,3
MARCH5,1.1457795,0.0032140940444753325,0.031735039253973245,3
RABEP2,1.2863042,0.0032213470913109955,0.031787938449444574,3
AL035661.1,1.8428065,0.003256348024517905,0.03204846510867226,3
FOXK2,1.6308959,0.0032667856168594332,0.03213604182558171,3
CCZ1,1.0234776,0.0032103036680677845,0.031706947977226604,3
RSPH1,2.0318947,0.003248659967762736,0.03199157486163533,3
FAIM2,3.280098,0.0033159292266534387,0.03253937454393885,3
BNIPL,1.6593212,0.003288394571580932,0.03231644955329506,3
CBY1,1.1789936,0.0032780224770565737,0.032223960112237555,3
GSTCD,2.1554601,0.003340208147342584,0.03273931077440608,3
KIF1BP,1.6857315,0.003333391132657137,0.03269159999428451,3
AC044784.1,3.5145416,0.0033956727033773214,0.033128056470034535,3
ZNF117,1.8253628,0.0033615759085458426,0.03291027949461066,3
CLMN,1.1293443,0.0033250051363769417,0.03261889361778854,3
MED24,1.5580959,0.0033725905612455986,0.03296039044718491,3
LINC02001,1.3998843,0.0033865414923200292,0.03307745724924464,3
STMND1,2.7998533,0.0034463362132179,0.033500746009583235,3
DALRD3,1.2478001,0.0033938335129402187,0.033128056470034535,3
HLTF,1.3265537,0.0034252546703970013,0.033348756719821716,3
AK4,1.3290648,0.003441550843047378,0.033478264740908384,3
ARHGAP5,1.067726,0.00343208190110243,0.03339583958366017,3
AP001453.2,2.1128442,0.0035286088107104483,0.034154163000667266,3
MEX3A,1.6108463,0.0035203681417511285,0.03410648984473559,3
TAB2,1.3385161,0.0035175565992729687,0.034098949680986895,3
ISOC1,1.3332754,0.0035542599654528858,0.03434716883948241,3
ZNF146,1.1094503,0.0035189546681983776,0.034102646208044436,3
AGAP1,1.7102681,0.003560447067390707,0.03439543637308517,3
WWC1,1.6592556,0.0035834873239918275,0.03457817846202816,3
RHPN2,1.8158281,0.0036112454980776155,0.03479597393019859,3
TMEM67,1.7893689,0.0036256787175739493,0.034904962648148054,3
TMEM135,1.9072875,0.00364855753733385,0.03508493932331269,3
ZNF184,2.0425,0.0036441975708076586,0.0350559741948474,3
ERV3-1,1.1483474,0.003590448247714236,0.03463538242064515,3
FAM84B,1.0445839,0.003599366151653315,0.03471142613358362,3
TNFRSF19,2.713398,0.003704102776107351,0.0354361982924748,3
GSR,1.8498014,0.003679404099402414,0.03528488860612338,3
ZNF548,1.991031,0.0036911622384127258,0.03534468036642847,3
ESF1,1.2000996,0.00370161805515502,0.03542253100940215,3
LRCH4,1.38668,0.0036848759650639357,0.035319369713944435,3
GCHFR,1.0047193,0.0036798706163864996,0.03528488860612338,3
ZNF444,1.3334754,0.003738417591498288,0.035686878655731606,3
SMIM1,1.4194556,0.0038129950323096563,0.03626015871193556,3
BRAF,1.2215873,0.0037997351118944944,0.036155153301575385,3
KIAA1147,1.842266,0.0038775680371509963,0.03680178538032868,3
CDC40,1.0217602,0.003841304447703043,0.03649892138255177,3
AIF1L,1.9288167,0.0039089287613043285,0.037026088557726204,3
CERS4,1.0878805,0.003864093543995321,0.03669466635309939,3
ZNF544,1.4620328,0.003927250695140013,0.03717863831941608,3
MAK,3.2918465,0.004030541735572837,0.037974269762036106,3
SELENOI,1.6424316,0.003969586795197419,0.03749476505145498,3
ZBTB22,1.7330447,0.004013521347481755,0.03782453484571103,3
TMEM86A,2.3106663,0.0041059896037191615,0.03855515041946932,3
TANC2,1.3559989,0.004063254635469239,0.03822878645954383,3
MARVELD3,1.2846174,0.004201385360625335,0.03929812334649386,3
AC008268.1,2.3364546,0.004261018307050901,0.03975274521863281,3
URB1-AS1,1.6490147,0.0042619740558183595,0.03975274521863281,3
DNAJC22,2.2315552,0.004299474506282129,0.04003251220213891,3
PI4KA,1.6867269,0.0043146765538011785,0.040121587549499675,3
UNC119,1.2567712,0.004370017118939045,0.040591178118619356,3
FMO4,2.9673276,0.004432346424794769,0.04107911893728692,3
TRIM26,1.1933589,0.0043773095179131735,0.0406364070136523,3
AC026355.1,6.8301735,0.004554765046390669,0.042051025164048836,3
TMEM241,1.2971166,0.004444144881444373,0.04117708935594633,3
IQGAP2,1.4009596,0.0045256492389227,0.04180523302745973,3
AC145207.5,2.6201637,0.004573351250354681,0.04219938769962761,3
HEPACAM2,3.7510765,0.004624991129962817,0.04253600068676637,3
SPATA33,1.2960553,0.004535590245202218,0.04188552654579504,3
SLC16A14,2.9583943,0.004666946844360164,0.04282737732057025,3
CBX4,1.1322538,0.0045663269937002504,0.042146167775371515,3
CWC25,1.0576155,0.00458651165948023,0.04230918250017227,3
LAMA5,1.4673697,0.004608773036023194,0.042467817692652184,3
G6PC3,1.2943058,0.004626363996155088,0.04253642401179764,3
PISD,1.2946745,0.004613931202337563,0.04248033666143404,3
FAM222B,1.2987878,0.004612694228206849,0.04248033666143404,3
CALML5,1.1508002,0.004607859222270171,0.042467817692652184,3
LINC00578,4.7858543,0.004746911881362908,0.04339241656888859,3
PEX3,1.7943757,0.004697761605038682,0.04306302869488998,3
TTC9,1.8722835,0.0047023290973543744,0.043093120288077345,3
MPP3,2.5242174,0.004735525354144783,0.04334996067231719,3
FSIP2,3.8489618,0.004782634397002192,0.0435671755322788,3
ESPN,2.3067102,0.004760269790363634,0.04343422443922379,3
PITX1,1.0623552,0.004660811596717268,0.04279449268149299,3
ZNF358,1.5021801,0.004749219201108793,0.04339241656888859,3
CAMK2D,1.4430836,0.004778638034954052,0.04354259666677366,3
SSBP2,1.229714,0.0047426504573038295,0.04339149999684336,3
SPRED2,1.2950273,0.004795086508283546,0.0436687473728858,3
BMPR1A,1.7104188,0.0048427515763544435,0.04397150260490103,3
AK9,1.8974298,0.004870107191040532,0.04419595922475392,3
ANKRD49,1.288418,0.0048347411687208255,0.043936248026245885,3
HOPX,1.7380381,0.004939135144695905,0.044629184237135064,3
NCKAP5,1.9243712,0.004954813455717978,0.044736368076470516,3
KIF16B,1.3030757,0.004916054220853998,0.044492545769472196,3
VTA1,1.2103555,0.004956177909402945,0.044736368076470516,3
RALGAPB,1.22781,0.00495633236254627,0.044736368076470516,3
SMUG1,1.0777562,0.004970142794908613,0.04482483449422688,3
AC008608.2,2.5863245,0.005082003085685337,0.04562512459769055,3
ABCA12,4.1712174,0.005113408331779853,0.04585797563000751,3
KIAA1217,1.0444996,0.005003718755451586,0.045081102280330757,3
ALDH4A1,2.5568843,0.005129402542868008,0.04592773376677412,3
IGSF9,2.069419,0.005129217245302778,0.04592773376677412,3
DNAH14,1.6456016,0.005166377121239365,0.04620782533328999,3
SMG7,1.0857013,0.0051235749955559785,0.04592459351307939,3
NEK6,1.3085545,0.005213826737411371,0.046530378180603134,3
DDX23,1.2118239,0.005247119164092193,0.04679436955140022,3
PTPRS,2.6697292,0.005348514322114639,0.04747142600636335,3
DHX40,1.4007641,0.005281488929616578,0.0470629430265711,3
IER5L,1.3604771,0.005304988840578187,0.04719751477502201,3
PEX7,1.5465832,0.005312376384907166,0.04725070706077201,3
STAP2,1.1189412,0.005322004331056095,0.047311250269799224,3
GRHL2,1.5218052,0.0053393438755673294,0.0474402471338818,3
LDLRAP1,1.3460538,0.005390919312136827,0.047784573110037344,3
AL031777.3,1.9143434,0.005488098768299339,0.04847941026798213,3
GPR157,2.018215,0.005490463927953285,0.04848753307200661,3
SLF2,1.2910306,0.005420130971792973,0.048003531139318004,3
SLC16A2,2.7109714,0.005552407703782819,0.04883202264458726,3
NRAV,1.9549676,0.005538191500895952,0.04876778186703889,3
BPHL,1.6460782,0.005540023082018804,0.04877110608766212,3
PLCB4,1.9085251,0.005559127596787974,0.04883674665371017,3
KLC1,1.0744433,0.005514846721208942,0.04862604465722111,3
RARA,1.1171031,0.0055302585695637795,0.04872351002935086,3
ZNF704,1.5336055,0.0055908889128144295,0.04907720623520251,3
ZNF814,1.7928196,0.005683979286729656,0.049625749054655575,3
GRHL1,1.166861,0.005620076009330364,0.04924319995531602,3
RPAP2,1.2111706,0.005671981270471365,0.049568505417634204,3
IQANK1,1.6915514,0.005722922816752235,0.04988332185812662,3
BAIAP2,1.0307895,0.005638535826232605,0.049354617678814404,3
DUS1L,1.1199118,0.00571501563886902,0.049853664380573676,3
MXI1,1.1221851,0.005722336023097889,0.04988332185812662,3
FTH1,3.199082,3.9200181498504134e-71,2.191355479402212e-67,4
LINC01238,10.186011,2.7630614380597267e-44,2.0146922542165497e-41,4
KCNE4,5.4884505,2.8561738019234024e-41,1.5704741883657843e-38,4
RHOBTB3,4.7886677,1.68579138154892e-40,8.698942881312666e-38,4
MRPS30-DT,5.5754743,2.2402241051950119e-38,1.0153967123289985e-35,4
COX6C,3.079113,3.6424963585538464e-48,3.817905323820455e-45,4
BTF3,1.5333056,6.150624990184733e-53,1.0314905639789307e-49,4
PIP,6.381599,3.483698731206527e-38,1.5174901187454302e-35,4
SLC39A6,3.6102374,1.8071460253551649e-41,1.0102247472739597e-38,4
RPL13A,1.4420259,1.7167103872907202e-60,4.1128702214370034e-57,4
CST5,12.235623,1.4417668532951186e-33,4.396209275124688e-31,4
RPL10A,1.2597646,3.359911026070915e-51,4.695615655226856e-48,4
XBP1,2.6008382,3.112482055219081e-44,2.221186396044749e-41,4
AGR3,4.2904034,1.1666326789691233e-35,3.952527948010441e-33,4
BST2,2.8327699,3.990244096186556e-38,1.6941364206353578e-35,4
RPS14,1.0798,7.303145568556061e-43,4.536200102128498e-40,4
RPS18,1.2326936,1.5048154296449086e-46,1.402028175714441e-43,4
IFI27,3.3833961,2.882747879080625e-38,1.2722400870032005e-35,4
HSPB1,2.3593888,2.592835351576788e-37,1.0231328297322005e-34,4
TMSB4X,1.6233424,1.1413236031413899e-42,6.8359169594581e-40,4
RPS27L,2.0298028,2.3874290573198915e-33,7.214122343384367e-31,4
RPL27A,1.1351626,5.677354513437699e-37,2.139597165564201e-34,4
H3F3A,1.4886678,2.1783581450922384e-37,8.698132207683187e-35,4
KCNJ3,6.8701706,2.041891945591821e-26,3.2768946290476207e-24,4
GATA3,2.7581291,1.2271318362405807e-29,2.5886307496443594e-27,4
RPS5,1.0369061,5.7201002006750254e-36,1.957733477865725e-33,4
EIF3H,2.057983,1.6672750457064415e-29,3.4519797721012194e-27,4
MT-CO3,1.4922866,8.174183221858094e-45,6.854256986108558e-42,4
MGST1,2.5327997,1.107953787031411e-28,2.1605743006291022e-26,4
MT-CYB,1.4041597,1.8627415900682836e-42,1.0772106150427639e-39,4
CRABP2,2.6522949,3.3341563331658227e-28,6.24753841177178e-26,4
MT-CO2,1.4850119,1.1331531078165188e-41,6.441879388012519e-39,4
RPL23A,1.0896884,4.485057153105014e-35,1.4605174948766532e-32,4
AGR2,3.6559231,5.860658165922503e-26,9.017079612073701e-24,4
ADIRF,2.3186054,5.427289796145549e-29,1.0835519467411779e-26,4
S100A13,2.2280805,1.5752309736900232e-26,2.5524068641805346e-24,4
GLRX,3.055244,1.1599345800443297e-24,1.6278395710990318e-22,4
CST3,1.8548931,6.837708814826993e-29,1.341190592737498e-26,4
ENSA,2.1521602,2.9994624265538293e-25,4.393230098211441e-23,4
KRT19,2.0773473,6.836500666408385e-30,1.4987128683137492e-27,4
PKIB,3.1943402,6.932028409680065e-24,8.648707355203751e-22,4
H2AFJ,2.2655017,2.471647356582536e-25,3.636031753821703e-23,4
MRPS30,3.5138867,4.3822919671270793e-23,5.051080923347401e-21,4
SLITRK6,7.660062,7.276364330611942e-22,7.373309245107405e-20,4
TSTD1,1.8250153,1.4263744214389313e-24,1.968807591336757e-22,4
COX7C,1.0777191,3.432307417540847e-24,4.568373932211808e-22,4
SELENOM,1.8243986,5.211011566335495e-22,5.3287359434895984e-20,4
CLEC3A,6.268278,9.767216269995801e-20,8.12908687126375e-18,4
CAST,2.2727253,1.4169694982812622e-20,1.2985402716352956e-18,4
C6orf48,2.3898227,2.0923577321358833e-20,1.8814951928570954e-18,4
AC105999.2,6.516856,3.334213878148819e-19,2.6500679546679987e-17,4
SELENOH,1.826161,2.2090661772566682e-20,1.9758476973697578e-18,4
TRPA1,8.145836,6.134543362331869e-19,4.697687646483407e-17,4
SSFA2,4.1355085,3.9907620391792124e-19,3.134757600845667e-17,4
BEX3,2.3871975,9.473881085149571e-20,7.924275448304285e-18,4
ASAH1,2.1009014,3.4880230360193984e-20,3.038747549379913e-18,4
ATP5MC2,1.2023196,1.4896560941849164e-21,1.4652362186233514e-19,4
BMPR1B,4.8016095,1.0185089816026954e-18,7.491624945600002e-17,4
H3F3B,1.2145752,1.0641640703627184e-22,1.1664420615698019e-20,4
AZGP1,2.513538,8.094755141256419e-20,6.804666220372971e-18,4
PBX1,2.2917764,2.3086051193563617e-19,1.8703604905394135e-17,4
TFF3,3.2381923,2.2663374040151647e-18,1.610492009916793e-16,4
ESR1,2.897959,5.8668325002857346e-18,3.9593446457159724e-16,4
MZT2B,1.411948,5.398013099449413e-19,4.181403172485745e-17,4
CCND1,2.1377141,4.113496015473147e-18,2.838904729526437e-16,4
NDUFA4,1.2881309,1.460926118182172e-18,1.0515219512864427e-16,4
GPX4,1.2570151,6.831783533484479e-19,5.1842726582941836e-17,4
DNPH1,2.161077,3.3651479059189564e-17,2.1018701287230487e-15,4
TCIM,4.0108347,1.0462237772397587e-16,6.167204167381151e-15,4
PI15,4.798111,1.9043091432843524e-16,1.0937060440907614e-14,4
CA12,2.6683412,1.6425245846653053e-16,9.531473545719552e-15,4
MT-CO1,1.0619682,1.4729280460002028e-21,1.4530435173792002e-19,4
TPM1,1.486687,6.408069515949096e-17,3.90078148156894e-15,4
CALM2,1.1207556,2.2879288685870986e-16,1.3028764377127315e-14,4
ISG15,2.4667926,1.9250179363321757e-15,9.768082693270425e-14,4
IFI6,2.337177,1.9879142431117518e-15,1.0056807183742272e-13,4
DYNLT1,1.6381267,2.215181642807248e-15,1.1089463803193717e-13,4
PLAT,3.4987,9.596359981421359e-15,4.379204219549031e-13,4
TIMP1,1.77718,2.021010226166512e-15,1.0132541703415691e-13,4
CST2,8.962602,2.5493924185346723e-14,1.1019223081194774e-12,4
SDHC,1.5915943,4.597289672350733e-15,2.1903081377885785e-13,4
GATA3-AS1,3.2352686,3.883280149090589e-14,1.657113224944624e-12,4
COX20,1.7890522,8.295889542021911e-14,3.356482884547128e-12,4
TPRG1,3.7823508,2.827331020650446e-13,1.0619429984729744e-11,4
JTB,1.4154985,1.8691123112627052e-13,7.2560064851924075e-12,4
PLA2G16,2.0485854,2.64791644593046e-13,9.990299832728184e-12,4
SKP1,1.1105717,2.055836752126594e-13,7.88210057110788e-12,4
MPC2,1.7103378,4.78311384937435e-13,1.7381410793268155e-11,4
NAXE,2.0397346,6.187226425551718e-13,2.2195268613842797e-11,4
NAT1,3.8033335,1.015728219155172e-12,3.5525067986114315e-11,4
ZNF385D,5.302016,1.2921033443706995e-12,4.4586870651787685e-11,4
TRPS1,1.7829012,4.3615414234636607e-13,1.5970574332357496e-11,4
CUTA,1.1855334,2.468789882803691e-13,9.356574176171594e-12,4
TFF1,4.0253205,1.3678563840502638e-12,4.710397430947628e-11,4
ANKRD30A,2.082277,6.640034642908556e-13,2.374343304454114e-11,4
IFITM3,1.539824,6.112561855815161e-13,2.195090334110239e-11,4
FOXA1,2.267697,2.5547121957959605e-12,8.492329213002212e-11,4
SRP9,1.4719527,2.157819568896536e-12,7.237542616035872e-11,4
TSPAN13,1.9866511,3.073626770637974e-12,1.0057806391606661e-10,4
C1orf21,2.2632306,4.095123314323634e-12,1.3131408325595506e-10,4
CXCL14,4.327501,6.270757142684968e-12,1.9786214988033536e-10,4
MYO6,2.2914724,5.1511889895935535e-12,1.6376874872033875e-10,4
DNAJC1,2.1651785,9.362036948487664e-12,2.891455628814224e-10,4
CIRBP,1.1638687,3.90625332001122e-12,1.257386205436625e-10,4
PRDX2,1.3551613,4.768231553893958e-12,1.5217055618378424e-10,4
AC123023.1,29.507513,2.2390005714209796e-11,6.558805080002714e-10,4
FGF10,7.2623053,2.5923451411114614e-11,7.515112219362103e-10,4
S100A14,1.5422504,9.606468606207619e-12,2.9614941500074424e-10,4
ATP1B1,1.8028796,1.789872200191665e-11,5.284692206569422e-10,4
AC018816.1,4.384292,3.9780333513674174e-11,1.1156121792492856e-09,4
NOVA1,3.3050249,4.2729005390328325e-11,1.1943113081641688e-09,4
HIST3H2A,2.4178388,9.522714336220255e-11,2.530914116887192e-09,4
ANAPC11,1.1791946,5.6737632358232154e-11,1.5509673406091807e-09,4
PRSS23,2.219264,1.374282728217811e-10,3.573241626911132e-09,4
PMVK,1.7037059,1.3675426389548888e-10,3.5584753803868058e-09,4
KTN1,1.1029917,8.428895566297108e-11,2.2617086895133703e-09,4
ELOVL5,1.8864837,2.000376983521264e-10,5.098377234368292e-09,4
KRT18,1.3837078,1.1675286739660055e-10,3.0689717283302347e-09,4
TMEM230,1.5391817,4.921927647850298e-10,1.1928206303218703e-08,4
HOXB2,2.615641,9.700010943272383e-10,2.271983708437842e-08,4
RARRES3,1.7805812,9.120115100058488e-10,2.145145726304781e-08,4
FHL2,2.0313776,1.1208800671673461e-09,2.5922195062311917e-08,4
SEC11A,1.2627897,9.951372681707382e-10,2.3179096605357453e-08,4
IFITM1,1.8835968,9.583239609884423e-10,2.2524978258944177e-08,4
ELL2,2.3476827,1.4309624200739897e-09,3.267250546746201e-08,4
EVL,1.45785,9.76815731286597e-10,2.2815721757022112e-08,4
RAB13,1.3895909,1.5116016369130518e-09,3.4373308816068253e-08,4
RABAC1,1.2664185,1.5701852468092685e-09,3.558485362380383e-08,4
ECM1,2.7108104,3.1110038810583425e-09,6.745066656404516e-08,4
RNASEH2C,1.7151212,6.099080796324612e-09,1.2581135854214258e-07,4
MRPL24,1.7605364,6.503363115459908e-09,1.3357581277136605e-07,4
C11orf58,1.0539954,4.671712168094655e-09,9.830231984320127e-08,4
TOMM20,1.0875596,6.660256087439155e-09,1.365474629760371e-07,4
MGST3,1.108931,7.579735470330614e-09,1.5398661866163486e-07,4
SLC7A2,2.4041142,1.0854010974351228e-08,2.1654463102339854e-07,4
NME1,1.4270972,1.0720106302864171e-08,2.1428074225528435e-07,4
DSP,1.5177099,1.230662273754357e-08,2.4352591931560403e-07,4
TMEM147,1.3416166,1.2796836257532459e-08,2.524815793611154e-07,4
SCUBE2,2.5698316,1.57712243479333e-08,3.0604163034034e-07,4
RWDD1,1.1603113,1.1928046011415547e-08,2.3673289424194609e-07,4
ATP5PO,1.1189147,1.266452063463155e-08,2.500180615692624e-07,4
PRDX5,1.204066,1.5138558829452473e-08,2.9469669280247555e-07,4
IL6ST,1.6192758,1.747682513456881e-08,3.3650412849516214e-07,4
MRPL55,1.4102664,1.7404268678567502e-08,3.3529958400220135e-07,4
LDLRAD4,1.9960387,1.9133855235587353e-08,3.6609734081964373e-07,4
MRPS14,1.6225271,1.89418512677329e-08,3.626304984994459e-07,4
ZG16B,2.0317962,2.030721839987553e-08,3.870025070171734e-07,4
HSPA1B,1.4819721,1.73772949474396e-08,3.35164951024768e-07,4
POLR2J3.1,1.5224323,2.0052513743186633e-08,3.823657552360562e-07,4
RAB30,3.2079027,3.094824064398282e-08,5.734999665413414e-07,4
ENPP1,2.7712793,3.011212817919414e-08,5.595517403093355e-07,4
CAMLG,1.5012136,3.055293763706161e-08,5.664876071225447e-07,4
BASP1,2.1165926,3.5879132393650365e-08,6.576076391341131e-07,4
LTBP1,3.175625,4.3641731864286577e-08,7.887744010268433e-07,4
SQSTM1,1.0657378,2.6737790556457272e-08,5.010124207006332e-07,4
TMEM98,2.3659751,4.157692486792181e-08,7.538008848621435e-07,4
IFITM2,1.2940248,2.9080779198930654e-08,5.421892246310912e-07,4
MRPL14,1.201781,3.460336340417994e-08,6.359624175011503e-07,4
NDUFA2,1.1551092,3.769923821739246e-08,6.887092315084752e-07,4
LAMTOR2,1.2205999,4.204167618777753e-08,7.614038126426816e-07,4
NPY1R,3.610638,6.056868551657834e-08,1.0709194944183207e-06,4
DENND1B,2.3897111,6.044705970270408e-08,1.0693327159748933e-06,4
NME3,1.2782086,4.794614432507891e-08,8.59979479576188e-07,4
THSD4,2.1489217,6.766003395362206e-08,1.1850575450853461e-06,4
SNCG,2.6898158,8.69651067843008e-08,1.4875936824612195e-06,4
PAFAH1B3,1.5204473,7.755569223805294e-08,1.3443387459206893e-06,4
EID1,1.0726528,7.57031778760936e-08,1.3169918512147589e-06,4
RABEP1,1.7177199,1.0181376847083633e-07,1.7169108136150435e-06,4
GALNT6,2.126544,1.225268735269427e-07,2.034492012359993e-06,4
GLI3,3.2411041,1.8327064484389033e-07,2.9482401432656715e-06,4
PCBD1,1.326316,1.485989290026981e-07,2.433477706363511e-06,4
TMEM14B,1.1376332,1.6052556369763142e-07,2.614952856717948e-06,4
ZNF703,1.7971964,2.2613414316452278e-07,3.582789464280235e-06,4
ATP5MC1,1.1285794,2.2416593925166446e-07,3.5532843896219644e-06,4
H2AFV,1.2586693,2.465773440994682e-07,3.871933847584393e-06,4
PSD3,2.6589386,3.1000669932549094e-07,4.771883754968468e-06,4
SNAPIN,1.7155751,2.9992607045521213e-07,4.6358619028286956e-06,4
PAPSS2,2.462036,4.0694236781027926e-07,6.1480674704403474e-06,4
LSM8,1.521848,4.0937632025483857e-07,6.179518972847678e-06,4
CHMP2A,1.1576113,3.790328305520099e-07,5.757762757946089e-06,4
SORBS2,2.0876644,4.4804774597234826e-07,6.714910387693714e-06,4
IRX2,2.395899,4.927472596904778e-07,7.296792864140538e-06,4
GABPB1-AS1,1.5150591,4.3644155361676453e-07,6.552679565738541e-06,4
PARD6B,1.9993721,5.326389744619668e-07,7.845956891712267e-06,4
IGHG4,2.0297515,4.880640904502975e-07,7.233830162524715e-06,4
HNRNPU,1.1216706,4.99243190651877e-07,7.3864648688374974e-06,4
NHP2,1.0406563,5.372149031323135e-07,7.909888088657125e-06,4
CLU,1.4224559,5.713726185638088e-07,8.350505010565887e-06,4
CYB5A,1.0511158,5.485762572452891e-07,8.04538532761882e-06,4
ALKBH7,1.2449247,6.454826560755689e-07,9.327933549086882e-06,4
SEMA6D,4.930445,8.352825897062804e-07,1.1841172164555516e-05,4
COA3,1.3542857,7.066596701033204e-07,1.0142093279818344e-05,4
GAMT,1.9824669,8.175729340479708e-07,1.1604830207745657e-05,4
H1F0,1.4251547,7.911002237201322e-07,1.1262433193462204e-05,4
ZNF552,2.1921964,9.233399770877099e-07,1.2958052791422125e-05,4
PTRHD1,1.6047205,8.911777885130982e-07,1.2589829404892872e-05,4
HIGD2A,1.0920871,8.215983548303315e-07,1.1657034864367236e-05,4
PMP22,1.5715646,8.456171452938798e-07,1.1972496694935425e-05,4
MAST4,1.9492154,1.0342770340314233e-06,1.4406431062478392e-05,4
CAPN8,3.040802,1.1038620040977116e-06,1.5280493388130972e-05,4
IER3,1.2425295,9.882248970655185e-07,1.3787874905355471e-05,4
EDIL3,3.5503576,1.3526836298860085e-06,1.840582621906962e-05,4
DUSP4,1.5501423,1.1441656276394672e-06,1.579691318927535e-05,4
DEGS2,1.7811565,1.5880998402458426e-06,2.128104544214375e-05,4
KRT10,1.0229676,1.523014981951195e-06,2.050720413874951e-05,4
PYCARD,1.2818285,2.0462058777624406e-06,2.6830254630973427e-05,4
UQCC3,1.4333593,2.1906289922918765e-06,2.8523248070831456e-05,4
OCIAD2,1.1027424,2.0026476613675218e-06,2.6300236965516073e-05,4
GTF2H2,2.392459,2.4426601194466475e-06,3.142664482790947e-05,4
TCEAL3,1.4991627,2.2840691517763738e-06,2.9574474046387754e-05,4
SPTSSA,1.186615,2.216900047674555e-06,2.884291873508621e-05,4
SMIM29,1.6854165,2.3993523508870095e-06,3.090502196662872e-05,4
SMIM22,1.2163321,2.0722764530611584e-06,2.7140267283141086e-05,4
PHPT1,1.0604872,2.2789111221992334e-06,2.9523738103393003e-05,4
AAMDC,1.5063555,2.512699599644086e-06,3.219192409154403e-05,4
CNPY2,1.1167693,2.497520812292036e-06,3.2034166564086876e-05,4
TMEM99,1.760731,2.817772231632243e-06,3.558392259833473e-05,4
ARFGEF3,1.9389077,2.9965504651542113e-06,3.7572822112799026e-05,4
TNNT1,1.9813691,2.9688151884119616e-06,3.7252910675093754e-05,4
EGOT,4.037136,3.313484964908055e-06,4.1192586807998915e-05,4
TMEM219,1.1269463,2.8002865684604197e-06,3.5443174261407895e-05,4
UFC1,1.0006952,2.779755282095706e-06,3.5263151254452374e-05,4
C1orf43,1.0611447,2.951949045945583e-06,3.706900896670191e-05,4
CP,2.6763463,3.846893807330241e-06,4.729789779753065e-05,4
MAP3K20,1.879377,3.762827083218858e-06,4.638330878289001e-05,4
BCAM,1.7495493,4.020785277517311e-06,4.923737093581896e-05,4
MSI2,1.5210001,4.096640459732452e-06,5.0093116172032866e-05,4
CALM3,1.0256549,4.151503596004245e-06,5.069005537443698e-05,4
BMPR1B-DT,5.237501,5.3117650050932885e-06,6.358383655811349e-05,4
SUSD4,2.8939965,6.4317902827101635e-06,7.55352513558759e-05,4
CGA,5.618949,6.9496322575155355e-06,8.102106901262725e-05,4
ATP5PD,1.0283769,5.847139964469899e-06,6.92021600382092e-05,4
RNF213,1.1561282,6.210711464563046e-06,7.306680927145182e-05,4
TMBIM4,1.1414182,6.446342236254395e-06,7.565317177963914e-05,4
ELP2,1.69854,7.195555356246945e-06,8.359754839067503e-05,4
EPHA4,3.9602337,7.790904193651238e-06,8.989154370803446e-05,4
NR4A2,1.3432606,6.924965538894422e-06,8.07615678512023e-05,4
AC100810.1,2.0417798,7.757816055034942e-06,8.957139700582684e-05,4
SNRPN,1.6777769,1.0418055467425201e-05,0.00011681076635866025,4
NTN4,2.4281049,1.0907552186383717e-05,0.00012182824105344531,4
ERGIC3,1.0509429,1.132577436402675e-05,0.0001258290155494605,4
RTN1,3.4312704,1.4354675609500814e-05,0.0001551628020039532,4
CYBRD1,1.8116542,1.3502072458939865e-05,0.0001471322327307674,4
QDPR,1.8044299,1.4084296443973313e-05,0.0001525844273344021,4
SMIM19,1.2137369,1.3668953790132585e-05,0.0001487574234506285,4
AUTS2,1.7041839,1.4300455591662888e-05,0.00015472631645160157,4
LRP1B,7.718627,1.576630267509146e-05,0.0001687356598676588,4
TMEM181,1.958353,1.643243835928325e-05,0.00017452831380896755,4
RETREG1,2.3991342,1.6737885737115288e-05,0.00017743534308109477,4
NPEPPS,1.4291782,1.6073437908374174e-05,0.00017134892445261557,4
PCM1,1.4766471,1.6653660338975342e-05,0.000176598299535116,4
MAGED2,1.10241,1.8197241139243487e-05,0.00019169399027995154,4
WWOX,2.9433107,2.35870484862281e-05,0.0002418618412773986,4
SCUBE3,4.39969,2.5057946659918187e-05,0.0002553063757352114,4
LSM4,1.0289314,2.289176754861515e-05,0.00023538098569837547,4
FAM173A,1.3286034,2.701663294964442e-05,0.00027325021931071613,4
NTPCR,1.7171992,2.827592328256544e-05,0.00028497678570328346,4
C5orf38,2.052553,2.8940875725252318e-05,0.0002911535431015861,4
CHCHD10,1.0713389,2.7956209021636142e-05,0.0002820936241861305,4
CYSTM1,1.1443774,2.8027129009868466e-05,0.00028272419071278144,4
MRPS33,1.1320146,3.204108446439568e-05,0.00031965794587159296,4
RCOR3,1.8090755,3.544470384389586e-05,0.00035069345475755487,4
AC027644.3,2.0776138,3.688781288093338e-05,0.0003629375570077403,4
BCAS4,1.706809,3.755888525690049e-05,0.00036889094301660304,4
PTPRT,2.78691,3.921663036570426e-05,0.0003836001747145193,4
SUCO,1.7006873,3.79381302545544e-05,0.0003721798265188678,4
METTL26,1.036941,4.5449550467770885e-05,0.0004374242101117656,4
LINC00467,1.9313903,5.370981244554573e-05,0.0005081751253134131,4
AGTR1,3.433363,5.68072557974082e-05,0.0005350666011516058,4
OLMALINC,2.9321933,6.280651203390197e-05,0.0005859786425950225,4
MB,1.8521775,6.723659280045575e-05,0.000622119326653817,4
DNAJC12,1.867568,7.029640484283468e-05,0.0006466845076339874,4
TCEAL1,1.4176985,6.882519347183932e-05,0.0006352410055693347,4
C1orf53,2.57759,7.351163777217003e-05,0.0006736759132558348,4
TMEM14A,1.1722239,6.92939789174714e-05,0.0006392159919886986,4
HPN,2.2219977,7.415605940137839e-05,0.0006784692821553826,4
COA1,1.3356061,7.336582065128643e-05,0.0006727072144518311,4
SAYSD1,1.6645588,7.5776770340749e-05,0.0006914114945590484,4
BTG2,1.1460634,7.339407708867893e-05,0.0006727823830640558,4
YIPF6,1.2265021,7.594154287521415e-05,0.0006925381428976503,4
CNIH4,1.1246212,7.720280802868057e-05,0.0007025120412615234,4
JARID2,1.6624877,7.964634267815689e-05,0.0007225907437836246,4
ABHD12,1.6137892,8.447418177834007e-05,0.0007616705102556639,4
CYHR1,1.219758,8.347004550951712e-05,0.000754017989882767,4
TMEM9,1.3469238,9.02872586193605e-05,0.0008081998775959356,4
CPNE3,1.0391103,8.946366542013377e-05,0.0008016833560931624,4
RRNAD1,2.159865,9.884295816695465e-05,0.0008768293202533261,4
PARP1,1.1163422,9.678096234417226e-05,0.0008623339239661226,4
RAMP2,2.0501533,0.00010117577636520795,0.0008953922731043378,4
SPINT1-AS1,1.3995353,0.00010285095112746678,0.0009092577100069486,4
CHST8,4.1457295,0.00011348778718473132,0.0009915326569322931,4
AC004556.1,2.5710886,0.00011237451025933703,0.000982830103939615,4
RTN3,1.0294123,0.00010641986422886103,0.0009363663866999548,4
HMOX1,1.7452081,0.00011340705382122079,0.0009913437561161237,4
ZNF90,2.066488,0.0001190506217366155,0.0010344758817792282,4
SEMA6A,3.3524225,0.00012919026396627134,0.001114212045176834,4
AL390294.1,3.637542,0.00013320350052326656,0.001144410504879837,4
AL024508.2,3.3679678,0.00013515315411808852,0.001158194160008893,4
KCNS3,2.293275,0.00013891821659165577,0.0011880305718257843,4
TMEM160,1.0200828,0.000146962027169327,0.0012507682038554351,4
LDLRAD3,2.0268345,0.00015601524327835765,0.0013207741733466415,4
QPRT,1.7381524,0.000160549929889994,0.001354349863269035,4
TULP4,1.5376471,0.00016708610195083844,0.0014052745600634585,4
MUC1,1.0562879,0.00017663848577707277,0.001475624271842789,4
CMBL,1.7810894,0.0001911616166112351,0.0015839307763728845,4
ST3GAL1,1.4881523,0.00020442409209715372,0.0016825983982897258,4
COL4A5,2.7420669,0.00021275395521476922,0.0017430338084656997,4
AC008915.2,2.9814794,0.00021519371215707463,0.0017608715051135497,4
MAP7,1.682631,0.00021196661813839202,0.0017387068571728555,4
RAB34,1.2658845,0.00021221959066359378,0.0017395164436519947,4
TSPAN15,1.2901151,0.00022599064738443214,0.0018362287557948736,4
VIPR2,5.4149747,0.0002459526994329853,0.001980196709477139,4
BLVRA,1.3307326,0.0002351289672036402,0.001902644315796694,4
ACOX2,3.3125155,0.00025606398831932715,0.0020512639675707074,4
HIGD1A,1.1782838,0.00026151032103637626,0.0020933932405444145,4
AL160408.3,27.633121,0.00029680092606926896,0.0023423529085386703,4
SVIP,1.1463951,0.00031528348233021594,0.002478884969722872,4
HMGB3,1.4945596,0.00032007032456393393,0.0025118106589141105,4
SCAMP3,1.2904365,0.0003179285463505159,0.0024973399000334084,4
NFE2L2,1.0732254,0.0003204972288516143,0.0025139844604565005,4
GSTO2,1.5094854,0.0003335301696905999,0.0026070695459315804,4
CD320,1.518049,0.00034230385286207406,0.00266880835166128,4
SCCPDH,1.169584,0.00034292810795696357,0.0026724330085930565,4
NFIA,1.117588,0.00034250374806833685,0.0026697462732884233,4
ADCY1,3.5582702,0.000365081040467286,0.0028260288895253266,4
POTEC,5.046893,0.0003970024056556295,0.003045713103407015,4
OLFM1,2.655347,0.0003917228086387878,0.0030086500399710515,4
MRPL23,1.1656622,0.000412912814341296,0.00315910326318919,4
POLR3K,1.1093776,0.0004133001921544644,0.0031606251128711562,4
KIAA0040,1.4161819,0.00042201474067999104,0.003221391992978511,4
CRB3,1.6431328,0.00044490227160798844,0.003376123776471389,4
LYRM2,1.2743164,0.0004502026023750595,0.0034109431864156026,4
SYNPO2L,4.029994,0.0005096764129226203,0.0038133072866021875,4
RSBN1L,1.1097783,0.0004881673047984914,0.0036729812209151183,4
CHID1,1.2186548,0.0004898137039899895,0.003682771003256722,4
TSEN15,1.442013,0.000495801148229121,0.003719451199452683,4
WRB,1.5236226,0.0005069061078928582,0.0037942731008333754,4
LONRF2,2.8353994,0.0005618692818309115,0.0041583533940623574,4
PDLIM2,1.3825036,0.0005836918651809607,0.004306557160148395,4
SNRNP25,1.0642028,0.0005827348129937959,0.0043004418839658765,4
CREB3L4,1.2802237,0.0005974994571921724,0.004398755332239389,4
GTF2H2C,2.9998171,0.0006200249265946484,0.004547617770153314,4
GPR160,1.340543,0.0006812161767527333,0.004946670661282405,4
SLC27A5,1.7451528,0.0006944592813498278,0.005030855022841161,4
MAN2A1,1.6750897,0.0006983184728781283,0.005053354886473636,4
AC092279.1,2.4742086,0.0007252134320740966,0.0052243092193293116,4
PIAS3,1.7544515,0.0008362478932437693,0.005926175911111191,4
KLHDC9,2.0663903,0.0008572113163459207,0.006059372973984937,4
NPNT,2.1133916,0.0009327552708506049,0.0065232578272727566,4
SELENBP1,1.300045,0.0009863494971443997,0.0068637237518091926,4
FLYWCH2,1.0999497,0.0010222343419449096,0.007086970248692479,4
KANSL1,1.0710917,0.0010336991253054612,0.0071594162554500795,4
POU2F1,1.9966176,0.0010762921223880216,0.007418806838679949,4
GFRA1,1.3725164,0.0010778666126226204,0.007425081958097209,4
GOLT1A,3.1844246,0.0011425735757238074,0.00782103271496984,4
LACTB,1.5160581,0.0011640839562410915,0.007954446315057906,4
LINC01811,27.05014,0.0012065675122447932,0.008205490861354948,4
IGFBP2,1.4607823,0.0011602550125006373,0.007933968068151658,4
DLG5,1.7139373,0.001183462089834746,0.008064709864922229,4
SLC39A3,1.494592,0.001182085957720843,0.008056969133898556,4
CERS2,1.0547764,0.0011748863107065,0.008012781973852525,4
PYGL,2.119686,0.0012284914191765868,0.008329256254417201,4
FAM215B,1.9241426,0.0012823679008657114,0.008664766672630305,4
SULF2,1.7056035,0.00127574954747007,0.008623521880631525,4
CERS6,1.0178219,0.0012510632517076703,0.008468599904243587,4
C5AR2,2.8592405,0.0013020867364300496,0.0087820814853409,4
AC016831.5,1.8163619,0.0012981635023856177,0.008757381744472244,4
FKBP10,1.5612974,0.0013306480201087003,0.00894952180518667,4
KCTD3,1.4943664,0.001349036351662836,0.009049605654224637,4
AHI1,1.2775588,0.001348469754864315,0.00904761433244729,4
PHLDB3,2.3389199,0.0014099661488664221,0.009403792920884602,4
UHMK1,1.0681881,0.0014714568490786896,0.009769226875484625,4
SETD9,2.0342457,0.001542171662034481,0.010172267397502169,4
CBX1,1.0762197,0.0015462767803263195,0.01019132825484871,4
MRPL32,1.0027596,0.0015574138483971057,0.010260698858591105,4
RAB30-AS1,1.372654,0.0016285165121146723,0.010685068922699183,4
KRTCAP3,1.2329532,0.001634201283080172,0.01072027092426991,4
AL035661.1,2.3320787,0.0017841093286714946,0.011599304321180578,4
AC068888.1,2.2227333,0.001864559940132546,0.012070875304378639,4
SPAG6,5.630048,0.0018893223693263383,0.012202919620561277,4
GCLC,1.7776265,0.001887796294249513,0.012195411306899637,4
CLSTN2,2.0054061,0.0020443938238934476,0.013076089482686903,4
ARHGAP35,1.4432964,0.0020693116713086782,0.013222226537225922,4
PIGP,1.0898626,0.0021517710116823905,0.013676814762713485,4
PGM2L1,1.549535,0.00218067503426308,0.01384216906211544,4
CERS4,1.3250548,0.0021854678138568486,0.013863108146153687,4
ACBD6,1.108399,0.0021845703309711926,0.01386164840543034,4
SFXN5,1.9902786,0.002307100235672202,0.014542839504732443,4
CTSF,1.2270613,0.0022933955753336194,0.014470049095610407,4
DCLK1,2.220448,0.002329101104708015,0.014656731736024676,4
BPIFB2,3.3826528,0.002402905401490805,0.015051270758723787,4
TOLLIP-AS1,3.019091,0.00251213059052978,0.01565902861088728,4
TMEM50B,1.1105098,0.0024717810773976106,0.015432987549700905,4
POGZ,1.0606482,0.002477903189736864,0.015465454203007845,4
IMMP1L,1.0805157,0.002535894918185503,0.015774564438215864,4
ZNF281,1.1362832,0.0025843549427194655,0.016004772735183456,4
FGF12,4.3186703,0.0028155171389239435,0.01723444699308365,4
NTRK2,1.7155949,0.002800857871158366,0.01715551020024155,4
NT5C3B,1.2223874,0.0029122756665558706,0.017756887498991177,4
TM7SF2,1.6274048,0.0029927851577285546,0.018175087266951558,4
LRRC61,1.9689732,0.0030179423963183176,0.018304666530725624,4
AC093297.2,2.7216494,0.003059790018598738,0.018541719424357773,4
EDEM3,1.4277903,0.0031363884512899706,0.01895110881727921,4
DUSP14,1.5406586,0.003149392363884175,0.019019403902959867,4
EFR3B,3.888984,0.003194865394005994,0.019259342232270854,4
LOXL1-AS1,2.9009588,0.0032062042273082294,0.01931727968172181,4
SLC25A48,5.41831,0.003282497709956041,0.019734406827323102,4
MIRLET7BHG,1.5844648,0.003324801081483762,0.019974413948423225,4
LYRM4,1.0897038,0.0034041946178986135,0.020382022791670368,4
MARCH6,1.0106156,0.0035596724407519265,0.021188105294633604,4
GADD45G,1.115198,0.0035437280082195773,0.021108183470732168,4
ITGB8,2.0153377,0.003610144730190841,0.021465673532233824,4
AL021395.1,5.1336284,0.0036643358307050975,0.02173010751373403,4
MINDY2,1.1164095,0.003579265977979237,0.02129717228444236,4
SLC4A8,2.459534,0.0036814051693499442,0.021819758046504063,4
ZDHHC4,1.0632837,0.003633480688591402,0.021585295036493837,4
CCDC57,1.1314427,0.00366509258656631,0.021730753128163444,4
AL353194.1,2.9252303,0.0038241705880658903,0.022531885015005863,4
CPSF4,1.6667792,0.003861678210339519,0.022715634663801793,4
C16orf45,1.9649048,0.00428839175966008,0.024885285122968646,4
TPMT,1.173436,0.004339454428079613,0.02514679353355534,4
NET1,1.036222,0.004416753418792176,0.02553297594272809,4
FAM104B,1.1986263,0.004439453252664404,0.025646521107064547,4
WIPF2,1.242756,0.004507147656204286,0.02598835130423723,4
MOCS2,1.1724474,0.0046718750137162155,0.02680912914201122,4
NAV1,1.443727,0.004744265802379348,0.02715484970607606,4
ITPK1,1.7951001,0.004805013155897631,0.02742766274029313,4
HDDC3,1.2121656,0.004829259924500196,0.02755668716020093,4
MLLT3,1.5521376,0.005081412489015609,0.028799536379532364,4
HDGFL3,1.3360751,0.005080396287782932,0.028798643212527855,4
AIG1,1.0428206,0.005105418289627088,0.02891604776298247,4
HIST1H2AC,1.0007244,0.005134370478430534,0.02904569408281979,4
LINC02224,26.817474,0.0052930951396927516,0.02977288346141784,4
SYT1,2.3832567,0.005429715684099536,0.03042908834759942,4
COQ7,1.170929,0.005535398757562079,0.030933490457745697,4
SLC16A6,2.329191,0.005616078542536465,0.03129051335468697,4
LRRN2,3.3319595,0.005654680427669237,0.031448124063083054,4
MIF4GD,1.3512604,0.00562404428012397,0.03132448840910629,4
ISG20L2,1.1189518,0.005669721851594123,0.031505656167050776,4
B3GALNT2,1.6375111,0.00578748481726415,0.032069722163531614,4
ABHD14A,1.6876376,0.005806183822996405,0.03214239162208646,4
AP002387.2,1.6124223,0.0058362582530791605,0.03227067887677681,4
CCDC170,1.672699,0.005832439817991161,0.03225488275931435,4
PPP1R9A,2.1358418,0.005969933313108482,0.03289052780140795,4
HIPK2,1.0798595,0.005935408058838024,0.03272181487532646,4
ANKRD30B,2.3125484,0.006077113014076877,0.03339325812666326,4
NXNL2,3.0796375,0.006206722869352351,0.03394972142220274,4
SLC25A45,1.6231058,0.006159107210527632,0.03374981456433709,4
HIST2H2BE,1.2379832,0.00612835955009631,0.0336142776238398,4
ZBTB18,1.5630546,0.0062689696516899235,0.034228798809593314,4
SMYD3,1.3732667,0.006281850958025257,0.03428796793866967,4
ENC1,1.6140187,0.006297953150798509,0.03437026466497442,4
PAM,1.1927418,0.006279186740448897,0.03427900430686791,4
TCEA2,1.1687528,0.006422953149318537,0.03498412984431521,4
HPX,2.79851,0.006629766798686602,0.03595876587884012,4
KHDC4,1.2076788,0.0067049396202292135,0.03629605871564042,4
LRP5,1.874701,0.006945690861845015,0.037442207842678175,4
KCNK15,1.5120653,0.006871185475222328,0.03706439884600066,4
GPD2,1.3067726,0.007110724728049634,0.03822741114016875,4
ZSWIM7,1.0146931,0.007335059029754849,0.039307431685094645,4
RND1,1.6166145,0.00739818656174251,0.0395951133664282,4
ARHGEF35,1.3493758,0.007644771069156259,0.04076522518768999,4
IFT22,1.0586188,0.007633413604710688,0.040717609051463294,4
CELSR1,1.6931581,0.008042779969407998,0.04260310848924726,4
CDK7,1.5973873,0.008068395587313194,0.04271855665257645,4
LINC02197,5.1912622,0.008224366067601106,0.043414142630375935,4
DHRS11,2.4147003,0.00844446221392109,0.04441285680254497,4
CYP2B6,4.5613227,0.00855865311953202,0.044876199245298426,4
SLC30A1,1.6099,0.008517975006041458,0.044710704174904,4
INSM1,6.0317225,0.00890358514699385,0.04640794862708947,4
FAH,1.1514874,0.00893139547803975,0.04652398442754019,4
RAB17,1.4009199,0.00904609538277273,0.047019229076953384,4
CCDC88C,1.513321,0.00907884275146237,0.04714560531456872,4
KDELR3,1.3331563,0.009063602959226655,0.04708833749309498,4
GSTA4,1.4256592,0.009125953029322568,0.047331620621077514,4
SKAP1,1.4390994,0.009097708406445233,0.04721433353869404,4
NAV2,1.6980742,0.009302457522351192,0.04811314229100715,4
STC1,1.1430511,0.00915834959404056,0.04749230113384576,4
RARA-AS1,2.1146574,0.009362805772086763,0.04838796123290633,4
JPT2,1.0220643,0.00940062397384736,0.04854600903877049,4
MAP2K7,1.1340244,0.009481346541896994,0.0488876009779811,4
MFSD3,1.3921719,0.009694345990809993,0.04986156386420974,4
OCEL1,1.160648,0.009666155711191445,0.049741105969480254,4
IFI27,5.4636207,3.198220893474444e-15,4.8451457537500596e-14,16
BST2,3.1411333,7.561274892547664e-11,7.673607297154044e-10,16
IFI6,3.9990263,4.5860216194024524e-10,4.334171629652794e-09,16
KRT8,4.158831,1.041242835395702e-09,9.456898440835972e-09,16
PPDPF,2.5806658,3.396481815268552e-09,2.9650198465844974e-08,16
KRT19,3.7076418,3.9889742443801434e-09,3.461686549308005e-08,16
KRT18,4.2676167,3.3640867781778664e-08,2.683987503017693e-07,16
COX6A1,2.2944946,9.196131295798175e-08,7.034149140076775e-07,16
STARD10,3.633701,2.9256541865263505e-07,2.134639266266703e-06,16
AGR2,4.4639072,4.3107111548186527e-07,3.090755939370937e-06,16
COX6C,2.4825416,3.425305798004026e-07,2.48192226767883e-06,16
MDK,3.2647424,5.890687853449538e-07,4.156069863116343e-06,16
XBP1,1.8290912,3.5570961454093025e-07,2.5707511702903126e-06,16
ZFAS1,1.8866012,1.8265741634862899e-06,1.225302480349873e-05,16
CRIP1,3.5899837,2.718910539798883e-06,1.7884875155009676e-05,16
HSPB1,3.2229078,2.791985292318931e-06,1.8347566357693822e-05,16
ISG15,3.9707444,3.382623325815103e-06,2.197493104225535e-05,16
ATP5F1E,1.8116862,1.0180870144013183e-05,6.299143432952336e-05,16
ADIRF,2.682776,1.0815828756806671e-05,6.667408791252573e-05,16
SRP14,1.2231902,1.0775282071700027e-05,6.644856333276165e-05,16
NHP2,1.9715753,1.5695256700991238e-05,9.456342823925762e-05,16
IFITM3,2.4389033,2.140168938467948e-05,0.0001265128769213138,16
SLC39A6,3.5311518,2.678109092331578e-05,0.00015643757761388618,16
POLR2L,1.3237847,3.63464034191341e-05,0.00020899960862012286,16
ATP6V1G1,1.2879099,3.8378960072782977e-05,0.0002198580187534097,16
MT-CO2,1.7244575,4.364164730576934e-05,0.0002481411243062908,16
PBX1,2.3639703,7.885002339334915e-05,0.00043465424728449445,16
HMGN1,1.2814786,7.134024223273098e-05,0.0003956387342473594,16
PSMA7,2.263924,0.00012133644472370643,0.0006520983323951029,16
ATP5F1D,1.4473385,0.00011316212384048082,0.0006106130623767,16
NOP10,1.7863804,0.00014157298588725046,0.0007539694378603156,16
ADRM1,2.6346116,0.000275050743573275,0.0014119187312811778,16
COX8A,1.674864,0.0002660077256123693,0.0013688501265364343,16
LSM1,2.9408176,0.00031438711635824494,0.0016035368415103243,16
SMIM22,2.0809574,0.00035135802912604713,0.0017801963224949769,16
GPX4,1.5183995,0.00039227861210406543,0.001972626226174282,16
PARD6B,3.5867639,0.0004419698317347767,0.002207282627489003,16
TRMT112,1.7251315,0.00042859003971941554,0.002143972933964044,16
KCNK15,5.3241553,0.0004586181298630374,0.0022849837631812443,16
MIF,1.6845781,0.00046255337376018067,0.002303905956235554,16
COX14,1.5879394,0.00045702281142228057,0.002277373661850351,16
IFITM1,3.1702735,0.0005068009871463662,0.00250864992766769,16
CLDN3,2.5559363,0.0005490465338934637,0.0027049896876205444,16
CRACR2B,2.9639473,0.0005791570575300794,0.0028420639161106645,16
ELOC,1.6223944,0.0006199157167211167,0.0030333869984641043,16
C19orf70,2.8782077,0.0007439620087557897,0.003592977643726126,16
CST6,4.226561,0.000767333234391558,0.003699457239431831,16
MT-CYB,1.5238749,0.0007118051754343317,0.003450094998445509,16
NDUFA13,2.3903089,0.0008459903563629458,0.004053044214079355,16
GSTM3,3.3952672,0.0009129880007487615,0.004350409224764059,16
AREG,3.4783075,0.0009689548115556334,0.004594897968950586,16
CISD3,2.31908,0.00097798650243636,0.004635218198177791,16
TMEM205,2.33169,0.0009903232415960435,0.004690261486355958,16
NDUFB9,1.8377349,0.0010047368059200661,0.004751145806762292,16
LY6E,1.8474414,0.0010005201228243897,0.004732540606353527,16
TMBIM4,2.005178,0.0010392805232357475,0.004905503522354377,16
CD63,1.0924823,0.0009864805975940733,0.004673382164393052,16
SLC9A3R1,1.89648,0.0010822371639441538,0.005093211269236827,16
PLA2G16,2.0731018,0.0011089484666665622,0.005210877069271948,16
NPW,4.44179,0.0012378779837557584,0.005765819393577544,16
H2AFJ,2.2331953,0.0013371802493047527,0.0062059447546604,16
KRTCAP2,1.7881244,0.001329203713585269,0.006171486954230828,16
UQCRQ,1.41259,0.0013764881489807068,0.006376023892412911,16
PPP4C,1.8530506,0.0014898059922945081,0.0068592426612972,16
TMEM64,5.3821926,0.001547380533794623,0.007105790044360002,16
C20orf204,5.311228,0.0017000295161955696,0.007768486376391772,16
SERF2,1.2084616,0.001818014536812621,0.008268206858200965,16
CRABP2,1.5721389,0.0017958358730597577,0.008173989824711268,16
RARRES3,2.265912,0.0019375383056846563,0.008771355420565402,16
PPP1CA,1.7683563,0.002011600438256274,0.009088239533883848,16
TEX264,2.3896832,0.0020807448148957913,0.009370335907145507,16
LAMTOR5,1.8873402,0.0021475849819936714,0.009655783898264039,16
ATP5PD,1.5767915,0.0021807248755066587,0.009794178323581062,16
CXXC5,2.46034,0.0023844122190967,0.010626570587393356,16
CTSA,2.5658715,0.002519964725317616,0.011186095401254387,16
CD9,1.5023086,0.002488801957351064,0.011056543900862522,16
LURAP1L,3.2695165,0.002749920627863423,0.0120948187489073,16
GATA3,1.7497305,0.0026941321961135535,0.011875921670369917,16
COX17,1.3160915,0.0028307475891802465,0.012424248218881792,16
SPINT2,1.4750952,0.0028537228628956316,0.012518534991418046,16
ABHD11,2.7814689,0.0029779130434592835,0.01302584525178245,16
ASAH1,2.1044574,0.0030472088225209464,0.013308129051585293,16
LAGE3,1.9599776,0.0031612213458689577,0.013771986642653684,16
PRDX5,1.3780324,0.0034234850431939267,0.01481831356739805,16
ERGIC3,1.981383,0.0036131515582249326,0.015584968674694246,16
PRELID1,1.3057601,0.003532321018758932,0.015261301914150783,16
RAMP1,3.1255324,0.003989455094685768,0.01705459002432518,16
SELENOH,1.3187581,0.0039604869707252546,0.016948034381869835,16
PFDN4,2.4109104,0.004235948062808915,0.01800962529784178,16
DBI,1.2491177,0.004271626028587318,0.018152110556803144,16
TNNT1,3.1603315,0.005085841553643604,0.02128843274064147,16
ATP5ME,1.2661406,0.005070740028742153,0.021230519448763023,16
MRPL57,1.5159827,0.005139765156354135,0.021498050019862082,16
UQCC3,1.9591728,0.005204075639669064,0.021731810387218636,16
ERH,1.2267685,0.00621704821147689,0.025529629537358763,16
NME4,1.7869703,0.006673343787656206,0.027251448927351252,16
SNRPE,1.4182874,0.006799363714213271,0.027717240925914842,16
PMVK,1.9310788,0.0068861242907850085,0.0280436492031593,16
H3F3B,1.2484546,0.007193568959856029,0.029217667290207198,16
PIGT,1.9873905,0.007380551746863015,0.029926388556761652,16
NAA38,1.4599922,0.008039158458496787,0.03241271954038234,16
SLC2A4RG,2.8866687,0.008467744768496079,0.03400582223181597,16
NDUFA11,1.8019667,0.009563714331254991,0.03796172099226316,16
UBE2C,2.82431,0.009898442828218326,0.039179097344969424,16
RAB11FIP1,1.9965032,0.01023428371756955,0.040355996963437606,16
NME1,1.3814669,0.010327577301567387,0.040676053343338625,16
CYC1,1.6365385,0.010535720068198908,0.04135985332484312,16
LINC00992,6.3306503,0.010824564706279842,0.042379680729932555,16
ATP5MF,1.0077784,0.01082623020760439,0.04238125436429258,16
HIST1H2BC,3.604761,0.01135904203435804,0.04422444908582739,16
CDV3,2.1661496,0.011753483456451427,0.04558552134746037,16
HSPA1A,1.3015357,0.011526417142738625,0.04482926221992071,16
TCEAL4,1.7032939,0.01178274368053606,0.04567787861637309,16
PQLC3,2.5678742,0.012302194183013072,0.04746122556848879,16
REX1BD,1.5850083,0.012350145113123157,0.047624306419782,16
SQSTM1,1.2218148,0.012255246634707341,0.04733026174121222,16
SLC39A4,2.3905196,0.012990943624280651,0.04984890059512611,16
MT-CO3,2.1189384,4.01950104708504e-33,3.2802453678900083e-31,17
RPS11,1.6027418,1.4679437350769655e-13,2.200996907385628e-12,17
MT-ND3,3.152727,1.8883105472829581e-13,2.814925514063009e-12,17
RPS21,2.0483065,2.1396665666645725e-11,2.6030669681717965e-10,17
RPL18,2.0924072,1.0703543071046687e-10,1.2223613828599826e-09,17
RPS28,1.2176955,3.549171579426088e-11,4.2228720803664564e-10,17
PRDX1,2.2241857,1.8858196481326165e-10,2.1105197470142173e-09,17
METRN,5.4926157,3.0931401063903813e-09,3.0639991821748314e-08,17
ADIRF,3.839512,1.9634169909663904e-09,1.978815183113092e-08,17
MT-CO2,2.3517523,2.2683192707576508e-10,2.5150974102638797e-09,17
PPDPF,2.3857384,2.0555381766187167e-09,2.0679305933403832e-08,17
XBP1,2.2680829,8.752725533100833e-10,9.114410652149489e-09,17
RPL36,1.4841644,4.729048910362859e-09,4.5922706862327926e-08,17
H2AFJ,2.7811062,1.4126755372745841e-08,1.3110832926321757e-07,17
ATP5MPL,1.8772011,1.9296897674217038e-08,1.7621487745464573e-07,17
MT-CYB,1.9893395,5.104412427053615e-09,4.936767509106266e-08,17
FASN,3.7647254,8.196940978949387e-08,7.02256953703554e-07,17
UBL5,1.6148884,4.8422953695856364e-08,4.248376379578128e-07,17
RPSA,1.6296751,7.471057052280429e-08,6.435200939664557e-07,17
TRPS1,3.1919599,2.035713676331403e-07,1.6747577242539021e-06,17
KRT19,2.3237243,4.6977547103724515e-08,4.1280427230967353e-07,17
BST2,2.7812333,1.6603297326145395e-07,1.3774207163399523e-06,17
RHOC,1.9983293,1.326331275873904e-07,1.1118839621116376e-06,17
RUNX1,3.5579035,4.4244842485175076e-07,3.5025165489621365e-06,17
DBI,1.6658945,1.4416555845672274e-07,1.2049481675048435e-06,17
STARD10,4.533204,9.275728060823604e-07,7.064423135515088e-06,17
TFF3,4.0162296,8.564331342957168e-07,6.556864587403021e-06,17
TUBA3D,8.086205,1.2531286797521465e-06,9.407159589876175e-06,17
ATP5ME,1.8951449,7.865713291360772e-07,6.042691010204573e-06,17
UGDH,4.0878806,1.68940413830108e-06,1.2483874025722962e-05,17
SERF2,1.3538116,1.1567726033795717e-06,8.716987169165179e-06,17
S100A14,2.459989,1.6781668421455036e-06,1.2409037489506688e-05,17
MT-ATP6,1.9536765,1.0858253845319924e-06,8.20817426697939e-06,17
ELOVL5,3.6833463,2.8177048389483268e-06,2.0289531559288497e-05,17
TMED2,1.796838,1.9284735879832645e-06,1.41693171116203e-05,17
IL6ST,3.022088,3.1359884865959293e-06,2.2393908841582725e-05,17
YWHAZ,1.445559,2.050820893215276e-06,1.502218466462843e-05,17
MT-ND4,1.5577267,1.2945203139828586e-06,9.704851553710118e-06,17
MT-CO1,1.2486256,3.8664128107608845e-07,3.082561257088919e-06,17
PLA2G16,3.3155928,4.690426217580779e-06,3.269359637653302e-05,17
RPL29,1.2697039,4.4610366651648145e-06,3.119191802924599e-05,17
SMIM22,3.0570643,6.271708285394773e-06,4.313294394103467e-05,17
CRISP3,8.012775,1.0076446317295127e-05,6.785265728335592e-05,17
CRIP1,2.4721265,7.138940448197601e-06,4.885680505468185e-05,17
RPS10,1.7688801,1.0530570468450696e-05,7.068358296624071e-05,17
PREX1,4.471329,1.6139592237427135e-05,0.00010527772525000846,17
CCDC74A,5.230171,1.7693905965525515e-05,0.00011483577786178237,17
SCD,3.526953,1.8126544100511054e-05,0.00011734846857271592,17
LY6E,2.0680878,1.8269354100081987e-05,0.00011822735980529613,17
POLR2L,1.864975,2.3316440515245394e-05,0.0001486517261588758,17
S100P,4.3331156,2.9110373288335502e-05,0.00018305043690739801,17
HSPB1,1.3566856,1.3064753977952606e-05,8.648212219745577e-05,17
MT1G,3.824526,3.233026120246644e-05,0.00020163430475863276,17
NDUFC2,2.3134208,3.086013517931505e-05,0.00019307588025543854,17
SNHG9,3.487805,4.2130528712186416e-05,0.00025904675775168554,17
RPL36A,1.4116927,3.5494622168485516e-05,0.00022038599077252365,17
HSPA1A,1.6810098,3.287176677140861e-05,0.0002048210903362096,17
CRIP2,3.1521275,4.693762051563347e-05,0.00028681631075147795,17
GAMT,3.18703,5.628819459015286e-05,0.00033986720697539466,17
PRSS23,3.699903,5.8621475551901873e-05,0.00035319254741985646,17
MRPL52,1.920591,5.231807345408886e-05,0.0003170371276826729,17
CLIC6,5.3805523,6.354280066541604e-05,0.0003810636647807473,17
SLC40A1,3.1350493,8.172640596361744e-05,0.00048294316110389227,17
COX6A1,1.2247794,6.482791898730141e-05,0.0003881458819623486,17
AKR7A2,2.7067647,0.00011278919216219747,0.0006529633654667804,17
COPS9,2.1417508,0.00012209003689680011,0.0007037329313551423,17
NDUFB8,1.5713077,0.00011660922908848375,0.0006738783860883586,17
GLUL,1.9726318,0.00013133918963262716,0.0007527764455686855,17
GPX4,1.4458392,0.00012770077108406158,0.0007336778970418824,17
ECHS1,2.3556106,0.0001821331681050138,0.001026020925665144,17
S100A13,1.9522454,0.00018532842945648558,0.0010433200490768684,17
ETFB,2.195361,0.0001936201501714808,0.0010874436465006091,17
EEF1A2,6.5938168,0.00021458662960666187,0.0011965835650269401,17
C1orf122,2.3509269,0.00020463725690866115,0.0011460574777046927,17
KDELR1,2.454815,0.00020970810270565365,0.001171717386781664,17
TMEM238,5.4680147,0.00022980440528281768,0.001275292779217569,17
PGR,4.5377173,0.00025047781240918656,0.0013822435514999221,17
GNAS,1.8960934,0.00023538473591043542,0.0013038876015147671,17
SIAH2,3.312677,0.00026877058124179383,0.0014763894637129067,17
SMIM14,2.4370422,0.00026085847729758496,0.0014359846031574424,17
PTMS,2.1053982,0.00026140216280620774,0.0014385053228356051,17
GRINA,2.4420576,0.00029750401354148816,0.0016233255438742565,17
ATP5F1D,1.8120828,0.0002919154179301516,0.001594387727209773,17
SELENOM,2.061272,0.00030554582109235546,0.0016647680937717177,17
NEAT1,1.3031354,0.000287979251261045,0.0015746840669296886,17
PTP4A2,1.7832956,0.00032512934141181734,0.0017663043797042056,17
TMEM141,2.3925748,0.0003550523216376431,0.0019176827568515597,17
SLC38A2,1.8215604,0.0003457988041933607,0.0018713194081073753,17
HSP90AA1,1.0331422,0.0002998982987995329,0.0016358576744243184,17
CXCL13,6.2650633,0.00038648690966925335,0.0020744370998906107,17
MZT2B,1.8051462,0.00036690188621173604,0.0019769086209522634,17
NQO1,3.040802,0.0003887240238295114,0.0020854434554167696,17
NDUFB11,1.0127836,0.00031364323625440233,0.0017063921795959299,17
ARMT1,3.241085,0.0004224953733688126,0.002255079140382454,17
APRT,2.0647597,0.0004247219902463943,0.002265521672209655,17
ATP5F1E,1.0656393,0.00042727374682889385,0.002278408385117318,17
FIS1,2.1080198,0.00046779727631796064,0.002485409226196851,17
LGALS1,1.2739183,0.0003612781008367671,0.0019491119157416768,17
AGR2,2.691138,0.0004915639173217455,0.0026005592036101996,17
MMP24OS,2.5297763,0.0005318867406109024,0.0027971171475118027,17
GJA1,4.187864,0.0005502423111773204,0.0028877605005787053,17
POLR2E,1.8253411,0.0005365744491742228,0.002819117105224406,17
PET100,2.276848,0.00057572753465494,0.003010206896315096,17
MZT2A,2.2731843,0.000614135369970144,0.003203034433862323,17
DEGS2,3.420422,0.0006685020093170827,0.0034634269222280304,17
CIB1,2.2932546,0.0006609639568473082,0.003428609971638658,17
DHCR24,2.8746397,0.0007359293805923481,0.0037829589815245894,17
MORF4L2,1.4038105,0.0007150409605299088,0.003683487767951723,17
POLD2,2.4826226,0.0008109540429375548,0.004140692579413689,17
DYNLRB1,1.4608939,0.0007861791356668835,0.004023994260552867,17
DCAF10,3.4496126,0.0008832442484898113,0.004482507994945795,17
MT-ND4L,1.8772764,0.0008469210013882518,0.004314486225328577,17
CHPT1,2.5040164,0.0009231141145907287,0.004666491411829334,17
PSME1,1.4773715,0.0009015734022085334,0.004570688253246133,17
PPP1CB,1.8407438,0.0009759473574202853,0.004916529035030608,17
CD9,1.1192793,0.0009241679496340686,0.004670410908343573,17
FAM214A,3.0765274,0.001209528407303119,0.0059977516719920045,17
PRDX2,1.8139538,0.0012451926895571267,0.006160939371652985,17
GNB2,1.8191046,0.0013336722089742437,0.006577370910337467,17
BEX5,4.8656588,0.0014282801892598507,0.007010968217176152,17
COPE,1.2303747,0.0013251258120674533,0.006539067950942247,17
NDUFAF6,2.5045464,0.0014461006289949558,0.007092215411188743,17
SSR3,1.761165,0.0015985485481824658,0.007786113107042016,17
SLC9A3R1,1.7548649,0.0016743359904041796,0.00813425600436654,17
VPS28,1.6941874,0.0017074855228418312,0.008282107291632373,17
SMS,1.7162865,0.00172266049601122,0.008349675678715654,17
SLC38A1,2.397505,0.0018387847343471918,0.008866400053872795,17
TNNT1,2.9093835,0.0018806747265277411,0.009055370514278922,17
TYMP,1.1115783,0.0017803800675057142,0.008605811765990656,17
KRT18,1.5986592,0.001996658097518322,0.009578076265569514,17
YWHAE,1.2512746,0.002148520938543478,0.010246486677049168,17
MCCC2,3.5005643,0.0024743001674191463,0.01167729026528853,17
MAZ,2.9932857,0.0025414247511676823,0.011958744048669364,17
ATP5IF1,1.3469917,0.0024727292163002445,0.01167151852574254,17
TSTA3,2.0895152,0.0026060490100470648,0.012218268080233241,17
PRKAG1,2.7863922,0.0027985812169450167,0.013035302402104265,17
KRT8,1.3511368,0.0025870479713543415,0.01214446130261665,17
ABCD3,3.5548296,0.0029065704248222727,0.01349519360727628,17
SEC22B,2.1206625,0.0028934813525855795,0.013441863995439464,17
RNF187,2.8921084,0.0030764273133832612,0.014244402059385418,17
NORAD,1.8189279,0.00305414365818415,0.014149037629717483,17
NUPR1,1.647272,0.003092558409791422,0.014315139611208129,17
AP1M2,2.384417,0.003301860177256447,0.015197981639269727,17
SEMA3C,2.957194,0.003348710225575938,0.015409396306220681,17
SERPINA5,4.7907267,0.0037994092841176982,0.017307617384027123,17
RTN3,1.6552992,0.0037434998282348877,0.017071478958372042,17
MSI2,2.3327408,0.0038744166366730813,0.017620584191274824,17
STUB1,1.7970092,0.003967461065175953,0.017997377818104766,17
MINOS1,1.5466151,0.003928925231445291,0.017839458669000476,17
IDH2,1.4732356,0.003978587791893364,0.01803875126933882,17
METTL26,1.8400126,0.004078628226068447,0.018451749302746397,17
C1orf21,1.9532337,0.004062099948007021,0.018379454250115137,17
ATP6V0B,1.5890715,0.004094033152147504,0.018503970618000194,17
CHMP4A,2.1336448,0.004215088309826291,0.01898459473611973,17
S100A16,1.4863776,0.00419470351190066,0.018902935710420534,17
NAA38,1.4482518,0.004279012255900815,0.019246660865652306,17
CRNDE,1.6574506,0.004323600263950028,0.019426373269008427,17
FAM198B,3.9037883,0.004778688914666888,0.021285790821625773,17
COPG1,2.6322396,0.0047521127118588385,0.02119511453289109,17
FLNB,2.4058642,0.0050036432261541235,0.022184692326296822,17
ZNHIT1,1.891991,0.0054649578044732245,0.024020462550103056,17
AZGP1,1.7890805,0.005355636725075645,0.023589417123540672,17
SUSD3,2.827331,0.0057164942261148065,0.024998296328307267,17
HMG20B,2.1519618,0.005787548668654767,0.025282647811324502,17
PRKDC,2.0455763,0.0058810051584888435,0.025647483294873787,17
ERGIC1,2.2534335,0.0061328390070688665,0.026628032768426776,17
BLOC1S1,1.7446812,0.006356002916776787,0.0275115103667067,17
BCL6,3.5684562,0.00685048355585744,0.02945795755730954,17
NUMA1,2.092664,0.007031448512137663,0.030178095271351166,17
PLOD2,3.5355074,0.007195794638277964,0.030836099139195244,17
UQCR10,1.1818829,0.007095730276925566,0.030426730915157303,17
ROMO1,1.3664515,0.007290038501402628,0.0312160323471908,17
MXD4,2.7108183,0.007540376164042505,0.03220985187444596,17
SERINC2,1.9346861,0.007488651072125029,0.03200520458844872,17
TP53INP1,2.909188,0.007876236580333854,0.03354200750901191,17
PRMT7,4.0385537,0.007979578931485409,0.03394762264598581,17
RBBP8,3.113376,0.008011616817995084,0.03407095723245507,17
BEX2,2.7464073,0.008020066736826684,0.034102568258101394,17
MT-ATP8,3.2271173,0.008074210493961153,0.034311047026219565,17
FAM89B,2.6489103,0.008134923813658945,0.034547161260310794,17
EIF2S3,1.7739203,0.008161302047402053,0.03463725572211974,17
PLEKHF2,2.5749116,0.008591636817497132,0.03627543938767262,17
CA12,2.3738265,0.008564534154515276,0.03618378134230972,17
NDUFA10,1.9165623,0.008558233235413555,0.03617082925264693,17
C19orf70,1.4903227,0.008577758725153976,0.03622596391342099,17
ARPC4,1.7867146,0.008691027329075847,0.03666738964082176,17
ARL8B,2.087866,0.008760205948667107,0.036908185871654745,17
IFI6,1.4587044,0.008503814256481317,0.03595895536770548,17
EMC9,2.9743066,0.008916302509209443,0.037476403817217285,17
TPD52,1.4855917,0.008878055442691438,0.03732968003050188,17
AC093323.1,3.3640232,0.009321128896276043,0.03902633682561413,17
NDUFA3,1.5593688,0.009273968149555056,0.03884342728574253,17
CTXN1,3.3730435,0.009500600169455413,0.03970836514438679,17
COMTD1,2.8757846,0.009799638912486426,0.04084298163158799,17
DHCR7,2.3677928,0.010042844799292329,0.04172514027165416,17
SCAND1,1.2358162,0.009888168559024873,0.04116408857369409,17
ATP5MF,1.3317109,0.010095989376881652,0.04191478892065695,17
C19orf33,2.2902596,0.01032476773962718,0.042748183527321966,17
BEX3,1.9486179,0.01103587803594097,0.0453120804509115,17
SSR4,1.0853103,0.011010453197673775,0.04522983597099523,17
NFIA,1.9933201,0.01122619163974782,0.04600900461739756,17
MCTS1,1.8609204,0.01138062924882699,0.04656797433633111,17
TGM2,3.547529,0.011613291410179001,0.04742164684548501,17
BEX4,2.0140655,0.011537887285897082,0.04713095572479284,17
TUFM,1.0810632,0.011536617192563183,0.04713095572479284,17
NUCB1,1.9520332,0.01231299578086832,0.04990818024001261,17
SEC61G,1.1112194,0.012287273981230307,0.0498581486334921,17
B2M,1.8925626,1.0505522300976877e-30,1.6779320166526926e-28,8
HLA-C,1.9679785,1.0436213622129375e-24,1.1042304135641682e-22,8
CYBA,2.5202248,1.4237624470972446e-18,8.778385337883949e-17,8
HLA-B,1.9101908,1.1522616848317802e-19,7.839352773010698e-18,8
ISG20,3.1942987,1.1042438157655018e-16,5.536239435663782e-15,8
HLA-A,1.8301226,3.759834995563169e-15,1.610582702250118e-13,8
SRGN,2.9703228,3.5369860195502542e-12,1.0424784541452995e-10,8
IGKC,5.996088,2.0134823987397004e-11,5.428795268177515e-10,8
CXCR4,3.5558178,3.281230378478411e-11,8.564649659497617e-10,8
CYTIP,3.8209107,3.430489794359637e-11,8.915971738940497e-10,8
PTPRC,3.8081477,1.249855103412738e-10,3.020273056452928e-09,8
GMFG,3.326719,1.3893834186214774e-10,3.3286649459987837e-09,8
HLA-E,1.8131714,8.709748257404031e-11,2.1623513419806706e-09,8
CD74,2.0770433,2.1536479752061232e-10,5.040858809238561e-09,8
CD52,3.5932398,1.486126484610498e-09,3.0580471423509646e-08,8
SEPT6,3.8007245,1.8523819865325142e-09,3.7518565344376243e-08,8
IFI16,2.6443768,2.479602854328732e-09,4.944611137755054e-08,8
CORO1A,3.105075,3.4340974997987168e-09,6.700585470666013e-08,8
RGS1,3.497558,4.3418614867444305e-09,8.3408004654579e-08,8
HCLS1,3.086165,6.149580523638737e-09,1.1542421955420643e-07,8
RAC2,3.2505598,6.473043508796663e-09,1.2122409398578943e-07,8
CD3D,4.136026,2.1954179447991444e-08,3.7588827609243544e-07,8
CD2,4.117218,2.2472817896370644e-08,3.841798089001874e-07,8
LTB,3.7852254,2.7463253657280696e-08,4.63352611126183e-07,8
TRAC,4.652514,3.004587122840036e-08,5.046412453038441e-07,8
PSMB9,2.337657,3.500481235097365e-08,5.821003525354522e-07,8
TRBC2,4.253242,8.311169567046979e-08,1.3020314733690926e-06,8
CD38,4.946389,1.1879113007151304e-07,1.8193485359491412e-06,8
IKZF1,3.6296563,1.9335038392135038e-07,2.8632076057863192e-06,8
HCST,2.9362826,1.870511703103807e-07,2.7797444853258656e-06,8
CD3G,4.3282003,2.538124465290386e-07,3.6885282794759467e-06,8
LCP1,2.6460447,2.7186900503409133e-07,3.93049926631399e-06,8
IGHG1,5.437475,3.227733380611026e-07,4.610792390079831e-06,8
CD79A,6.746963,5.083321833329504e-07,7.022228072969724e-06,8
PTPN7,3.8199403,5.608387467734528e-07,7.640573682180495e-06,8
TSC22D3,1.9208617,5.36747058449864e-07,7.354180182788761e-06,8
SH3BGRL3,1.4320959,5.088158486009324e-07,7.026015799886321e-06,8
MZB1,5.4169116,6.93755409205413e-07,9.315152193818557e-06,8
PSME1,1.1707274,5.001326367949144e-07,6.92607298544105e-06,8
CD27,3.8894389,8.400418088336642e-07,1.1176454704518022e-05,8
GYPC,2.4456224,1.0798528077052625e-06,1.4071228835758434e-05,8
ISG15,1.9504243,1.06577060688062e-06,1.3909343161627578e-05,8
ACAP1,3.599652,1.3122828590600823e-06,1.6864091714840695e-05,8
CD7,3.7560515,1.4576501463701352e-06,1.8561519954214393e-05,8
HERPUD1,1.9888468,1.384097623633291e-06,1.769882515984911e-05,8
EMP3,1.8673162,1.2698288588339035e-06,1.635611741710751e-05,8
TENT5C,4.384363,1.550029528909433e-06,1.96483523919695e-05,8
SLA,3.7523,1.723573201637143e-06,2.1684309360882002e-05,8
SP100,2.0927675,2.413228668618999e-06,2.9627416828019704e-05,8
GPSM3,2.759169,2.512865467860754e-06,3.07198753041373e-05,8
HLA-DPA1,2.0756638,2.269675523812856e-06,2.7967372058856358e-05,8
COTL1,2.1531508,2.537842804623225e-06,3.09646364168307e-05,8
IGHG3,5.7745214,2.901407511478856e-06,3.493040536342868e-05,8
STK17A,2.6565318,3.116089738009825e-06,3.726087910965688e-05,8
STK4,2.4404511,3.3663531652065557e-06,3.999675930364615e-05,8
CD79B,6.152126,3.9476694462013175e-06,4.636599481895966e-05,8
IL32,2.5199614,3.961851998295876e-06,4.6493996441834945e-05,8
WIPF1,2.412446,4.301420185384795e-06,5.0091212426605635e-05,8
PRDM1,3.123908,4.6879736627450496e-06,5.405270698595108e-05,8
STK17B,2.6296437,4.627357893648224e-06,5.340888200648832e-05,8
CD37,2.585302,4.708470223952814e-06,5.4270377931821764e-05,8
CD3E,2.9257066,4.964324992088981e-06,5.700391118098477e-05,8
JCHAIN,5.560131,5.987495474796084e-06,6.764790095160268e-05,8
TRBC1,4.064372,6.406668661166385e-06,7.206105753326012e-05,8
BTG1,1.4592621,7.2479709667986875e-06,8.095377762151008e-05,8
MX1,2.0788603,9.617571148922332e-06,0.00010500747197461066,8
PSMB8,1.6713939,1.1102787352504996e-05,0.00011978082682224833,8
ARHGDIB,1.5729399,1.0878768142693548e-05,0.0001175909643164951,8
CD247,3.8310905,1.2316699514723722e-05,0.00013127245580659306,8
KIAA1551,3.3538647,1.2443412495828177e-05,0.00013245461711284444,8
NKG7,4.110697,1.2758039525288355e-05,0.00013528846149784911,8
ETS1,2.802667,1.2516761422940166e-05,0.0001331086540541649,8
GZMB,5.3285203,1.3080855662694499e-05,0.00013849273351718315,8
CFLAR,1.8819224,1.2051349593729195e-05,0.00012893598619562072,8
FYB1,2.6041954,1.3683633986861803e-05,0.00014401090917895567,8
CELF2,2.393666,1.5016536301551135e-05,0.00015671115248610038,8
FNBP1,2.1610293,1.504705297990095e-05,0.0001569319664175553,8
SPCS3,1.8763974,1.550291646310829e-05,0.00016113520951010693,8
CCL5,3.380945,1.6811209479429702e-05,0.00017323034628250435,8
CD69,3.3866847,2.010210368836681e-05,0.00020388408219277628,8
PPP2R5C,2.2103925,1.9942196268327104e-05,0.00020250717681984847,8
LAT,2.9991386,2.007613486317851e-05,0.00020374391511221492,8
SAMSN1,3.0957818,2.0870814914517734e-05,0.00021097890387216376,8
IL2RB,3.7350714,2.1255187404518657e-05,0.00021434763702193635,8
ITM2C,3.1062264,2.1954524332437267e-05,0.0002208378578361968,8
IFI35,2.0642033,2.1790076938165887e-05,0.0002192802191968263,8
RHOH,2.646804,2.393727418917177e-05,0.00023852647462240353,8
HLA-DRB1,1.8651474,2.2958494523730105e-05,0.0002298659297971437,8
ITM2A,2.9063644,2.6208832880226884e-05,0.00025908354365920713,8
CD48,3.0726926,2.9055922938156282e-05,0.0002844613868268243,8
APOBEC3G,2.8291056,2.8824638104336718e-05,0.0002823619119911092,8
KLRD1,4.931816,2.988173032664662e-05,0.00029127088546528746,8
IL2RG,2.6964202,2.883580594772151e-05,0.00028238883716570135,8
TIGIT,3.952163,2.9758141559926957e-05,0.0002903193211348197,8
FKBP11,2.664448,3.093403675697153e-05,0.00030048031475979787,8
LCK,3.289098,3.097804627518789e-05,0.00030079011460309947,8
IFI44L,2.4818866,3.139771482891805e-05,0.0003040090946074393,8
IKZF3,3.9189231,3.3065426959682266e-05,0.00031887506775580876,8
JAK1,1.6057343,3.130654710630738e-05,0.00030330817345252916,8
DOCK8,2.9530995,3.8863879375453474e-05,0.00036864631734504665,8
FYN,3.227894,4.042692579477259e-05,0.0003827150770766208,8
IGHG4,3.9136016,4.127196264394918e-05,0.00039027428786036074,8
GZMA,4.152345,4.1529628360972875e-05,0.0003923789478465891,8
PTPN22,4.730324,5.191452194563412e-05,0.00047996388523422937,8
TNFAIP3,2.1627889,5.1341135071816154e-05,0.00047569972691817285,8
TBC1D10C,3.1458402,6.066966439073289e-05,0.0005549280647203633,8
ELF1,1.9282126,6.513924311811014e-05,0.0005912950888835,8
S100A4,1.5791328,6.483711986494104e-05,0.0005888713342512828,8
LPXN,2.6885884,7.183202689039216e-05,0.0006469704656097324,8
LSP1,2.011181,7.077237848771157e-05,0.0006379404318345428,8
CCND2,2.7559636,7.451083570685481e-05,0.0006684054400758538,8
ZNF292,2.008088,7.424266239487637e-05,0.0006666455873361857,8
IFNG,4.8066163,8.185972550847451e-05,0.0007271337535168812,8
ANKRD44,2.8551843,8.080847066399743e-05,0.0007189381736183389,8
TNFRSF17,7.4644537,8.626354918401343e-05,0.0007632196526460023,8
CD53,2.2493873,8.300332713561634e-05,0.00073709679519611,8
SYTL3,4.080873,8.789122649352972e-05,0.000775778849426179,8
ARPC2,1.1021733,8.88070513048531e-05,0.000782976535098731,8
FCRL5,8.479413,9.721986466756017e-05,0.0008513972534764063,8
TRAF3IP3,2.915816,9.537889027777246e-05,0.0008365856063825226,8
ALOX5AP,2.186887,9.52450333800428e-05,0.0008358486825222437,8
BIRC3,2.1132507,9.826429458619874e-05,0.0008589738610152964,8
IGLC3,4.450837,0.00010429646467594459,0.000907446879817343,8
LDHB,1.1638995,0.0001006868009427207,0.0008780642196948649,8
RUNX3,2.8392076,0.00011095476030706126,0.0009591581483142117,8
CCL4,3.1355758,0.00012142972293739265,0.0010392636736522294,8
SAMD9L,2.5909145,0.00012147176831866425,0.0010393583115245709,8
IGHGP,6.5681896,0.00013488574861552505,0.0011387371996761453,8
PSME2,1.1313441,0.00012786667431400367,0.0010893513139867911,8
LBH,2.3695984,0.0001489828604905951,0.0012488843470192799,8
IGHM,4.675276,0.00015808724199701965,0.0013167821323156533,8
EPSTI1,2.35692,0.00017972935883528535,0.0014775251040917417,8
SEC11C,1.646362,0.0001788356095552624,0.0014705381662400237,8
PAG1,2.9403875,0.00018307335385718342,0.001502070293963745,8
CDC42SE2,2.0244803,0.0001807855172433918,0.0014851156095666432,8
ST6GAL1,2.950309,0.00018946240396061604,0.001548807821409462,8
CST7,3.0753593,0.00020163117454121714,0.001640288921971129,8
LIMD2,1.941501,0.00020946116185121167,0.0016957607602344897,8
MEF2C,2.5893486,0.0002166238420753416,0.0017474219064571989,8
POU2AF1,6.4158287,0.00023067958042345912,0.0018457117860169949,8
XAF1,2.2155795,0.00022896915121431566,0.0018342140675613474,8
SEL1L3,3.602569,0.00023665114541496094,0.0018894349127263042,8
CLEC2D,2.5947545,0.0002660661592784336,0.0021047464736693258,8
LAPTM5,1.4969879,0.00024593188527330227,0.001957010999751324,8
IGLC2,3.7794518,0.0002869555865498223,0.002258277177021959,8
GPR171,5.8415966,0.0002929610696482141,0.0023006806923602783,8
MYO1G,3.3066583,0.00032252961297791024,0.0025123004525991846,8
TGFB1,2.060349,0.00033653861500396843,0.002611113043221861,8
SAMD9,2.5628202,0.0003461538185322604,0.0026764281298733393,8
TNFAIP8,2.0070217,0.00034430733771655196,0.002663993636528459,8
DERL3,4.5464497,0.0003574269215228809,0.0027553335726956904,8
RASGRP1,2.9525661,0.0003625387822084184,0.00279089127703754,8
HLA-DPB1,1.6852347,0.00036153209486340676,0.0027837805311784953,8
DUSP2,2.3243768,0.0003887000590903018,0.0029643903324119624,8
GNLY,5.0383506,0.00040118090992949905,0.0030498660244663027,8
MEI1,4.9275746,0.00040550770305748337,0.0030768407937932585,8
IRF7,1.7997036,0.00039488962977839766,0.00300612643495171,8
ZBP1,4.259822,0.00040591363183992715,0.0030781707270049734,8
FAM118A,2.5833557,0.0004032734424504587,0.0030624533835585228,8
EMB,2.566353,0.0004158006447444226,0.0031446154284944026,8
CTLA4,4.1568255,0.0004624276848987812,0.0034621176292834862,8
AC243960.1,7.6195545,0.00047678867929220616,0.003553770909364419,8
ANKRD12,1.3816502,0.0004615648206020165,0.003456429035010546,8
PTTG1,1.8220954,0.000472137715375328,0.003523803095550484,8
CCDC69,2.9637892,0.0005026555367252926,0.003725048466041326,8
HLA-DRA,1.5979322,0.0004968058709916199,0.0036874011327572296,8
SSR4,1.1779531,0.0005265823837101862,0.003887761332164507,8
CLEC2B,2.0628245,0.0005438909807247251,0.00400585142391041,8
AKAP13,1.4535317,0.0005523519662550302,0.00405925444788781,8
ICOS,3.9829044,0.0005735692970373885,0.004195875199984962,8
EVI2B,2.6579554,0.0005731065173559994,0.004193404384519541,8
RAB27A,2.2623663,0.0005744752794348398,0.004200670448555475,8
PIM2,2.7753253,0.0005805129640619824,0.004242969127828057,8
SMCHD1,1.8143454,0.000621971053249038,0.004516460510289236,8
CD96,2.878648,0.0006289226106552145,0.004562001142730656,8
PCED1B,2.9435682,0.000658723674265253,0.00475554256533165,8
SELPLG,2.7355433,0.0006773526047907641,0.004871158601476634,8
MSN,1.3224854,0.0006633053416679912,0.004783471181441861,8
SLAMF7,3.7373567,0.0006910902477212404,0.0049593192124129494,8
DOCK2,3.0209925,0.0007004472155518392,0.005016805478715403,8
ZC3HAV1,1.7802509,0.0006929152053067561,0.004971351636619018,8
PPP1R12A,1.5162767,0.0007865449365774477,0.005557510789497403,8
SP110,1.9255247,0.0008002636815361346,0.005643743511859438,8
CD8A,3.3268254,0.0008145993398248196,0.0057388104299651915,8
SPN,3.5594428,0.0008653745598668893,0.00606340675005125,8
CTSW,3.7927077,0.0008707951283037741,0.0060962929239066765,8
TAP1,1.6206679,0.000862838731022022,0.006047171404657738,8
TERF2IP,1.3354135,0.0008628771456632758,0.006047171404657738,8
ABHD17A,1.7724713,0.000896395865573319,0.006254631522195692,8
SMAP2,2.0864449,0.0009072656918451156,0.00631864588251184,8
DOK2,2.3227897,0.0009884233676940163,0.00682014157083419,8
MBNL1,1.4907635,0.001014030984744373,0.006971021368991805,8
SMC3,1.426467,0.0010125032776426592,0.006963373474556578,8
TMEM243,1.8616267,0.0010326069876940883,0.007088553207991693,8
IPCEF1,4.297519,0.0011176378179467818,0.007599166846088183,8
LPIN1,1.9238763,0.0011051140964804876,0.0075231645849506866,8
TXNIP,1.403245,0.0010973808012256332,0.007479628013393409,8
GBP5,2.4564192,0.0011217806731305554,0.007622699667235,8
TRIM22,1.930291,0.0011289603063399925,0.007659073146227688,8
ZNF331,2.207911,0.0011543624056283952,0.007818753927136915,8
CSK,2.097233,0.0011552528243181902,0.007823205124259321,8
SP140,3.070181,0.0011981225629036252,0.008066284400311218,8
TUBA4A,1.6792479,0.0011869768309405238,0.008003172977096,8
UBE2J1,1.7235913,0.0012069368987675734,0.008117479551145616,8
TNFRSF9,4.4136314,0.0012304230043289326,0.008258878924994342,8
ANKRD28,1.7517258,0.0012966351869770072,0.008661708983548257,8
TAGAP,2.671074,0.0013169811355309101,0.008781881563984545,8
PYHIN1,4.0238876,0.001331047611387724,0.008866865528015024,8
SEPT7,1.0861138,0.0012936729994334878,0.008643642644222831,8
SF3B1,1.0863329,0.0013125362695806805,0.008759207922404618,8
EVL,1.233908,0.001319189986421255,0.008793114335166,8
BTN3A2,2.1594102,0.0013544385719273192,0.00900123323578645,8
ACTR2,1.18649,0.0013678786512651092,0.009083353364102757,8
KLF13,2.268399,0.001433509514033887,0.009472289718323602,8
RFC1,1.4017045,0.001476005694886653,0.009720539370153785,8
CYTOR,1.271988,0.0014847764566755066,0.009768710697009252,8
CXCL13,3.5113974,0.001606063461289125,0.010484424786901233,8
ICAM3,1.868663,0.0016163008181058751,0.01053466598049611,8
PHF19,2.360791,0.0016508189599171452,0.010743135183271434,8
GIMAP4,2.1560092,0.0016524988016082742,0.010751981048446775,8
SIRPG,3.7082276,0.001699333030213199,0.011020365268055088,8
PRF1,3.9854677,0.0017477414593220298,0.011288464526693664,8
GNG2,2.6883616,0.0018060029081633665,0.01162670701395537,8
LAX1,4.3474646,0.0018565891811894184,0.011918058894980724,8
AKNA,2.516067,0.0018815425447153544,0.012050457573297608,8
CLECL1,4.077964,0.0018971751128461895,0.012134468051101075,8
CNTRL,2.406206,0.0019050717322579562,0.012180329960286715,8
PTPN6,2.1683307,0.0019284473128633787,0.012313354525176201,8
GPR174,6.390386,0.001984670089135321,0.012643460486170523,8
MYCBP2,1.351413,0.001990278579345855,0.012667160119514104,8
TRIM38,1.9475309,0.0020641666365240124,0.013070457458118162,8
IGLV3-1,6.3022494,0.0021128591191272553,0.01333849194704447,8
ARHGAP9,2.833612,0.0021560638850419136,0.013578020797632524,8
SERPINB9,2.2609277,0.0021791089703859707,0.013704457533902936,8
RASAL3,2.8573372,0.0022181295142902836,0.013924439835075875,8
MAT2B,1.4838954,0.002242797860287066,0.01405562089534538,8
NR3C1,1.6147262,0.002258903890196363,0.014153912830389725,8
UBE2S,1.4020028,0.002280819127075335,0.014283225231746417,8
AC016831.5,2.1842682,0.002307585566856241,0.014410487339029077,8
UCP2,1.1944243,0.002380202283943924,0.014778668049937644,8
CTSC,1.4746457,0.002409362206446646,0.014932779903550325,8
RIPOR2,2.8661015,0.0024692775325581744,0.01525829729541889,8
SYNRG,1.7236197,0.002458908865985904,0.0152026289906052,8
PRDM2,1.8502268,0.0025395425967624924,0.015634874860134134,8
IRF4,5.882702,0.002589467545678257,0.015886835732503095,8
REL,1.4026442,0.00258844469493003,0.015886372097465348,8
LAG3,2.6591504,0.0027071413991987202,0.016488147752047263,8
RNF19A,1.3934289,0.002742852652248971,0.01666932792337067,8
STK10,2.526531,0.0028370694191160333,0.01718897134873029,8
OAS1,1.7833372,0.00281089751205224,0.01704579885224086,8
NCKAP1L,2.3448143,0.0028307674613078735,0.017156987968870146,8
IL16,2.7037616,0.0029237582910345296,0.017650427796902294,8
FUT8,1.8681271,0.0029609393026008212,0.017839566220322282,8
RGS2,1.8020258,0.003024175879496731,0.01818463305381855,8
ARID5B,1.2877253,0.0030927227823297856,0.01855025301182463,8
IL7R,2.6862936,0.0032330428062189187,0.019271279325286786,8
SPAG4,3.1929226,0.003419282877772704,0.02025752058275029,8
PARP14,1.4645839,0.003421634204302397,0.02026544006641936,8
GNG7,2.6414475,0.003522873025683452,0.02079195568440061,8
GCC2,1.3687031,0.003517234074776255,0.0207696387503645,8
TMPO,1.7635273,0.0037745870341408354,0.02209483834417413,8
TRAT1,3.693204,0.0038911839490548415,0.022690229630606476,8
S1PR4,3.322044,0.003968524055223606,0.023065026050295437,8
CD8B,3.05181,0.004048404488330091,0.023456129718963478,8
WAS,2.380266,0.004051366312874161,0.023468121925195838,8
STAT1,1.0512484,0.0040475158636296095,0.023455354812737323,8
BIN2,2.543456,0.004230426248955462,0.02432585750320849,8
ARHGAP30,1.9145198,0.004294300476141762,0.02465088691943708,8
GIMAP7,2.5579314,0.004349896568035004,0.024944414564619946,8
BIN1,2.2558596,0.0043524052499252786,0.024954534100469022,8
RAB8B,2.0867782,0.004374233917745483,0.025058271534603115,8
ACTR3,1.0620263,0.004373145831635727,0.025056317789356665,8
PSTPIP1,2.620107,0.004557910811043927,0.026003892926216087,8
CXCR3,2.6233063,0.004583756452614859,0.02613801006071999,8
OAS2,1.8971599,0.004579903467111635,0.026124922141223014,8
SKAP1,2.193543,0.004636746109470301,0.02639081982992421,8
CD28,3.7945309,0.004787264695245366,0.02712783327305707,8
MDFIC,2.5138228,0.004826517233532583,0.027313348157569826,8
CD84,2.4424434,0.004881246832175866,0.02755848835942614,8
ROCK1,1.2951133,0.004838840995256892,0.027373851546957567,8
IFNG-AS1,4.391768,0.004944185962516846,0.027843005602548272,8
BCL11B,2.80464,0.004952371529141549,0.027875061832343798,8
ODC1,1.4940735,0.004907508643254896,0.027664327294691173,8
PSIP1,1.1797947,0.0049501341930862945,0.027867145177963643,8
GZMH,3.2961788,0.005116284592022564,0.02870133826744085,8
SETX,1.7137293,0.005196386241160379,0.02907289256292915,8
BCL2L11,2.1848028,0.005293251310675927,0.02955567541391398,8
PARVG,2.2409463,0.005348207127917399,0.029827771080391998,8
ITK,3.332746,0.0054075351464754375,0.030103591095092554,8
ZEB2,1.6715074,0.005463494083813585,0.030364715006659725,8
ZNF683,4.0423164,0.005533000949157562,0.030705225816627033,8
DENND6B,2.6562042,0.005614679670209132,0.031076232808330776,8
XCL2,5.201349,0.0056875945457872555,0.03138657595594774,8
IGHA1,2.520625,0.00575935940591791,0.03173561258976386,8
ABI3,2.4831512,0.0057468876105460556,0.03167209289275801,8
NABP1,1.718952,0.005818171269933819,0.03202811136793865,8
PHYKPL,1.7480093,0.005928274229312641,0.032532762749570565,8
HMGB2,1.3274555,0.005905690164897614,0.03241943597722273,8
TOPBP1,2.0606432,0.006025948051424258,0.03296766605848365,8
NIN,1.9844291,0.006039744688278102,0.033030992432665225,8
PDK1,2.114666,0.006049605545402598,0.03307413522385469,8
IFI27L2,1.2101446,0.006052134465380369,0.033082568791284704,8
CEMIP2,2.3288527,0.006201497807312242,0.033766954213483746,8
AL136987.1,3.8403559,0.006236651426344604,0.033936327951172025,8
ITGA4,2.3946621,0.0062498284699716725,0.03398597547200387,8
HLA-DQB1,1.3594418,0.006167068565437356,0.033595849724433066,8
CARD16,1.7826185,0.0063325805342108275,0.034374669638770894,8
NLRC5,2.3954594,0.006411548988300262,0.0347523685721413,8
CYFIP2,2.341448,0.006442644537473511,0.034898698390083825,8
YPEL5,1.2090305,0.006515025582377855,0.03524523759008639,8
ANP32E,1.3974063,0.006530462771694474,0.03530597224780856,8
JAK3,2.926124,0.006612705803487088,0.035698819468012295,8
ARPC5L,1.0216975,0.006609533411421774,0.03568945449194232,8
DOCK10,2.1633823,0.006791942305845804,0.03651362988946532,8
RSAD2,2.326724,0.006929457673298,0.03715168475385042,8
RGL4,3.7551186,0.007012434963564026,0.037542550856009736,8
CPNE5,3.9111764,0.007041486444185096,0.03766609179334129,8
OGA,1.0812516,0.007030298404204629,0.037620172108396216,8
VOPP1,1.1831973,0.007042248640053762,0.03766609179334129,8
FAM30A,6.5679846,0.00732473275832822,0.039046227184851685,8
LEPROTL1,1.1634558,0.007376881863237592,0.03930547967829263,8
CREM,1.5218815,0.007560961857866262,0.040177791773557084,8
ITGAL,2.9478276,0.007682291545918991,0.04075794696957749,8
PNOC,8.610944,0.0077981099324746445,0.04130055348888868,8
POU2F2,2.0913599,0.0077436492479420055,0.0410455925950462,8
TPST2,1.5929393,0.007988008888755727,0.042199685956490124,8
SOCS1,1.9292586,0.008017631632120227,0.04233617483830991,8
IGHG2,4.025637,0.008120683756559697,0.04279947421099446,8
TNFRSF18,2.4516542,0.008086568189791662,0.04264647541726449,8
MRPS31,1.5666426,0.008148030050063986,0.042916626242022006,8
ENTPD1,2.2862449,0.0082395271834078,0.0433577002288486,8
KLRB1,3.626754,0.008326817645137792,0.043767561747728674,8
SPEN,1.710304,0.00827731237221909,0.043536041128524466,8
PPM1K,1.6735643,0.008354302056298536,0.0438859272153969,8
RBM33,1.6500483,0.008375052311767224,0.04398115384202043,8
RCSD1,1.8957827,0.008514915528922256,0.04462797545244692,8
LRMP,3.783338,0.008763793108241012,0.0456935154117071,8
MANF,1.068891,0.008658783247597503,0.0452585708131008,8
SPOCK2,2.2850387,0.008713681622728694,0.04551005844097526,8
KLRC2,6.869451,0.00879449907822308,0.04582511940075817,8
FKBP5,1.6564721,0.008889444095410627,0.04623365551312884,8
TOP2A,2.1324925,0.009037881960287498,0.04690385251895451,8
SH3KBP1,1.343584,0.009028621790524554,0.04687029925336389,8
DEF6,2.1253202,0.009089651977304328,0.0471214863942449,8
TXNDC5,4.2385135,0.009178160748757953,0.04752890067532662,8
TLN1,1.1856166,0.009208890330686751,0.04767331232930458,8
NKTR,1.0805546,0.009225717607680907,0.04773832062314491,8
SUPT16H,1.288798,0.009376660845652227,0.04842226041940283,8
IL21R,3.3517244,0.009523676478473828,0.04901299595872644,8
OXNAD1,2.374818,0.009495184110863947,0.04891383355283176,8
SH2D1A,3.0762463,0.009543723557211711,0.04909601715221442,8
NCF1,1.6303167,0.009517298165440028,0.049005173129724286,8
GLIPR1,1.2884761,0.009547168773140125,0.04910620883605167,8
TXNDC15,1.3718299,0.009598386397867151,0.04931670927862471,8
RPL23,3.5460474,2.355909406020101e-41,3.0392137456661614e-38,14
ERBB2,5.5943365,9.198242434765988e-25,2.0987636020713335e-22,14
MUCL1,9.463946,2.9381467691454073e-22,4.893750574644559e-20,14
KRT10,4.8638005,2.1934062780862525e-22,3.7535224476168875e-20,14
PSMB3,4.2193522,2.81090355941564e-19,3.296521548474125e-17,14
SEC61G,2.4427977,7.52359283662096e-20,9.631634631034489e-18,14
DBI,2.6365492,9.3633699908769e-19,1.0229862959739482e-16,14
CALML5,5.8393908,3.4862558103638846e-16,2.6101005833798003e-14,14
MIEN1,3.680339,1.1884968873244354e-16,9.513931765572527e-15,14
EIF3H,2.3799856,6.546394802005562e-18,6.255630428890842e-16,14
CISD3,4.0835247,2.3416453876433535e-15,1.5645643017319864e-13,14
RPS17,1.6983624,2.0424280988097526e-20,2.751208066754133e-18,14
CENPX,2.5970228,1.141720239691768e-15,7.994663582359414e-14,14
CRIP1,3.079648,1.4085275827123273e-15,9.761037944577308e-14,14
LASP1,3.9090507,1.7762956485677333e-14,1.011523469416135e-12,14
POLR2L,1.7233988,5.883443233542197e-17,4.933414237405971e-15,14
POLR2K,2.34996,3.564956555922503e-15,2.3038961048592807e-13,14
NDUFB9,2.2575762,4.636954694334539e-15,2.9125111873160067e-13,14
IFI27,3.447736,4.25376347166102e-15,2.70218713263224e-13,14
CYB5A,2.6225605,2.1356167304769916e-14,1.2018577308209526e-12,14
MLLT6,4.0436115,1.6774988712046703e-13,8.003554713951046e-12,14
SERF2,1.6200242,4.8334256873567456e-14,2.5579324688054504e-12,14
RPS6,1.4901677,4.6584323992530617e-14,2.4762041379294286e-12,14
RPL30,1.2259178,4.5223127444660465e-14,2.407664948605328e-12,14
H2AFZ,2.2660925,1.178114535816663e-13,5.7351436350982135e-12,14
SCGB2A2,7.27545,1.6090417596756366e-12,6.565555919863812e-11,14
NOP10,2.1450737,4.313259403487516e-13,1.93152247866989e-11,14
DMAC1,2.8757887,1.2234730863379815e-12,5.11039984917338e-11,14
MIF,1.8792993,3.33156086219487e-13,1.532837899573088e-11,14
DPY30,1.929693,4.149195600647347e-13,1.8680291227021833e-11,14
MT-CO2,1.5180115,2.615598088781441e-17,2.3147698020004834e-15,14
DUSP6,4.043769,6.796191515694513e-12,2.546939213719661e-10,14
SQLE,3.6136332,2.06005008034731e-11,7.13803096538524e-10,14
DYNLT1,1.7525122,2.7504093559753526e-12,1.0943236086449502e-10,14
SELENOP,2.6050105,8.049512504528695e-12,2.9800077142869423e-10,14
MGST1,2.5848157,9.733310013073098e-12,3.564027850965991e-10,14
CD24,1.7067429,7.702946964552752e-14,3.861951332407531e-12,14
SCD,3.699268,3.6792503405346276e-11,1.2158200558805118e-09,14
TMEM258,1.0792642,2.4642416204668574e-13,1.1479601137788731e-11,14
MT-CO1,1.323581,4.586106210248055e-16,3.3807162285259345e-14,14
LAPTM4B,3.292913,4.0927927254573176e-11,1.343212923723717e-09,14
MTDH,1.9015388,1.581877485319524e-11,5.590911773983367e-10,14
KDELR2,1.989801,1.7200978108792302e-11,6.060273180115574e-10,14
ATP5MPL,1.2884756,2.8498138853322235e-12,1.129853516878583e-10,14
TOMM5,2.953182,1.1550204219553546e-10,3.5541779791563807e-09,14
CSTB,1.5035309,1.7755710683390329e-12,7.227479272228095e-11,14
TMED10,1.5754496,2.4661823523870114e-11,8.423444224176451e-10,14
GUK1,1.3736267,2.6729415234217014e-11,9.074203606992641e-10,14
ATP5MG,1.2972841,2.9265622312667634e-11,9.845518936701956e-10,14
ZNF706,1.6710746,6.218285409351834e-11,1.9882508190187785e-09,14
FADS2,4.6329856,4.6046785142379574e-10,1.2817055771456873e-08,14
BST2,2.0324383,7.977484840648169e-11,2.507711518652111e-09,14
COX6C,1.1887591,3.7098771559184004e-13,1.6883716375394715e-11,14
MT-ND1,1.2122153,2.2611369973943234e-12,9.09362062705072e-11,14
CHCHD2,1.1087842,7.220907036873643e-11,2.2848721030545175e-09,14
TMSB10,1.1002612,5.959411939037939e-11,1.9091178208908453e-09,14
SLIRP,1.5923355,1.5863609977224435e-10,4.73803510459559e-09,14
CTHRC1,2.8433597,3.171851348239863e-10,9.03883314114811e-09,14
TMA7,1.4276934,2.6013226759990504e-10,7.521897732192144e-09,14
OST4,1.4440333,2.366898078706834e-10,6.891330595304334e-09,14
NDUFA6,1.8698097,3.3741188951515575e-10,9.566468458349822e-09,14
TMEM123,1.8403242,3.208599728172587e-10,9.135793164909741e-09,14
HEBP2,1.6657763,2.0394605669014357e-10,6.000486567933425e-09,14
SPINT1-AS1,2.699608,7.533726021901376e-10,2.0054659087348738e-08,14
MT-CO3,1.1781296,3.560735113125204e-13,1.6249063459773125e-11,14
TIMM8B,2.4119656,7.84937444335169e-10,2.0845278559339588e-08,14
PLGRKT,3.085647,1.0647033723806247e-09,2.764025991719701e-08,14
HMGCS1,3.7113853,1.2199536282622167e-09,3.1379190679097396e-08,14
MRPL45,3.556997,1.2168685514994546e-09,3.132385885329487e-08,14
EI24,1.8161148,4.214306797880351e-10,1.1779338692308739e-08,14
SSR3,1.4838588,1.9704935325518565e-10,5.802662298096736e-09,14
HMGN3,1.7403544,5.024559452788192e-10,1.383651466387264e-08,14
MT-ND2,1.3421229,8.556642970735021e-11,2.6747284425109353e-09,14
CWC25,3.3421829,2.1786665174394633e-09,5.396946356088408e-08,14
SEC61B,1.4578917,7.063094775185946e-10,1.8921985771127143e-08,14
COPS9,1.4429066,3.951862599775392e-10,1.1129254698494242e-08,14
MT-ND4,1.0911496,5.465574191994231e-12,2.0644236933972804e-10,14
AQP5,6.092235,3.4627987422033575e-09,8.337812822127984e-08,14
C3orf14,2.7216203,2.206547359070459e-09,5.4579502190694886e-08,14
IGHG1,4.475324,2.977763788651004e-09,7.227002549576219e-08,14
MT-ATP6,1.235432,4.742979753049987e-11,1.54151437884738e-09,14
GRB7,3.5077138,3.798300112707717e-09,9.080455030672099e-08,14
IGHM,4.08718,3.7204026006360656e-09,8.926038886118332e-08,14
CYCS,1.2768688,8.374458746715472e-10,2.2152028456118584e-08,14
CEACAM6,5.451153,6.989956900874142e-09,1.5981604936074956e-07,14
HSBP1,1.2308095,8.922424668265206e-10,2.3471925160649668e-08,14
TXN,1.1390393,8.438555260408801e-10,2.2303985972369707e-08,14
NDUFB6,2.198338,5.609819305468259e-09,1.2976479263773165e-07,14
FAM84B,3.6205478,9.722915753110655e-09,2.1668858290703288e-07,14
PYURF,1.8111742,5.174984277725573e-09,1.2070524871988416e-07,14
SSR4,1.2931304,2.634449061152421e-09,6.445080668133723e-08,14
SPTSSA,2.3969543,8.637356673919958e-09,1.9430287069077752e-07,14
CLTA,1.4368008,4.326985555693728e-09,1.0227725336400517e-07,14
ARF4,2.002258,9.784716039772814e-09,2.1792108943560423e-07,14
RAD21,1.8964812,1.0135434992777993e-08,2.2528338309659816e-07,14
COA4,2.0212982,1.2616835806133905e-08,2.756881366602849e-07,14
PIP4K2B,4.3206887,2.162161581969645e-08,4.546775023250399e-07,14
TSPAN13,1.610934,5.929123401390827e-09,1.3652942373779838e-07,14
ANAPC11,1.6278317,1.669264750844007e-08,3.57732873393127e-07,14
MYDGF,1.5613413,1.8214983903011375e-08,3.879039841847013e-07,14
ERH,1.2457259,1.3569039282185866e-08,2.9453593227834853e-07,14
GALNT7,3.3338664,4.019293206440023e-08,8.072521762706876e-07,14
ADI1,2.0178683,2.6470095393649492e-08,5.498312731190199e-07,14
CXCL17,3.8563235,4.398308458727947e-08,8.755113591346829e-07,14
IGKC,3.4911933,3.358576527432622e-08,6.839709490383581e-07,14
CCND1,1.5935816,1.7501338975059047e-08,3.73893255135322e-07,14
SNRPE,1.2865301,1.896881267394809e-08,4.021700037274923e-07,14
MARCKSL1,1.3483789,1.3575998071086932e-08,2.9453593227834853e-07,14
SF3B5,1.442241,2.7029451975362288e-08,5.603182006833291e-07,14
CETN2,1.8905673,3.703144209988656e-08,7.495905850768226e-07,14
NUDT8,4.4201818,7.268383651433686e-08,1.3930791774442129e-06,14
UQCRQ,1.0079399,1.4886502929393825e-08,3.2068605957276706e-07,14
SF3B6,1.166783,2.252626688019694e-08,4.731080259415689e-07,14
MDK,2.2825155,5.585247114061356e-08,1.0948847074969722e-06,14
GGCT,2.075128,7.350840981807556e-08,1.4064720899646734e-06,14
ATP5PF,1.0864946,3.113621172653633e-08,6.387429866454301e-07,14
EMC4,1.6898613,6.35924803826354e-08,1.2322099275066288e-06,14
MT-CYB,1.0185535,5.110513167698743e-09,1.1945067746187007e-07,14
P4HB,1.7232,7.222290752834938e-08,1.385828685016228e-06,14
MAL2,1.8528364,8.069399036631935e-08,1.5378165516344985e-06,14
NDUFC2,1.1920928,4.458618992268898e-08,8.864643723751696e-07,14
SMARCE1,3.0268362,1.4990584724890497e-07,2.7105078288816827e-06,14
PRDX2,1.3059196,5.952610963972247e-08,1.1601192582370317e-06,14
SCP2,1.783377,1.1469689293235761e-07,2.1233529456862582e-06,14
QPRT,3.3616378,1.6668315611212884e-07,2.9817171942170205e-06,14
NDUFA1,1.1473621,7.004311651266567e-08,1.3463129919491802e-06,14
MPHOSPH6,2.7912862,1.8052410864668078e-07,3.20537804558937e-06,14
MSMO1,2.5707428,1.739180873393957e-07,3.0946347837934594e-06,14
CDC37L1,2.877808,1.912303263171352e-07,3.379376383036371e-06,14
RPS25,1.0700656,1.4248327620063276e-07,2.590261011948739e-06,14
B2M,1.4396071,8.812164977231908e-08,1.664238882327339e-06,14
RARRES3,2.8358073,1.911035051862278e-07,3.378915480996978e-06,14
CNTNAP2,5.6493187,2.4412435261723916e-07,4.23599322872986e-06,14
ATP5IF1,1.2118803,1.1779041395276418e-07,2.175555217174925e-06,14
SRPRB,2.3772674,2.3603135108856305e-07,4.104057826263086e-06,14
PGAP3,4.1162853,3.0307803247887896e-07,5.17067156021062e-06,14
TMED2,1.3126757,1.5374003695730213e-07,2.7693848440305425e-06,14
LSM3,1.4311372,1.7324930155391386e-07,3.0843709253820724e-06,14
C8orf59,1.9542168,2.447060506543684e-07,4.239507048036245e-06,14
CRIP2,1.826092,2.2702908025712983e-07,3.957787100262157e-06,14
SMARCA2,2.5386565,3.4421958816595846e-07,5.795918276442978e-06,14
SRSF9,1.5306469,2.5582504225187726e-07,4.423003990809389e-06,14
IGLC2,3.299349,3.5946304105105177e-07,6.03440933928595e-06,14
EID1,1.1791953,1.618217853006189e-07,2.900943078978118e-06,14
EBLN3P,2.1150572,3.6679341340756124e-07,6.142095795857719e-06,14
UQCR11,1.005438,1.8206092978409418e-07,3.2258349951866366e-06,14
PDCD5,1.5757334,3.228013257158369e-07,5.4654615173320976e-06,14
TMEM167A,1.5944555,3.1571271519822473e-07,5.361681104032231e-06,14
MTA1,2.663762,4.7313463429978865e-07,7.729863014636732e-06,14
MRPL34,2.0609107,4.585727016468984e-07,7.517588947184075e-06,14
SERP1,1.0583019,2.7249196995169284e-07,4.687001622640887e-06,14
MT-ND3,1.2202451,1.1020090316683815e-07,2.046649220996079e-06,14
HMGB3,2.002861,3.836358572341706e-07,6.395392787023517e-06,14
EPCAM,2.035852,4.504264229969751e-07,7.405761104775266e-06,14
TMEM251,2.6225517,6.070334485679691e-07,9.700099522829087e-06,14
TXNL4A,1.5567564,4.854396387832471e-07,7.900112044846624e-06,14
MGAT4A,2.6212702,7.345928511876372e-07,1.153431707947185e-05,14
ABRACL,2.0162425,6.628872369372634e-07,1.0502551163964453e-05,14
TMED3,1.4531729,4.848177307844586e-07,7.89765493358015e-06,14
CYB561D2,2.725476,8.021684824567338e-07,1.2520024695244908e-05,14
SUMO1,1.1858404,4.667305094890435e-07,7.628951276204682e-06,14
JTB,1.1158686,4.893178060764462e-07,7.959363983322059e-06,14
TEX9,5.0667095,1.0122777440452514e-06,1.5468249573130654e-05,14
NDUFS6,1.1394932,5.936071079960891e-07,9.494599909059048e-06,14
TMEM134,1.8916075,9.316874687778262e-07,1.4334738252420674e-05,14
OSTC,1.453579,7.586272145299909e-07,1.1873595614815877e-05,14
KRT19,1.987697,7.075491887367668e-07,1.1157455260658153e-05,14
HINT2,2.03213,1.0455856397902016e-06,1.593366103780243e-05,14
XBP1,1.0975162,3.054093045840245e-07,5.204892119996289e-06,14
NME1,1.9698008,1.0876225324809732e-06,1.6521715290735652e-05,14
ATP6V1G1,1.2356342,9.030000782772556e-07,1.3950956068861092e-05,14
CPNE3,1.6531954,9.793796854860002e-07,1.5006566482816781e-05,14
MRPL41,1.6551826,1.0982874656313636e-06,1.6646027964185075e-05,14
SYNGR2,1.6785179,1.0903022625736695e-06,1.6554924485732662e-05,14
TMEM99,2.9018044,1.640975316917234e-06,2.4098053023082726e-05,14
SMCO4,2.2827582,1.527595691887058e-06,2.2541613331097146e-05,14
ORMDL3,2.965264,2.1411795197340843e-06,3.067804454139296e-05,14
APLP2,1.4609711,1.5920138578753403e-06,2.3420060003068763e-05,14
PABPC1,1.15051,1.5381074243917311e-06,2.2669083193109176e-05,14
S100A9,3.4679618,2.3757013567443923e-06,3.3721286164436587e-05,14
CD9,1.3767885,1.5382616304676809e-06,2.2669083193109176e-05,14
GRHPR,1.7063559,1.9246590156642056e-06,2.7885523993258368e-05,14
NDUFAF8,1.6899796,1.9648777484698566e-06,2.8388749509989368e-05,14
LRRC59,1.7949057,2.1525682044197355e-06,3.082804873801979e-05,14
MRPL3,1.5488797,2.019630596832512e-06,2.9098122787095912e-05,14
AL354707.1,4.864943,3.184649547510067e-06,4.38670761696243e-05,14
GTF2H5,1.7161167,2.448000096318316e-06,3.468879223938007e-05,14
RSL24D1,1.4469965,2.327120335111822e-06,3.305969638288251e-05,14
BRK1,1.1539586,2.321460513595927e-06,3.299326571462754e-05,14
SELENOF,1.3968514,2.537044867502899e-06,3.57391944144959e-05,14
AKR1A1,1.7792681,2.9972535540158962e-06,4.15245276560294e-05,14
PLPP2,1.7939447,2.867307918079197e-06,3.990554974286072e-05,14
ALG13,2.0712638,3.05220095969362e-06,4.221602985116854e-05,14
EMC7,1.4585087,2.504641162043444e-06,3.5416597477276206e-05,14
SFT2D1,1.6252894,3.4027474705793537e-06,4.6546310322472307e-05,14
RBX1,1.0027752,2.4459481798118685e-06,3.4674365130629705e-05,14
S100A16,1.3147988,2.6490878859252308e-06,3.719257295178659e-05,14
AZGP1,1.7158071,3.735203577950818e-06,5.066011452003575e-05,14
CTNNBIP1,2.3080773,5.18279501445232e-06,6.843942030698633e-05,14
COMT,1.7789705,4.8228201344957584e-06,6.401353784373653e-05,14
PCGF2,3.0910635,5.921870034393687e-06,7.728616452280103e-05,14
SNHG25,2.1135852,5.630743910123926e-06,7.370564805533341e-05,14
SMIM7,1.6161691,5.2870893693613405e-06,6.967947526041207e-05,14
C19orf24,1.8634969,6.069416203986626e-06,7.893535823881947e-05,14
NDUFAB1,1.0778798,4.808125453656467e-06,6.3869043897462e-05,14
PYCR1,2.1066606,6.945475920871308e-06,8.942733507176375e-05,14
C19orf53,1.1857396,5.93957485279424e-06,7.748707901111303e-05,14
VCP,1.5099094,6.427784726956154e-06,8.330538157914852e-05,14
PSMG3,1.8379525,8.21347732948483e-06,0.00010431209508074619,14
SMIM27,2.510553,8.901976031083492e-06,0.00011229077775801858,14
TATDN1,2.0359366,9.086863616395713e-06,0.00011436491277956045,14
CMC1,2.144582,9.1054286081833e-06,0.00011453474777701301,14
SRP9,1.1427888,7.055484453588111e-06,9.08089040897156e-05,14
CCDC107,2.015359,9.121878620948994e-06,0.00011463354470784946,14
GNE,5.0540814,1.1952157672103692e-05,0.00014524902915943115,14
FAM91A1,2.1953235,1.0985093101497917e-05,0.0001353603996022563,14
SDHD,1.901253,1.0469193401396373e-05,0.00012965845413655816,14
PDXK,1.6149576,9.827872305292068e-06,0.0001226783271275777,14
IGHA1,2.860372,1.1742093319918023e-05,0.00014326720700013473,14
COX17,1.1397291,9.456565956075176e-06,0.00011844013395545836,14
MRPL27,1.7026057,1.1695691636296318e-05,0.00014275298150400828,14
STARD10,1.8355737,1.1499083488106923e-05,0.00014071169619649554,14
SCAND1,1.3171123,1.0788280578284472e-05,0.00013308191205451986,14
LAMTOR1,1.4086136,1.1888680093906462e-05,0.0001446348273593459,14
RNF7,1.1106911,1.051287422776126e-05,0.00013006724989794924,14
AC025154.2,5.9117527,1.559353111412204e-05,0.00018403329595312012,14
PERP,1.2492921,8.838585897377061e-06,0.00011157508828901919,14
TRMT112,1.1275328,1.1658299251660518e-05,0.00014234838558425388,14
PKIB,1.7168685,1.2925591005249101e-05,0.0001556127953722398,14
G6PD,3.107541,1.636898497251025e-05,0.00019196927446257564,14
UTP23,2.67763,1.6326131427842475e-05,0.00019153367408928452,14
PPP1R1A,4.000575,1.7313192105613394e-05,0.00020149263581345554,14
PHLDA2,1.7538487,1.4311244741266669e-05,0.00017082329532627238,14
MRPS26,1.4559873,1.46932576569625e-05,0.00017488522181411612,14
ECHS1,1.4634378,1.6468612313633173e-05,0.00019286792095376054,14
TYMP,1.6851872,1.767359375927194e-05,0.00020540194327087322,14
ATP5MC3,1.1011665,1.542587821884798e-05,0.00018231126897053565,14
TIMM13,1.2141063,1.603521693775127e-05,0.00018845031930943073,14
PSMD10,1.8189446,1.8195992736021644e-05,0.00021074302222337773,14
SPCS2,1.4093173,1.857610988231699e-05,0.00021462669705917813,14
NFIB,2.2486293,2.068334343785122e-05,0.00023580558200168855,14
IDI1,1.8515846,2.0210984396473544e-05,0.00023112738753566968,14
PRDX4,1.4453759,1.908087612395892e-05,0.00021962651546798427,14
ANAPC13,2.0670035,2.192555123056264e-05,0.00024861558952816147,14
FAM177A1,1.2709638,1.84081358923836e-05,0.00021283257013665573,14
ACP1,1.252196,2.050741572726819e-05,0.00023395892207765385,14
TOMM22,1.2990633,2.221807857919093e-05,0.00025125305921262406,14
FDPS,1.8166103,2.6605396622133184e-05,0.00029591004948242497,14
PHF14,1.6691668,2.6280061007620436e-05,0.00029284369643076314,14
TXNDC17,1.1996437,2.3981440044599368e-05,0.0002693775889269616,14
JPT1,1.630365,2.7292179879854588e-05,0.0003029142969391802,14
MRPL55,1.2915915,2.4815354207000535e-05,0.0002779071103362287,14
DHCR24,1.4782405,2.5101102317016952e-05,0.0002808175979376541,14
EIF4E,1.2477247,2.9517357321338075e-05,0.0003252436537171486,14
GTF2A2,1.1738733,3.05851633268051e-05,0.0003356861790393881,14
FKBP2,1.072059,3.013442634703266e-05,0.0003309557282599288,14
MID1IP1,2.6533818,4.0068123275608325e-05,0.00042786530493065227,14
OAT,1.6174413,3.625092724607699e-05,0.0003914656634773562,14
MPC1,1.8136877,3.844830762031012e-05,0.0004120110817548951,14
DCUN1D5,1.6046902,3.709850244961043e-05,0.0003990662532608156,14
PNMT,3.8273392,4.3715202501924196e-05,0.0004625399391536402,14
PGRMC1,1.4543537,3.965217361780547e-05,0.000424098710240693,14
H2AFV,1.2091035,3.653667999229081e-05,0.00039429754942774326,14
NQO1,2.1895363,4.413935099941224e-05,0.0004659987320967221,14
GTF3C6,1.3286871,3.9736083071893874e-05,0.00042472529073116395,14
PTS,1.6602018,4.166063843956369e-05,0.00044388166261162825,14
ERMP1,3.5159755,4.8295363876165315e-05,0.000506210874928269,14
RWDD1,1.1696329,4.052911196586785e-05,0.0004325125499354672,14
C12orf45,2.0197718,4.6478287082297656e-05,0.0004886922341778513,14
DERL1,1.8207949,4.7565433715757864e-05,0.0004993402855274599,14
MRPL12,1.9453506,4.978667403033135e-05,0.0005198925384966825,14
THOC7,1.3208139,4.3714275515117125e-05,0.0004625399391536402,14
CDK2AP2,1.8013612,4.945805313310454e-05,0.0005167827290147849,14
C12orf57,1.0070457,4.169856999801895e-05,0.0004440037258106519,14
MAGOHB,2.105415,5.2469647928851944e-05,0.0005441819607859069,14
MRPS21,1.1396228,4.763014626839418e-05,0.0004998631839762857,14
LDHB,1.5818161,5.100037294721873e-05,0.0005310783946049871,14
AC109826.1,4.8238225,6.016507380964207e-05,0.0006150553918467554,14
DAD1,1.024519,4.519219664051603e-05,0.00047591568838918305,14
IGLC3,2.5651004,5.26369498873329e-05,0.0005455797083346826,14
PSMB5,1.0367235,4.729852744055325e-05,0.0004970049839860891,14
BLVRA,1.8528259,6.004170927944751e-05,0.0006143560008974829,14
FKBP3,1.5535109,5.853235727192903e-05,0.000600928618077065,14
CKAP4,1.725443,6.115031992083622e-05,0.000624746536845802,14
GADD45GIP1,1.0214479,5.554404267043302e-05,0.0005727029619455868,14
LINC02303,5.4782386,7.267754699298747e-05,0.0007296251432779984,14
CNN3,1.4913837,6.464278114326179e-05,0.0006558328863660447,14
TMEM87A,1.6741619,6.765939092536235e-05,0.0006839552836128929,14
CBR3,3.0453975,7.537031919157715e-05,0.0007530520929415219,14
TRIB3,2.7452817,7.409266012069642e-05,0.0007420152077014477,14
ETFA,1.7338057,7.021499243866094e-05,0.0007065949779133294,14
IRF2BP2,1.1620157,6.88645807120488e-05,0.0006946727523797981,14
AURKAIP1,1.0546685,7.060945961230382e-05,0.0007101384962087804,14
HDDC2,1.3843391,7.259622594313576e-05,0.0007292452873191725,14
DUT,1.4858834,7.697029650514614e-05,0.0007672492906432766,14
DPM3,1.3144029,8.231030081730508e-05,0.0008151077058497873,14
SNAPC3,2.3371851,9.448357739633658e-05,0.0009232586995555235,14
SELENOK,1.1686195,8.375441012204472e-05,0.0008279376952314993,14
CRYM,7.209874,0.00011107184285713922,0.001065635206313303,14
SCGB1D2,3.2199535,0.00010583756989800538,0.0010221416446729048,14
APRT,1.1550657,9.543395301475838e-05,0.000931592030869619,14
PHYHD1,2.5833757,0.00010670175428207219,0.0010298945439928008,14
KRT7,1.6185604,0.0001035232094945085,0.0010032568534109533,14
GALNT3,2.701365,0.00011706297769799876,0.0011167262044848056,14
TJP1,2.0090685,0.00011280438423979189,0.0010796979680371365,14
SPDEF,1.7103245,0.00010871510772487601,0.0010460651452933363,14
MRPS7,1.476169,0.00011104627158894215,0.001065635206313303,14
POLE3,1.7236195,0.00011717070840170982,0.0011174360905606337,14
CHURC1,1.3936431,0.00011742233949091909,0.001119517535208902,14
UBE2L3,1.016184,0.00010803805215441998,0.0010409952046283829,14
DCXR,1.3653508,0.00011948338102487651,0.0011375509744409261,14
CRIPT,1.7577102,0.00012642978350107755,0.0011978994842646565,14
LMAN1,1.246499,0.00011774828692303268,0.0011223061357446544,14
CAAP1,3.2185674,0.00013972328031242493,0.0013090666326701242,14
GSE1,2.0860188,0.00013488446780881625,0.001267271690413307,14
SPTSSB,3.9179735,0.00014562049032696962,0.0013597597065859934,14
TIMMDC1,1.7908049,0.00013730924660666405,0.0012878885459826955,14
MRPL18,1.4692817,0.00014052824396036887,0.0013162406675997578,14
CHMP5,1.3718953,0.00013943617401931895,0.0013067417470751543,14
UQCRFS1,1.1343207,0.00013635580004445715,0.0012796614127843138,14
EPOP,4.3406286,0.0001619983281025744,0.0014976807946219539,14
IDH1,1.8820642,0.00014933765979223453,0.0013898264281607486,14
SELENOS,1.0281504,0.0001331465934668005,0.001253753478795608,14
SOCS7,3.7229533,0.00016815655155680173,0.001549063140831279,14
GLYATL2,4.1666164,0.00017343009486884298,0.001592394966327912,14
CNIH1,1.5241765,0.00016508866490627308,0.0015241505393947994,14
GCHFR,1.9949946,0.00018163589201333942,0.0016599063791942425,14
AC006449.6,3.9647334,0.00019556012806531424,0.0017727789879564068,14
RPS6KB2,2.1050158,0.00018733728851894635,0.0017060765664441975,14
TPD52,1.0400327,0.00015973270014102322,0.001479589752949478,14
ALDH3B2,2.5952454,0.00020556447789359821,0.0018509632625581685,14
ACTR6,2.1249156,0.000202488409326832,0.001828665518909874,14
RTL8A,1.773909,0.00020478189825502325,0.0018454029149306112,14
PSME2,1.1566302,0.00019043619889954046,0.0017314775134967435,14
KNOP1,1.2304343,0.00018556277136830697,0.001692673623732495,14
SPTLC2,2.0739756,0.000212375744739978,0.0019058740741893486,14
ZDHHC21,2.3836756,0.00021916755954608856,0.001958726116369666,14
AL391832.2,4.0016947,0.00022907177195578647,0.0020380096294878073,14
GNPNAT1,2.172759,0.00022207947509075406,0.001982109546040176,14
PPIB,1.035046,0.00020117590769166627,0.001817791249969337,14
UBE2L6,1.426837,0.00021240145759875332,0.0019058740741893486,14
PAFAH1B3,1.2184168,0.0002132846272185879,0.0019122640153805552,14
ATP1B1,1.0473222,0.000202395430790258,0.0018283181104594786,14
EEF1AKMT4,2.8588874,0.0002622108470170269,0.002305324775831743,14
CD163L1,3.0333238,0.00027779849289649906,0.0024253565858490525,14
MRPS23,1.727964,0.00027822192011447684,0.0024282699512255183,14
UCP2,1.5700539,0.0002778158076035914,0.0024253565858490525,14
TNFSF10,1.8300823,0.0002893855929469907,0.002517189360226923,14
SLC38A1,1.2182642,0.00026272070344372626,0.002308597095678811,14
TSPYL1,1.4170284,0.00027946311746381215,0.0024378341801960268,14
ACSS2,2.7758033,0.0003151419390000169,0.0027172688370178835,14
DENR,1.4904277,0.00030446780754799375,0.0026359155352934202,14
U62317.2,4.787491,0.00033636956513153547,0.0028854658782805197,14
NUS1,2.130024,0.0003202529541315437,0.002759209949788366,14
FASN,1.5085036,0.00030118247960601266,0.0026096516529230873,14
SPRED2,2.305669,0.0003417415966888454,0.00292034519606129,14
NCBP2-AS2,1.8419051,0.00034146519684953434,0.0029194708558578208,14
HOOK2,1.2825309,0.00032587172711267696,0.0028004262359944397,14
TUSC2,1.758154,0.00034697884001320386,0.002961288404669747,14
PRKAR2A,1.537327,0.00033707986228175745,0.0028908196524654634,14
RPP25L,2.0275273,0.0003515920634779197,0.002993083604343377,14
ERG28,1.8574916,0.00035998501831845423,0.0030529096079441906,14
ACBD3,1.3948115,0.000341664236012944,0.00292034519606129,14
HAUS6,2.6278226,0.00037172076432755093,0.0031373644077278273,14
SLC31A1,2.6236277,0.00037564993546195067,0.0031657473581229367,14
BLVRB,1.1447324,0.000334207811700765,0.0028676552090701867,14
HIGD1A,1.5298041,0.0003543621049656475,0.003011314761249755,14
SS18L2,1.4375242,0.00035657716905083866,0.0030286034001352695,14
SYNCRIP,1.1552113,0.0003450586303702608,0.0029464387783220258,14
TMEM45A,2.0538304,0.00037303372946246644,0.0031452801206386595,14
MAP3K13,1.1837076,0.0003500447052747844,0.0029806675449661193,14
GMDS,2.121717,0.00038693074584898236,0.0032501988846783667,14
MRPS34,1.1751155,0.00036395095763679753,0.003079535587814285,14
TOP2B,1.6758403,0.0003791335151718796,0.003191896895677714,14
IMP3,1.3563012,0.0003820774060735915,0.003214260917259677,14
REEP6,2.4103887,0.00041792460551185785,0.003480906181642221,14
NFKBIZ,1.4298016,0.0004055297420442487,0.0033894525486932833,14
SLC2A10,2.3736334,0.00043792626893525167,0.0036312694651068666,14
DEPTOR,2.7826147,0.00044434676348401606,0.003676979344897163,14
MAP7,2.0766976,0.0004369038699848948,0.003623687612058199,14
ELOF1,1.2998867,0.00040822197222966733,0.003409405669958982,14
EXOSC3,1.8839912,0.0004426160283495461,0.0036656257300918824,14
AP2S1,1.0518078,0.00042506765697395815,0.0035333814826675417,14
ECH1,1.3677177,0.0004440587528763075,0.003675758793243887,14
AIG1,1.571508,0.00044598519406303374,0.0036889739566136164,14
TSTA3,1.5658939,0.00048401756234866145,0.0039731847916633515,14
PUM3,1.9538839,0.0004922831526831587,0.004031361796239775,14
MRPL58,1.9545767,0.0005017244460364554,0.004097477390920076,14
MRPL13,1.4271405,0.00048790772624639683,0.004001201233748263,14
LSM5,1.1124787,0.0004764453700816131,0.003917738209832652,14
LLGL2,1.6410586,0.00048671330604256884,0.0039933588546902645,14
BABAM1,1.4353302,0.0004906116122466402,0.004019444085580009,14
KCNS3,2.6347797,0.0005208822763833675,0.004232294678336853,14
SMIM4,1.5110668,0.0005081068806475282,0.0041455638248111765,14
DDX18,1.142898,0.000504131379612191,0.0041141291006259115,14
FOXA1,1.4948813,0.0005173779067314299,0.004208428013878713,14
UBXN4,1.0690011,0.0005152316960020911,0.004196548401069971,14
FBXW5,1.4440335,0.0005376336620080238,0.00434524594154485,14
HSBP1L1,1.2732807,0.0005295935607528306,0.004287496408691936,14
SMARCA4,1.1353612,0.0005369852247282054,0.0043410511985077695,14
SMIM14,1.1622669,0.000546201302343834,0.004409178792277866,14
SEC11C,1.3599368,0.0005745164503241474,0.004610720409187723,14
PPP1CB,1.0644586,0.0005551902966635172,0.004473129411576035,14
MRPL17,1.8240305,0.0006341908543834932,0.00503975921680681,14
SYCP2,2.4951608,0.0006658879718726981,0.0052638577573844375,14
ME1,4.1477375,0.0007016197973179236,0.005519003194615496,14
HLA-DRA,1.2939311,0.00057577295069305,0.004618990801051325,14
POP7,1.3017254,0.0006556452623007289,0.005196360525243087,14
PTPMT1,1.574578,0.0006728342537707126,0.005310007930758464,14
AP001528.2,5.776276,0.000720965900338592,0.005643387926080913,14
MRPL21,1.3446894,0.0006762684182894797,0.0053358548618789555,14
TMEM126B,1.5502434,0.0006827966431029521,0.0053848300508620075,14
TUSC1,2.201968,0.0007141219291119613,0.005600272065546946,14
LRRC45,3.01377,0.0007283402234509506,0.005697122069675452,14
CHCHD1,1.329245,0.0007161816335779804,0.005612487890616599,14
ARPP19,1.2925595,0.0007312497094377051,0.00571854663190722,14
IFI6,1.522163,0.0007236078186648563,0.005662746114287902,14
GON7,2.5103264,0.0007719125286852421,0.006001557284337437,14
KLHDC7B,3.6963253,0.0007861236944840424,0.006096502852413704,14
CKS1B,1.4928076,0.0007573310632761594,0.005896388392141519,14
FBXO6,2.4881852,0.0007942477679741478,0.006153814826893253,14
RNF19A,1.4433345,0.0007823440483157286,0.006071402527662622,14
RAB38,3.4303172,0.0008504201454658329,0.0065361920483660635,14
CDH1,1.26259,0.0007646944528315014,0.005949574725683458,14
HMBS,2.753681,0.0008498510812176112,0.006533315405711642,14
SSR1,1.3141775,0.0008083943693255331,0.006251868928187159,14
AAMDC,1.6382543,0.0008347088679916677,0.0064301722878522104,14
NIPSNAP2,1.2234238,0.0007845648683742875,0.006085821056924601,14
PHB,1.087387,0.0008411854593505871,0.0064741169096094635,14
UQCC3,1.4682382,0.0008765759396127092,0.006712610408801343,14
KANK1,2.5286782,0.0009458107977775099,0.007177248861596258,14
HACD2,2.2418046,0.0009693926379734585,0.0073379369149780575,14
PRR15,2.9010243,0.0009802956456639736,0.007412104655368652,14
MANF,1.3793299,0.0009462363277333912,0.0071788538042310964,14
PRKAA2,3.3085225,0.0009989694574285425,0.00753292144145925,14
RAB27B,1.9657508,0.0009836620231767992,0.007435734587345893,14
KRT18,1.12071,0.0009056536466752731,0.006911610685582556,14
FAM104B,1.8327961,0.0009931067242462564,0.007497139914009382,14
UBE2E1,1.4389614,0.0009756667405151672,0.007380432598921792,14
ARL4A,1.7558385,0.000993454559418395,0.007497972563145039,14
NAA10,1.0805056,0.0009487470196655449,0.00719464702387566,14
SNRNP25,1.2419275,0.001011629006846775,0.007616396973882757,14
TSPAN15,1.5880194,0.001071058282512636,0.00801308869254137,14
RRP36,1.608702,0.0010639481638200915,0.007965599411314661,14
SRD5A3,1.8491253,0.0011065184771603762,0.008245664572858516,14
TC2N,1.5731176,0.001074707833853674,0.008037185162828558,14
SRCIN1,3.466026,0.0011468604665685837,0.008500960642912014,14
AC006449.2,6.1625366,0.0011829958729238953,0.008743689857589328,14
SLC35B1,1.562301,0.0012185218970717801,0.008968716907984326,14
PAIP1,1.5035751,0.0012240304070826617,0.00900333418507885,14
GBP5,2.7067904,0.0012614115882322958,0.009262041611405305,14
RBM6,1.3495754,0.0012151492439441158,0.008950488412398004,14
AK3,1.8194461,0.0012783861429448333,0.009376415836543332,14
IDH2,1.035605,0.0012056021651470896,0.00889313882146438,14
PGM3,2.3901782,0.0013138928638436365,0.00960742981168071,14
SMPDL3A,2.5822537,0.0013156713827138368,0.009616241849554326,14
MPZL1,1.3448508,0.0012908501265587028,0.009455427843394945,14
IFT43,1.6169704,0.0013248799633473625,0.009675114054133222,14
NME2,1.3248818,0.0012687229218719407,0.009313686916722864,14
CLTC,1.1021407,0.0012822341915703053,0.009400528310264396,14
CRACR2B,1.4283738,0.001360072365619839,0.009906229579859939,14
RRBP1,1.0299109,0.0013041848115428803,0.009544766040575988,14
KRT23,2.0858777,0.0014232046069387746,0.010312314910635868,14
MTCH2,1.1745671,0.001368629991582006,0.009966395689894065,14
FXYD3,1.0806863,0.0013697832565935705,0.009972628654092673,14
SEPHS2,1.311027,0.001449743087660136,0.010484224429324843,14
ACSL3,1.350231,0.001486560604742381,0.010720432002507892,14
CHMP4A,1.0664302,0.0014476632536050077,0.010471441274350995,14
AC009119.1,3.357446,0.001606183672871408,0.011479438860383528,14
SLC35E1,1.9709644,0.0015858157908906197,0.01135564633694754,14
LRRC26,1.9333065,0.0015884964341837178,0.011372413852498629,14
DYNLL2,1.9040469,0.0015983401218900815,0.011425815436554822,14
ACOX1,2.0769231,0.001598071009040748,0.011425815436554822,14
MRPL19,1.4670737,0.0015586587318431606,0.011168334228744166,14
HOXA7,3.0441763,0.001626483561871531,0.011599805474959179,14
IER3IP1,1.0612601,0.0015237109145481503,0.010948326432060734,14
MRPS12,1.2150383,0.0015955866861977384,0.011413429951324022,14
LSM10,1.2995673,0.0016073873339799345,0.01148454135907537,14
DKK1,7.534234,0.0017429823021700946,0.01232582108308816,14
EBP,1.7377498,0.0016806584355240405,0.01195042288104899,14
PSMB9,1.4954219,0.0016517569753817338,0.011772541587607042,14
REXO2,1.325067,0.0016790765174395498,0.011941879870958428,14
STAT1,1.3513659,0.0016919308523585498,0.012015467439965725,14
NDUFB3,1.0219811,0.0016879937264359152,0.011992585803513457,14
TMEM126A,1.3224472,0.0017301104763338248,0.012255466839854873,14
TIMM17A,1.1363618,0.0017391667076337531,0.01230662247695015,14
STOML2,1.1879276,0.0017713239667526339,0.012505152003546642,14
MVB12A,1.3521326,0.0017503211808992934,0.01237211788721141,14
UBE2R2,1.3505715,0.0018128908117291882,0.01275297204618471,14
MPST,1.1479086,0.0017840879723573504,0.012583334433031227,14
EIF4E2,1.1831621,0.001846458808975596,0.012972784857949407,14
CWC15,1.2292424,0.00192126854899002,0.013430860442199722,14
NIPAL2,3.0949614,0.002044874277887322,0.014167966980916892,14
CCDC124,1.2735016,0.001956711652474328,0.013644504269364121,14
MEA1,1.0246803,0.0019377842919242147,0.013529396947425078,14
ECI1,1.3217666,0.0019989841830368956,0.013907473238589612,14
ODF3B,1.3190383,0.0020444582926106222,0.014167966980916892,14
CISD2,1.1775408,0.002054103343004364,0.014220161037710911,14
RPP21,1.866518,0.0021256424110068207,0.014630858220311876,14
U62317.5,3.7095964,0.0021787897554642662,0.014959833610650349,14
S100A8,2.6673985,0.002170382619332613,0.014908212868121069,14
SCOC,1.1479969,0.0020493904225535303,0.014190463287132114,14
NORAD,1.2574813,0.002101506294955898,0.01449149314126558,14
RBMX2,1.3635335,0.0021181337562230004,0.014585162044236431,14
FAM200B,1.0983626,0.002091385505679779,0.014433572272840632,14
USP3,1.7524917,0.0022113506056146686,0.015140010341482261,14
SEC61A1,1.3184762,0.0021874362503598557,0.014999884613417305,14
PSMD9,1.3783414,0.002212413824319337,0.015141108361863883,14
PXMP4,2.2785964,0.002352874763946599,0.01599468432459118,14
YIF1A,1.2054156,0.00231015948478431,0.01574899578844523,14
EEF2KMT,2.1505988,0.002558227435223284,0.017166397256592133,14
CISD1,1.2869838,0.00256379037157458,0.017194979574681662,14
GUCY1A2,4.0011086,0.0027146672523509765,0.018030228576456257,14
LSM4,1.0472751,0.0025853698925147875,0.017312016682938407,14
COX16,1.4984237,0.00264556348106524,0.01763593127231993,14
DHCR7,1.9523722,0.002729062167421218,0.0181114907315938,14
CCDC90B,1.5170546,0.0026940942815329707,0.017918424806047467,14
DPAGT1,2.1484506,0.002749418286170057,0.01822877363919827,14
CREB3,1.7722183,0.002769891427201871,0.018346154889371635,14
SAR1A,1.3041798,0.002750578875808474,0.0182326415165004,14
PCDH7,3.3167934,0.0028359591546977003,0.018728274464996173,14
TMEM86A,3.1230702,0.002851319677832898,0.018818597661195046,14
TFAP2B,2.2027683,0.002852422443861901,0.018819460006747998,14
NANS,1.2431842,0.002790634057872985,0.018450750430734828,14
IMPA2,1.9592484,0.00287827949061724,0.01896294881060555,14
CRB3,1.6282791,0.0028859922480495227,0.01900629609107187,14
SRD5A1,1.9523903,0.002939257511635867,0.019322939278278835,14
CCDC6,1.5339867,0.0029370103590180365,0.01931195147065751,14
SUPT4H1,1.138562,0.002920245324075382,0.019205480081335765,14
LDOC1,1.9784975,0.003019530569562586,0.019784738197636004,14
NUDT2,1.5360061,0.0029969544272342896,0.01965601260145978,14
HID1,2.4219604,0.003090497154130449,0.020210248595572116,14
NRBF2,1.409061,0.0029931213016514153,0.019634711828415825,14
NUDT9,2.0157647,0.003085525455857498,0.020181671083252018,14
ITGAE,1.4199613,0.0030852879042223974,0.020181671083252018,14
NME6,1.9273905,0.003178554360115401,0.020721456130734825,14
GUCY1A1,1.8873947,0.00317814764298095,0.020721456130734825,14
EEF1E1,1.4591048,0.003204923438080734,0.020869022915291382,14
COA1,1.1828883,0.003146606251726988,0.020549127782160222,14
SDC1,1.015508,0.003002524842096543,0.019688697112172072,14
MGP,1.3063339,0.003084766856095223,0.020181671083252018,14
CREB3L2,1.4409856,0.0032902209319922737,0.02137050741284912,14
DHRS4-AS1,1.481882,0.003320360029776238,0.021549573482725386,14
KIAA2026,1.7437171,0.0035240849598537492,0.02270046737823211,14
CXADR,1.273779,0.003432230305904689,0.022164119501414937,14
PGD,1.4750639,0.0036006037239737876,0.023122314667012218,14
UBE2A,1.0530483,0.0035421693105301133,0.02279506923340187,14
NPEPPS,1.2977008,0.0036463479558713,0.02338026319783584,14
RPL39L,1.1582004,0.0037078181447625534,0.02370642935445688,14
LGALS3BP,1.2039361,0.0038144997938828005,0.02429127351179476,14
TMEM241,1.9411454,0.0039112929720549645,0.024822833978371914,14
ARFIP2,1.3346564,0.0038885516885603486,0.024706556580034598,14
GALNT6,1.5037736,0.004037341620631312,0.025497359310411378,14
TTC39B,2.7782402,0.00416146249213228,0.02612836000387284,14
SLC16A14,4.2267895,0.00421754222745706,0.026406679830341093,14
TXNDC9,1.3972391,0.004074923649132725,0.025681513362563083,14
TMEM203,1.7569497,0.0041540839987252625,0.02609704652579959,14
CREB3L4,1.239862,0.004036914782819744,0.025497359310411378,14
DPH3,1.7271224,0.004177466060755191,0.02620957522330525,14
FGF13,3.062894,0.004278103121184369,0.026736218091435504,14
RPA3,1.2276819,0.004278145627641822,0.026736218091435504,14
STK38L,1.6629924,0.004375320757330409,0.02725939330225751,14
MIA3,1.6033984,0.004466706509478247,0.027759459520920862,14
TMEM45B,3.5725138,0.004638236329220641,0.028687273597342706,14
SC5D,2.3314486,0.004756505622242055,0.02931066600691177,14
MCTS1,1.0249957,0.004581912306486229,0.028391265596130543,14
BOLA3,1.1359217,0.004735500492994104,0.02921343057486026,14
SEC16A,1.7785137,0.005013196129949569,0.030614856179286828,14
IGHG3,2.4986653,0.005020119354477724,0.030647947446038833,14
FZD4,2.8530836,0.005075493960490384,0.030929713468170052,14
HIKESHI,1.404134,0.005013380116198204,0.030614856179286828,14
IFT74,2.572913,0.005189316993605173,0.031537394687898374,14
COA6,1.3169167,0.005116955428103315,0.03116538986998607,14
GOLT1B,1.7154857,0.0051817694528530365,0.03151436613202968,14
SMARCD2,1.3871995,0.0052073518352004555,0.0316248405986127,14
AP002748.3,2.5458426,0.005400682241773425,0.032644491452752285,14
OXLD1,1.1137047,0.005276023386016196,0.03198320990247049,14
ETV1,4.158373,0.005563674726375816,0.03349689714546244,14
CDR2,1.950206,0.005446270524753249,0.032896337055780434,14
CHP1,1.4238697,0.005542432322665515,0.033380988065096796,14
LRMDA,3.0430892,0.005657395754151934,0.03395201663983224,14
SRPRA,1.5976356,0.005656344579402784,0.03395201663983224,14
GPR160,1.6341014,0.005681540173154409,0.034078064904823326,14
SP6,3.5652015,0.005885783539447807,0.0351084946997366,14
VTI1B,1.1444509,0.005820106960938898,0.03480338876392433,14
IVD,1.8103032,0.0059216336889886464,0.03529723041805015,14
CPT1A,2.4762318,0.006048880366415309,0.035953481547038084,14
LY6K,1.8044821,0.006009925578422461,0.035741610552796885,14
IFRD2,1.48586,0.006062983638325177,0.036030923850649314,14
PLPP6,3.5949695,0.0062819329869154734,0.03704981788537575,14
LRIG3,3.0505888,0.00629135668825323,0.037092352729952816,14
WWP1,1.2974131,0.006195679156384235,0.03666359819765061,14
RRAGA,1.3562001,0.006270226951331892,0.036987281423605876,14
ABHD17C,2.135573,0.0063400972289278015,0.03734689166762687,14
PPA2,1.2347633,0.0062098734993626835,0.03672815500654624,14
SEC13,1.2653904,0.00626148786298285,0.036961732561124214,14
PDHB,1.3332511,0.00625820572960846,0.0369492407048421,14
IRF7,1.3098036,0.006236106524879175,0.03685081905408252,14
GABRB3,5.1878014,0.006482235725696188,0.03807717486437405,14
AL121790.1,3.9772167,0.006562395556209767,0.03846047690910918,14
ARIH2,1.2998114,0.00644376485209053,0.03789765332350841,14
SIX1,1.9342796,0.006603032829222792,0.03867161238431319,14
AGFG1,1.6347837,0.006541015160893547,0.03836198452728282,14
ZFYVE21,1.190301,0.006487232617129322,0.03809318438570283,14
ANKRD9,2.1394396,0.00665683434685967,0.038911969471596405,14
SQOR,1.1936564,0.006558036372035251,0.03844164592003397,14
ICA1,1.4453043,0.006725928800707406,0.039233804852961233,14
CD74,1.1178888,0.006491633050717419,0.03811235150605863,14
NPW,2.2497838,0.006843169497357278,0.03983681587638278,14
EXT1,2.4579983,0.006906608264787586,0.04014114500246758,14
TRIM7,4.8148646,0.007007227532927497,0.04064846397127658,14
CHERP,1.6337137,0.006894967913067048,0.04008043652897433,14
AC006449.5,5.1688795,0.00707668668999193,0.04100175302626003,14
TEAD4,1.9232794,0.006937692170379564,0.04028689977262829,14
UBAP2,1.8900099,0.00708134122395723,0.04101851061197163,14
ERN1,1.8058636,0.0070589423561604825,0.0409060099460917,14
ARSD,1.3727335,0.00695641512011023,0.040388630698220046,14
RANBP2,1.5036491,0.00705169321119218,0.04088519308497786,14
TSPAN6,1.6198052,0.007211426995497319,0.04168880952360834,14
CEBPZ,1.0680876,0.00710390561615539,0.04113813851372029,14
AKAP17A,1.4433194,0.007281624431393549,0.04205113034665479,14
METTL23,1.3495839,0.007324059902511123,0.04225254440834633,14
TDO2,6.490995,0.007682955158654929,0.044133241818195744,14
AL355338.1,1.8290986,0.007660264091779952,0.04401043472120441,14
OGFOD3,1.5894908,0.007698209847424229,0.04419816098809587,14
SDF2L1,1.0096303,0.007701004789960042,0.04420664070854865,14
SIGMAR1,1.6482159,0.007839712726662573,0.04487232159812105,14
ACSL1,1.8113685,0.00792481630933606,0.04529759097331983,14
IL17RE,2.8934052,0.008041424079449971,0.045823548258381155,14
SPINK8,2.4086132,0.008097921087783988,0.04608285904400453,14
FAM192A,1.205855,0.007991166719422616,0.04559137998573805,14
RRP7A,1.256248,0.008085790404458433,0.0460372595409846,14
PHLDA1,1.3051342,0.008233536875534932,0.04675149150877217,14
SMIM10L1,1.2773213,0.00825958916129504,0.04688354714147858,14
YES1,1.512068,0.00835115310168356,0.04731520712560275,14
PDIA4,1.0140072,0.008386701983350274,0.04750056927111644,14
RFWD3,1.9895847,0.008572609136340982,0.04838194229211053,14
L3HYPDH,3.015247,0.008759421315039439,0.04930353252689005,14
ERP27,2.0497425,0.008787631033104478,0.049420847163205446,14
EAF1,1.84342,0.008847816904780186,0.04969267026176025,14
HSD17B12,1.6019892,0.008894989562626559,0.049907468203422116,14
SLPI,5.307214,1.1819615633547692e-57,2.6429448530988205e-54,1
KRT17,6.163336,6.340347597338678e-56,1.0916390290065467e-52,1
KRT14,6.424311,4.590964524702295e-55,7.332644815382842e-52,1
TACSTD2,4.2305083,1.043301697158237e-58,2.691798632644956e-55,1
RPL39,1.7150499,1.4610283682723103e-61,4.9004352500221564e-58,1
CSTB,3.6798341,6.57557471676475e-58,1.5753667969643323e-54,1
UQCRH,2.4296243,7.4073351072458976e-62,2.7605491870237183e-58,1
DDIT4,4.9067593,5.086252352475667e-50,5.882689315668495e-47,1
PERP,3.5012748,1.4436547249872181e-56,3.0263514456747677e-53,1
RPS20,1.9036027,4.497613259790455e-73,9.365008749817138e-69,1
GAPDH,1.9261905,7.113769850829336e-63,3.408613636666668e-59,1
ANXA2,2.8564675,5.062492408301963e-49,5.145486602025944e-46,1
RPLP1,1.1988702,8.958597178839177e-50,1.001601026584816e-46,1
S100A10,2.2326713,3.2343302231851605e-56,6.026815000880749e-53,1
PKM,2.4920304,9.048562738039621e-46,7.986785336752288e-43,1
YBX1,1.7617902,4.9784246134955235e-53,7.266248606561434e-50,1
KRT6B,5.6008706,3.1250691436802207e-37,1.5881506689117923e-34,1
MT1X,3.8586073,1.3090730660582602e-40,8.781523941732021e-38,1
RPL39L,4.3131514,1.521018772297975e-37,8.097855657404188e-35,1
CDKN2A,4.158929,1.5840101518417794e-36,7.482997817313398e-34,1
KRT6A,9.0963335,3.0354772458769752e-33,1.118823541801754e-30,1
RHEB,2.6226335,1.1469935828046923e-36,5.49590168012174e-34,1
RHOV,4.7806783,6.724629617667349e-34,2.5925379540940293e-31,1
PPIA,1.7727916,1.3365301395676551e-38,7.598060578176055e-36,1
CLDN4,3.0248866,1.0698157770881877e-35,4.983707080460403e-33,1
RPS29,1.2196298,4.1183804504826816e-41,2.877804139367492e-38,1
S100P,4.0803714,5.653925544869158e-33,2.0391216849511447e-30,1
SLC25A5,2.283172,2.093461196404628e-35,9.488754322784814e-33,1
RPL4,1.4467162,1.6693388324403487e-38,9.331882296480289e-36,1
SAA1,4.5676565,7.615030143313197e-33,2.6605804795507078e-30,1
GSTP1,2.5494561,2.166298389536615e-35,9.687975237793014e-33,1
MAL2,3.0276973,8.055650290410201e-32,2.6751937266400847e-29,1
LGALS3,2.5559084,2.6617303793336196e-32,9.203824603425663e-30,1
HSPB1,2.2916365,7.062302330829697e-35,3.0368805445943443e-32,1
ID1,4.6671753,3.0890140116256906e-29,7.969893766456715e-27,1
TPI1,1.8816644,3.8759850508175553e-32,1.3000441458947162e-29,1
SAT1,2.0888684,7.016750229828938e-33,2.477355994302025e-30,1
LAMP1,2.6007466,8.428869113441587e-30,2.3364685862309445e-27,1
SERPINB5,6.106443,6.744911443463845e-28,1.5710491300362558e-25,1
RAC1,1.9811852,5.230913332599253e-31,1.6096336154927665e-28,1
SFRP1,4.101447,7.377795636645507e-28,1.6833921323042651e-25,1
S100A11,1.4011161,1.768006364195226e-34,7.144662826683382e-32,1
EMP2,2.52835,7.126126413198427e-29,1.7971233535720935e-26,1
TAGLN2,2.0621533,2.061869033253489e-29,5.445444822390179e-27,1
RAB11A,2.0933576,2.702684067994236e-28,6.56889321192715e-26,1
GGCT,2.4666586,3.437270448781729e-27,7.486330397570647e-25,1
FXYD3,2.152083,5.444193926175479e-28,1.2950617622542677e-25,1
NDUFA4L2,4.7005453,2.2634812111228444e-25,4.103752610933585e-23,1
PDZK1IP1,3.691176,3.9799520152179864e-25,7.138586660022806e-23,1
SUB1,1.5679646,9.623620981143664e-28,2.1663481297217426e-25,1
WFDC2,3.014738,1.1674200234380091e-25,2.1997997194457453e-23,1
MT-CO3,1.5450426,5.55680060936999e-33,2.0258766221617263e-30,1
SNRPG,1.8588958,6.946504813017575e-26,1.331386959619557e-23,1
ATP5MC3,1.7822219,2.5677535781004656e-26,5.09615519308093e-24,1
JUNB,2.001873,1.2730609268819124e-26,2.635786206700384e-24,1
PTMA,1.024483,2.712098657135192e-26,5.350970650527734e-24,1
S100A6,1.7793732,1.6487138118504893e-28,4.1119095189142286e-26,1
YBX3,2.5091224,4.010977633780705e-24,6.406295276887554e-22,1
TSPO,1.7264795,6.548618564789275e-25,1.161286223858201e-22,1
SOX9,3.304772,5.766604381787077e-23,8.092789856465287e-21,1
TPM2,3.0956304,1.2637448920916689e-23,1.8838785522509627e-21,1
CEBPB,2.353468,8.211237238736906e-24,1.2405995865967322e-21,1
DMKN,3.642514,1.007963692563787e-22,1.3912802556494643e-20,1
IER2,2.0364852,3.888498404168125e-24,6.240388754746559e-22,1
TMEM45A,3.9391265,1.7565507135023078e-22,2.3566586992632363e-20,1
MFGE8,3.5335517,1.5661723702815696e-22,2.118184978694118e-20,1
TM4SF1,2.2744288,2.8813891242869313e-24,4.737483951848429e-22,1
SLC25A37,2.9101014,3.344525166341872e-22,4.364930684991157e-20,1
NFKBIA,1.8743681,1.8861741326939228e-23,2.774744148451178e-21,1
PFDN2,1.9685841,3.497404998375568e-22,4.546762056221508e-20,1
KLF5,3.970261,5.611583699178174e-21,6.558122956590074e-19,1
SLC25A6,1.4415159,1.78060151157877e-22,2.3794085776838057e-20,1
RARRES1,3.8668716,7.899233365757465e-21,9.073568024687368e-19,1
MYL12A,1.7355145,5.356048810483108e-22,6.830693275757183e-20,1
MAGOH,2.4453454,6.6671515223684714e-21,7.71113549006072e-19,1
CARHSP1,2.5222008,1.120915843107298e-20,1.2532212764553963e-18,1
STK24,3.2053444,4.918471138600506e-20,5.044967598159008e-18,1
LSR,2.7442968,4.9073816259021826e-20,5.044967598159008e-18,1
TFDP1,3.604532,1.21753097271677e-19,1.2010943045850937e-17,1
S100A16,2.0099247,1.6976668315599438e-20,1.8427651520178664e-18,1
KRT5,3.7403426,1.201332434418795e-19,1.1886103593758349e-17,1
GPRC5A,2.7453365,1.0740161637180022e-19,1.0689488470998668e-17,1
RBX1,1.6062186,2.678510946231102e-20,2.8340673705847757e-18,1
EFNA1,2.3553696,7.360610316920943e-20,7.504019168384358e-18,1
GIPC1,2.8384643,1.9233716187689685e-19,1.8379432326247857e-17,1
FDCSP,6.8079486,5.376626517550332e-19,4.8347836467870157e-17,1
IER3IP1,2.251039,1.678564408488179e-19,1.6132013990000574e-17,1
ATP1B3,2.383995,1.4718810416297234e-19,1.430967014994277e-17,1
RPL5,1.0074434,7.950543076114177e-21,9.101336700202923e-19,1
MAFB,2.8992004,4.0915565267703084e-19,3.7393705031172456e-17,1
DUT,2.1358829,2.6008517241423006e-19,2.4299489604305544e-17,1
DEK,2.0723503,2.220564787696567e-19,2.092133807419398e-17,1
MAP3K13,2.4429867,7.409688325442648e-19,6.540219897991365e-17,1
RANBP1,1.8867661,6.113078607544606e-19,5.4386941532003614e-17,1
FSCN1,3.5947363,2.6258254736469388e-18,2.1171349089324994e-16,1
BCAP31,1.7498374,5.48671832673353e-19,4.9205887539296616e-17,1
LAMP2,2.3284929,1.262814669816463e-18,1.0642227849325121e-16,1
BRI3,2.2776692,8.363325631032158e-19,7.324133289567875e-17,1
LDHA,1.4145707,1.3180322629404712e-19,1.2926350915580802e-17,1
GADD45A,3.3179832,3.2486745954374416e-18,2.594376062037315e-16,1
CLTA,1.5069231,4.516755198430727e-19,4.1167523399610057e-17,1
VDAC2,1.8633422,1.1298758962084048e-18,9.643045148785268e-17,1
COX6B1,1.3411425,4.553286068967415e-19,4.1388013018763165e-17,1
STMN1,2.5390198,1.664564579428071e-18,1.378547174286344e-16,1
LSM5,1.7279366,1.065004901607603e-18,9.159315232005285e-17,1
CYCS,1.5889105,1.2249943422587677e-18,1.0349505096650209e-16,1
CRYAB,3.1462502,6.031726974849397e-18,4.66152429639225e-16,1
H3F3A,1.0484775,1.6245893865908962e-20,1.769167292715755e-18,1
DAP,2.6441271,1.6993140466747654e-17,1.2310300742876525e-15,1
AK2,2.1452467,1.6158585135983648e-17,1.1782067479261469e-15,1
PMAIP1,3.1094189,3.196434192871928e-17,2.2570863002761542e-15,1
CLPTM1L,3.003375,3.333261534212751e-17,2.348758931072056e-15,1
BTG2,2.2932994,1.4738932853770923e-17,1.0793854734679706e-15,1
PPIB,1.4050931,3.848429092723972e-18,3.0371802399777583e-16,1
H2AFZ,1.5482049,3.1555057175053088e-18,2.5320291213120947e-16,1
SEM1,1.5623292,1.1512909569563556e-17,8.619520086444894e-16,1
ANAPC16,1.5558354,8.296058994229453e-18,6.33845363839294e-16,1
SNRPD1,1.7264183,1.2022436657588099e-17,8.903447918281285e-16,1
ARGLU1,1.8798271,1.7326905590919433e-17,1.2525037509160102e-15,1
LITAF,1.8909057,1.594052987546465e-17,1.1648394608996946e-15,1
EIF3K,1.371546,1.0780319609980259e-17,8.143754505368194e-16,1
MT-CO1,1.0661103,2.043841353268784e-21,2.5019154317513974e-19,1
NDUFA1,1.4413583,2.5211698954795326e-17,1.799203392857e-15,1
BTG3,2.4822526,7.035551712719579e-17,4.748077263507594e-15,1
TMEM54,2.668692,1.0645947088608879e-16,6.9741349863091875e-15,1
UBAC2,2.693948,1.1556414580233856e-16,7.541122596023808e-15,1
PHGDH,2.9079585,2.1398989944227228e-16,1.3440889919837556e-14,1
PCLAF,3.9873757,3.3686285626539496e-16,2.0655789875681193e-14,1
CRABP2,1.9801986,5.0616953234303886e-17,3.4789820254749728e-15,1
UBE2C,3.6941786,3.045884322241334e-16,1.8779780524319223e-14,1
DSG3,6.104619,4.984754331831653e-16,2.9802788777890456e-14,1
MLF1,2.8309715,2.758732980627199e-16,1.7072078026423778e-14,1
LAGE3,2.040196,1.5819473667951704e-16,1.0164769469286744e-14,1
CD9,1.4807988,4.549344453406324e-17,3.1397029282243108e-15,1
SELENOS,1.7030809,1.5972310388705716e-16,1.0243351104160198e-14,1
KDELR2,1.6349595,1.8109695708072078e-16,1.1547857485635847e-14,1
PHLDA2,2.1892045,2.5003227591345717e-16,1.558797874798005e-14,1
S100A9,2.8095593,2.8419446853818485e-16,1.7554634749980217e-14,1
CHPT1,2.326106,4.2395263740830457e-16,2.5739526639573885e-14,1
RPS27L,1.3226917,8.590458431211415e-17,5.6830880915436306e-15,1
FAM96B,1.9040883,3.8326455245618243e-16,2.3458168529074482e-14,1
ARPC5,1.5006384,1.8451902945349813e-16,1.1721501452461707e-14,1
LAD1,3.7610984,1.1870492981986144e-15,6.794337971139884e-14,1
RNPS1,1.681076,4.1534175603041356e-16,2.5283081377524682e-14,1
CCT5,2.012074,6.321569161256432e-16,3.7395370588659964e-14,1
DNAJB6,1.611541,4.888110407756448e-16,2.9329536884894283e-14,1
IDH2,2.029778,8.001169461305274e-16,4.675387193408366e-14,1
HSPB11,2.3018966,1.4497251331984632e-15,8.172307679430194e-14,1
CACYBP,1.8866752,1.0302411009572024e-15,5.937339650722599e-14,1
CNN3,1.9937077,1.10167576991927e-15,6.327278595695587e-14,1
HMGB2,2.6212564,1.8610535723324127e-15,1.0351840442719975e-13,1
SH3KBP1,2.8503797,2.2810207977034026e-15,1.252172153449588e-13,1
SNRPA1,2.493837,2.6120026826988456e-15,1.4222269802013307e-13,1
CALML5,2.665618,1.4271673388120267e-15,8.085915491738882e-14,1
RBP7,3.2906427,4.746705113458167e-15,2.464539260224464e-13,1
CALM2,1.1565378,1.0665347370010776e-15,6.135959110420779e-14,1
TUBB,1.6673834,2.069378227735184e-15,1.145363286080294e-13,1
TPM1,1.5391101,9.36939037156733e-16,5.437002118559513e-14,1
CSTA,3.6264677,8.53999790981749e-15,4.281615394517017e-13,1
MMP7,3.6429248,8.183984953486054e-15,4.115427875935168e-13,1
HES1,2.2619047,4.80507213873476e-15,2.490988015537907e-13,1
COMMD6,1.2140086,2.7816584492361888e-15,1.5057460303896412e-13,1
GGH,3.4212887,1.3191824922286437e-14,6.45937225866291e-13,1
PCBP1,1.2741467,3.644327772849253e-15,1.9340885732458353e-13,1
LCN2,4.2776933,2.1549510573578066e-14,1.0325601916405456e-12,1
EIF2S2,1.4339986,7.4238883801097e-15,3.7444306790565324e-13,1
LY6K,3.4612684,2.939423818926832e-14,1.394500909626943e-12,1
CKS1B,2.2089386,2.5574914891618142e-14,1.221949031880006e-12,1
PPA1,1.4207646,1.6976588419793946e-14,8.216619800697095e-13,1
CSNK2B,1.6816556,3.4488231164460304e-14,1.6223979824504393e-12,1
MDH2,1.5768124,3.273599703989464e-14,1.5486573719536054e-12,1
RALY,1.6051086,3.3460124657200386e-14,1.5806845649678284e-12,1
STOML2,1.8634372,5.2594055243190723e-14,2.4231555039998078e-12,1
SFN,2.9472365,7.674702778294133e-14,3.40498949585666e-12,1
LDHB,1.6523868,2.944306661055965e-14,1.394844487549126e-12,1
PSMA2,1.7529523,5.3118629892375554e-14,2.4372803901780692e-12,1
TNFAIP6,3.2698379,8.173801744059374e-14,3.5931518256552488e-12,1
TYMS,3.642594,1.3522669723967336e-13,5.7778836332686425e-12,1
MYL12B,1.1182512,3.725885342470446e-14,1.742955652326377e-12,1
ENY2,1.3037899,5.720720621108233e-14,2.6035100454897045e-12,1
PLS3,3.0916576,1.8334996530326625e-13,7.696797479645623e-12,1
CLTB,1.8692844,1.3942027719357487e-13,5.941925689135571e-12,1
DUSP23,1.7048692,1.1904907952313663e-13,5.119263046519905e-12,1
ARF1,1.2113242,7.192720568767149e-14,3.2038650809697073e-12,1
H2AFV,1.6387144,1.1897925177443702e-13,5.119263046519905e-12,1
GJB2,4.4017315,3.8393841628844406e-13,1.5533990857334984e-11,1
SDR16C5,4.5881205,4.360498071251831e-13,1.7370007815660056e-11,1
FGFBP2,5.8395476,4.592441224838539e-13,1.8224164476307773e-11,1
ATP5PF,1.1565303,1.1975537537740996e-13,5.143041031413198e-12,1
DSC3,5.432483,5.903293864052053e-13,2.3077200407245907e-11,1
ANXA1,2.0082877,2.321514386332202e-13,9.613075806415852e-12,1
TEX30,3.0620158,5.350409046365609e-13,2.1063153735228744e-11,1
IMPA2,3.302558,5.655724030809618e-13,2.2135197166556054e-11,1
IRF6,2.6322882,5.164903059792706e-13,2.038070747394202e-11,1
ELF3,1.5619725,1.7174370930235248e-13,7.2549820575695276e-12,1
C19orf53,1.1550704,2.0907424957090207e-13,8.711253919077798e-12,1
SCCPDH,2.2103868,5.447544832732942e-13,2.134870629373996e-11,1
SPINT2,1.1419555,1.1165618926270401e-13,4.8261085619334474e-12,1
PSAT1,3.9848626,1.0456354286265526e-12,3.9628991990466895e-11,1
FAM213A,1.9462713,5.971301543514128e-13,2.331588184761436e-11,1
ENO1,1.2465143,2.457674399252217e-13,1.0126886612447004e-11,1
MPST,2.2599726,8.463085094286018e-13,3.2552790957276065e-11,1
CHI3L2,3.5377843,1.2743854481062635e-12,4.7919464478623526e-11,1
SEC61G,1.1211829,4.081446893348007e-13,1.63750969198308e-11,1
GABRP,3.0621514,1.307288143192783e-12,4.904670202553594e-11,1
HIST1H4C,2.3697393,1.1531287750570434e-12,4.3555284058770595e-11,1
WDR45B,2.0428843,1.5411664798644123e-12,5.7308497673095623e-11,1
OCIAD2,1.5037824,9.757681929485512e-13,3.723349369702771e-11,1
CTSV,4.2454076,3.1876498839547423e-12,1.1386258227659852e-10,1
LY6D,6.3094554,3.809325548169928e-12,1.3350949656339347e-10,1
CXADR,2.6792731,3.0575276116820994e-12,1.0944774132703233e-10,1
CHI3L1,3.5051181,3.4740309076437814e-12,1.229139986005064e-10,1
ASF1B,4.528004,4.204738644644518e-12,1.4660201546779808e-10,1
PGRMC1,1.7768276,3.2343405166205518e-12,1.1540746305103183e-10,1
CXCL17,3.2750077,4.7504479207388056e-12,1.6460203895609535e-10,1
RBP1,2.2099702,3.5646988408380147e-12,1.2585638296899774e-10,1
PRPF38A,2.3603349,4.526149486978518e-12,1.5764442361655914e-10,1
PITX1,2.8975682,5.028849562464923e-12,1.7353152589983125e-10,1
FAM136A,2.172588,4.974638052549334e-12,1.7183762607678393e-10,1
CAPG,1.7337221,3.341223347895499e-12,1.1878113168569573e-10,1
CLDN1,4.128546,7.34088241075645e-12,2.4845664676002226e-10,1
APOD,2.5281897,4.963461081893177e-12,1.7162829705956602e-10,1
VDAC1,1.2366744,3.714695098634598e-12,1.3060229381897596e-10,1
ELOC,1.2602894,4.161388442137474e-12,1.4524155019535174e-10,1
TPGS2,2.0862918,7.839728308882237e-12,2.640083606508224e-10,1
EIF4EBP1,1.7376984,6.851462994923437e-12,2.3283173283964235e-10,1
RND3,2.376591,8.535268059099672e-12,2.8628142597026213e-10,1
CD24,1.3533324,2.209197868716851e-12,8.089378353125753e-11,1
ATP5MD,1.1144242,5.697513829211171e-12,1.951995008637098e-10,1
MBD2,2.4346845,1.4252445109164998e-11,4.587728036530741e-10,1
DLX5,4.885243,2.244361082366195e-11,7.002615354757633e-10,1
BACE2,2.428087,2.048857297809555e-11,6.428505390629587e-10,1
DEPP1,3.0027592,2.8813126508307844e-11,8.769701236072171e-10,1
CALR,1.2648044,1.6199606804777875e-11,5.179704593317967e-10,1
ICAM1,2.4465835,2.858927183173068e-11,8.717388786437078e-10,1
PGK1,1.3006455,2.1944508354031847e-11,6.859652886324158e-10,1
MRPL37,2.0571208,4.822838045579157e-11,1.4264798138163183e-09,1
CCNB2,3.936318,6.265669348459686e-11,1.8274505705798813e-09,1
PDXK,1.8067094,4.2398915281780657e-11,1.2674706038023218e-09,1
HLA-A,1.0157791,9.549398774711344e-12,3.1870286995282905e-10,1
NECTIN4,2.3145273,5.388309711560679e-11,1.583955267620129e-09,1
C19orf33,3.0027924,6.975551535622849e-11,2.0204401904691362e-09,1
LEMD1,4.969661,8.142474650580639e-11,2.3402462918176966e-09,1
NDRG1,2.5278661,7.370399999573613e-11,2.127457714162638e-09,1
ATP1A1,1.4763627,5.136412186435653e-11,1.5152190074339335e-09,1
MTCH1,1.642143,6.595896610554814e-11,1.917096778289593e-09,1
NDUFS6,1.2595223,5.5710291280040194e-11,1.6333731466991503e-09,1
RAB2A,1.3817704,7.41693311717376e-11,2.1390486129245494e-09,1
WDR83OS,1.0680548,6.098609807386573e-11,1.7802739038255268e-09,1
COX7B,1.0504105,5.728369555286791e-11,1.6780370589858014e-09,1
MZT1,2.35748,1.1167971568308413e-10,3.1637241078769634e-09,1
RAD23A,1.389176,8.597761058491819e-11,2.4689854765657027e-09,1
FABP5,1.7922213,1.0278054428702214e-10,2.92893987759644e-09,1
GNB2,1.4576563,1.251773299853198e-10,3.5075796366229e-09,1
PKP1,4.1620626,2.1409079742092693e-10,5.781658161268365e-09,1
NOV,5.1404376,2.508673099451802e-10,6.6886648989437915e-09,1
MDH1,1.7415708,1.7957468213106923e-10,4.912817629166552e-09,1
PRRX2,4.2784653,2.5543557891724705e-10,6.794262293785396e-09,1
MYLK,2.6247604,2.3369346347251393e-10,6.26063295393897e-09,1
TMEM123,1.3630476,1.8264689440072947e-10,4.984670044829021e-09,1
GAS6,2.7690957,2.864575070962268e-10,7.553515130121496e-09,1
SRD5A1,3.0543551,3.6827994692167866e-10,9.56074125363779e-09,1
PGAM1,1.394252,2.4630655113621005e-10,6.582763371840336e-09,1
SAP18,1.0635965,2.3094393430357486e-10,6.191918865288733e-09,1
MALL,3.1514564,4.1847799588349026e-10,1.0776962059168298e-08,1
CITED4,2.7222195,4.0889605088890244e-10,1.0549832648357445e-08,1
TK1,3.1122432,5.223301558324614e-10,1.3152759577159601e-08,1
PRPS2,2.8541398,5.588585341583879e-10,1.399900977909372e-08,1
LINC01133,4.3838735,6.34769101424438e-10,1.5689602380896885e-08,1
SDC4,1.9383625,4.944654529203046e-10,1.2516879816150895e-08,1
DKC1,1.9430519,5.775399002860675e-10,1.4413144193076632e-08,1
ATP1B1,1.5123248,4.820422803944788e-10,1.2211616409902727e-08,1
SERBP1,1.05663,4.1866317531070306e-10,1.0776962059168298e-08,1
BTF3L4,1.3575727,5.715913725402737e-10,1.4275313645847597e-08,1
JUP,1.9100804,7.199657766168672e-10,1.760085431013582e-08,1
TECR,1.4343413,6.402184274642207e-10,1.5801005353625775e-08,1
SNRPD3,1.3292913,6.423695985124937e-10,1.5838395571701155e-08,1
MRPL4,1.6901914,8.258295984316798e-10,2.008640359753225e-08,1
MGST1,1.2290841,5.502175786248381e-10,1.3803177116421613e-08,1
UBE2T,2.6123838,1.1631538040543317e-09,2.759076502247973e-08,1
TMCO1,1.017144,6.342523297929133e-10,1.5689602380896885e-08,1
DHRS1,2.3840146,1.3081659033380828e-09,3.070482334769953e-08,1
RTRAF,1.2574847,9.673846687261445e-10,2.3242871900962473e-08,1
PIM3,1.5842286,1.0791087058774822e-09,2.5651584056581596e-08,1
ATP5IF1,1.1787931,1.0731603615671958e-09,2.55282777924293e-08,1
ZFP36L2,1.4321262,1.0412415194805928e-09,2.482180654221646e-08,1
RALA,1.6008776,1.3157188876691764e-09,3.083894284508165e-08,1
PSMB2,1.3799665,1.2647801501253974e-09,2.97917386971418e-08,1
CHCHD7,2.3140712,1.6712492363086188e-09,3.8605627159109764e-08,1
TBCB,1.362417,1.544896371089032e-09,3.585977106069012e-08,1
MINOS1,1.1804794,1.349747029732513e-09,3.159236924232953e-08,1
NDUFA6,1.2644001,1.60374171368745e-09,3.712291291842012e-08,1
SMCO4,2.0452168,2.112351578841558e-09,4.8001615383417816e-08,1
PPP1R14B,1.5233637,1.880860373892082e-09,4.306207358410534e-08,1
DGUOK,1.3557351,1.823785039943575e-09,4.1833839790882194e-08,1
UPF3A,1.6083679,2.0459841463957045e-09,4.6619805879251576e-08,1
RAB5IF,1.6402919,2.2383549244112544e-09,5.062485672264186e-08,1
ARF6,1.3736949,2.390964382411367e-09,5.393095921349003e-08,1
F11R,2.1423273,3.0743652517973672e-09,6.810917101092173e-08,1
PTTG1,2.2424867,2.9405690698471884e-09,6.536091926556961e-08,1
TXNL4A,1.3666966,2.7611890528667e-09,6.170089408541105e-08,1
PSMD8,1.2544352,3.0362722092618803e-09,6.735423688548461e-08,1
PEF1,1.9833958,3.789688667783022e-09,8.28077834567494e-08,1
P4HB,1.0930634,2.9932392279483935e-09,6.644357177009733e-08,1
CMPK1,1.519026,3.94934970438993e-09,8.601632365905367e-08,1
ANXA4,1.7509774,4.299414006877434e-09,9.303654529333936e-08,1
CYB5B,1.9705229,4.641017974277037e-09,9.997797327491749e-08,1
SAP30,3.0985775,5.3540482287513985e-09,1.1344291322839586e-07,1
S100A2,3.4319293,5.560729846831409e-09,1.1737724341886236e-07,1
TMEM106C,1.8723253,5.062695623253178e-09,1.0808903494559824e-07,1
CALD1,1.4645087,3.369910118802742e-09,7.436194427287024e-08,1
NBL1,2.0382593,5.256266363112539e-09,1.1165321728002385e-07,1
CENPM,3.1199524,6.38372773968263e-09,1.3348915967375008e-07,1
NAA10,1.4591153,5.194693171910072e-09,1.1048522744390345e-07,1
HMSD,28.8401,7.719821004304319e-09,1.5875568136442132e-07,1
DMAC1,1.5950344,5.975307825455893e-09,1.2541789723004763e-07,1
TPST1,3.4406705,7.484377850296647e-09,1.5448216460110758e-07,1
HDGF,1.6994252,6.396589103881393e-09,1.336747633229195e-07,1
PRDX2,1.1096699,4.952022866278617e-09,1.0606372858100325e-07,1
PDLIM4,2.0438647,7.380658866140257e-09,1.5252906902600763e-07,1
SGCE,2.4784517,8.458730409542241e-09,1.7286467276171924e-07,1
CBX3,1.0907855,6.182092662048377e-09,1.2967702937946505e-07,1
INSIG1,1.9139309,8.46259183312194e-09,1.7286467276171924e-07,1
ATP5PB,1.3657749,7.879964237159008e-09,1.6185050856004304e-07,1
YWHAH,1.2554232,6.577860360288629e-09,1.3729185709050462e-07,1
FAM96A,1.7381176,9.248818097871089e-09,1.8812286708350164e-07,1
PI3,3.2044644,1.0626660643562639e-08,2.143288181874531e-07,1
MRPS5,1.7719613,1.0206255444954332e-08,2.0659505967363504e-07,1
NXT1,1.684414,1.0012039845198126e-08,2.0278612828972848e-07,1
VGLL1,4.308236,1.3144953821322618e-08,2.613484861416609e-07,1
TRIM29,3.4192421,1.3277318326809717e-08,2.633557267886013e-07,1
LARP6,2.7118196,1.3704917361956211e-08,2.7103575072958327e-07,1
PDCD7,2.2711847,1.3159281338292673e-08,2.614783503363001e-07,1
RHBDL2,4.6700726,1.5565835891977292e-08,3.040732100482297e-07,1
CXCL16,1.964056,1.3585792254842584e-08,2.689970826562427e-07,1
SPINT1,1.7266952,1.3458614008893653e-08,2.6679395536188066e-07,1
GTF2A2,1.2396793,1.264973215585178e-08,2.524001583815732e-07,1
CDK1,2.9212568,1.613697249253496e-08,3.143148631661528e-07,1
UBALD2,2.1509836,1.6207618613312376e-08,3.155076818973363e-07,1
ORC6,3.5602896,1.8008506537080352e-08,3.475393082624926e-07,1
PSMB5,1.1776606,1.291662497419049e-08,2.5711366068802564e-07,1
CENPU,3.5084593,1.8621993941392845e-08,3.577321298901818e-07,1
GRTP1,2.9346304,1.8713677621612275e-08,3.5928761368431443e-07,1
UBE2I,1.0075034,1.2687812615460843e-08,2.530094666677599e-07,1
CAMTA1,1.1638354,1.508936625509845e-08,2.957992013806295e-07,1
TAF12,1.6888661,1.8067888078360273e-08,3.4848478092943177e-07,1
TXNL1,1.3605052,1.736060100860942e-08,3.3600226106737945e-07,1
LMO7,3.2786083,2.3759768201007302e-08,4.467076150392298e-07,1
HELLS,2.8765774,2.369192241246243e-08,4.461823524067391e-07,1
COX5A,1.0397522,1.758012065481522e-08,3.3994770326919644e-07,1
TPD52L1,1.7308116,2.0875488082979255e-08,3.973806729802538e-07,1
SYNGR1,2.7100434,2.5090681778142646e-08,4.7014891481602375e-07,1
SNHG15,1.8306315,2.2708059393852876e-08,4.2909916626998274e-07,1
SARS,1.7227556,2.5451839453431543e-08,4.763840106626939e-07,1
MYO10,2.3828611,2.837921676902965e-08,5.256031527609186e-07,1
AP2M1,1.1801054,2.3242357223772104e-08,4.3820792784853294e-07,1
PIM1,2.3138437,2.8809468788284423e-08,5.332772586246401e-07,1
S100A14,1.2285168,2.226209699164652e-08,4.209092419373258e-07,1
MFAP5,3.078207,3.363397049967261e-08,6.134404592330173e-07,1
TMEM59,1.0552782,2.9049255927216182e-08,5.368270485150182e-07,1
NDUFB6,1.321504,3.4411036530235016e-08,6.252332482451856e-07,1
HACD3,1.4590651,3.78911390792815e-08,6.836507239688977e-07,1
SBSN,8.379643,5.137549290479513e-08,9.031370060375962e-07,1
MPG,1.3315439,3.817890985352365e-08,6.881025337974404e-07,1
EFNA4,1.9491419,4.4741625726795106e-08,7.973851586091575e-07,1
BRD7,1.7888545,4.7340501649102235e-08,8.396868142847901e-07,1
PFN2,1.7771388,4.8206353701144113e-08,8.532290030674945e-07,1
EZH2,2.508556,5.6442713276168835e-08,9.829413530612559e-07,1
TRA2B,1.157408,4.823118540937865e-08,8.532290030674945e-07,1
AARD,1.8657622,5.5127690417799844e-08,9.64044767624309e-07,1
SPRR2A,29.01292,7.59760418452012e-08,1.2902847693822245e-06,1
LLGL2,1.9983224,6.643940471451058e-08,1.1433781803639813e-06,1
FN3KRP,2.362703,7.126085230659713e-08,1.2179358993938205e-06,1
SEPT7,1.283529,5.8845351120414215e-08,1.0205439099947328e-06,1
GOT1,2.652471,7.323884709405527e-08,1.2469564316658415e-06,1
HR,4.8764105,8.157691371075391e-08,1.3791185800264098e-06,1
CDKN2B,3.22435,8.14710185477039e-08,1.378022911300321e-06,1
KRTDAP,7.152706,8.724912864546084e-08,1.4624802718127947e-06,1
CDKN1A,1.5313066,6.81290499793158e-08,1.171253954564957e-06,1
IDO1,4.5722075,8.87802052116696e-08,1.487401030471833e-06,1
BIRC5,2.6206846,8.245041710445681e-08,1.391781298490481e-06,1
CDKN3,2.8662992,9.089273510321492e-08,1.5190001136506882e-06,1
H1FX,1.5420929,7.981757054747248e-08,1.3521015826933204e-06,1
GJB3,4.569549,1.0096322524789261e-07,1.668181053221461e-06,1
THOC7,1.3799804,8.189055453278356e-08,1.383723470823221e-06,1
ID4,3.1077707,9.785691854052013e-08,1.6248608439443495e-06,1
NUSAP1,2.6475766,9.505153611181328e-08,1.5821953214522725e-06,1
ZWINT,2.7562091,1.0942868518991078e-07,1.7983084419180783e-06,1
PTP4A2,1.1026297,8.453986711628818e-08,1.4220419673758385e-06,1
PBK,3.8468957,1.2071540999966895e-07,1.968359536606172e-06,1
KLK10,3.438558,1.1895903214365664e-07,1.942553503958319e-06,1
DHCR7,2.2391684,1.2447832611473805e-07,2.025777552748389e-06,1
LRRC42,2.416375,1.2942877509566792e-07,2.0951595296736473e-06,1
CDC20,3.2719288,1.4355368749204286e-07,2.306002984756039e-06,1
EIF3J,1.2549922,1.2803105592816206e-07,2.074536061297818e-06,1
SDHC,1.117388,1.2588265513577087e-07,2.043673831514468e-06,1
NMB,2.5674226,1.5832456282518816e-07,2.5251374996289283e-06,1
POLR2I,1.1402756,1.4094026535574743e-07,2.267279347864328e-06,1
EGLN3,2.981879,1.777649737201505e-07,2.8018867403888944e-06,1
ARPC1A,1.1632109,1.520992758212886e-07,2.4327905628621085e-06,1
TMEM14A,1.3274643,1.5717741609034314e-07,2.5080341165966695e-06,1
IER5,1.7939425,1.9416614536220327e-07,3.0361429751019393e-06,1
EBP,1.8416427,1.9853857280156097e-07,3.0987353514830884e-06,1
NAA20,1.2824616,1.839453463034259e-07,2.889794313987451e-06,1
KCNG1,5.740278,2.3670282262784643e-07,3.6452017326724503e-06,1
ID3,1.7460258,1.908468108928018e-07,2.988418713424587e-06,1
SLC44A2,1.9793284,2.2135214726944866e-07,3.4308096195666143e-06,1
ALYREF,2.282939,2.3242425670688192e-07,3.5875480875313052e-06,1
NUDT5,1.4866674,2.2185235156983183e-07,3.435433852263956e-06,1
LYPD3,2.1319683,2.478265506038446e-07,3.8025390365066567e-06,1
PSIP1,1.8195828,2.591555604078302e-07,3.961867206763461e-06,1
HPF1,1.9642193,2.687525219982724e-07,4.095514920647003e-06,1
MBP,1.9140372,2.607053609802615e-07,3.980117666198885e-06,1
CEBPD,1.5392704,2.5163270323683284e-07,3.857409734582546e-06,1
FRAT2,3.4604661,3.1086658065877946e-07,4.681982928547877e-06,1
SLC6A14,4.4935637,3.269618297099266e-07,4.902381193697206e-06,1
PSORS1C2,5.7177753,3.635209843104732e-07,5.416640308643972e-06,1
CFDP1,1.3908812,3.0424419243826077e-07,4.59255376173344e-06,1
HMGB3,1.888506,3.426512321679236e-07,5.121597583843282e-06,1
TGIF1,1.3983531,3.3515251172397604e-07,5.018459998095482e-06,1
INO80C,2.3119617,3.89780469238981e-07,5.7540110608949515e-06,1
A4GALT,2.5678697,3.897442737916735e-07,5.7540110608949515e-06,1
TM7SF3,2.11167,3.9291515350908035e-07,5.792864687405743e-06,1
MCUR1,1.6119688,3.8609172994219986e-07,5.707317194354925e-06,1
CENPX,1.3085207,3.6987073000601564e-07,5.499039962381104e-06,1
MPLKIP,1.2552263,3.85066216037138e-07,5.694739267471959e-06,1
CDC37,1.1639371,3.7686410529306256e-07,5.5881516161072555e-06,1
SEC11C,1.3707378,4.173287103200693e-07,6.131240592573563e-06,1
GCSH,1.563558,4.443195494721128e-07,6.485170586964376e-06,1
UBE2A,1.35194,4.414150342876593e-07,6.4511989825892724e-06,1
ATP5F1A,1.1056525,4.244837609831401e-07,6.224700126071093e-06,1
MYBL2,3.7843893,5.386912133097641e-07,7.740235974092284e-06,1
E2F1,3.9534514,5.510782985000762e-07,7.888910460943687e-06,1
DHCR24,1.4103273,4.6234586274905265e-07,6.724866687973103e-06,1
PDCD5,1.0678519,4.516493045004668e-07,6.577841650998765e-06,1
NOTCH3,2.112869,5.502680578872992e-07,7.880675033987148e-06,1
CDC42EP1,1.8760322,5.681825140833575e-07,8.126827166255819e-06,1
TPX2,2.7325537,6.0949855694631e-07,8.662369109549231e-06,1
CEBPG,1.8121212,5.978094976413522e-07,8.510665687771052e-06,1
MRPL12,1.3498284,5.699187319811395e-07,8.148185928976726e-06,1
LIPH,3.0870163,6.829981562075908e-07,9.6415998137032e-06,1
CENPW,2.1515164,6.574091910665908e-07,9.31565765845565e-06,1
PSTPIP2,2.6997983,7.248207760129672e-07,1.0176313791649617e-05,1
IRAK1,1.876766,6.933081789828375e-07,9.778910694391653e-06,1
ACTL6A,1.7282377,6.79148604703252e-07,9.591294042253379e-06,1
RUNX3,2.3013155,6.91492743227909e-07,9.757407699035463e-06,1
PCCA,3.1752315,7.805883640544542e-07,1.0886367700104135e-05,1
PPIF,1.7003928,7.106348468793175e-07,9.99387983194096e-06,1
NCK1,1.8515615,7.320375902625794e-07,1.0256170766498403e-05,1
ERP44,1.5639389,7.254307593844103e-07,1.0180616360047074e-05,1
DNMT1,1.5508702,7.571523005146913e-07,1.057270828957671e-05,1
GABARAPL2,1.0443629,7.306218522878777e-07,1.0240613266856543e-05,1
PPP1R14C,3.4005027,8.921040530121693e-07,1.2313605778634227e-05,1
SLC2A1,2.2327077,8.43246088572216e-07,1.1696988030107815e-05,1
PTMS,1.011892,7.272447962585952e-07,1.0201805818197216e-05,1
BRIX1,1.7586102,8.64075124059019e-07,1.1971063088006425e-05,1
RAP2B,1.9403005,9.061360338608701e-07,1.2486733242287365e-05,1
ACO2,1.8858417,9.347985936299596e-07,1.2855301200878424e-05,1
KLF10,1.5976511,9.835587248557358e-07,1.3487139489119474e-05,1
LSM2,1.0791628,9.274918123858756e-07,1.2765286368171791e-05,1
TENT5B,3.2980926,1.1323477765236638e-06,1.5351688266928137e-05,1
VPS4B,1.4370323,1.0175141419459483e-06,1.391294000611865e-05,1
VSNL1,4.106786,1.1835714796753046e-06,1.5981550321976403e-05,1
CDH3,3.275215,1.1830349128147777e-06,1.5980738626951455e-05,1
TUBA4A,1.6563398,1.06350212487433e-06,1.4508719474915838e-05,1
AC239800.2,7.012087,1.287275964322407e-06,1.7229259026072568e-05,1
GPC6,3.3438663,1.2524010144469587e-06,1.6816165902948534e-05,1
TMUB1,1.9067869,1.2176317508291603e-06,1.638210451446485e-05,1
CKS2,1.3357725,1.1413171085708792e-06,1.5448312001039494e-05,1
PCID2,1.9685073,1.261725730698985e-06,1.6927817093349862e-05,1
TMEM41A,1.829976,1.3138076785380772e-06,1.7563341309623614e-05,1
RALBP1,1.2419759,1.3022816812928078e-06,1.741620010854947e-05,1
TRAPPC3,1.2200516,1.3199958210288964e-06,1.7639035790091717e-05,1
POLR2J3.1,1.1356446,1.2373803559695872e-06,1.663445872528093e-05,1
AC020916.1,1.4970952,1.3604394410247685e-06,1.8136128494201814e-05,1
MBOAT2,2.0941484,1.4802714702222846e-06,1.9570274096462613e-05,1
ADGRG1,2.0893452,1.5885716101923998e-06,2.0862286757033393e-05,1
CETN2,1.3613735,1.5355156747096947e-06,2.0228881086189265e-05,1
UBL4A,2.1791804,1.7295727502287605e-06,2.2537528988120768e-05,1
CDKN2C,2.57976,1.78718596532273e-06,2.322510827698167e-05,1
CKLF,1.2804898,1.5602218273720133e-06,2.052211776936655e-05,1
GSN,1.1309218,1.5270711328350526e-06,2.0125537472070923e-05,1
ADIPOR1,1.172126,1.6773970484495419e-06,2.1883148347742545e-05,1
SHC4,4.1097245,2.0023572581452846e-06,2.5831178767481152e-05,1
FAM177A1,1.0099825,1.6761718036522467e-06,2.1875672554980545e-05,1
IL34,3.3366218,2.1834912595285753e-06,2.7942190131952667e-05,1
NUDC,1.0533489,1.8939144376251344e-06,2.451709152928778e-05,1
GAN,2.5501869,2.189110956321067e-06,2.800342127611171e-05,1
CDCA3,3.2412212,2.301410811274814e-06,2.9283619127833285e-05,1
FAM207A,1.5084786,2.190309046943676e-06,2.8008065475996126e-05,1
MCM7,1.9724907,2.330468024093899e-06,2.9608419695505104e-05,1
HTATSF1,1.6635543,2.280874159129988e-06,2.9055374163075928e-05,1
PSPH,2.6147206,2.4591630848877003e-06,3.112558076612013e-05,1
LCMT1,1.4478893,2.4058892101358384e-06,3.0508858221990988e-05,1
VDAC3,1.259681,2.3557357452364727e-06,2.9906787521187183e-05,1
SH3YL1,1.4945644,2.4531842789034877e-06,3.106162850083121e-05,1
CT83,4.54424,2.810152244630728e-06,3.507827184114598e-05,1
DUOX1,3.940974,2.8059691629433512e-06,3.503909593979261e-05,1
IDH3G,1.4174974,2.5262890333996964e-06,3.187895427737367e-05,1
MTAP,2.2595537,2.733082089082025e-06,3.424367065741509e-05,1
NR2C2AP,1.9084935,2.7270658234622398e-06,3.42066248260086e-05,1
BCL11A,2.4825146,2.811834475387621e-06,3.5086212849321504e-05,1
MDFI,1.863524,2.731603472154342e-06,3.423793425243975e-05,1
GHITM,1.0806555,2.6011530445407256e-06,3.2688375521521345e-05,1
MYC,1.2790117,2.5419023861458694e-06,3.2027779088549435e-05,1
ALG3,1.5630071,2.8935362137671115e-06,3.5971867363218194e-05,1
BAMBI,1.7381998,2.934642435988939e-06,3.639375287343639e-05,1
NDC80,3.0674756,3.287620655234236e-06,4.048094140866796e-05,1
S100A8,2.0727286,3.2193295638534933e-06,3.972756913215968e-05,1
B4GALT4,2.6123633,3.4773213637942253e-06,4.261338540848451e-05,1
ACP1,1.0979023,3.1002214172108558e-06,3.8328244214769375e-05,1
PRKAG2-AS1,2.6362374,3.5143775752244902e-06,4.302034242722796e-05,1
FAM241B,2.3875184,3.7380076883183154e-06,4.5508717195602405e-05,1
UGP2,1.2156892,3.5850417583475127e-06,4.383736260179873e-05,1
CARD19,1.2707218,3.688017218048938e-06,4.493272267002522e-05,1
SPC25,3.2601676,4.385272530841393e-06,5.249337114809106e-05,1
RASEF,1.9997681,4.233372879401685e-06,5.091127993833342e-05,1
CDC42EP5,4.0518665,4.5336078923722535e-06,5.4133763730173645e-05,1
PSMG1,1.6561682,4.215310882578316e-06,5.074865122489566e-05,1
CSRP2,2.080978,4.337003198587612e-06,5.201824951786778e-05,1
PQLC1,1.9132156,4.415669965656589e-06,5.281953862984581e-05,1
EPCAM,1.2264601,4.074407730472217e-06,4.9246742229826526e-05,1
UBE2M,1.8126112,4.442868312705829e-06,5.3107001452767714e-05,1
MRPL47,1.1729652,4.212929370607899e-06,5.074865122489566e-05,1
MRPL36,1.2418727,4.339790425558734e-06,5.202261318372928e-05,1
RMI2,2.7850888,4.7603938345255726e-06,5.653979093619767e-05,1
TACC2,2.4618564,4.77383556854261e-06,5.667936948831422e-05,1
ERO1A,1.6203259,4.559357610206192e-06,5.442185537506259e-05,1
CFAP20,1.9671773,4.797139191678367e-06,5.691575720837783e-05,1
NARS,1.3682923,4.646263878193851e-06,5.530175185894249e-05,1
F8A1,3.0677886,5.146548443072023e-06,6.0760429894079096e-05,1
KDSR,1.4208486,4.867772565657212e-06,5.765182190138013e-05,1
HAUS1,1.8487551,5.096690315978556e-06,6.022559880811706e-05,1
NASP,1.3503867,4.931321223229553e-06,5.8363248111624e-05,1
PELI1,2.1048386,5.273069665523886e-06,6.212448194246955e-05,1
RNF144B,1.787541,5.266922801316078e-06,6.209415032651761e-05,1
CDT1,3.3476827,5.687233793054792e-06,6.660457704359314e-05,1
NINJ1,1.1715695,5.2038830586119665e-06,6.139410540587548e-05,1
GJB5,5.1647935,6.070216687650037e-06,7.067030125667126e-05,1
C21orf58,2.5767002,5.814139187434632e-06,6.792477968852142e-05,1
CCNQ,2.0079525,5.720864195526151e-06,6.697504571802536e-05,1
C9orf40,2.9165823,5.963138464024585e-06,6.95685659902082e-05,1
FRG1,1.5111909,5.5468530673122285e-06,6.505139815759421e-05,1
TMEM213,3.6260097,6.088546360443772e-06,7.085910252451234e-05,1
AL445524.1,2.2337132,6.152180412103393e-06,7.152522814639859e-05,1
PON2,1.5933373,6.838378519933967e-06,7.84693992258314e-05,1
SH3GLB1,1.2021425,6.697929483255491e-06,7.717459731977753e-05,1
AC023043.1,3.1807163,7.506520322878702e-06,8.557994498629317e-05,1
C1S,1.8315766,6.930391097244501e-06,7.944369370904915e-05,1
TFG,1.1776888,7.0305928402085085e-06,8.048229162233229e-05,1
SMC2,1.9040456,7.601377794689183e-06,8.656493679560557e-05,1
AL355338.1,2.1309497,7.985225060924079e-06,9.054510945519085e-05,1
FAM50A,1.423827,7.60324092304505e-06,8.656493679560557e-05,1
SLC51A,4.311259,8.469750587151255e-06,9.558677807659498e-05,1
NFYC,1.8732727,8.413705795756296e-06,9.501821754055957e-05,1
PSMD7,1.0594091,8.096334699469564e-06,9.165007160138665e-05,1
SPG21,1.0944597,8.852395388942894e-06,9.957015215980335e-05,1
RSU1,1.4951183,9.230736321498555e-06,0.0001034095280425461,1
MTHFD2,1.2175264,8.928869575992017e-06,0.00010039665251369366,1
RHCG,5.3315587,1.0214515916868482e-05,0.00011318304538080137,1
POLR2H,1.0857065,8.960962163721988e-06,0.0001006899939475374,1
RFC4,2.4660826,1.015104123298736e-05,0.00011255407404814182,1
PGLYRP4,7.388196,1.0624864066687692e-05,0.00011718795319328243,1
MED10,1.4277806,1.003639267354304e-05,0.00011146710154414142,1
MIA,2.282481,1.0667715449208974e-05,0.00011758325464407433,1
IRX4,4.279503,1.1608746926901809e-05,0.00012707864904543524,1
AL162411.1,5.341011,1.1765126692016282e-05,0.00012845511535706968,1
FAM43A,2.8651206,1.152077504545537e-05,0.00012623924070552715,1
EMP1,1.3041091,1.0124192993887413e-05,0.0001122935043677175,1
FAF1,2.331851,1.1564810354094496e-05,0.00012663901537273374,1
HMGA1,1.086368,1.0357185945279932e-05,0.00011465028837974726,1
CMSS1,1.4227664,1.1924341825791312e-05,0.00013006645501751753,1
AQP3,1.9094564,1.212351200193881e-05,0.00013198140735379087,1
KARS,1.5145231,1.2150784984787076e-05,0.00013223539233443975,1
TMEM208,1.1313376,1.163514350960018e-05,0.000127294230631406,1
SIKE1,1.7548468,1.2610915618556261e-05,0.00013673327198967137,1
PYCR1,1.4096032,1.231052872881964e-05,0.0001338435799330112,1
RAB40B,1.9027305,1.3027707509949343e-05,0.0001407286111404866,1
DNAJC9,1.7890247,1.2910103723690722e-05,0.00013959309767772743,1
TXNDC12,1.3109133,1.261300329555002e-05,0.00013673327198967137,1
UPF3B,1.7318704,1.3056724829423094e-05,0.00014095127373790794,1
ANP32E,1.4798981,1.2569805316090773e-05,0.00013635311775776217,1
VBP1,1.2233113,1.2438441552244448e-05,0.00013505916740169345,1
LAPTM4B,1.2091613,1.3202493192807818e-05,0.000142361091932379,1
BRD4,1.1571904,1.3565519482285477e-05,0.00014597404201326184,1
HRK,4.793416,1.5296697759621374e-05,0.00016267169928835146,1
MPZL2,1.8619027,1.4512294808713258e-05,0.00015511691528969135,1
PLSCR1,1.3293644,1.4137443306730643e-05,0.00015149648113452156,1
RPP30,1.665684,1.470277855099121e-05,0.0001569879136097593,1
DNAJB11,1.4410363,1.5962234620671585e-05,0.00016894582247142494,1
ISY1,1.8270466,1.6432287453003286e-05,0.00017337381360842507,1
AUP1,1.0098664,1.625430355237835e-05,0.00017171199856703064,1
RPP25,2.2621338,1.8212436779002158e-05,0.0001901816133264357,1
MCM3,1.6465795,1.7864681151273776e-05,0.00018668223763082696,1
HSPA9,1.1070169,1.7488682578353807e-05,0.0001833660213693545,1
GJB6,5.3157067,1.9698664348872742e-05,0.00020393193912167425,1
CCNE1,4.5486507,2.0081415574078635e-05,0.00020731017536785828,1
DGAT2,3.1180751,2.0063775331809966e-05,0.00020725564779927258,1
MRPS12,1.1112814,1.870580288106915e-05,0.00019496933947605355,1
ZNF750,3.3105118,2.064166887506051e-05,0.00021230978710162668,1
UBA2,1.3083355,1.9230430838547043e-05,0.00020000244364518026,1
GPI,1.189721,1.9599653667591284e-05,0.00020314956231912214,1
SAA2,2.4396467,2.0777647740029804e-05,0.00021357740816682185,1
TMEM176A,1.6618246,2.0421096436874497e-05,0.00021047486396317947,1
IL20RB,6.0780096,2.225760685544081e-05,0.0002272579578503319,1
GINS2,2.186951,2.143612544146351e-05,0.00021953865142965728,1
GOLIM4,1.7996805,2.1655805480395767e-05,0.00022158553130505014,1
BGN,1.633827,2.0498025123391587e-05,0.0002110333755910875,1
COA4,1.045548,2.0985396978622697e-05,0.00021544879095806055,1
SERPINE2,2.0365162,2.2873670350053613e-05,0.0002326981429211854,1
PLLP,3.0304098,2.492745968653672e-05,0.00025175908622286305,1
SMAGP,1.9471303,2.5042829835134238e-05,0.0002527720600361834,1
LIF,2.4685366,2.5173612187306095e-05,0.00025393928612764925,1
HOOK2,1.0785216,2.369884090494904e-05,0.00024014586791326154,1
ZNF511,1.4645132,2.471141669262185e-05,0.00024972751650714954,1
CYR61,1.4236662,2.4431074856578666e-05,0.00024704331678158123,1
SDHB,1.1663008,2.5358120412230598e-05,0.00025564674383727877,1
POLD2,1.2569197,2.6105474312537554e-05,0.00026239248244435786,1
CDCA8,2.7565393,2.8834534826954878e-05,0.00028647486156128363,1
RRP1,1.7088866,2.7972876369663696e-05,0.00027890554289978895,1
PDZD2,3.7417061,2.983620518591192e-05,0.00029520240653117157,1
CCNE2,3.556612,3.0902597624757505e-05,0.00030458537376784937,1
CIB2,3.4059284,3.141628193882473e-05,0.0003092848583827767,1
TMEM165,1.0211912,2.8630999712584764e-05,0.00028479014275201826,1
EPHX3,4.6639395,3.404934755978872e-05,0.00033295894067139164,1
SERPINB2,5.521035,3.4181701179475014e-05,0.0003341557677822126,1
HIST1H2BJ,3.080503,3.537438443969272e-05,0.00034392650866260757,1
RCAN1,1.61466,3.352664685940735e-05,0.0003279432086064106,1
SERPINB8,2.950781,3.522159567203403e-05,0.0003430222654645937,1
NXN,3.1823125,3.5689873022035066e-05,0.00034647584110913986,1
PDHA1,1.4854711,3.4817609302026235e-05,0.00033938315419914614,1
INTS10,1.5598435,3.536325570100754e-05,0.00034392650866260757,1
AURKB,2.9392884,3.775716389603929e-05,0.00036401639385945784,1
DNTTIP1,1.5957617,3.66413333654891e-05,0.0003546859920380577,1
TINCR,2.6469562,3.774012155467908e-05,0.0003639567041591406,1
SAC3D1,1.746533,3.839235229757932e-05,0.0003697151560186931,1
C5orf46,2.3712056,3.8924819277817194e-05,0.000373983776395665,1
PPL,2.4861808,3.970375465594396e-05,0.00038070429814608816,1
HINT2,1.0318266,3.734716471741619e-05,0.0003608934750178209,1
EMG1,1.3693218,3.906573886568513e-05,0.0003752302254564562,1
PRKAG2,1.7113765,3.9900900310323134e-05,0.0003822668087142383,1
ALDH3B2,1.867851,4.0411826079870344e-05,0.0003865514943611965,1
KCTD1,2.0507355,4.4054706378521053e-05,0.0004167058394365411,1
PUM3,1.4392426,4.2454608186365335e-05,0.000403162517887565,1
TMA16,1.429031,4.295984029916639e-05,0.0004073836594499123,1
COA1,1.285791,4.3058309925571515e-05,0.0004080866835867743,1
FOXC2,4.5479703,4.624248778941844e-05,0.000435312737284559,1
SMC1B,4.222218,4.6950096002452166e-05,0.0004414783207228057,1
CES1,4.1572704,4.689290133093619e-05,0.0004410641625184887,1
AVPI1,2.3456917,4.7577426908113734e-05,0.0004466814595197576,1
IMPAD1,1.4484471,4.700167229536368e-05,0.0004418394311823972,1
FOLR1,2.5541341,5.042275120092361e-05,0.0004707012240551569,1
EN1,2.9900773,5.192820157078888e-05,0.00048220481973583327,1
CBR1,1.4390054,5.0454246163303596e-05,0.00047086418212670167,1
IGFBP3,2.3358748,5.2339714986909706e-05,0.0004857571611444213,1
GMNN,1.825111,5.16430457506706e-05,0.0004796896697655061,1
CASP2,1.8455868,5.2088749821230185e-05,0.00048356179290171095,1
LINC01315,2.647259,5.380122406096882e-05,0.0004979433929991598,1
PHF5A,1.1962318,5.053731386667338e-05,0.000471377097998357,1
RGMA,2.667384,5.425041006511729e-05,0.0005018844182001818,1
RIDA,2.0287025,5.371598908772374e-05,0.0004972917444083197,1
POLR2C,1.3923725,5.251769975362836e-05,0.0004871394268353011,1
PRR11,3.6765862,5.6003129888081626e-05,0.0005168962519472057,1
B4GALT1,1.2655109,5.436850906819195e-05,0.0005027775469137652,1
ATAD2,1.7502695,5.5517653533643825e-05,0.0005126975818204702,1
CKMT1A,3.544702,6.079679353676895e-05,0.0005559392726327064,1
CHEK2,2.6430337,5.95578634674792e-05,0.0005458006280226011,1
TMEM56,3.238945,6.152903304147067e-05,0.000561410581404779,1
PCNA,1.4889692,5.894162635279646e-05,0.0005411883628522163,1
TAPBPL,1.9072539,5.9801828751358e-05,0.0005477370666710264,1
LINC00667,1.4970733,5.911024869528788e-05,0.0005421429727888025,1
ALDH9A1,1.2621009,5.9062861761450134e-05,0.0005419343343345547,1
NUF2,2.601322,6.168666612735058e-05,0.0005626958032574016,1
CCDC25,1.1947999,5.867805252672636e-05,0.000539358881830345,1
IRX1,3.8845863,6.35850356969319e-05,0.0005779690195964207,1
FFAR2,4.654838,6.541021714299597e-05,0.0005924720748563942,1
PLGRKT,1.3011674,6.148089684545104e-05,0.0005612767449900037,1
CEP55,2.9108496,6.461120618588607e-05,0.0005857814250893556,1
LMO4,1.1207362,6.0847270185483194e-05,0.000556249193047504,1
HDAC3,1.6388376,6.402436865086715e-05,0.0005813322547154129,1
SMARCA4,1.1364946,6.31602990235043e-05,0.0005747313048148014,1
PHLDA3,1.5210509,6.461916081305315e-05,0.0005857814250893556,1
ING2,1.7610455,6.72300830386753e-05,0.0006073803122665453,1
MRPS10,1.189115,6.56341136520737e-05,0.0005940037802661593,1
KAZN,2.2446334,6.865720319969073e-05,0.0006185418352191316,1
RTL8A,1.2686003,6.618338288386299e-05,0.0005986668946352881,1
RCL1,2.3282883,7.075995909231883e-05,0.0006354376942210084,1
UBE2V2,1.1084442,6.946050574716672e-05,0.0006249395985154825,1
PLEKHF1,2.4228673,7.272709978717902e-05,0.0006517070942991641,1
ZC3H12A,1.6438675,7.18170142783546e-05,0.0006440680416872437,1
FDPS,1.0582712,7.009935906902865e-05,0.0006298595115343254,1
GTPBP6,1.6563625,7.236072858284193e-05,0.0006487707023248065,1
PRELP,2.3239272,7.272211525423846e-05,0.0006517070942991641,1
TMEM98,1.637211,7.40490000596438e-05,0.0006619609570896889,1
GLRX3,1.2182443,7.400821196893932e-05,0.000661772710650545,1
EFNA3,1.9459938,7.758815877674737e-05,0.0006904707969039224,1
NDUFV1,1.0436082,7.431666989851776e-05,0.0006638230159963207,1
BID,1.3490032,7.621757888145611e-05,0.0006788140768090598,1
SRD5A3,1.4626285,7.866479614825532e-05,0.000698939318571823,1
USP1,1.2300578,7.830806704710139e-05,0.0006963231380771017,1
MCTS1,1.0969296,7.899241293717484e-05,0.0007016643332430565,1
TIMMDC1,1.2319087,8.087491153096899e-05,0.0007161101920961539,1
NTRK2,1.9057282,8.634068704195253e-05,0.0007594946194791843,1
DANT1,27.414465,9.21692710982914e-05,0.0008040180811203619,1
SMIM12,1.3139448,8.692854150086302e-05,0.000763664277234271,1
MELK,2.8374538,9.165857359903625e-05,0.0008010089971650327,1
PCDH1,2.5194485,9.151969796331036e-05,0.0008002247626140231,1
CENPF,1.9005904,8.954946108694097e-05,0.00078483890104967,1
UFD1,1.1613086,9.116060543800565e-05,0.0007977088095476514,1
UAP1,1.1914011,9.365724180929424e-05,0.0008161490120876951,1
UTP4,1.9294289,9.764128075631722e-05,0.0008480026405612729,1
GINS4,2.8852477,0.00010104519967172375,0.0008734940830384759,1
GPR180,2.2418776,0.00010156582528865024,0.0008775423353958314,1
URI1,1.4881229,9.976473424652898e-05,0.0008644301088511569,1
PSMD14,1.1115025,9.863463886100559e-05,0.00085530103982342,1
DARS,1.1088703,9.829413965912444e-05,0.0008527899106824128,1
FOXQ1,5.2463574,0.00010770123954283998,0.0009229451393731211,1
TMEM159,1.6054434,0.00010422089537847251,0.00089747703514489,1
BAIAP2L1,2.2245038,0.00010885283111783183,0.000931385920541632,1
CHMP4C,1.7264107,0.00010726972924598771,0.0009199524389260225,1
IL36RN,7.737243,0.00011235369980032426,0.0009574327858238506,1
CMAS,1.4637136,0.00010824861249937988,0.000927162081675613,1
PTEN,1.3267758,0.00010890945687241023,0.0009316327704558815,1
EDN2,2.8105266,0.00011695368275985754,0.000993351094821064,1
RAMMET,1.3339347,0.00011294217555560066,0.0009617145240696628,1
ROPN1B,2.711821,0.00012211375265493702,0.001032472240433386,1
CXorf56,2.3823314,0.0001222380730418684,0.0010332629052160554,1
MT1G,1.3516412,0.00011522558763863047,0.00097966576298791,1
CCNA2,2.6832473,0.00012198956214478192,0.0010316822753147076,1
ATPAF1,1.655027,0.00012066372774436659,0.0010220156798671212,1
SNRNP27,1.2217388,0.00011939304970219161,0.0010133001720802654,1
BRCC3,1.9004877,0.00012422985063987498,0.0010477227609534943,1
RBMS1,1.227849,0.00012119621277589289,0.0010253756945736842,1
CTHRC1,1.2567374,0.00011663732379585667,0.0009911660697838431,1
NCAPG2,3.0782306,0.00013633388824633557,0.001138355724588086,1
LPL,4.0397525,0.00013997024244398804,0.0011638742635705394,1
EFNB2,2.8472028,0.00014499463497377177,0.0012013994692824305,1
GRHL1,1.8230025,0.00014309755986501255,0.0011874406866482896,1
NUDT1,1.2455709,0.0001389086698770082,0.0011561130760160626,1
MKRN1,1.1191374,0.00014006104273256052,0.0011642595871853316,1
POLD3,2.0800288,0.00014510239559684755,0.0012017850730593545,1
CTPS1,2.0857632,0.0001452428544647594,0.0012025649423852123,1
RFNG,1.9764564,0.0001464847377172378,0.0012122488496851401,1
PTPRU,2.8039246,0.00014895040534661328,0.0012290148943987099,1
GALNT1,1.2043788,0.00014481078500227387,0.001200172606810296,1
KCMF1,1.4449303,0.00015022913424971862,0.001238549580119395,1
CDKN2D,1.8272806,0.0001548948074080473,0.0012724287864984852,1
MALSU1,1.2678343,0.00015375872978935516,0.0012643347771181077,1
CD82,1.3589127,0.00015517418845353422,0.0012740997441664605,1
HDAC1,1.3977574,0.0001580659749647527,0.0012965739462687136,1
EMD,1.00562,0.00015354208666002708,0.0012628629545522237,1
MRPL46,1.5736538,0.00016177735700262982,0.0013241030578880445,1
CALB2,3.5788355,0.00016732131722966168,0.001362166092524292,1
HAPLN3,1.8365998,0.00016391650398983503,0.0013386714049970921,1
DNAJC21,1.4202648,0.00016289933946316796,0.0013319860421584877,1
NMI,1.5349805,0.00016655015669303058,0.0013572057350925506,1
SOCS3,1.166178,0.0001632064920368529,0.0013341723006112804,1
FANCL,2.049033,0.00017074479006653245,0.001385999758862915,1
WIPI1,1.5061914,0.00016883802062487153,0.001373180419442002,1
COA6,1.113208,0.00016689649629650764,0.0013593675041964942,1
P4HA2,1.7113491,0.00017300621048438292,0.0014026592472459966,1
C3orf14,1.179526,0.0001706661266315873,0.001385999758862915,1
NOB1,1.3667791,0.0001752422348667793,0.0014180457900281412,1
LGALS7B,4.519795,0.0001865119300927119,0.0014991125442702252,1
C10orf99,27.2719,0.00018834464897363686,0.001511669746643875,1
EGFR,2.547916,0.00018799824194490057,0.0015092506062886332,1
MAFF,1.1636486,0.00017855839518208418,0.0014420965886834303,1
SUGT1,1.2139392,0.00018208336705892686,0.0014673854431819957,1
PRC1,2.5199056,0.00019146190113034876,0.0015351984155940043,1
MTA3,1.5126983,0.0001900008533457165,0.0015242331074070024,1
LRRC8A,1.7891515,0.00019515371070383077,0.001562580713945378,1
DMD,3.2564836,0.0002000169773568845,0.0015950474173864154,1
C1GALT1,1.8554994,0.00019560144096998964,0.0015650448310053488,1
SRPK1,1.2108018,0.00019710763895733563,0.0015748421434654584,1
LTBR,1.2882823,0.00019905368568624526,0.0015884986132767907,1
SLC39A2,4.2502384,0.00020936352866065188,0.0016636489255643034,1
MIS18A,1.7767594,0.00020345096087777333,0.0016208904225181462,1
TRIP13,2.610405,0.0002076554801734446,0.0016520333160572832,1
CYP27A1,2.0696814,0.00021090035279510753,0.0016729768411787866,1
KPNA2,1.3619443,0.00020872271264331835,0.0016593430919102964,1
CCL20,2.1538308,0.00020960562239410668,0.0016650087266478354,1
CBR3,1.4696867,0.00020843694594145288,0.0016574641071176557,1
SSPN,1.6662872,0.00021082456091531303,0.001672880671317841,1
NPM3,1.3055493,0.00021565744701350793,0.0017084001960982684,1
BCAR3,2.390475,0.00022273316536226609,0.0017607101342012178,1
MRPL2,1.3423387,0.00021646615641851585,0.0017139158263253624,1
TOP2A,1.7125399,0.00022343148267316005,0.0017653124734994152,1
CARS2,1.6387717,0.00023030743777670236,0.0018150239122341103,1
TIMM44,1.3313129,0.00022795846235988882,0.0017977791643576373,1
SNX10,1.3964878,0.00022715809467179252,0.0017931536016442913,1
DHRS4,1.6396294,0.00023485886777567877,0.0018465544500853356,1
FOXD1,4.838147,0.0002440795709576738,0.0019083153588557895,1
RPIA,1.3387079,0.00023177957521598708,0.001825767668463932,1
CMC2,1.4895009,0.00023491509822235618,0.0018465637003693576,1
SLC25A4,1.3747463,0.00023479000590781722,0.0018464458588872447,1
SHB,2.4729617,0.00024211370411881045,0.0018955965802635439,1
CLCA2,2.6668694,0.00024910425775028655,0.0019444277191534467,1
CEP57,1.5186073,0.0002469776739978554,0.0019300741294413022,1
NXPH4,2.72259,0.00025612051143488097,0.0019917778979915007,1
ABHD17C,1.8258146,0.00025205427560971586,0.001964254753305177,1
SNRPA,1.2190202,0.00024773577827770266,0.0019355475749388363,1
AL356417.2,6.6458073,0.00026306923011106497,0.0020410837490527946,1
CCZ1,1.3207707,0.000251283015617255,0.00195869942524247,1
MRPS11,1.106095,0.0002568929456741749,0.0019973218105835654,1
CP,1.6442014,0.0002592081366450622,0.002013921730649069,1
ACYP1,1.6116586,0.0002645579065987921,0.002050262649082737,1
NNMT,1.0515664,0.0002484771715673098,0.0019404360445958414,1
CDC25B,1.7119166,0.0002732259160374831,0.002109638685500281,1
AGAP3,1.945134,0.00028035369091243046,0.0021592062335003053,1
CKAP2,2.0581684,0.00028074745094822296,0.002161742482152054,1
E2F2,3.7621264,0.0002880735787268795,0.0022125660416941295,1
KRT16,2.2071002,0.0002859119707492009,0.0021974732838906845,1
GMPS,1.3401512,0.00028222833489292696,0.002172147907444622,1
TSPAN9,1.8145329,0.00029755615978002155,0.002277574430666751,1
RNF113A,1.5427175,0.0002945218168115058,0.0022569239793636545,1
IKBKG,1.8074652,0.00031197281760271317,0.00237869522055299,1
UCHL3,1.205992,0.000311826089996544,0.0023781170724361256,1
IGF2BP2,2.7201416,0.0003303118776623163,0.0025042926511464176,1
SEPT3,4.8767204,0.00034221741285319496,0.0025805562600065227,1
MSMO1,1.2796397,0.00032941259281618125,0.002499169367936561,1
AC244090.1,1.5727024,0.0003351035007197651,0.0025354627831359446,1
HIST1H1C,1.3672537,0.0003357661717112972,0.002539182251020718,1
YIF1B,1.3888111,0.00033826829871985297,0.0025530731339699795,1
DMRT2,4.984777,0.0003537325396331173,0.0026614049151714647,1
OLA1,1.0056105,0.0003368812172454411,0.0025448947990156174,1
PLIN2,1.0778085,0.00033125068395285394,0.0025097084234160095,1
SMC4,1.2870407,0.0003567063892808132,0.0026818207351502667,1
LGALSL,2.8306725,0.0003700106595195549,0.0027696437984881745,1
TMPRSS3,2.2426937,0.0003744892904928597,0.002799363782576556,1
ING1,1.7075671,0.00037587530878011917,0.0028087676400168054,1
PARL,1.101441,0.00036628963410456974,0.0027454124284919273,1
CLSPN,2.5859284,0.000380672899006322,0.002838582575215138,1
APOO,1.7896498,0.0003812532799014223,0.002840838666396439,1
RP9,1.5376974,0.0003793020444152636,0.0028321838539030176,1
RHNO1,1.9353113,0.00039215325276108096,0.002914516341870024,1
RYR1,4.177717,0.00040239568638748065,0.0029819999599495603,1
UNC5B-AS1,4.03262,0.0004074177465331875,0.0030132742307540554,1
SSX2IP,2.2919714,0.00040414601473383354,0.0029930363171091876,1
TMEM189,1.6622704,0.0004024779767655007,0.0029819999599495603,1
CDK16,1.3634024,0.00039861028404808565,0.0029566093625070415,1
TM4SF18,2.0449727,0.00040892101526768715,0.0030203963384922913,1
ACTR1B,1.5553921,0.00040836893985465644,0.0030176476342068806,1
MAGEF1,1.1986978,0.00040650091954345366,0.0030078198416957818,1
SLCO3A1,2.1326318,0.0004207301860159004,0.0030994314010892414,1
IDH3A,1.6508174,0.0004230080147756703,0.0031134763712071007,1
LINC00393,5.032599,0.00043919985503304245,0.0032234578419394477,1
ACP5,1.3425075,0.0004132099097066417,0.003051403254396845,1
CA9,4.0127974,0.00043746386565141987,0.0032114194611105877,1
C6orf132,1.4790697,0.0004319168981150377,0.003174863361547692,1
CLIC4,1.1442947,0.00042680288172358563,0.0031379648083934204,1
GTSE1,2.2283297,0.00044912328829143576,0.0032883746371061007,1
SKP2,2.4762056,0.0004563296651859192,0.0033360403879688135,1
VRK2,1.664704,0.00045483705458637127,0.0033265786410557083,1
MAPK3,1.466089,0.0004576199432015757,0.003343286977766075,1
RNF187,1.2784419,0.00045744524959357384,0.003342738805363412,1
SERPINB7,4.666456,0.00047749520013829047,0.003475622072013542,1
DPM1,1.0492063,0.0004554165918582013,0.0033300911069361087,1
RCCD1,2.0631568,0.00047057895752348995,0.003432729189711913,1
PRADC1,1.5843959,0.0004695548366833568,0.003427494837257121,1
NUDT15,1.9537293,0.00048060247299639233,0.0034944477664799467,1
TMEM176B,1.2298952,0.0004657860583653555,0.003401465313222815,1
MARVELD3,1.6245701,0.00048458100445134423,0.0035195607341495317,1
NUDT21,1.1721352,0.00048239540807572934,0.0035052045888795576,1
CTBS,1.466207,0.0004898747108518309,0.003554930263236967,1
HNRNPL,1.0910873,0.0004907785974151769,0.003560719216072344,1
LMO7-AS1,3.5498862,0.0005112019984485842,0.003691329651230132,1
ACAT2,1.4275137,0.0004987590036418203,0.0036100292924364044,1
C15orf61,1.3038373,0.0005132220873967094,0.003705118819064362,1
SOWAHC,1.6003989,0.0005226874648017178,0.003761308787151774,1
LURAP1L,1.3497016,0.0005176105174024429,0.0037327831357117473,1
PPP1R35,1.1471062,0.0005182948178574221,0.003736914549818528,1
LZTS2,1.6883968,0.0005319682298635919,0.0038223535556672524,1
TOR3A,1.4181051,0.0005288325981409035,0.0038038975282530655,1
RDH10,2.1782293,0.0005360459159856474,0.0038467086153347453,1
RIPK4,3.374951,0.0005498436953215862,0.00393310031665202,1
RRP7A,1.1859148,0.0005303939447537687,0.00381222158927845,1
DHRSX,1.4011327,0.0005349508751569232,0.0038396720101943854,1
SMIM13,2.2096334,0.0005484088031034314,0.003926185627511674,1
AL355075.4,2.4515512,0.0005519802929971934,0.0039458591234908065,1
SYCE1L,2.0165212,0.0005589800697912568,0.003989417655835825,1
ARHGEF7,1.576943,0.0005627550240234522,0.0040126203785651815,1
COQ9,1.5566026,0.0005668727865476751,0.004033406901483999,1
SIAH1,1.4225123,0.0005705491670064525,0.004055263744556775,1
DRG1,1.1511582,0.0005672823901717068,0.004035465248939388,1
ISG20,1.0075758,0.0005586318602478854,0.003988308051207817,1
EVA1C,1.9874005,0.0005897633737272916,0.004178549496870952,1
LAS1L,1.5933303,0.0005971772717399118,0.004226613815452285,1
KRT15,1.4334698,0.0005897312251218379,0.004178549496870952,1
CDC45,2.9945836,0.000628254158899824,0.004419520290196937,1
MUC20-OT1,1.156737,0.0006245761489977883,0.00439825920922419,1
RFC3,2.209174,0.0006489538184276543,0.004548915365492571,1
CDCA4,1.4824154,0.0006498482857860067,0.004553525838243214,1
DNAJC3,1.1577015,0.0006583957856631953,0.004603554939947724,1
EXOSC3,1.2525889,0.0006547973561686199,0.004583568970783981,1
TMTC4,2.0802984,0.0006699904161521934,0.0046719643551269684,1
DCTN6,1.0893118,0.0006738367867274028,0.004694881525472334,1
FANCA,2.762658,0.0007238023554684834,0.005000423234761771,1
SNAI2,2.052465,0.0007200515539567693,0.004977586391439407,1
ACTR3B,1.9614586,0.0007251213156729108,0.005008503716842072,1
MRPL48,1.4486154,0.0007219615829913841,0.0049897616845485295,1
DENND2C,4.357025,0.0007466404185361826,0.005138520230312886,1
MAPK13,1.2513286,0.0007271480066980159,0.00502146825049581,1
RNFT2,3.579441,0.0007560606574374361,0.005190141324418552,1
HEXA,1.2612023,0.0007377200509702453,0.005081248481464482,1
TBRG4,1.6314906,0.0007621186290464522,0.005228517270780743,1
PIMREG,3.0719779,0.0007818843930317208,0.005349894823883506,1
SEPT9,1.0403227,0.0007554800895522252,0.005189342142877572,1
MAFG,1.5070194,0.0007724405149813131,0.005292099079873797,1
AL512274.1,3.8021867,0.0007994891158763518,0.005454773074778014,1
RRM2,2.1687822,0.0007871333689579222,0.005382515867118791,1
CIART,2.6111383,0.0008111917946456624,0.005528994916523098,1
NCK1-DT,2.461394,0.000812595126723097,0.0055346002695872715,1
MYO3A,6.5258183,0.0008248440784547175,0.00560269243326239,1
TMEM31,4.9093146,0.0008229854294622871,0.005592332716692579,1
SLC34A2,2.5992665,0.0008165971334634142,0.005557839646416282,1
CDCA7,2.3325179,0.0008167493997551014,0.005557839646416282,1
PARD6A,2.6170547,0.0008276078421290999,0.005619189196933632,1
FOXC1,2.0523198,0.0008317414687601967,0.005641545117024419,1
SAV1,1.28029,0.0008244399759816293,0.005601081878549691,1
FH,1.4466465,0.0008333982266647355,0.00565163969279456,1
AACS,1.852334,0.0008465362589454337,0.005728367158328963,1
CUL4A,1.210248,0.0008465912168342228,0.005728367158328963,1
GPR143,3.6526384,0.00088212650110143,0.005947217080089058,1
SCFD1,1.2946624,0.0008709441277461144,0.005880100037989618,1
YRDC,2.0134575,0.0008918485346298254,0.006001904434193213,1
GPSM2,1.7534723,0.0008914640597214469,0.006000520976744341,1
DNM2,1.4360851,0.0008882184374456709,0.005983477527689345,1
DTX2,1.9828804,0.0009032936738735717,0.006069185319590038,1
PMF1,1.0002728,0.0008812254329559238,0.005943531519560555,1
FAM210B,1.0113909,0.0008935523081282003,0.006012164085642521,1
LINC00665,1.279274,0.0009159814938122221,0.006142564531611419,1
MITD1,1.4001122,0.0009189987602251168,0.006159899563691175,1
AURKA,2.2512002,0.0009317025370647406,0.006228868805200013,1
RPS6KB2,1.2237753,0.000920121740557483,0.006166194465542166,1
SLC10A3,1.7861795,0.0009378601194522711,0.0062662881009061,1
FAM89B,1.3190224,0.0009302854397762522,0.006221875161622188,1
TRIM47,1.3573679,0.0009425494611223742,0.006295111803167175,1
RHBDF2,1.7512524,0.0009510861130769942,0.006345808497854677,1
YARS,1.5768951,0.0009543874820356051,0.006365303347575309,1
DEFB1,1.6940858,0.0009378319119343947,0.0062662881009061,1
PRKCSH,1.074296,0.0009463569859334309,0.006318025411065527,1
SPRR2D,27.711517,0.000982416852739726,0.00652758392586037,1
CD109,1.6050541,0.000957886920796704,0.006384834103823977,1
BHLHE41,1.642064,0.0009703638895575744,0.006456452136411546,1
MED30,1.0160457,0.0009629604286511525,0.006412280273454101,1
NUDT8,1.4459176,0.0009742425807391398,0.006479688756805768,1
PTGR1,1.211473,0.000985546313787941,0.006547080394288241,1
CD58,1.4315636,0.000995542505443564,0.006605636236415941,1
TGFBI,1.3127471,0.001014630999801656,0.006719000664234422,1
HPRT1,1.0806235,0.0010248605842723994,0.006781386635841497,1
FOXK1,1.7854728,0.0010926178558924283,0.007164710753565578,1
CERS3,26.70369,0.0011190992143770265,0.007322611539098683,1
VMA21,1.0264825,0.0010771054320210262,0.007075439344970083,1
BZW2,1.06714,0.0011143952164488192,0.007297526348088607,1
IL36G,27.300686,0.0011658481834973965,0.007585589509735436,1
SLC25A1,1.06027,0.0011266620626859023,0.0073577438170848615,1
GNL2,1.2257855,0.0011339905483219565,0.007399839879623879,1
OPN3,1.5867814,0.0011529846104181753,0.007513552908108805,1
MAD2L1,1.6187232,0.0011731121176598931,0.007629892095875602,1
ROCR,2.5353217,0.0011920327750855112,0.007731961189159376,1
SYNM,1.8938612,0.0011823222742990962,0.007679370914458944,1
CTNNBIP1,1.0618521,0.0011845351120968088,0.007688470079597763,1
UCHL5,1.4257596,0.001199426185856348,0.007776909665534074,1
PTX3,2.6512916,0.001218179744219688,0.007875668234555235,1
NDRG2,1.1892552,0.0012054667063699945,0.007808528157272303,1
KDELR3,1.4830371,0.0012247668335284068,0.007906063195414991,1
PLK1,2.844657,0.001253520436438827,0.008069928782839674,1
ABCF2.1,1.7149141,0.0012820555241061377,0.008244138100851986,1
NR2F2,1.167965,0.0012828131114591848,0.00824584794393494,1
PGBD5,4.939415,0.0013568454807020445,0.008665261665694455,1
RFC2,1.4262574,0.0013251012147139456,0.00848839187217732,1
SNRNP40,1.0262567,0.001315059185987509,0.00843050461720318,1
CEACAM1,1.8567492,0.0013379076432021566,0.008557353215225693,1
UCK2,1.6127495,0.0013436759183245654,0.008586060959520718,1
PLBD1,1.5521362,0.001343561407470773,0.008586060959520718,1
PDGFRL,1.8025591,0.0013608704878183783,0.008689312208626733,1
EMC2,1.1897751,0.0013646151303005607,0.0087082488746977,1
DAZAP1,1.047443,0.0013612195443649998,0.008689886702997042,1
SLC9A3,2.2637599,0.0014397376285081847,0.009138955298598227,1
YAE1D1,2.2112558,0.0014642680119584372,0.009280055283912769,1
TFF2,5.329988,0.0014990570027314896,0.00946970515275126,1
CA8,1.9776,0.0014766599816046495,0.009346792308549075,1
DYRK4,1.4741184,0.0014689139939665847,0.009303029507483613,1
EEF1AKMT2,1.5773807,0.0014832328617140566,0.009377778212017187,1
MXRA5,1.4898859,0.001467915723073087,0.009298462940055601,1
KCTD5,1.6149603,0.0014991841138042752,0.00946970515275126,1
SORBS2,1.1532769,0.0015033775904334415,0.009492618177847903,1
PPAN,1.4930111,0.001561754950953509,0.009805844779096152,1
CENPN,1.7925531,0.001567450835259384,0.009837924488292477,1
TMEM158,2.9465826,0.0016253342517788085,0.010168874489631228,1
TBC1D7,1.5479614,0.0016107657127770896,0.01008525159086361,1
LAMC2,2.0882905,0.0016151060926541637,0.010108653378188712,1
KIF23,2.3396537,0.0016460033906050711,0.01027901689150711,1
CCHCR1,1.9675678,0.001648045322313523,0.010289852597862598,1
PAPSS1,1.026134,0.0016184186963341788,0.010127496547340428,1
IGFL2-AS1,7.9815164,0.0016861452160761895,0.010489029980556338,1
MKI67,1.7986473,0.0016651131509271234,0.010378332320833714,1
AC092069.1,2.5535824,0.0017073116010725177,0.010598730041009313,1
HSD17B2,3.4176652,0.001718552475728208,0.010662591303810549,1
TIMM29,1.4441544,0.0016921196187150965,0.010518047466887148,1
PXDN,1.3006855,0.0016905004734033904,0.010509930746695666,1
PNO1,1.2205393,0.001706690061805642,0.010596832906890603,1
TIPIN,1.7697564,0.001778687399253497,0.01098893977866302,1
DNASE2,1.0984353,0.0017589029335072703,0.010884753375049327,1
PAXIP1-AS1,1.5835639,0.0017887150318206474,0.01104478845403099,1
TMSB15A,2.1372027,0.0018081690147116317,0.011146238773542665,1
AC007240.1,5.226427,0.0018426279850610502,0.011335947404059554,1
FANCG,2.5204728,0.0018539665304658638,0.011393164418899879,1
FAT2,5.6195617,0.0019009552246289794,0.011639273309470718,1
NCAPH2,1.5993773,0.0018614079959785896,0.011430517318403124,1
DNAJA3,1.3625071,0.0018551997860881222,0.011396970732867532,1
DUOXA1,4.793874,0.001920270533068789,0.01174039262662418,1
RAB20,1.4911357,0.001910522815819151,0.011689318818932896,1
RBM38,1.7875866,0.0019129815984209057,0.01170222793956513,1
GARS,1.1385174,0.00189209862142257,0.011587160829128066,1
PROS1,2.5187752,0.0019513096034479603,0.011899795528954189,1
ARMC1,1.0987467,0.0019328386603667846,0.011802173950002244,1
HCCS,1.463308,0.0019499860422412562,0.011893886496238222,1
DEPDC1,2.9577377,0.001984932152667385,0.012085062503651616,1
NT5C3A,1.1561526,0.0019562962505159584,0.011928037182067945,1
MRAP2,5.2058444,0.00200688727310831,0.01220322806876828,1
MGAT3,4.5847654,0.0020345945368868317,0.012344850825202827,1
LACTB2,1.4726031,0.0019989635064069393,0.012163867011682719,1
HDGFL3,1.3427641,0.0020034056183282343,0.012186475851350619,1
AC007906.2,3.4908378,0.0020501258582287718,0.012423355268446474,1
IRS2,1.1780193,0.0020004377958794417,0.012170630167167122,1
FANCI,1.977064,0.002030695854625473,0.012327885911310949,1
HMCES,1.4614795,0.00206667643954717,0.012510087431664253,1
PIR,2.257127,0.0021519955135366623,0.012984364367608057,1
AC036176.1,3.443078,0.002166282695559596,0.013056475811637809,1
RNF145,1.1590717,0.0021273277600457803,0.012844770549000094,1
MYLPF,3.6584992,0.0021914261846045133,0.013184327472254707,1
GPRC5B,2.440026,0.002188941019848052,0.01317173856238312,1
OSBPL1A,1.1507657,0.002165986788277314,0.013056475811637809,1
SEZ6L2,1.478113,0.0021837671772773283,0.01315004217110572,1
MRPS18A,1.1927707,0.0022228128671213246,0.0133492151076305,1
AL627171.1,2.161438,0.002259047259760973,0.01354499537712599,1
MTF2,1.078518,0.0022494063216720907,0.013491808239166056,1
MCUB,1.1214694,0.002266774180161134,0.013586467615579806,1
MLST8,1.3469816,0.002289033544121014,0.013700298733647918,1
PAQR4,2.0327058,0.002319341023987251,0.013861728531448222,1
NPR3,3.9707372,0.002397689658975006,0.014241436732967749,1
CWF19L2,1.2861236,0.0023575008908553194,0.014043991294609525,1
GPAT2,3.9054005,0.002418190211313652,0.014350410098667941,1
RAB12,2.903453,0.0024609791261300078,0.014555404843859388,1
DSG2,1.041363,0.0024137379480178595,0.014326523538217489,1
RPA2,1.119089,0.0024441669672133994,0.014473835495639941,1
BET1,1.1405478,0.002481915800537827,0.014663719898861942,1
FOXI1,3.6960151,0.002540825648549009,0.014964325386827446,1
KHDRBS3,2.0536149,0.0025227449193135354,0.014878738761859555,1
USB1,1.4124098,0.002543927523760144,0.014977334224054588,1
S1PR5,3.73574,0.0025844490232511223,0.015183277515196278,1
TRAP1,1.1738794,0.0025436635276890295,0.014977334224054588,1
QPCT,1.7425095,0.00256444877991726,0.015082268372296129,1
PLAU,1.5213141,0.0025899175806304428,0.015200074465778772,1
DHFR,1.5541391,0.0026541544632633315,0.015511934980365117,1
ORAI1,1.4608017,0.002671556126770374,0.015600045969360222,1
AKAP17A,1.1809831,0.002676092390146242,0.015615660204922598,1
RPA1,1.1861309,0.002712521061548339,0.015814474000589752,1
GPC4,1.9086703,0.0027769374012926846,0.016131149528361265,1
PALMD,1.9471033,0.0027820202107478598,0.016150143637039385,1
AK3,1.0185074,0.0027588728187180325,0.01604010282763417,1
STK32C,1.8266158,0.002798499004692091,0.016239525106639695,1
ATP13A5,3.676307,0.0028538376588943654,0.01652348850629655,1
TAF6,1.28938,0.002803515587822727,0.01626019649509979,1
BARX2,1.8880746,0.00284947380494609,0.01650107059594213,1
HDHD5,1.4824265,0.0029467926533010298,0.01700726843033206,1
SIRT7,1.0580857,0.0029690837981015033,0.01712571619469003,1
LINC00623,1.2265434,0.002988622449259073,0.01722952656765187,1
KLHL42,1.4286911,0.0030435974001865145,0.017503807153739774,1
LRR1,1.7132256,0.003066124625134679,0.017606725911940124,1
PDE7A,1.0698984,0.003032791961396671,0.017449545179291332,1
QTRT1,1.0702621,0.003055399720763025,0.017554155881142966,1
NGEF,2.9827359,0.0031159056974823236,0.017852851554365327,1
SF3A3,1.2468992,0.003080188421848979,0.01767538064281208,1
NSMCE4A,1.2151365,0.0030759321022571628,0.017653976495860285,1
NSMCE2,1.1181405,0.0030916253922870143,0.01773797592930187,1
KIF2C,2.274593,0.0031339559619595406,0.017947074768667397,1
KLHDC7B,1.872361,0.0031170689946481292,0.017856466464473596,1
UPK3BL1,4.382532,0.003167825935941811,0.018119380920433883,1
MMS22L,2.2600641,0.003219327101668782,0.018376353015158716,1
MPHOSPH6,1.0159642,0.003183668477552593,0.01818518807997131,1
TTYH1,1.3515842,0.0031738024425910483,0.018138099800127167,1
STEAP1,1.7408488,0.0032335815078315968,0.01843262361559816,1
DDR1,1.00834,0.0032455805227042307,0.018491594413457213,1
FAM83D,2.2187202,0.003306191584741397,0.01879223384914611,1
PNP,1.145363,0.0033007917272167473,0.018767902241494647,1
AC104794.2,2.8599784,0.0033867345245806404,0.01918177350370808,1
PGAP2,1.6066084,0.003382656183075085,0.019161910325370953,1
TCN1,4.7019825,0.0034511605199127712,0.019484156707354698,1
PRSS16,2.0157032,0.0034535981305931105,0.01949135704159911,1
ANLN,2.6007712,0.003476124941339584,0.01959212009031608,1
SORD,1.2267576,0.0035475981409675175,0.019921310772843044,1
CCNB1,1.559953,0.003554790926458718,0.01995168046592233,1
VOPP1,1.0172199,0.003589461252992661,0.020126064842298036,1
DSG1,6.7661524,0.003711093893689231,0.020700781687715032,1
FAM69C,4.738898,0.003718839693588004,0.020740539102533297,1
MAPRE2,1.4454442,0.0036513078831945933,0.020431851469841483,1
SS18,1.077338,0.0036474752124515415,0.020420625288071634,1
MYO1E,1.4323536,0.0036989059992278664,0.020656844175841137,1
KRT81,1.7401423,0.003738533664724161,0.020822676461061625,1
NSUN2,1.4062166,0.0037302115089425914,0.02078322661485772,1
HAUS5,2.0148346,0.003765778739122947,0.020953547559542596,1
F8,2.4479015,0.003785284982729268,0.02102968789290843,1
LINC01588,1.4594165,0.003754326926376203,0.020900228952296134,1
DERA,1.3358488,0.00378968202824306,0.021044656441937166,1
TXNDC16,1.7075576,0.0037987087644687488,0.021084310883509233,1
HOMER3,1.0998648,0.0038203746753989265,0.021190538612130876,1
TBX18,4.01179,0.003909042250886945,0.02160375451260488,1
LRRC1,1.4074208,0.0038687556557926686,0.02143408216896959,1
CEP152,2.1247077,0.003925991468622201,0.021668862900947383,1
MAP7D2,4.460674,0.00401154853913587,0.022064832658438213,1
TST,1.6847026,0.004008158115085603,0.02205341721425299,1
ARTN,2.7262328,0.004020238893403037,0.022105382413710045,1
MAP2K1,1.1198105,0.0040098340551326574,0.022059019852912,1
PTHLH,2.7679427,0.004123640059772968,0.022582243407350423,1
KDF1,1.558074,0.004104517864075835,0.022491363123503937,1
TNFAIP8L3,3.9420016,0.004176787985322428,0.02282398921728569,1
AC107871.2,6.3532634,0.004215918949356069,0.02299286788298405,1
ARHGEF5,1.7902417,0.004191795392566402,0.022883627809581655,1
AC006064.4,2.8474877,0.004226838783455438,0.02304492841935612,1
TUBGCP3,1.804466,0.0043012134739576656,0.023397178256570558,1
HDGFL2,1.388536,0.004285414338854703,0.023326368441987277,1
LINC01956,2.8629737,0.004420942238941318,0.02396296438854731,1
METTL13,1.7399348,0.004413784011989082,0.023935768722089863,1
COL8A1,1.4708897,0.00437003257738066,0.023729199073648163,1
NUB1,1.0369524,0.004398536136619416,0.02386465554162922,1
TUSC3,1.1207211,0.004406771616472788,0.023901605237405206,1
INAVA,2.6320975,0.004498131528158043,0.02433809156088868,1
MTURN,1.3720205,0.004461232631181779,0.0241540280359109,1
ZWILCH,1.9410615,0.004505336760939662,0.024373145209464066,1
ANXA8L1,3.5792875,0.004551026187525862,0.024596514559427154,1
XG,2.7524574,0.004611283094440293,0.02490211661095184,1
NFKBIB,1.22109,0.004712515704934404,0.025383409227429717,1
BLM,2.7322614,0.004829788801387603,0.02589162566671312,1
ENOPH1,1.1038398,0.0047849492942829575,0.025707509895810454,1
EYA2,2.5490787,0.004849653868602554,0.025959502139610322,1
ASPHD1,2.4439504,0.004852228791294832,0.025968490538228563,1
MOSPD1,1.6320093,0.004828900448064904,0.02589162566671312,1
PLCE1,2.634115,0.004866290168951886,0.0260111933955084,1
GLCE,1.4452566,0.0048439201570435065,0.02593708907844768,1
RNASEH1,1.1320454,0.004891739894107302,0.026109778451345163,1
PAQR5,3.3021483,0.0050002858944364174,0.026621363362744743,1
MTFR1,1.4580044,0.00498488862015624,0.02654781664157835,1
EXOSC7,1.1688253,0.005035267987735167,0.026760881568154846,1
PLEKHA5,1.4293132,0.005112787483272443,0.02711272805951636,1
CEP78,1.6136096,0.005105693727393831,0.02707939173158072,1
UGGT2,1.6286175,0.005128443883721225,0.027178564750180694,1
SLC44A3,2.466514,0.0051853794826729705,0.027428294153656222,1
TMEM69,1.1640809,0.005166274466228578,0.02734017227386758,1
ABCA4,4.161664,0.0053334440487623706,0.02806542937551595,1
DOCK9,1.7065077,0.005276564699248465,0.02782724160023471,1
UTP14A,1.5528351,0.0052899026191893465,0.02786691122196166,1
ATP5S,1.3193227,0.005291110305006795,0.027868896158956172,1
RBFA,1.1611894,0.005284270363342155,0.027841613612450394,1
CCDC34,1.0470626,0.005454452470487768,0.028621368947532887,1
SLC6A2,26.482948,0.005573345348449125,0.029140386022187388,1
SOSTDC1,3.2563055,0.005557818258960198,0.029077333056275773,1
COPS3,1.0078107,0.005472452011052894,0.02869786005358429,1
PGM1,1.3182315,0.0055334314633825234,0.02897234229055779,1
AC020637.1,26.415035,0.005629796410890936,0.029376011421545254,1
DIAPH3,2.8939927,0.005610975112345873,0.029296033039102262,1
APOLD1,1.8598397,0.005594345948127342,0.029231960966838944,1
CLDN10,3.9449775,0.005737299461663944,0.02983947297932553,1
NOL3,1.1921142,0.005700133920987247,0.029682998267944922,1
DTD1,1.1402695,0.005695817806552994,0.029665128113290994,1
LINC00511,2.5521529,0.0058091769398177315,0.030175871726564434,1
MASTL,2.1936443,0.005817655913654722,0.03021523645089703,1
CNIH2,3.9350624,0.005852795567741157,0.030350744610019503,1
SPC24,2.6542454,0.005826931402858077,0.03024935864158223,1
GEMIN2,1.930329,0.0058483775106867066,0.030337214674596786,1
SSBP3,1.3046932,0.005834413054843937,0.03027414113126864,1
FBXO45,1.8464364,0.005879432700138798,0.03045092780315336,1
FAM78B,3.7919037,0.0059155947570340445,0.03059126792255302,1
GPR161,2.3390646,0.005897915592758527,0.03051866505657417,1
MRPS17,1.4682479,0.005900604274757151,0.03052315977477323,1
MXI1,1.1037436,0.005873241133792682,0.030427136558054093,1
LRRC8B,1.5670954,0.005951948486768152,0.030750276582760402,1
TPPP3,1.4762381,0.005905442128676176,0.030543474855501563,1
EDN1,1.6664124,0.005950019396717199,0.030745586286441466,1
SPATC1L,1.2763705,0.005964429749378234,0.03078880179225673,1
SEPHS1,1.2088941,0.00596428103750174,0.03078880179225673,1
ATG4D,1.4467335,0.006028841336108609,0.031090616121528115,1
RAD51AP1,1.6843734,0.006050205708518733,0.03117682434620169,1
TPP2,1.3444324,0.006080791063496869,0.03131518701992146,1
NMRK1,1.0352745,0.006188744633552835,0.03177842678413895,1
PPP1R8,1.3428043,0.006283409163194727,0.03220043189346285,1
KCNMB1,1.7644898,0.006354522085230757,0.03253007101048914,1
TMEM237,1.3951405,0.006428697196296647,0.032879678661327516,1
RAP2A,1.5544416,0.0065357720805733314,0.03333074826737268,1
COL9A3,1.9946154,0.00660918748122255,0.033674427663327594,1
C2orf48,6.1006975,0.006695010059754006,0.034039310658512824,1
GRIN2A,5.1985016,0.006740432145923551,0.034249482594519286,1
PGP,1.0642048,0.006719940538530786,0.03415570928971982,1
TIMM21,1.4859456,0.006780124686829264,0.03442509266135942,1
GALNT11,1.1435269,0.006812332533368693,0.03454156394583815,1
ADAM17,1.0962201,0.00691997393985944,0.03501325175996764,1
MRGBP,1.407691,0.006941286567524271,0.03509990845188174,1
ST14,1.0993445,0.0069596575153463534,0.03517159450387706,1
LINC00839,3.2279584,0.007072324653765278,0.035660379015625555,1
FURIN,1.392725,0.007020586120173744,0.035436791430661786,1
NUP85,1.4413676,0.007024920173501448,0.03545333246154259,1
BIVM,1.8159846,0.007128112170139016,0.03590928361349245,1
FAM221A,1.799108,0.00715310593171025,0.03600275000832735,1
RIMKLA,3.211672,0.007212280127108685,0.03627336748288385,1
SAE1,1.0458028,0.007136181542889128,0.03593374345144036,1
CFAP58,5.725923,0.007289443463316243,0.03659560293415508,1
C1orf112,2.8011522,0.007268777225182402,0.036502778396443024,1
SMTN,1.2709754,0.0072614502837040126,0.03647144413981975,1
AGT,2.4346323,0.007335036362720155,0.03677577690561733,1
DDX28,1.9579892,0.007360015729942015,0.03687814275440471,1
PHF19,1.5985918,0.007353619289269192,0.03685710468938702,1
DLGAP5,2.2486415,0.007373185498836941,0.03693861311672739,1
UPP1,1.0096086,0.00729124453495615,0.03659717603736769,1
TNNT2,5.537589,0.007603729448875132,0.03793495306332304,1
SIGMAR1,1.2313809,0.007505431212638732,0.03752442918841763,1
NT5C2,1.2660445,0.007533280375135558,0.03762825868390495,1
RRS1,1.1061593,0.007525326637676106,0.03759972899661765,1
ALAS1,1.2653549,0.007559416578017368,0.037747564603733894,1
C9orf85,1.4289525,0.00758477165356918,0.037860765167008245,1
SPESP1,2.3202045,0.007692725670412828,0.038293516134063024,1
KRTCAP3,1.0184274,0.007652609470809568,0.03812211113328735,1
FBLN1,1.045957,0.0076225330167798006,0.0380061513179443,1
MIR4458HG,1.1764814,0.007739750895213422,0.03850474410803224,1
PHETA2,2.0538568,0.00796016261377125,0.039491969141474945,1
CPNE2,1.722827,0.007969021703081915,0.03951056274103038,1
ZDHHC9,1.0701715,0.007985919528097204,0.039588490524964284,1
ADCY2,3.7273397,0.008101584064749175,0.04007894264244131,1
ASMTL,1.3245339,0.008062049583750105,0.039924583654003,1
NRP2,1.2139218,0.008053189483187862,0.03989248684915139,1
FARSA,1.000876,0.008138657301934702,0.04022081988569203,1
SCNN1B,2.740616,0.008228108840120875,0.04059708717365317,1
RUVBL1,1.0436606,0.008135935806570445,0.04021825347762388,1
BAIAP2,1.0767798,0.008156668376545748,0.040286086587795755,1
L3MBTL4,2.83214,0.008371988458565238,0.04124122032059533,1
ABCC4,2.4868872,0.008372185360094618,0.04124122032059533,1
SLC25A43,1.7574761,0.008408714234520569,0.04140291898708961,1
LAMB3,1.7689304,0.00850462462507107,0.041813781083188034,1
PKMYT1,2.268679,0.008641083442907142,0.042360505664798084,1
C2CD4B,2.8900661,0.008675364338215443,0.04246744211238738,1
RPGRIP1L,2.0750315,0.008670152977972629,0.0424533724137489,1
TTC39B,1.5721035,0.008637486102337498,0.04235085260216642,1
CAMK1D,1.4978139,0.008627626519104967,0.042319277724085946,1
SNX7,1.4937884,0.008679140003550617,0.042478773509279324,1
PGPEP1L,7.350792,0.008856003486096362,0.04318058045168747,1
MKNK1,1.240443,0.008762637073929403,0.04281247051663017,1
FOXM1,1.7344925,0.008848514113661377,0.04316288712715478,1
FEN1,1.5333987,0.008879608844725608,0.04328938375885779,1
PHF6,1.3245994,0.008963521973052283,0.04362871723960915,1
EPS8L2,1.0949577,0.00897238540456403,0.04366552217853774,1
AL512625.3,2.6994007,0.009117851662349517,0.044257867236883526,1
MCCC1,1.4158181,0.009039602055694937,0.043935269171143876,1
NAXD,1.3341355,0.009068378635668308,0.044047512081061925,1
ENOSF1,1.0733503,0.00910920184330687,0.044222280941721766,1
DTWD1,1.0663854,0.009140012510355214,0.04435259832318059,1
RFWD3,1.5969924,0.009180399706148621,0.04451618687817217,1
FA2H,3.1904132,0.009261435980675933,0.044844496062920666,1
RAPGEF5,1.8057139,0.009218651149428629,0.044682482399275386,1
CEBPA,1.9332352,0.009258390766307568,0.044844496062920666,1
AC023090.1,25.669188,0.009351038250507347,0.04521308547791075,1
SNUPN,1.2628455,0.00931159189107582,0.04506783601999626,1
NDN,1.9598274,0.009371875678489572,0.04529424814585284,1
IL27RA,1.4154097,0.009411922888066027,0.04545139089895091,1
MTHFD1L,1.851617,0.009542288101760865,0.04601838752281254,1
DBF4,1.4153178,0.009544226803611036,0.046021120071868565,1
NEK2,2.0898244,0.009633744276105189,0.04638607762917659,1
ZHX1-C8orf76,3.0239725,0.009999142184500615,0.04785008246687618,1
CACNA1C,2.1069815,0.010010540708198196,0.04789779541992521,1
TMEM139,1.8766682,0.010022111759721031,0.04794632014445915,1
ZBTB7C,2.0191526,0.010160959151334576,0.04850679346639809,1
SPINK1,4.5489497,0.01028942135406526,0.049001488234658934,1
C2CD4D,3.1292176,0.010268542897381211,0.04895071025029323,1
EPHX2,1.366152,0.010253926138150127,0.04891579243346514,1
ALG6,1.445338,0.01031898624728812,0.04912833466576165,1
UQCRH,2.638912,2.9193529939961104e-33,1.780327614029519e-30,13
CDKN2A,4.533883,4.6808716964129915e-24,9.748256769505346e-22,13
H3F3A,2.2711449,4.917518102506275e-28,1.4994406788742089e-25,13
GSTP1,2.507371,1.1525295184053475e-27,3.304016459558441e-25,13
LMO4,3.294228,8.067531199668244e-21,1.1465807795257312e-18,13
SLPI,4.514659,1.3736862249807508e-20,1.8849777651273562e-18,13
RPS7,2.094206,2.757411786591674e-20,3.6269156366302486e-18,13
RPL5,1.8880634,5.581018017211208e-22,9.236337519556866e-20,13
RPL35A,2.162887,3.969753201411062e-19,4.528894290086001e-17,13
PERP,2.9410589,5.289434859696829e-20,6.771486054545471e-18,13
ATP5PO,2.6476,4.991243749734618e-19,5.599040354844442e-17,13
ATP5F1C,3.0247676,3.2637597582993497e-18,3.238750474944334e-16,13
YBX1,1.6812229,6.614483929121982e-24,1.336484370281207e-21,13
RPS16,1.9097044,3.78772591012492e-18,3.7147401974122785e-16,13
CRYAB,4.3073072,1.137412864849065e-17,1.0686264677843834e-15,13
ATP5MG,1.6691216,2.992039226829764e-20,3.904902245412339e-18,13
RPL18A,1.7308569,7.550395211524963e-18,7.277235798556287e-16,13
CSTB,2.8432922,1.165543640980111e-18,1.2293553227079843e-16,13
SF3B6,2.456049,7.738602859428615e-18,7.437262994501295e-16,13
CHCHD2,1.2902932,1.5217883544363346e-21,2.352179870790281e-19,13
RPS23,1.8102111,2.152457368993892e-17,1.909935783423919e-15,13
RPL7,1.4850597,9.85493145666964e-20,1.2242379851413199e-17,13
NACA,1.9223615,2.851949904279728e-16,2.159305908339647e-14,13
TRIR,2.4164996,1.9981657591711843e-16,1.541698683398056e-14,13
RPS27A,1.3199052,3.8784942863532585e-17,3.335604534835247e-15,13
RPS25,1.3550292,4.360386613304822e-17,3.721417999920026e-15,13
RPL8,1.4685619,1.803908033029e-16,1.4038255066316865e-14,13
KRT14,5.1350865,1.3378958408401673e-15,9.195566474922142e-14,13
RPL24,1.756555,6.631802640242586e-16,4.7733324539994976e-14,13
SERBP1,1.940156,7.105365845061905e-17,5.826921168929617e-15,13
ATP5MC3,2.0661473,1.9160681830179939e-16,1.487658401078855e-14,13
HMGN1,2.021816,2.6540371331874143e-16,2.018572777420387e-14,13
TSEN34,3.632768,5.2137830019045e-15,3.3057749653474257e-13,13
CALML5,4.322619,3.9138430653063525e-15,2.5342511631938295e-13,13
PRDX1,2.0044057,4.479824140239352e-16,3.324287201056817e-14,13
FXYD3,2.7229095,1.1420370584718696e-15,7.985521978990614e-14,13
AP2M1,2.294473,1.4360558471233955e-15,9.829948809870573e-14,13
PPA1,2.2653701,1.1304587673606444e-15,7.932367681180622e-14,13
STMN1,2.6332393,6.09935631315426e-16,4.4281062792101085e-14,13
MDK,2.6186993,1.0016031469486858e-15,7.072583400380183e-14,13
EEF1A1,1.2792292,2.5177826313155234e-15,1.6822499449592425e-13,13
NFIX,3.6735249,3.966727744606311e-14,2.191894815186825e-12,13
POLR2H,2.7405703,5.2249376815163904e-14,2.8357546080217033e-12,13
CRABP2,2.6577322,1.1302459397623202e-14,6.769567690279996e-13,13
ANP32B,2.3180473,3.2862133031456465e-14,1.8493771879330225e-12,13
RPS11,1.2514746,3.9968453693268645e-15,2.583009451495036e-13,13
MARCKSL1,2.0414565,7.582979790295286e-15,4.660095338776409e-13,13
ABRACL,2.338223,3.63191174187911e-14,2.0302991955727875e-12,13
COPE,1.9895384,3.465148411457118e-14,1.9435542285732976e-12,13
TPT1,1.1354874,2.7368462315190978e-15,1.8141612539798826e-13,13
RPL27,1.444597,3.582664377607824e-14,2.0061126191877138e-12,13
NUDT5,2.7669344,2.3396296502151655e-13,1.1356514920096508e-11,13
ATP5PF,1.5534059,1.9835032367597162e-14,1.1450621262371063e-12,13
KRT5,5.2129335,8.310926968272076e-13,3.6923247228866846e-11,13
MGST3,1.7026871,5.021464736842804e-14,2.7394107536277908e-12,13
RPS24,1.1828905,1.7241625655140638e-13,8.57152090012648e-12,13
C6orf48,2.4602475,3.5248575116791346e-13,1.6651724760454908e-11,13
LDHB,2.3318288,4.797235177922466e-13,2.213260867987585e-11,13
CD63,1.5430276,5.723382192535525e-14,3.06658086453409e-12,13
TMEM123,2.3339467,7.917821775952335e-13,3.536240481853758e-11,13
C19orf53,1.651495,2.5116961271772627e-13,1.2104137902536289e-11,13
SSR3,2.0146897,5.78726880813886e-13,2.6302274131949253e-11,13
EPCAM,2.850254,1.5414779443790452e-12,6.4709276260848e-11,13
COMMD6,1.4054471,1.7249863175174784e-13,8.57152090012648e-12,13
GMPS,3.022371,2.9848199812818178e-12,1.1961033093449635e-10,13
FBL,2.3964705,2.8861558218036492e-12,1.1621194768201225e-10,13
SNRPE,1.4560653,3.222976098965131e-13,1.5311875543256296e-11,13
KRT8,2.3148384,1.1470161486882754e-12,4.944995969556998e-11,13
PIGP,2.557106,4.045629198189214e-12,1.57600985988925e-10,13
SOD1,1.7694532,2.113110321784494e-12,8.696421264168555e-11,13
RTRAF,1.6204767,8.75327257943615e-13,3.872402344294556e-11,13
TTYH1,5.3762255,1.4285602392493744e-11,5.065046404298442e-10,13
NDUFB5,2.6384015,6.825918350047432e-12,2.584064643103171e-10,13
LSR,2.1826882,2.567877873313103e-12,1.0439902030156945e-10,13
DBI,1.7306383,1.361183340168657e-12,5.771864780353594e-11,13
BRK1,1.3103974,6.095182827445801e-13,2.7626828002075623e-11,13
RPL7A,1.3105597,4.019315071581406e-12,1.567579614138511e-10,13
EEF1B2,1.6360562,3.3985221583117176e-12,1.3458067498457298e-10,13
PDIA6,2.1732426,9.110215148814394e-12,3.370684957729992e-10,13
SEC61B,2.0263598,1.050487996901012e-11,3.8591914462274744e-10,13
SSB,2.2502549,1.1857454668727518e-11,4.281064446111837e-10,13
PSMB2,2.33926,1.3792206990718858e-11,4.900470494445987e-10,13
ATP5PB,1.7985619,5.516828148175665e-12,2.114742090490971e-10,13
PSMB5,1.6151787,3.2801247485904942e-12,1.301996025946435e-10,13
CD9,1.3583837,3.340310861551095e-13,1.58244868089386e-11,13
RPL21,1.1779563,3.5896342877089443e-12,1.4131446437094565e-10,13
GAPDH,1.4143785,6.926308694443947e-12,2.616163512616491e-10,13
ILF2,2.3505368,2.7889532131635508e-11,9.529066861851207e-10,13
TAGLN2,1.3714998,2.7048028933353763e-12,1.0920085417054437e-10,13
NUCKS1,2.1907306,3.086947308071218e-11,1.0447961620586954e-09,13
TUBB,1.7763686,1.1064042409619106e-11,4.024935427993866e-10,13
SPINT2,1.7733406,1.2053132283580602e-11,4.3429455374233374e-10,13
RPL13A,1.553049,1.7501340392710063e-11,6.127478685927852e-10,13
MMADHC,2.2898765,5.1781135628066236e-11,1.7094400296269386e-09,13
SERP1,1.2928674,1.4486848872101093e-11,5.130975691860009e-10,13
MRPL47,2.4759548,7.072681605771586e-11,2.296464799024054e-09,13
SLC25A5,1.7187614,2.523071821371753e-11,8.670732782851431e-10,13
PRDX2,2.0882692,4.9773106271727554e-11,1.646390293353071e-09,13
CBR3,3.7563775,1.4807291999610418e-10,4.590123668751691e-09,13
TBCA,1.3562757,2.3709351270466516e-11,8.173025189750436e-10,13
ATP5F1B,2.382402,1.0627668682225476e-10,3.375593137031484e-09,13
EIF3H,1.2561074,1.0604911760512098e-11,3.889276884454447e-10,13
TECR,2.1813807,1.1170686445673563e-10,3.5413610025929765e-09,13
TTC3,2.0379603,1.028077209450344e-10,3.271606990718595e-09,13
RPS6,1.3900318,9.264312865541258e-11,2.9593744554582795e-09,13
EIF4A2,1.5715069,5.744936761536493e-11,1.885429783940269e-09,13
OST4,1.3601694,5.4679848576526645e-11,1.7998202169826106e-09,13
RPS9,1.0195502,7.896287608714294e-11,2.5466286796527515e-09,13
PHGDH,3.3150885,2.432391014894758e-10,7.245544141259776e-09,13
GABRP,3.5004632,2.4516127479636814e-10,7.283396207214335e-09,13
ARPC5,1.4407828,4.005759185571552e-11,1.3422294589735806e-09,13
RPS18,1.3144715,1.1909366655740303e-10,3.747205131333823e-09,13
RPS5,1.7272054,2.4432621183054485e-10,7.2714689183747155e-09,13
HSPE1,1.415545,8.894532728818104e-11,2.8466748306993132e-09,13
HOOK2,2.335147,2.824735579861706e-10,8.274624985514538e-09,13
ERH,1.6271354,1.8757617358349545e-10,5.719538580149109e-09,13
TUBA1B,2.2218616,2.4512170552916974e-10,7.283396207214335e-09,13
RPL18,1.1974748,2.934986852115452e-10,8.575121429164143e-09,13
CCT8,2.4724486,4.182763871150804e-10,1.1919633220243766e-08,13
UBE2E3,2.3294613,3.9298164482565257e-10,1.1285100470117477e-08,13
ACP1,1.7956661,2.4833606564138317e-10,7.3646684152764215e-09,13
HMGN3,1.4532261,1.089298243991312e-10,3.456589631193245e-09,13
HMGA1,2.148238,3.4617729954260113e-10,1.000959724479171e-08,13
LAPTM4A,2.0824776,4.5974963103675504e-10,1.3035048499242434e-08,13
PTGES3,1.4173766,2.1365151056246833e-10,6.450121796377813e-09,13
MRPL51,1.606347,3.0279918526377923e-10,8.816134959142725e-09,13
PSMB1,1.5160918,3.2977155091241854e-10,9.551699127075503e-09,13
RANBP1,1.7871431,4.180167919247766e-10,1.1919633220243766e-08,13
CYC1,1.745456,4.572688874802597e-10,1.2975681687796438e-08,13
S100A1,3.8758166,1.412354750580411e-09,3.700921147595122e-08,13
DYNLT1,1.3886205,3.6894425904419014e-10,1.0613001194340636e-08,13
TSPO,1.3206114,3.828180814037666e-10,1.1002657470748703e-08,13
CALR,1.6466978,8.579253536855584e-10,2.3206188941909124e-08,13
SH3YL1,2.7301824,2.101367614678858e-09,5.3476457635769026e-08,13
DSP,2.0052097,1.388348025252956e-09,3.64085857036821e-08,13
IGFBP5,3.9604547,2.458973041741371e-09,6.196575115931428e-08,13
RPL28,1.2738963,2.093576458321114e-09,5.331863932311959e-08,13
MT1X,2.257955,1.1840916029866747e-09,3.132146408184231e-08,13
MLF2,1.6772476,1.4948833614849282e-09,3.889827992829013e-08,13
ETFB,2.6543458,3.3654903426378058e-09,8.275799969385239e-08,13
HDAC2,2.0647898,2.6538880150936718e-09,6.632940232060868e-08,13
COX4I1,1.0483321,1.2240414463568647e-09,3.2352698307530024e-08,13
TCTEX1D2,3.4519851,4.906455591508829e-09,1.1738047574521943e-07,13
PSMB4,2.0568414,3.3012673945569126e-09,8.123830497493281e-08,13
CRABP1,3.9793305,5.015281571994891e-09,1.1964264523917541e-07,13
CALML3,7.5156164,6.438058108840675e-09,1.499575743254341e-07,13
ARL6IP5,1.4658691,1.6802058807529002e-09,4.335060418948694e-08,13
KDELR1,1.6355195,2.867210084698162e-09,7.128917231346261e-08,13
CALM2,1.0280846,1.2556834552709264e-09,3.3162896671844204e-08,13
ISOC2,2.124252,4.9316991233066e-09,1.1773246996073074e-07,13
YWHAQ,1.6006279,3.864744344508681e-09,9.420595207788203e-08,13
PSMD2,2.1315613,5.9162539391911934e-09,1.3896153597647886e-07,13
ATP5PD,1.7989465,5.1264595932660765e-09,1.217751991627036e-07,13
OCIAD2,1.8584119,5.093177121142185e-09,1.2107034289172927e-07,13
MRPS15,1.9336895,5.722726486747248e-09,1.3460446640391968e-07,13
VIM,2.0179236,2.538212767863889e-09,6.367553810540217e-08,13
NDUFB7,1.4490548,4.929409121149018e-09,1.1773246996073074e-07,13
NDUFB3,1.699056,5.553693305631746e-09,1.3108826682913048e-07,13
COX5B,1.0916727,2.9834009034360414e-09,7.395879504962916e-08,13
S100A11,1.5011423,5.3809154769203985e-09,1.2718906695658005e-07,13
MDH1,2.0392997,9.847033806242618e-09,2.2452709782133488e-07,13
HNRNPA1,1.0324882,4.0757082249173006e-09,9.884550222122284e-08,13
COMT,2.0262272,1.0553678011952376e-08,2.396620949213911e-07,13
LAMTOR5,1.2733,6.6990579719695204e-09,1.5571247639489236e-07,13
REXO2,2.3180346,1.4915081964797438e-08,3.2782881007946976e-07,13
TCP1,1.6587088,1.0482613770163216e-08,2.3837108370511487e-07,13
ACTL6A,2.8938622,1.974683366031195e-08,4.237546690982234e-07,13
CCT4,1.9156814,1.6184112109202436e-08,3.529462316350838e-07,13
ODC1,3.0733168,2.3918396648657778e-08,5.04875356823556e-07,13
VDAC2,1.5993552,1.508063030994052e-08,3.312504395715226e-07,13
FABP5,2.8635316,2.361177744240538e-08,4.989917713294166e-07,13
NDUFA4L2,4.574121,3.0650236717391996e-08,6.357696906234044e-07,13
PSMA5,1.7593706,1.786287002526431e-08,3.872905775807306e-07,13
VCAN,2.7736285,2.004242751823757e-08,4.290000391762644e-07,13
PGRMC1,1.6193271,1.567688447503083e-08,3.427759988116095e-07,13
RBP1,2.672078,2.758242146869178e-08,5.760535482449508e-07,13
CXADR,2.4968603,2.6171244885757432e-08,5.486310779457437e-07,13
S100A6,1.6381301,1.1747914490671406e-08,2.642768611211332e-07,13
RPL22L1,2.3152738,3.245307682392585e-08,6.706769252934671e-07,13
FXR1,1.9926538,2.916452600376317e-08,6.064521802183636e-07,13
PTS,2.131234,3.659553259002183e-08,7.470789766292892e-07,13
CCSER2,2.8145885,5.3293854415998944e-08,1.0564593209024945e-06,13
TMEM213,4.991379,8.26218681704005e-08,1.5835543316019446e-06,13
NPM1,1.2070377,4.5262606344535316e-08,9.085296704979408e-07,13
NCBP2,2.0384438,7.038134435968832e-08,1.3677060667255538e-06,13
HSPD1,1.6855146,7.042336861782089e-08,1.3677302876724553e-06,13
OLA1,1.9240702,7.959805312460378e-08,1.5290941007172595e-06,13
SUMO1,1.3135505,5.771420282933892e-08,1.1387012218228568e-06,13
HINT2,1.7773664,7.747290918481552e-08,1.4908312375030966e-06,13
RAD23A,1.8203131,8.885536169695199e-08,1.6847358319262108e-06,13
SLC25A3,1.061399,3.963048357388745e-08,8.022003920046825e-07,13
SEPT7,1.3299539,5.18987290718877e-08,1.0310724432179116e-06,13
UTP11,3.040301,1.377644401074506e-07,2.5305350961905807e-06,13
CLTA,1.2262849,7.216636589836513e-08,1.3991514905185346e-06,13
SAP18,1.006525,5.163954136553893e-08,1.0266993817080861e-06,13
CFAP298,2.414849,1.3677801260066063e-07,2.5151706801747577e-06,13
RBM17,1.8857797,1.212981459081325e-07,2.247768570113079e-06,13
POLR1D,1.9500337,1.3118624213895067e-07,2.417647114056343e-06,13
SSR2,1.1104921,6.839237936780925e-08,1.3336911606835407e-06,13
THUMPD3-AS1,2.002595,1.300533299456868e-07,2.3980861680639258e-06,13
CDK4,2.1504755,1.4375612458087884e-07,2.6362625339350778e-06,13
MDFI,3.18832,1.8219964218746785e-07,3.2750043936815965e-06,13
EPRS,2.4263263,1.640796335936079e-07,2.9715955671507576e-06,13
HEY1,5.372077,2.1064118255556598e-07,3.738156563013883e-06,13
CCT6A,1.9100277,1.5408894624395508e-07,2.804285049358924e-06,13
GHITM,1.7082856,1.6751064978525205e-07,3.030461005634919e-06,13
BABAM1,1.9817871,1.745781939852651e-07,3.1447514524488597e-06,13
PAM,2.8871658,2.153196614167992e-07,3.8111011945017744e-06,13
TACSTD2,1.5328192,9.82223329698136e-08,1.8456444090423072e-06,13
H2AFZ,1.4390752,1.4578913138682664e-07,2.6691666243698432e-06,13
RPS10,1.0405687,1.0483196012724379e-07,1.962147753698596e-06,13
RPL39L,2.2845619,2.1707061984305506e-07,3.8400662764535395e-06,13
MRPS6,1.5738822,1.7156521705698653e-07,3.097130756355428e-06,13
DCUN1D5,2.0873013,2.5018536462633683e-07,4.370555893193731e-06,13
APEX1,1.4359406,2.0389814631945934e-07,3.631942499044602e-06,13
CCT3,1.4169058,2.0950073945060546e-07,3.719885813611836e-06,13
PDCD6,1.5236127,2.2514615851727957e-07,3.959951391100196e-06,13
ATP5F1A,1.3808109,1.9350314314922174e-07,3.4559578936997056e-06,13
NPW,3.6807866,3.4114237386298123e-07,5.841426606919157e-06,13
PRPF31,2.3764653,3.227745851492762e-07,5.546199979760181e-06,13
SMAGP,2.8695276,3.487061988010419e-07,5.958204082519483e-06,13
STMP1,1.4620744,2.6744761177269833e-07,4.647906915268432e-06,13
HMGB1,1.114061,2.279243198966637e-07,4.006713633990564e-06,13
PDCD5,1.5086364,2.807265506536137e-07,4.866071956316722e-06,13
TSTA3,2.0437548,3.643509677017411e-07,6.206549419849719e-06,13
KRT6B,3.276437,4.2862851376348437e-07,7.184722129006012e-06,13
NECTIN4,2.2446015,3.966025479440677e-07,6.682907018103408e-06,13
CDC123,2.6339643,4.7475886850485543e-07,7.859766637967105e-06,13
SH3BGR,4.247396,5.441102356590035e-07,8.861627881967026e-06,13
SLC9A3R1,1.6941979,3.719026045745399e-07,6.315941903815009e-06,13
EBLN3P,1.9998897,4.716386083781928e-07,7.811965710426155e-06,13
SNRPD3,1.3188792,3.516762886508638e-07,6.002836843581996e-06,13
ASNA1,1.9883659,4.984048562650032e-07,8.190591515915958e-06,13
SF3B5,1.2575967,4.1738097848924067e-07,7.000867686582048e-06,13
CBR1,2.724527,6.728683256136872e-07,1.0762363619174384e-05,13
LSM3,1.1268623,3.8784243447757565e-07,6.553862687893761e-06,13
APLP2,1.2897986,4.5028994595672213e-07,7.506548249172176e-06,13
IDH2,1.3969322,4.5804910404744415e-07,7.613193755627019e-06,13
TEAD2,3.233943,7.779195875781025e-07,1.2313450159017053e-05,13
PHF6,2.8130567,7.402738008592956e-07,1.175083935381999e-05,13
SLC25A6,1.005961,5.193284535292985e-07,8.501120380588678e-06,13
EBPL,1.9610245,8.536347877528981e-07,1.3423236950782913e-05,13
SCPEP1,2.052824,8.325026285086111e-07,1.3109375898031607e-05,13
ARF1,1.2210536,6.985838153541667e-07,1.1157714167044812e-05,13
LAGE3,1.5486305,7.517449932381239e-07,1.1910382058667885e-05,13
FDPS,1.8558441,9.849505677197265e-07,1.5224067738196934e-05,13
SIX1,3.574839,1.2564728557348352e-06,1.906939187972946e-05,13
PRDX6,1.1394408,8.036484960932817e-07,1.2696737733144022e-05,13
MYO10,2.6674511,1.247480324050785e-06,1.8941483725209316e-05,13
MPLKIP,1.3214484,8.546936386132559e-07,1.3433589190593822e-05,13
HNRNPA2B1,1.2732928,1.0086320254448869e-06,1.5561419855311385e-05,13
SDHC,1.2142825,8.874973952821202e-07,1.3897082229298597e-05,13
PKP1,3.1333072,1.3916440922542981e-06,2.0931450447668796e-05,13
EIF3L,1.4138367,1.1095528732333038e-06,1.6970138130924872e-05,13
PPIC,2.2617548,1.4561612329535455e-06,2.177490143312299e-05,13
EIF2D,2.7155707,1.63228824007902e-06,2.424649240942888e-05,13
FKBP8,1.285531,1.147853223703187e-06,1.75239622103908e-05,13
HSBP1,1.1557788,1.181376623296054e-06,1.8002977429338003e-05,13
DDX39A,2.4172065,1.7504163379579992e-06,2.5818256108816737e-05,13
TUBA1C,2.2195117,1.7590374891439204e-06,2.5934011614670874e-05,13
HNRNPA3,1.4017208,1.5094649655907908e-06,2.2521781321566155e-05,13
DPM1,2.2355528,1.8673947598005493e-06,2.7351217309375643e-05,13
SNHG8,1.3292422,1.4211926412204201e-06,2.1337610733739534e-05,13
NEBL,2.741332,2.003275562002406e-06,2.9099985112656e-05,13
MFN1,2.5666552,1.9071096127092874e-06,2.7859914425035806e-05,13
TMEM205,1.9303107,1.9093598495185496e-06,2.788064375825062e-05,13
RRP1B,2.429746,2.017712039623163e-06,2.9284326923842713e-05,13
MRPL58,2.103654,2.0165601267968427e-06,2.9280278447139787e-05,13
APP,1.3376752,1.6129444953647171e-06,2.3991029409768503e-05,13
MYC,2.1376593,2.1637313312463527e-06,3.121450003498233e-05,13
GPAA1,1.7347897,2.248428684253517e-06,3.2366758153882923e-05,13
PSIP1,2.0447698,2.3968065413705413e-06,3.4267386276261434e-05,13
NDRG2,2.6388717,2.656605335632769e-06,3.75179787631405e-05,13
TMEM167A,1.7174071,2.398099310319734e-06,3.4271260744539496e-05,13
TBCB,1.4439771,2.1504207066422192e-06,3.1035826558298914e-05,13
CKS1B,2.047886,2.5502814511695215e-06,3.6184005987172974e-05,13
LARP6,2.5948114,2.7289611656192087e-06,3.844270745738508e-05,13
SRP72,1.626152,2.6562915506400528e-06,3.75179787631405e-05,13
COX5A,1.1537193,2.270594611786807e-06,3.258793918439936e-05,13
HNRNPH3,1.7913873,3.104859519817146e-06,4.312219178227201e-05,13
TFG,1.7109953,3.0826520186326052e-06,4.2884791106161846e-05,13
KCNQ1OT1,2.0828223,3.293840734834296e-06,4.555823178848541e-05,13
MRPS5,1.831493,3.2120934429487708e-06,4.453775368745131e-05,13
ALDH7A1,2.4485228,3.6781859470142663e-06,5.0265577477088454e-05,13
MORF4L2,1.1950672,2.614278608153904e-06,3.702935759970021e-05,13
SNRPD1,1.4398726,3.1606566725224457e-06,4.384267388464655e-05,13
TPRKB,1.9082443,3.4689042310953803e-06,4.7704188936109124e-05,13
SPATS2,2.3189504,3.940201271859295e-06,5.359216985378451e-05,13
CACNA1A,4.1112137,4.715381681128637e-06,6.301530359159498e-05,13
PSMG1,2.370095,4.373842444111527e-06,5.88459885350761e-05,13
C19orf48,2.661514,4.756527649134122e-06,6.346656255609567e-05,13
CUTA,1.1511424,3.456918103157848e-06,4.7558855659564146e-05,13
MRPL36,1.6362816,4.391086123888761e-06,5.900697903900358e-05,13
SCP2,1.1709957,3.5090897472479894e-06,4.817780565388654e-05,13
DHPS,1.9270301,4.836134304065126e-06,6.434303081818659e-05,13
RBBP7,1.6563116,4.955709049698045e-06,6.583219972477882e-05,13
MRPS12,1.5843976,5.2818716071592365e-06,6.991288696753274e-05,13
HADHB,1.846972,5.736841050164388e-06,7.522259017340256e-05,13
FAM84A,3.780086,6.819898863039525e-06,8.831900685915394e-05,13
FAM3B,3.6451685,6.9218238587495686e-06,8.936293073376416e-05,13
PCMT1,1.8625569,6.449781254704705e-06,8.391470638636559e-05,13
SLC7A5,2.2005615,6.331959473045679e-06,8.24777680331748e-05,13
NCBP2-AS2,2.4823537,7.0532143075195615e-06,9.095419495905945e-05,13
DEK,1.2115282,5.246213186642423e-06,6.946831286741946e-05,13
UBE2T,2.685346,8.291310573768201e-06,0.00010514134138176154,13
GTPBP4,2.2029405,7.969129195088278e-06,0.00010140082030821546,13
MRPL14,1.0004838,5.567466579075837e-06,7.320203705557925e-05,13
PARP1,1.480432,7.788615096401595e-06,9.93677972416911e-05,13
KRT17,2.3949692,8.356614016043306e-06,0.000105809434017406,13
STX10,2.007938,9.258529671833597e-06,0.00011626370038299164,13
NASP,1.7252729,8.932125405646276e-06,0.00011241741772261979,13
EIF4B,1.1496985,7.4483645377311674e-06,9.538968879726654e-05,13
KHDRBS1,1.2866753,8.460016918848811e-06,0.00010687662051793143,13
SNRPF,1.1978029,8.378039074934852e-06,0.00010604068249524146,13
EMP2,1.2201202,7.340978605250159e-06,9.419424766591261e-05,13
PFDN2,1.1431415,7.999268452499985e-06,0.0001017457198199856,13
DNASE2,2.3327622,1.076769894520735e-05,0.00013351548625552671,13
COPB2,1.7326826,9.843987643047953e-06,0.00012302085662368163,13
SERTAD4,3.0860019,1.1826712830199578e-05,0.00014503830897174552,13
TFAM,1.8014852,1.1117373911433232e-05,0.00013754623325834824,13
LAPTM4B,1.8664051,1.1564643628978573e-05,0.00014244939844273608,13
KRT19,1.417541,8.609746588294462e-06,0.00010872722527032551,13
GSN,1.2155484,8.865325042635408e-06,0.00011166048338529261,13
LGALS1,1.1828419,8.333016408996005e-06,0.0001055903677272894,13
DCTN3,1.1707222,1.0606296804981015e-05,0.00013175770412439562,13
EIF1AX,1.0831989,1.144664733806307e-05,0.00014125533420381657,13
CCND1,1.4591955,1.2799855874222953e-05,0.00015549437373318077,13
MRPL34,1.4938971,1.3584467551000829e-05,0.00016372138919443723,13
CCT5,1.8464668,1.483062056698777e-05,0.0001768339297679832,13
PEPD,2.3307853,1.541852485689287e-05,0.00018305810435824215,13
GIPC1,1.7017219,1.4109666507242685e-05,0.00016926048795401534,13
MRPL42,1.8304392,1.542357720152626e-05,0.00018305810435824215,13
GDI2,1.4706577,1.4842284855881812e-05,0.00017691011952776538,13
CSRP2,3.0039048,1.7135768559012426e-05,0.00020096182281043208,13
PSMC4,1.7119542,1.558405950243557e-05,0.00018483201547779047,13
P4HB,1.0268382,1.258479782305429e-05,0.00015327040805485255,13
SF3B2,1.38776,1.5823599215143437e-05,0.00018720964418875697,13
MTX2,1.9016799,1.7915488504125115e-05,0.0002085745921266437,13
EIF4G1,1.6476543,1.8071756729442987e-05,0.0002101750320604186,13
RAB10,1.6728988,1.9324619382357892e-05,0.0002231211906036716,13
RASIP1,4.138114,2.2674125348650578e-05,0.0002572776854936025,13
LSM14A,1.3940182,1.890735071337165e-05,0.00021890626519751414,13
FOLR1,3.0942562,2.3687011703503257e-05,0.0002674136854753291,13
PAICS,1.9515165,2.2481483565226266e-05,0.0002554374797632975,13
HNRNPM,1.176566,1.92123300113535e-05,0.00022197752701026788,13
C1QBP,1.0983295,1.9434757611535512e-05,0.0002238534357996266,13
MALL,2.6631718,2.4925995101039753e-05,0.00028026912560642786,13
DNAJC19,1.3067673,2.2213340758340784e-05,0.00025247633425127354,13
PARL,1.9628885,2.5949524316742487e-05,0.0002903178769539225,13
RAB1A,1.3024077,2.364079959541344e-05,0.00026716174502350483,13
EXOSC4,1.7283375,2.6850425817588135e-05,0.0002993983152751741,13
MRPS23,1.4821204,2.5615761928819206e-05,0.00028735059225903843,13
H2AFY2,3.0389087,3.150427573399407e-05,0.0003455477149751129,13
CISD1,1.6957399,3.0082720585954253e-05,0.0003312555913241929,13
PRPF40A,1.2392696,2.79544363345094e-05,0.0003105729543212255,13
HRASLS,4.7865605,3.767272931646316e-05,0.00040668844995284543,13
ERP29,1.2195852,3.277296642049833e-05,0.00035805800218564643,13
AP3S1,1.3099265,3.310704720524666e-05,0.00036135485529162977,13
DDAH2,1.3919346,3.5306009267173384e-05,0.00038311189156592124,13
MRPS16,1.4207227,3.720718545047771e-05,0.000401921483798542,13
CNPY2,1.4435313,3.839117630961043e-05,0.00041364550099603066,13
MRPS25,1.871779,4.039315392163707e-05,0.00043354001507247414,13
BBX,1.3986512,3.78285345230865e-05,0.00040797648760091456,13
DNAJB11,1.7320479,4.195434113667403e-05,0.00044843548631777686,13
PLPP2,1.4807982,4.178773804753053e-05,0.00044693957967226455,13
NDUFA9,1.6372923,4.315799318657141e-05,0.00045896076394127825,13
BEX3,1.3063514,4.106371411879284e-05,0.00043989716871875784,13
ARL1,1.5598198,4.604963153537717e-05,0.0004870863107310267,13
LRRC41,2.1718776,4.9350674685685575e-05,0.0005182438884259799,13
SGCB,2.4363365,4.995998233643583e-05,0.0005243140699456802,13
ASPG,6.680339,5.479552169334974e-05,0.0005695372150965738,13
NUP37,2.353736,5.0468367560262654e-05,0.0005291527090774522,13
RAB25,1.4960982,4.751972552383851e-05,0.0005014371207244453,13
RCN2,1.4987953,4.8717255708724236e-05,0.0005127158687562973,13
ATG101,1.7950219,5.2124220143587005e-05,0.0005441327319751173,13
ADI1,1.6403525,5.165543672563188e-05,0.0005399111882874475,13
MAGOH,1.6219356,5.2221627602954666e-05,0.0005449047543316516,13
NDUFS2,1.57273,5.2230666502974264e-05,0.0005449047543316516,13
MAGEF1,1.79874,5.464031536037057e-05,0.0005681000674216334,13
SQLE,1.7869849,5.4539794299272806e-05,0.0005672307722765609,13
NES,3.971083,6.073385054916126e-05,0.0006250610866122792,13
SRSF3,1.0194143,5.209853097457105e-05,0.0005440338815124806,13
GNPNAT1,2.0534363,6.198493481286096e-05,0.0006371549796378086,13
ECH1,1.4428215,5.986008531218031e-05,0.0006170150957147633,13
RFC4,2.8425152,6.620789943769086e-05,0.0006755945102037082,13
PRKDC,1.0743456,5.1059306213971606e-05,0.0005350141173767016,13
PSMD4,1.165153,5.763643763985828e-05,0.0005968458644268251,13
KRCC1,1.666778,6.43921616207678e-05,0.0006590715571932171,13
CHST9,5.2420363,7.310605634984334e-05,0.000738569348201836,13
SLC3A2,1.4833214,6.40870805248976e-05,0.0006565500207347557,13
ALDH16A1,2.6317904,7.011731663690853e-05,0.0007109446545702989,13
BTG3,1.6120634,6.385275720621705e-05,0.000654749412856535,13
FBXO2,3.0391736,7.21711980899592e-05,0.0007302244811871256,13
SPATC1L,2.4813569,7.54254748694486e-05,0.0007585744685445804,13
PPP1R16A,2.757211,8.089462300579547e-05,0.0008070453748475271,13
KXD1,1.2186078,6.550592954104353e-05,0.0006692459283387576,13
TMEM147,1.0450475,6.736716304290576e-05,0.000686171277140025,13
CEBPG,1.6682764,7.538383668114522e-05,0.0007583831032160443,13
IFNGR2,1.4230889,7.659130137313077e-05,0.0007686860680299758,13
MRPL9,1.7164998,8.195895989422022e-05,0.0008162070884240025,13
HDDC2,1.5637496,7.993648514087242e-05,0.0007993886845885515,13
PPM1G,1.2265369,7.49542098062315e-05,0.0007542871740506483,13
PFN2,1.7322047,8.248379369529567e-05,0.00082070273637909,13
EFNA4,1.9995393,8.665059355112224e-05,0.0008568241622341365,13
DPY30,1.3570805,8.633336575447529e-05,0.0008539390801447524,13
NECTIN1,3.0819287,9.508743518202005e-05,0.0009309187575715513,13
ERP44,1.733768,9.082764354054493e-05,0.0008939113826271764,13
NME1,1.2587655,8.531495483708312e-05,0.0008451119020054947,13
LSM4,1.1344104,8.527097866050782e-05,0.000844925818390574,13
TUSC3,2.1094918,9.541488948334748e-05,0.0009338520012141693,13
MGP,1.2221432,6.538926728360106e-05,0.0006684612660649994,13
KIF21A,2.7752364,0.00010075317611168836,0.000980946960801782,13
ZC3H15,1.2330247,9.163702980878464e-05,0.0009009483485640439,13
YBEY,2.1799595,0.00010621352424503518,0.0010272513888992863,13
PRKRA,1.6554201,0.00010129329057193359,0.0009850618321464843,13
LINC00665,2.0446935,0.00010681255751537152,0.0010321521151319723,13
OAT,1.2451054,9.586019659369782e-05,0.0009376870591633519,13
UBXN4,1.1246185,0.00010247367859548122,0.000995963388516672,13
ECHDC3,2.6614575,0.0001193424869363853,0.0011397683241267935,13
SDHD,1.5728941,0.0001124378235080469,0.001079667059342514,13
MZT1,2.0408843,0.00011975496014824438,0.0011433820433624437,13
HPRT1,1.6925418,0.0001169024662989554,0.0011186948993247541,13
C5orf46,2.8122275,0.0001231563156089573,0.0011721867144835517,13
HADHA,1.4525307,0.00011782004960057183,0.0011268327013552266,13
CBX5,1.7453303,0.0001257069256307036,0.0011917286581626426,13
UCHL3,1.570753,0.00012328734477034267,0.0011727682447368302,13
SEPHS1,2.3315496,0.00013270475578288922,0.0012538169616095457,13
DDT,1.1663254,0.00012319475048863624,0.0011722198939402406,13
IQCG,2.5982635,0.00013591679733967722,0.0012791204544248356,13
EIF2A,1.6705117,0.00013684132313033492,0.0012870989397404833,13
SNHG7,1.7351283,0.00014931882477218502,0.0013923554911548116,13
RAB4A,1.2235571,0.00013762933867179079,0.0012941479249763204,13
TIMM9,1.6351901,0.0001469235595814735,0.0013738397301149158,13
RPP38,2.1091177,0.00015452488748301762,0.0014361095181678841,13
DCTN2,1.1611902,0.00013498674229383358,0.001271437889154022,13
DGUOK,1.2569495,0.00014714272433915152,0.0013751223508106662,13
TMEM14B,1.1883179,0.00014358983591651047,0.0013449166954693321,13
SOX4,1.1075175,0.00013546374075432946,0.001275214518282617,13
HSPA14.1,2.7133257,0.00016391458608739254,0.0015145617443408357,13
MTPN,1.222084,0.000148457609074788,0.0013856302658666589,13
TRAPPC4,1.5627669,0.00015858049170417788,0.0014705414078655876,13
DDX49,2.0520544,0.00016654718306722172,0.0015355027672506,13
WDR34,1.875854,0.00016733948834873349,0.0015423835610620692,13
MRPL39,2.6466656,0.00017272755074256558,0.0015872478847825731,13
SUMO3,1.1604134,0.00016159735334427406,0.0014953356389960796,13
ATF4,1.1423377,0.00016111810829961678,0.0014920106213355733,13
HSD17B1,3.2823718,0.00018461154011725314,0.0016817098498296543,13
RER1,1.1159501,0.0001630897175079258,0.0015077707317897849,13
PRMT1,1.2589966,0.00016626608155121103,0.0015333325931562191,13
CUL5,1.9372923,0.00018099093765127782,0.0016532181480831997,13
SDC1,1.525584,0.00017134842163678762,0.0015767345432426594,13
PAFAH1B3,1.1232998,0.00016614967888985323,0.0015330522890885916,13
PPP2R1A,1.4759352,0.00018417138916851123,0.0016786121098100637,13
RBM42,1.6343362,0.00018458222283609997,0.0016817098498296543,13
KIT,3.6406863,0.000200948567473508,0.0018128068589642096,13
METTL5,1.326867,0.00018243346845598504,0.0016645813290212714,13
TMEM14A,1.1171528,0.00017493640921900544,0.0016044687179695546,13
MELTF,2.9365494,0.00020752669982140312,0.001865626652026181,13
PAPSS1,1.7824082,0.00020269426479265482,0.001827080982373135,13
SEC13,1.6166475,0.0002021492260043035,0.0018226578466156837,13
DSC2,2.1278825,0.00020791354765958261,0.001867602651861291,13
SF3A3,1.9705056,0.00020720727641718102,0.0018637541588384736,13
LSM2,1.0756917,0.00018947388858662264,0.0017203962363518976,13
SINHCAF,1.8934207,0.00020790768699103777,0.001867602651861291,13
CHCHD1,1.6090716,0.00021274881954953107,0.001904914083425206,13
GTF3A,1.0690037,0.00019810432022889375,0.0017900369086199693,13
PUF60,1.4595287,0.0002185826834236371,0.0019519387073248702,13
MAP3K13,1.1097342,0.000209578932747257,0.0018809680660413673,13
MRPL16,1.6480176,0.000225987612434603,0.0020132405069506025,13
STOML2,1.0730697,0.00021246663287295223,0.0019039121916087872,13
UROD,1.955881,0.000250110567728174,0.002208406607736183,13
SYNCRIP,1.3876041,0.0002461110195274938,0.0021763273677752886,13
TUBA1A,1.3768827,0.0002424488587344334,0.002145640414462172,13
KCTD9,2.4234843,0.00026539114880671805,0.002326577240492977,13
TNIK,2.2989085,0.0002664431640603437,0.0023333603565921643,13
TRMT10C,1.7302113,0.0002761801657218236,0.002406067256746931,13
COL8A1,3.0680115,0.00028899539908393523,0.002506111475938066,13
DLG1,1.8495123,0.0002822917299129676,0.002456758410225959,13
SET,1.131237,0.0002768694977481553,0.0024114463318542917,13
AHSA1,1.5641196,0.00028534118698427105,0.002478153483334913,13
GPI,1.475727,0.00028309261840701096,0.0024618121633366748,13
CHEK1,3.185174,0.00029988628413405295,0.0025897234439084113,13
KCTD1,2.034923,0.00030216157438648684,0.002607358211087511,13
PDCD2,1.4988835,0.0002965486521944636,0.0025628802739640563,13
ROPN1,3.70646,0.00031896081400169805,0.0027396324359618323,13
TOP1MT,2.2039237,0.00030613119121057717,0.002638218469782623,13
CSDE1,1.022488,0.0002814364054215176,0.0024499502917838365,13
HEY2,3.5114863,0.0003257942997553432,0.002791892337274902,13
EFNA3,2.402644,0.0003227936463641326,0.0027697164729340936,13
C8orf59,1.1430492,0.00029299177903966496,0.002534357390108945,13
CADM1,2.8251665,0.0003356565312089782,0.0028661547131569086,13
KRT16,3.8170686,0.00034174223664845644,0.002909971149892327,13
LXN,2.3363657,0.0003297170764709045,0.0028204642851085457,13
EIF2B5,1.9283549,0.00033142167969818124,0.002833600448319321,13
LTBP3,1.495238,0.0003246721140254617,0.0027851220911836345,13
UQCRFS1,1.0212996,0.00031824217761200995,0.0027341600612921175,13
PTRHD1,1.3139288,0.0003286406282596909,0.002812690817162106,13
DMAC1,1.175459,0.000326431744809025,0.0027952124464231576,13
NET1,1.6249834,0.00034905908679624937,0.002965499197120821,13
FAM213A,1.2923039,0.0003396738842940304,0.002896035016041198,13
IDI1,1.6611184,0.0003588841906951254,0.003036663632720787,13
SLC39A4,1.4993284,0.0003501490095946732,0.002972500109039467,13
TRAPPC3,1.2043936,0.00034754801007397425,0.002954906921645417,13
CSNK2B,1.0005916,0.00033082789038048186,0.002829244842236548,13
BCL2L12,2.1753016,0.0003722002567912951,0.003135100153951991,13
PHB2,1.0537814,0.0003413213414273479,0.0029071252190997145,13
XRCC5,1.1328808,0.0003520405851151626,0.0029870461081071766,13
PCNP,1.054402,0.0003503540782201631,0.00297348839513727,13
PGLS,1.0246143,0.00035648919784016784,0.003020971244253934,13
S100A10,1.0329082,0.00034569971982829564,0.0029414293005481642,13
FYTTD1,1.5559449,0.0003805566149570711,0.0032006643486146243,13
SAC3D1,1.9132358,0.00039176813234276405,0.003277698909181504,13
CHST1,4.6845756,0.00042234028766271125,0.003508196082232284,13
COMMD3,1.349339,0.0003907497053466075,0.00327081004917159,13
HIGD2A,1.0284598,0.00038287984206836976,0.003214561397450611,13
FAM98A,2.2296798,0.000424735544221562,0.0035228114720167857,13
EBNA1BP2,1.3919879,0.00041290037273916484,0.0034390592009049736,13
MYH14,2.381532,0.0004298613278949295,0.0035615243429978037,13
MPZL2,2.163275,0.00043058131758764995,0.003565077258259039,13
TMEM45A,1.9482595,0.0004299398367609227,0.0035615243429978037,13
GNL2,1.7964324,0.0004520162465016063,0.0037223365882421747,13
TCEAL9,1.6398696,0.00045318245140830483,0.0037310242029175143,13
SMOX,2.66064,0.000465873192175817,0.00382892740474616,13
SFN,1.5970937,0.00043894513211541306,0.0036271640000697385,13
BAX,1.1461436,0.000433314387340963,0.003584167167892291,13
YEATS4,1.9951235,0.00046408515394880004,0.0038170378000482352,13
BCL11A,2.2031114,0.00046467516556633213,0.0038209535984948142,13
PFDN4,1.3679845,0.0004508887395122955,0.003715788504172458,13
SMCO4,1.6068362,0.0004761374084703245,0.003901814028219681,13
OXCT1,2.2876768,0.0004897685014485889,0.004007642182748749,13
NIT2,1.339887,0.00047591056149308403,0.0039012633886052117,13
CENPA,3.9550123,0.0005667335027288218,0.004549738493863742,13
MRPS33,1.059546,0.0005109693415853826,0.0041618316382018745,13
ZNF581,2.3994591,0.0005670047674294279,0.004549738493863742,13
SMC4,1.9609051,0.0005653487859937749,0.004539708793635911,13
SLC39A2,4.0972977,0.0005841091609187543,0.004671341289073901,13
OSGEP,1.8432479,0.0005577822518173549,0.00448969870607293,13
PSMD14,1.3222309,0.0005521535378729157,0.004449731334405446,13
HEXIM1,1.5863334,0.0005612421158709695,0.004512133702883074,13
VPS72,1.621542,0.000567001255437196,0.004549738493863742,13
SUCLG1,1.183619,0.0005490697317655099,0.004431267534443447,13
USP1,1.5065653,0.0005833677598898972,0.004666524692217277,13
YIF1A,1.1069901,0.0005723536899234513,0.0045871720701845834,13
NCAPD3,2.721662,0.0006171822813252984,0.004916808110099909,13
SHKBP1,2.09617,0.0006150473725556117,0.00490356641856139,13
RFK,1.981286,0.0006261296033578939,0.004976543371143868,13
DKC1,1.4483284,0.0006153819419309499,0.004905067897886405,13
LINC00623,2.2126145,0.0006848878585031963,0.005387388288474603,13
PAK2,1.1603372,0.0006530160296763021,0.005166975855478379,13
FEN1,2.4916472,0.0007026081519968772,0.005511443163683007,13
SERPINH1,1.5441176,0.0006763646188639517,0.0053278406954710665,13
PNN,1.2034891,0.0006738292295159486,0.005310363295863353,13
RRP1,1.7772138,0.0007057684453098933,0.005532175607417417,13
SERTAD4-AS1,2.9938948,0.0007395539833260172,0.005764671195616533,13
MME,4.1377907,0.0007473603460827483,0.005816058786069945,13
DLGAP1,4.2194695,0.0007559376683995563,0.005874630522657441,13
KRT7,1.1829844,0.0006782547015779489,0.005340220879254926,13
DONSON,3.538571,0.000764320154878343,0.005934273683975579,13
ARMCX3,1.2813026,0.0007126679948281831,0.005577134207776969,13
PSMD12,1.565568,0.0007424601731402448,0.005784635695074785,13
HENMT1,2.4737608,0.0007662161167009394,0.00594624127030685,13
HLCS,2.4797804,0.0007744857277429463,0.006002085442288854,13
FBXW9,2.4102552,0.0007729279790669111,0.005992782557994281,13
OGFRL1,1.6982679,0.0007565937010748831,0.005877005402443875,13
RARRES1,1.6610532,0.0007544168522846479,0.005865529819768051,13
ECHDC1,1.9312756,0.0007948548414073513,0.006144325013976487,13
EXPH5,2.6980255,0.0008139695304905203,0.00627184746661671,13
FSCN1,1.7228473,0.0007847196485163037,0.006068776050469298,13
PTTG1,2.2205002,0.0008125409757058803,0.00626227869167071,13
TATDN1,1.2496144,0.0007804659375175377,0.006041451190924471,13
CXCL14,2.2617939,0.0008109194440354005,0.006251217897584778,13
PPHLN1,1.5535946,0.0008108241709466716,0.006251217897584778,13
PCMTD1,1.3397295,0.0007999781585148398,0.006181079800678702,13
LARS,1.6659532,0.0008254068928648662,0.006349764356325798,13
TM4SF1,1.002591,0.0007277202165949354,0.005684318533956853,13
FBXO27,3.523956,0.0008821723402346213,0.006737008757697959,13
SHMT2,1.6042205,0.000863345190139553,0.006617335699833352,13
PLLP,2.8978398,0.0008998843722637995,0.006853547168505926,13
CNOT3,2.1385717,0.0008871228102432428,0.00677019025673916,13
AL355338.1,1.8492925,0.0008772491987548555,0.006708460660846465,13
HNRNPUL1,1.2953073,0.0008633287122135096,0.006617335699833352,13
MEX3A,2.5288608,0.0009071912138102477,0.006901360966751989,13
FNBP1L,1.5336078,0.000880183056274264,0.006724879246126444,13
AC010642.2,1.4368404,0.000894673522434312,0.0068185059340989,13
ANXA4,1.3023751,0.000896411969589404,0.006828651799227391,13
PSMA3,1.0888783,0.000881375160868422,0.006732453716849862,13
FOXRED1,2.6085207,0.0009759429647599053,0.007360940629865522,13
NPAT,2.3292322,0.0009713383999125063,0.007329507597630004,13
ARPC5L,1.0150844,0.0009144026754673377,0.006948341671465784,13
POLR2B,1.6645942,0.0009779469551831974,0.0073727396771858,13
FOXC1,2.6798773,0.0010091217300904737,0.007580504355871126,13
AMMECR1,2.794555,0.0010239886329423383,0.007676710491175452,13
PES1,1.8035119,0.0010172493363648444,0.007634719174538654,13
FDX1,1.3014121,0.0009988221421553271,0.0075132302018461146,13
RAB3D,1.8845274,0.0010374191597265032,0.007768715346368977,13
EWSR1,1.1561589,0.0010400123163821532,0.007782921263671084,13
MAN1A2,1.5044707,0.0010689048826050566,0.007976004152937977,13
MARC1,3.9874227,0.001136420872502028,0.008406857627832052,13
TMPRSS2,3.4081755,0.0011373677406615428,0.008412006921616054,13
LSM10,1.5809144,0.0011323216557769548,0.008383929504727338,13
ERBB3,1.08574,0.001072909441992892,0.008002325015317677,13
EXOSC3,1.6161951,0.0011348853772022206,0.008399203538556858,13
SPACA6,2.985261,0.0011815878149826833,0.00870833594865616,13
THYN1,1.4572572,0.0011290549969253422,0.008362159538214573,13
KLF5,1.3955646,0.0010937968412202067,0.008136402717091807,13
MRPL37,1.194314,0.0011206512360171764,0.0083213998466354,13
PTPRF,1.2045987,0.0011387936495159748,0.00841884015834589,13
HIBCH,2.0340216,0.0011930249598699175,0.008777198986399847,13
EIF2AK1,1.4823356,0.0011838135767545195,0.00872090735293726,13
TMEM106C,1.3273302,0.0011744750859282926,0.00866162463876888,13
MNAT1,1.9574233,0.001254089018300588,0.009176134328712919,13
GRSF1,1.2895283,0.0012070874137358326,0.008872872878394382,13
ATP23,2.8191264,0.0012847444108634216,0.009384061908704274,13
TMEM237,2.0159616,0.001260517994817519,0.009221163372775225,13
JPT1,1.0033365,0.0012008883836542,0.00883311343775121,13
MRPL3,1.4029015,0.0012940537940681145,0.009450001808586683,13
MCM7,1.8438312,0.001372159460136701,0.009955353764318643,13
GNPTAB,1.6579245,0.00136977118308274,0.009942327472793375,13
RBP4,5.8135595,0.0014368879306239331,0.010366671989902633,13
PEX13,1.9684695,0.0014014237743933025,0.010143537940640001,13
POLR1C,1.6948512,0.0013882052353464786,0.01006306284822914,13
RAD23B,1.338389,0.0014108829153797295,0.010203196176099938,13
DAP3,1.0212612,0.0013472761725239688,0.009799550312351793,13
CKS2,1.6967766,0.0014567951542242016,0.010489988464541421,13
NIFK,1.4270949,0.001427521960363641,0.01031240880304908,13
VANGL1,2.467176,0.0014705970210774123,0.01058028628999517,13
CDC20,3.2833679,0.0015039221786413532,0.01077382609863512,13
TANK,1.1875261,0.0014131666095226827,0.010215306303879375,13
MRPL22,1.1191896,0.001446516486376637,0.010427167304869716,13
MRPL50,1.5506228,0.0015130988665429815,0.01083493789127202,13
UNC50,1.7841556,0.0015369793570517937,0.01098483371294997,13
TPD52,1.0640793,0.001471394072245255,0.01058375049907315,13
ARL5B,2.128242,0.0015506417254458984,0.0110659732155704,13
NR1H2,1.6648091,0.0015421972758449445,0.01101508492953903,13
ZNF146,1.7536013,0.0015615927423044329,0.01112991546316043,13
PPA2,1.3338425,0.0015476293452182078,0.011046826105121069,13
CMPK1,1.0919571,0.001562434354474407,0.011133548052565558,13
PRPF18,1.9180038,0.0016167043381459523,0.011473948414251667,13
C9orf40,2.6061585,0.0016663019582963587,0.0118034707461918,13
HSPB11,1.2859251,0.0016110414861926904,0.01143859917197058,13
DCPS,1.942823,0.0016782494375569249,0.011878068028085423,13
PAK4,1.8891903,0.0016899590514717123,0.011951678813796485,13
FAM178B,4.6424155,0.0017612863436758139,0.012382164169614435,13
GAR1,1.6228178,0.0017214659878311668,0.012140389129067529,13
GUCY1A1,2.0638657,0.0017248313348008242,0.012157792970775657,13
SLC25A37,1.2842609,0.0016811894939559016,0.011896366417041117,13
NUDCD2,1.3709397,0.001708291687592652,0.012057135097422577,13
MORN2,1.7248095,0.0017406883389370442,0.012247624832449632,13
SSX2IP,2.507421,0.001821710791310535,0.012745515571828672,13
TIPRL,1.2598068,0.0017620784665841568,0.012384822059133327,13
AL591895.1,3.148161,0.0018772092217736605,0.013087398567347818,13
ORMDL1,1.2867908,0.0018038734493883884,0.012636532866736829,13
PPP4R2,1.2700996,0.0018249620455212542,0.012762938275402083,13
TM9SF2,1.1116109,0.00183761132531474,0.012838017384374442,13
BTF3L4,1.0192997,0.0018649781541799034,0.013012946176273797,13
FXYD6,2.4594104,0.0019388343520528178,0.01347222767810308,13
FARSA,1.5338777,0.001945354753808335,0.013511937005070484,13
PRRC1,1.8424797,0.0019844284622312944,0.013749166505205504,13
ZNF462,2.3879929,0.0020133298748940126,0.01391079214513596,13
TFCP2L1,3.4271617,0.002043961115313864,0.014077310014115465,13
RFXANK,1.4232079,0.001985915983974812,0.013755989907881556,13
CFAP20,1.6574689,0.002013431283055978,0.01391079214513596,13
FAM162A,1.2897704,0.0020104105255842595,0.01389760499559391,13
NOTCH3,1.7614751,0.0020317009629230616,0.014007252209126908,13
UBXN7,1.695637,0.002095840885352892,0.01438440743515886,13
ELOF1,1.2487124,0.0020762986608010483,0.014278164870312703,13
AHCY,1.4322352,0.00210470857619834,0.014439359859739933,13
MIA,2.0383036,0.0021673098117059577,0.014814293538705834,13
GPC4,2.4004462,0.002212074795916695,0.01507419762898047,13
UBE2J2,1.3606511,0.0021717453492611735,0.014832521026179804,13
GAS2L1,1.9525535,0.0022190563220325994,0.01511256205021227,13
MIS18A,2.156811,0.002241810741450059,0.01523595830121748,13
SEC63,1.0300406,0.002154476149658604,0.014738585465164029,13
KRTCAP3,1.6326518,0.0022341632632042535,0.015194943912865072,13
ALG3,1.3103231,0.002232551247291077,0.015193200282787268,13
HES1,1.1860344,0.0022421719738472162,0.01523595830121748,13
USH1C,9.4876995,0.002401715940807383,0.01616940071670422,13
MBOAT7,1.4908084,0.0023056428353848317,0.01563241688733427,13
CENPF,2.8249578,0.002381853631764783,0.016055014602697464,13
SOX10,3.1296456,0.0023899356087716977,0.016106254822947863,13
FADS1,2.175251,0.0023942938345446344,0.01612914430698164,13
RUVBL1,1.4945993,0.00235793040875395,0.015938602144299926,13
RNF24,1.6446749,0.0023785100038778632,0.016042148409424375,13
ATF5,1.8702383,0.002420145072795915,0.016277137735441705,13
WDR46,1.4031309,0.002379484769667336,0.016042271087319017,13
NUP107,1.9773595,0.00249649882448853,0.01674366468149766,13
SLC16A1,2.504206,0.002613313511596508,0.017398401844473697,13
SMIM15,1.227412,0.0025645032997011767,0.01713466238551338,13
AP3B1,1.9057546,0.0026685287325340745,0.01769575370065745,13
GPX7,2.337866,0.002699379320129069,0.0178791235735484,13
NELFCD,1.2460703,0.0026271828276627864,0.017470762082552535,13
ASF1A,1.7323799,0.0026678166252065393,0.017694529844977762,13
LINC01436,3.2982917,0.0027958080966744648,0.01840514217282791,13
MRPL18,1.1531951,0.00273761210673646,0.018089489297093697,13
HMCES,1.9291168,0.0027920085051196296,0.018387346803498426,13
EMC8,1.386271,0.002747328453436897,0.018135828312679975,13
SUPT5H,1.2674521,0.0027446121828768695,0.01812503194051449,13
ACTR3B,2.1592803,0.0028240209432693476,0.018572644403568078,13
SKA2,1.7485052,0.0029802223568109075,0.0195081260870013,13
TMF1,1.309553,0.0029584480420384793,0.0193731561456487,13
CENPV,2.0506215,0.003047042112247578,0.019888714839933035,13
HSPBP1,1.5723749,0.0030196325101841774,0.019731442436019382,13
PAFAH1B2,1.1617618,0.0029849655472846065,0.019535361838336193,13
CCNB1IP1,1.836215,0.003086762010014297,0.020099608731875274,13
HSPA2,2.3802476,0.0031066615899634563,0.020209568733313477,13
PRELID3B,1.1722045,0.003049588261070526,0.019890115278241003,13
TET1,3.5773437,0.003189558919132066,0.020705306165701192,13
KCNK5,3.420943,0.003208852038177026,0.02081378963691658,13
NSMCE2,1.4136773,0.00312587538224235,0.020322734288775086,13
NREP,1.9113001,0.0032072460955242118,0.020807396767887346,13
ZNF639,2.0421126,0.0032636572157769663,0.021120263684039207,13
TSFM,1.5990301,0.0032331244028055085,0.020949220187324667,13
SOX9,1.2410899,0.0031842767050090635,0.020682382835536212,13
DCUN1D1,1.7232313,0.0032858885913759988,0.021247732647646494,13
YY1,1.0254611,0.0032857447564558695,0.021247732647646494,13
NUPL2,2.0033033,0.0034002260109278278,0.021873222215675156,13
EFNA5,2.2344966,0.0034213216491739036,0.02197941954317983,13
BOC,2.551173,0.003446741480385736,0.02211730552776315,13
WDR83,2.0746493,0.0034635706630145795,0.02219981341642882,13
AC011247.1,4.820213,0.003555145534734723,0.022725964623696845,13
LTBP4,1.4858414,0.003429976629061078,0.022022367173686372,13
HOXB7,2.582837,0.0035712680664892154,0.022820328104041682,13
RDX,1.184492,0.003443512632341966,0.022100814619476057,13
FHL3,2.1684916,0.003624319601587992,0.02310650137936948,13
FKBP3,1.0966047,0.0035464138600244193,0.022678792617555586,13
DNAJC9,1.5054924,0.0036034825152549614,0.02300426475907245,13
FAM208B,1.8106376,0.0036702549131139967,0.02333725498402968,13
ERGIC2,1.0235401,0.0035957675076716445,0.022959382824065226,13
RRAGA,1.0299819,0.0036056473333956353,0.02300932595308657,13
RBP7,1.4745377,0.0036501492902855713,0.023249080392227183,13
MED30,1.1838197,0.0036687328426157884,0.02333200005198638,13
PIH1D1,1.1976569,0.0036936014508459816,0.02346632051344307,13
PART1,2.0971618,0.003824093859918396,0.02415971598333451,13
ACAT2,1.6577235,0.0038239763025830083,0.02415971598333451,13
TRIM47,1.6650217,0.00385322071933531,0.024296363403010494,13
S100A2,2.4291701,0.003931724512570546,0.02471401272041392,13
ZCCHC7,1.5526024,0.003870779025499094,0.02439034365851308,13
GGH,1.5405419,0.003899304914834016,0.024537821040984564,13
DDX10,1.9822713,0.003985280697950564,0.024985102783170073,13
SWSAP1,2.3235142,0.004072875341463995,0.02545338398137579,13
BICDL2,1.542715,0.004023394209340021,0.025200497698501145,13
NOL10,1.9600291,0.004083893793480092,0.025507985424043908,13
HDAC1,1.2331893,0.003984407880297924,0.024984878127399062,13
NIPSNAP3A,1.7811171,0.004085358407766908,0.0255123824902085,13
RBM4B,1.7532494,0.004070673243643797,0.025444362889499927,13
FADS2,1.9786855,0.004117881964732435,0.025667697264279987,13
CRIPT,1.2957561,0.004095547451660466,0.025561733732069908,13
CDKN2B,2.0728014,0.004202375284547602,0.026116707322403395,13
PCID2,1.4771141,0.004162144044647102,0.025905079495548055,13
LINC01315,2.1998804,0.00423186929521634,0.026265937829543163,13
AGO2,1.4700192,0.004241615286460614,0.02631668855404651,13
B3GNT5,2.2567413,0.004368703365200716,0.026995335219638397,13
PPP1R14C,2.1847832,0.004374809690961906,0.02702216929505301,13
VTCN1,1.5751607,0.004334146811661376,0.02681143825339989,13
KHDC1,3.0172467,0.004451971248377481,0.027423979364890556,13
PDZK1IP1,1.3738167,0.004328781202398817,0.026783185816207103,13
A2ML1,5.360025,0.004506488340487469,0.02772416093695712,13
FIBP,1.1939821,0.004361640335768713,0.02696162523074427,13
GORASP2,1.2527841,0.0043587408355444,0.026948987957999996,13
LRRN1,3.2375739,0.004527050237936394,0.027835342260426138,13
NFE2L3,2.856729,0.004576304731681844,0.028096986455306745,13
TCF7L1,2.1836798,0.004605708268532944,0.028251657102206194,13
PWP1,1.0974667,0.004453458025854206,0.027428100559158272,13
TMSB15A,2.3422546,0.004633118132898655,0.028369005418161106,13
BAMBI,1.3190974,0.004522253465789982,0.02781604685422002,13
MEIS2,2.0095565,0.004684684994752328,0.028631381087643553,13
GMDS,1.6178145,0.0046988018685964784,0.028707197354206643,13
TRIM2,2.2432213,0.004750884858830386,0.028955545522036497,13
BSPRY,1.6086141,0.004711238478872214,0.02876745855085617,13
HAT1,1.1703447,0.004660039645949727,0.028511928085516197,13
LINC00885,3.692648,0.004852615404919137,0.029460639773630136,13
GRHL1,1.5894418,0.004730240385962066,0.028846725961009758,13
AP1M2,1.0956084,0.004658294264412722,0.028506449173995096,13
LINC02562,4.152645,0.004939192191584629,0.029904383307065414,13
SMC5,1.4181339,0.004770235105244119,0.02904310322472191,13
PCYT1A,1.6594226,0.004842818558976756,0.02941150637529011,13
RDH11,1.5584333,0.004874071988697643,0.0295679595899634,13
ARL6IP6,1.5531512,0.004929215691818285,0.029859278222733807,13
DESI2,1.3830582,0.004985437828631751,0.03015627956900587,13
MYL6B,1.1666397,0.004983028182876023,0.030147140743478476,13
MRPL19,1.399872,0.005056999896783684,0.03055058240958601,13
CDKN3,2.463434,0.005159858873953881,0.03102668097728346,13
DIMT1,1.6048523,0.005076694196826201,0.030636451971167253,13
PCNA,1.48479,0.005101115090370717,0.03075615697395726,13
PALMD,2.4351814,0.005162345050181373,0.03103606655818847,13
SLC7A1,2.040008,0.005148107787639212,0.03098207288885493,13
TUT4,1.8507398,0.005151290698298075,0.03099182803795798,13
UCHL5,1.5721117,0.0051095103781982655,0.030795703071904407,13
ATG12,1.1274133,0.005062127344851103,0.030559541625927077,13
RASL10A,4.706466,0.005266604114764001,0.031572326829901576,13
WDR4,2.373541,0.005321953914332735,0.03184153696764793,13
GRHPR,1.0682013,0.005224006896889616,0.031333765259044105,13
SULT2B1,2.036113,0.00534986481424574,0.031985706904566195,13
NEFH,4.0172405,0.005469800556793055,0.03258660399207741,13
USP46,2.1543868,0.0054150955950649626,0.03232385146005942,13
NAB2,2.0134742,0.005378137717249744,0.032126111696219706,13
BPNT1,2.1680975,0.005448984025633109,0.032503000747600944,13
ANKRD35,2.6605623,0.005624988539633743,0.033292348792633736,13
ENAH,1.1613166,0.0055210078505542656,0.03282689509360047,13
KRR1,1.2679714,0.005538992021513623,0.03289364932606027,13
ANKRD26,2.065832,0.005703335376816298,0.033661019157803174,13
ZNF750,2.5239599,0.005744845622823879,0.03386811672476375,13
FUBP1,1.4477878,0.005697579954023675,0.03363917884706602,13
ZNF883,3.2254503,0.005835294216882274,0.03434314850472861,13
TFB1M,1.9445468,0.005799887389228163,0.03415873975805124,13
HSPB2,3.1226008,0.00594664609219912,0.034888307954950265,13
CRYZL1,1.7949513,0.005959988985025825,0.03494214132961916,13
YIPF2,1.3805532,0.0059712548512599,0.03499595648542868,13
HOMER1,1.9970845,0.006002913036140919,0.03515692441857911,13
GMPR,2.7210674,0.006089747379444275,0.03558235345259457,13
EIPR1,1.8651689,0.006026797585237672,0.03526601845890732,13
LMNB1,2.0086904,0.006057099556135881,0.03542479096989601,13
EHF,1.6362084,0.006089644996757611,0.03558235345259457,13
NXPH4,2.4660916,0.006169737759168469,0.03595815363688438,13
UBE2S,1.8849673,0.006275758916889658,0.036487299329415156,13
PDCD2L,2.5488584,0.006271362452203087,0.036468466298202704,13
SMARCB1,1.1010532,0.006145064388079916,0.03583926354383384,13
PIK3R1,1.1141901,0.006092527231694064,0.03558235345259457,13
STEAP3,1.9869599,0.006244673945970318,0.036351182607159686,13
ALPL,3.2539597,0.00637983914365844,0.03704105672796395,13
HMGB2,1.3667029,0.00644319397143285,0.03738300795637938,13
GTF2F2,1.304531,0.006481815379627096,0.03759408086599904,13
PFKM,2.6132317,0.006679204515831255,0.038542618378291614,13
ELOVL4,4.943724,0.00679300962593188,0.03909477279742299,13
PTX3,2.6316075,0.006790777433574132,0.03908863324172129,13
PPM1K,1.6187992,0.006732689539941086,0.038807551101420174,13
SMAP1,1.0488681,0.006674485756008149,0.03853159616859842,13
CYP27A1,2.0131266,0.006948543640554234,0.039887232970705046,13
SKIL,1.282183,0.006910555021412811,0.039696339437096606,13
MAP3K9,2.9114964,0.007085095462128878,0.04053235321426995,13
RNF8,1.4651407,0.007057288686246525,0.040407736399009,13
MPHOSPH10,1.3615948,0.007067941359224678,0.04045491828152815,13
GATD3A,4.04408,0.007287803528822782,0.04159268643189466,13
HAUS8,2.240022,0.007245448308568493,0.04137521286054848,13
PFKP,1.5624851,0.007217692669508094,0.04124870162344028,13
AC008105.1,4.546165,0.007501955036820748,0.04266967507037557,13
MCM3,1.3462921,0.007308104637207189,0.041679963100484586,13
UBA2,1.0147678,0.007232751037134948,0.041313641440147014,13
ZNF524,1.472173,0.0073783044769909,0.04203052147804887,13
SMC2,1.6378345,0.007453861797011626,0.042417709286319466,13
ASRGL1,2.0298119,0.007495387099800158,0.042639548628629086,13
WDR3,2.1132958,0.00763019224099071,0.0432846483856341,13
JRK,2.4484088,0.007661283275573746,0.043443297099918676,13
GSDMC,3.1358593,0.0077232638268192036,0.043750378654845955,13
SUV39H2,3.02256,0.007749114472885174,0.043859778693054616,13
TMEM9,1.059937,0.00758498034816826,0.04307616421569786,13
SCRG1,2.9540358,0.007927644432189913,0.04473437447847946,13
CXCR4,1.1760072,0.007770909869953939,0.043953535808448664,13
IARS,1.2420478,0.00787988610728434,0.04448733545268878,13
PRKCI,1.672941,0.008036706387157562,0.045235638350671556,13
GLI4,1.9044621,0.008071601571056245,0.04540918958315959,13
RNF128,4.553515,0.008207847446254666,0.046090643093056716,13
CDC40,1.1690308,0.007966654828756338,0.044909171363246445,13
NUF2,2.9649668,0.008230958245431599,0.04619721728748682,13
PFKL,1.100902,0.008035631989670595,0.045235638350671556,13
CHAF1B,3.1670663,0.008317519659245204,0.04662064286275792,13
GMCL1,1.317073,0.008160054858031724,0.04585297369630458,13
ELF5,2.3111827,0.008350646777931188,0.046775057377854035,13
NIPSNAP2,1.1741788,0.008209400533493358,0.04609164768896898,13
VGLL4,1.2138196,0.00828820836196275,0.04647965167506982,13
ZNF766,1.8728,0.008382034494087897,0.046911700144535655,13
CENPW,1.7943507,0.00841338323588625,0.04705574239033861,13
MTIF2,1.7003626,0.008474116787139285,0.04734016508285122,13
ACADM,1.4784361,0.008753850382656173,0.048654008071462286,13
GJB3,2.3046014,0.008858410692486982,0.049126976361889195,13
ITSN1,1.9855453,0.008961514389680052,0.049592171942626405,13
FAM241B,1.6733619,0.00894545925490084,0.04951966477448903,13
PNO1,1.3675854,0.00893694367850882,0.04948069130420342,13
HSF1,1.0570315,0.008878345990373522,0.049213122271214396,13
DNAJC10,1.4271506,0.008991027583111372,0.049722680324012954,13
ERO1A,1.0616299,0.00889487824641745,0.049296614551071996,13
MTCO2P12,7.768631,2.17364235761812e-55,7.147660619300918e-53,7
H3-3B,6.4536633,5.763739586211616e-47,1.432011773786102e-44,7
HLA-C,2.9100096,3.5294615129661706e-45,7.998761392324211e-43,7
HLA-B,2.977801,6.768388965780123e-49,1.787547514182922e-46,7
B2M,2.4809728,1.5866259010015028e-55,5.321701934549141e-53,7
HLA-A,2.824237,4.035111813717425e-31,4.9757972552903e-29,7
RAC2,5.578495,5.021851126386556e-26,4.3750106137696486e-24,7
HLA-E,3.1410012,1.1169370278643591e-26,1.029208375043914e-24,7
LIMD2,5.0727167,1.4306783974495024e-23,1.0663640917523057e-21,7
H3-3A,5.440417,4.998919250580036e-24,3.8368135145012583e-22,7
CD52,5.5005503,2.1385183565208455e-22,1.437435755432178e-20,7
IFITM1,4.39971,1.1282292436821104e-21,7.167033534534407e-20,7
CORO1A,4.772977,2.7252269645861112e-21,1.6927192151700508e-19,7
ACTB,1.9288242,1.7145830323472202e-23,1.2611585414025901e-21,7
SH3BGRL3,2.8015323,2.076269124776511e-22,1.39839644004275e-20,7
TMSB4X,1.7088678,3.6816152472480075e-27,3.4981602551825894e-25,7
CD3E,6.896394,3.5525554715878806e-20,2.0093804902618736e-18,7
RPL28,1.2106043,7.461525590896662e-23,5.224781416372963e-21,7
ALDOA,3.6394243,1.1337223301216396e-20,6.68298430133742e-19,7
PFN1,2.1930459,3.0417183725610105e-21,1.878863276870513e-19,7
IL2RG,5.493955,7.068946706260321e-20,3.912533687700948e-18,7
PSMB9,3.3811576,3.8196057369358063e-19,1.983179504993249e-17,7
LAPTM5,3.883377,6.583647428181156e-18,3.0584780940252654e-16,7
CD74,3.2947774,2.081493918193971e-18,1.0108089339412096e-16,7
ARHGDIB,3.0080185,2.0971891889436842e-17,9.171032931728828e-16,7
MTRNR2L12,3.583508,1.0346624335425908e-16,4.20955566921854e-15,7
CD3D,5.42713,4.0031190062227685e-16,1.5292552914318663e-14,7
GABARAP,3.947849,2.8101857090929486e-16,1.0909310054246133e-14,7
PTPRC,3.9851637,2.7771517702090775e-16,1.0793562864957435e-14,7
BTG1,2.184309,7.081051935302188e-17,2.9213476379086186e-15,7
CD37,4.610276,6.288292188966086e-16,2.361876912767206e-14,7
COTL1,3.628323,7.795646009116379e-16,2.895611991049529e-14,7
HCST,4.164876,1.5725514719889116e-15,5.653263550051456e-14,7
IL32,4.057199,3.2721726476786648e-15,1.152856541762501e-13,7
CNN2,3.6005034,4.5138811033076596e-15,1.5576140543831503e-13,7
LSP1,4.1228204,9.103280478754753e-15,3.0201100943413763e-13,7
SARAF,2.4496808,4.915920613282976e-15,1.6842175004098498e-13,7
VIM,2.5904994,4.855030943054844e-15,1.6650571867178174e-13,7
GPSM3,4.0258083,5.218156724693032e-14,1.6024562546913202e-12,7
CD2,5.38265,7.945839758760492e-14,2.388095083768689e-12,7
LCK,5.4250445,2.364478891132285e-13,6.761038916237679e-12,7
SRGN,3.251628,1.3957245633523624e-13,4.099299262644622e-12,7
S100A4,3.0385668,3.3190681437039393e-13,9.378674356189876e-12,7
RPS21,1.2605712,1.5143242776454575e-13,4.428243295249023e-12,7
SEPTIN1,8.356532,9.303248116434478e-13,2.49233422582531e-11,7
GSTK1,2.1860752,6.499686557158203e-13,1.7724063968588884e-11,7
FXYD5,2.6054473,8.820131655004939e-13,2.378103181997754e-11,7
RPL30,1.0961959,8.326578884996097e-13,2.2522724385617267e-11,7
LCP1,3.2284706,3.965681371810763e-12,9.911543881662058e-11,7
GMFG,3.602206,5.109646677381593e-12,1.2695011793041184e-10,7
SHFL,5.981592,8.334018302400312e-12,2.0329549664058826e-10,7
TBC1D10C,5.442701,8.690313348520737e-12,2.1121869566864788e-10,7
ATP6V0C,4.4976153,8.898912406345954e-12,2.161320934259592e-10,7
SPOCK2,6.096677,1.2872176434589405e-11,3.057688879550731e-10,7
PLAAT4,5.9854913,1.5892071975103812e-11,3.740603411347067e-10,7
LTB,5.0544715,1.6189687393031044e-11,3.8079825024519937e-10,7
PCBP2,1.5773177,1.1178018254553284e-11,2.67419336858753e-10,7
LAT,4.9995894,2.554541672377937e-11,5.864605217880109e-10,7
HSPA8,1.5421615,1.0552261433988446e-11,2.537156994676749e-10,7
H2AZ1,4.6939697,5.352422159513881e-11,1.1787629130154635e-09,7
ITGB2,3.2840657,4.7230936764575395e-11,1.046349306486541e-09,7
CD96,5.912562,7.63798499748922e-11,1.6485563371993945e-09,7
SEPTIN6,7.466091,9.795993343532003e-11,2.0994722858492454e-09,7
TMSB10,1.0436225,3.8436925745577766e-11,8.617733465457379e-10,7
MBNL1,2.6572287,1.0571545144051563e-10,2.2555992091388896e-09,7
WIPF1,3.6332827,1.308743834485915e-10,2.7642680700561762e-09,7
SEPTIN9,5.3477497,1.9542797880367659e-10,4.06376307318916e-09,7
MYL12A,1.4513302,7.44658890591782e-11,1.6093172583336957e-09,7
RNF213,2.3749907,2.1229801772750681e-10,4.38736156044258e-09,7
PSME1,1.79463,2.4353272391151885e-10,4.998978636913252e-09,7
FYB1,3.4621358,3.308143822810791e-10,6.684244094029924e-09,7
RPL36AL,1.1074611,1.525562822460279e-10,3.210094267762874e-09,7
ZFP36L2,2.41346,3.020074411511669e-10,6.131738246762282e-09,7
CD7,5.2221117,4.712348446620208e-10,9.380230222438481e-09,7
TRBC2,4.585584,4.771893462494303e-10,9.487497251068254e-09,7
RBIS,4.4740915,5.036720356508118e-10,9.960886643728702e-09,7
HNRNPA1,1.0058424,2.0168974528316523e-10,4.183596627422786e-09,7
ACAP1,4.426104,7.961302399813003e-10,1.5293816941129892e-08,7
RPS26,1.423684,4.899253497460669e-10,9.706193830970367e-09,7
SEPTIN7,5.3996377,9.33721843390493e-10,1.7814541723071972e-08,7
ARPC1B,2.0614092,7.007046263399276e-10,1.3538210755799258e-08,7
TRAF3IP3,4.535934,1.0242573953231267e-09,1.9431344624735858e-08,7
IFITM2,2.353646,7.858275223117732e-10,1.512188234415329e-08,7
GPX1,3.7616575,9.388823180302337e-10,1.790281513874478e-08,7
IKZF1,4.1699886,1.3854434155476725e-09,2.5888110084058208e-08,7
PSMB8,2.1520445,1.2220555511141761e-09,2.2963005736650185e-08,7
LCP2,4.0835543,1.9070570712894122e-09,3.476337023267292e-08,7
CD27,4.897805,2.305431957609701e-09,4.1752966139409823e-08,7
RGS10,2.057304,1.7711544252727109e-09,3.249797077575055e-08,7
STK17A,3.144865,2.2107748410024034e-09,4.012532410284719e-08,7
CCND3,3.2564924,2.5535336220887303e-09,4.599789002066493e-08,7
CD69,4.1396074,2.6645079751134157e-09,4.7868378143159656e-08,7
CCL5,5.102717,3.111705890898825e-09,5.5427364464491495e-08,7
LBH,3.8092813,3.223222780266069e-09,5.729205896815274e-08,7
TAP1,2.6912336,3.1012790112990187e-09,5.531794663139405e-08,7
CIAO2B,5.270428,4.6240276591457385e-09,8.027666237857516e-08,7
CD3G,4.4545727,4.468703606601579e-09,7.782180045120641e-08,7
CST7,5.328985,7.2306955047138096e-09,1.226731198399625e-07,7
APOBEC3G,4.4688525,7.729655486006362e-09,1.304126633079172e-07,7
SIT1,6.205314,8.716210937343667e-09,1.4595628110306737e-07,7
TRBC1,4.5852747,8.559302488536484e-09,1.4361559017909067e-07,7
RESF1,5.964574,9.485592226699586e-09,1.5797231821039266e-07,7
NR3C1,2.9642417,1.0827336007625804e-08,1.7907281904919973e-07,7
HLA-F,3.0138674,1.2165569427310193e-08,1.9982632916817395e-07,7
TLE5,5.008906,1.3640691357599316e-08,2.2231410535725883e-07,7
HCLS1,3.26321,2.0342493408578114e-08,3.2475372271162234e-07,7
PSMB10,3.4815116,2.150463699967147e-08,3.421665225834824e-07,7
TRAC,4.078618,2.1954696546599757e-08,3.486659454874538e-07,7
EVL,1.9848882,1.7937263130142154e-08,2.880008342020574e-07,7
RHOG,2.4994142,2.9745871755281527e-08,4.640494346715804e-07,7
IL2RB,4.9905267,3.874629265468392e-08,5.945056733443521e-07,7
CD48,3.5255427,3.9067097992143604e-08,5.988800428494006e-07,7
DAZAP2,1.5971609,3.145759476413362e-08,4.884811046221323e-07,7
CELF2,2.8260915,3.7003230640286926e-08,5.695848365791023e-07,7
MYH9,1.9573749,3.579234724492047e-08,5.522130261922159e-07,7
EMP3,2.38266,3.914904051295554e-08,5.998620227706907e-07,7
GIMAP4,3.586224,4.6975124641873516e-08,7.132605955695244e-07,7
ZAP70,5.780921,5.3992208644541706e-08,8.135456739202936e-07,7
PTPRCAP,8.117296,5.638953129022159e-08,8.477639036330446e-07,7
CYTIP,3.2755828,6.209623675030321e-08,9.293930731110754e-07,7
PPP1R18,3.1904433,6.95874481419292e-08,1.0336725412437765e-06,7
SKAP1,4.267701,7.993150964954175e-08,1.174839073249465e-06,7
CD6,5.6762366,8.804032343726097e-08,1.2844543229269986e-06,7
IL7R,4.552133,8.627028319179544e-08,1.261373831096779e-06,7
ETS1,3.268137,8.280352246340022e-08,1.2138605537346618e-06,7
H4C3,5.2908387,9.86077284590733e-08,1.429300700192644e-06,7
ARHGAP15,5.1925125,1.0950048939568248e-07,1.5762900921976762e-06,7
RGCC,3.0403826,1.2069944242397229e-07,1.727861715041594e-06,7
STK17B,3.2053106,1.2556721510961598e-07,1.7937180417340843e-06,7
DUSP2,3.3971882,1.34802382182764e-07,1.9166624420483628e-06,7
DEF6,3.9549446,1.7943934794238902e-07,2.5108782517044933e-06,7
SASH3,4.9820876,2.0734225948356769e-07,2.873746580718324e-06,7
RASAL3,4.8680835,2.1287853770069096e-07,2.9431817943194045e-06,7
ARHGAP4,4.3240967,2.189090319325005e-07,3.025310193674495e-06,7
CXCR3,5.984461,2.3257719657117152e-07,3.2089147470973526e-06,7
UCP2,2.2535703,2.631534114242199e-07,3.596751659567954e-06,7
RCSD1,3.7501812,3.015637437030593e-07,4.096698877093686e-06,7
RGS19,3.3337111,3.0388234088136463e-07,4.1231867295719465e-06,7
SH2D2A,5.1553025,3.267072357658685e-07,4.407919306043039e-06,7
MBP,2.7982006,3.066293672136387e-07,4.157096041112634e-06,7
ARHGAP30,3.345662,3.3984123981880944e-07,4.577757038057304e-06,7
ARHGEF1,3.1299481,3.5007092604288923e-07,4.70421832147618e-06,7
ITM2A,3.2785943,3.482865396827338e-07,4.683993114474168e-06,7
CLEC2D,3.7912776,3.866363696972335e-07,5.17072188038872e-06,7
PAXX,2.2708955,3.840169209970256e-07,5.139789124964579e-06,7
CLIC1,1.1867888,3.4389825741073663e-07,4.630546548299284e-06,7
RASSF5,4.3145204,4.82615518852086e-07,6.357976087124045e-06,7
PTPN7,4.067356,5.020175569784689e-07,6.587703786625519e-06,7
TIGIT,5.1228423,5.258816999242275e-07,6.868612966183222e-06,7
SP100,2.2394917,4.859372083678668e-07,6.39420161077545e-06,7
NKG7,4.827494,5.999386968209797e-07,7.748380373535804e-06,7
ARPC2,1.3838072,4.952421191384131e-07,6.50643005014552e-06,7
H2AZ2,4.4893174,7.1301902297997e-07,9.11061754276997e-06,7
IKZF3,4.484761,7.239471403104133e-07,9.239692173954176e-06,7
ARHGAP9,4.2993484,7.456123797866742e-07,9.498133243609891e-06,7
CD99,1.8354557,6.659439171293259e-07,8.541653890797215e-06,7
GIMAP7,3.8368688,7.795570960323396e-07,9.896716335359843e-06,7
DENND2D,3.262032,8.375464280000066e-07,1.0600809336433289e-05,7
ISG20,2.199073,8.116080172161651e-07,1.0280266051906114e-05,7
EMB,3.4082892,8.899924630506416e-07,1.1192814849336922e-05,7
CD247,4.6150126,9.266715609167696e-07,1.1601900270514883e-05,7
SH2D1A,5.0918956,1.1040096955202216e-06,1.366405505440729e-05,7
STAT1,1.7841493,9.8666712118268e-07,1.2293388525850026e-05,7
APBB1IP,3.3992417,1.1262812245660308e-06,1.3914032616268597e-05,7
DOK2,3.480222,1.1504939188834359e-06,1.4171397918938423e-05,7
CXCR4,2.322861,1.1169119834381788e-06,1.3808457366936954e-05,7
PAG1,3.528219,1.3255494182165098e-06,1.620271612113701e-05,7
ZYX,2.3019392,1.5207577858766179e-06,1.8414345449851135e-05,7
CAMK4,5.9243603,1.6693837445609842e-06,2.0054727856848128e-05,7
RHOF,3.8228633,1.6376810380033378e-06,1.9709171042579816e-05,7
NCF1,3.2348433,1.6147975335383157e-06,1.946870024169973e-05,7
TNFRSF1B,3.5614543,1.672806043879393e-06,2.0088645727804772e-05,7
MICOS13,3.9322274,1.6940523977482331e-06,2.032923487401556e-05,7
ANKRD44,3.2912176,1.6744922774427838e-06,2.010169845300945e-05,7
GZMA,4.5573225,1.7604211226541854e-06,2.1080430158851852e-05,7
ADGRE5,3.2576544,1.8381510120999181e-06,2.1901748879873304e-05,7
CNBP,1.1650226,1.536132222599909e-06,1.8580386180390748e-05,7
ITGA4,4.4781175,1.9249207198417448e-06,2.2870621985197294e-05,7
ALOX5AP,3.0603175,1.8917151188959203e-06,2.2493293720618275e-05,7
PRKCH,3.5451775,2.042376170883085e-06,2.4137892581955446e-05,7
HMGN4,4.0387273,2.1299740816710507e-06,2.5102410637149936e-05,7
GZMK,5.320371,2.1585359887578364e-06,2.542115716254445e-05,7
TMC8,4.4887424,2.1798501614667325e-06,2.563616909738979e-05,7
SLC2A3,2.7693498,2.323105670274352e-06,2.7244506044290922e-05,7
ICAM3,2.944991,2.620046359028806e-06,3.045009526271143e-05,7
EML4,2.3238192,2.602286409839142e-06,3.0264663131905226e-05,7
CALM1,1.371767,2.486747963224983e-06,2.9072155257765475e-05,7
CYFIP2,3.7895348,2.868017381316342e-06,3.307983871620751e-05,7
CSK,2.8222537,2.924188504859287e-06,3.368138964336722e-05,7
FYN,3.5762696,2.9906380213456593e-06,3.434759246664487e-05,7
CORO1B,2.1647837,3.0239496104439733e-06,3.469938210191629e-05,7
RHOH,2.8332298,3.341330138383636e-06,3.8041939637313484e-05,7
KRTCAP2,1.2978805,2.9357512150461536e-06,3.379229477388385e-05,7
STK4,2.3736608,3.7284094934743285e-06,4.214849437836955e-05,7
SHISA5,2.2002137,3.905005052226514e-06,4.399656515173984e-05,7
IL10RA,3.7624567,4.2686067440177614e-06,4.769265116625574e-05,7
TSC22D3,1.711356,3.8526165517837145e-06,4.346471973204762e-05,7
JAK1,1.6614631,3.84926084481476e-06,4.34560949161669e-05,7
TRABD,2.1988854,4.135569507068968e-06,4.6329705022244574e-05,7
OASL,4.34843,4.450592585003595e-06,4.956086517051978e-05,7
TRIM22,2.8519342,4.344521830482356e-06,4.844401819022896e-05,7
CYLD,2.5021448,4.478204216906857e-06,4.983525137334867e-05,7
TMEM243,2.6853817,4.6912918124311015e-06,5.196519771491135e-05,7
FCMR,3.472322,4.903618337015338e-06,5.4102717974286664e-05,7
CD53,2.706395,4.779192848541111e-06,5.279937659187003e-05,7
SH3KBP1,2.193119,4.6974413146197645e-06,5.201613705304111e-05,7
BATF,3.0592573,5.0599860703981685e-06,5.5736286629630536e-05,7
ARHGAP25,4.5475845,5.322278711648653e-06,5.8433568008971354e-05,7
TRAPPC1,1.6647611,4.853726250956399e-06,5.358750236449262e-05,7
CYBA,1.4667873,4.611169259879922e-06,5.11283398828537e-05,7
ARRB2,2.6866665,5.598288172233674e-06,6.106412474305354e-05,7
CD82,2.3518498,5.69100278650378e-06,6.201492022811022e-05,7
ANXA6,2.3888159,6.018754537385324e-06,6.53528798764782e-05,7
SEMA4D,3.2550793,6.725315967238449e-06,7.243860721167142e-05,7
CD44,1.229797,6.364073154805747e-06,6.887943778165201e-05,7
PPP1CA,1.3997097,6.9081718166777725e-06,7.426506118691961e-05,7
IL27RA,3.6455047,9.119056068126525e-06,9.630423790334754e-05,7
GZMM,5.044164,9.356267418291704e-06,9.868508348330882e-05,7
SF3A2,3.485907,9.704742465507631e-06,0.0001020077615279196,7
NME2,2.3626487,9.655029451911997e-06,0.0001015807223483627,7
LY6E,1.4334092,8.931108497940022e-06,9.455754738933279e-05,7
EEF1B2,1.1468916,9.042261718890091e-06,9.564380331545019e-05,7
EPC1,1.8477539,1.0032065251662692e-05,0.00010498767569610557,7
CDKN1B,2.3210216,1.164759152829457e-05,0.00012057773686744696,7
BIN1,3.3843904,1.2794406284742867e-05,0.0001310342538004765,7
PNRC1,1.3040228,1.1996828918362327e-05,0.00012373482126408082,7
PSMA6,2.4293199,1.346733670403804e-05,0.00013725552731392888,7
SELPLG,3.3621352,1.4247735903151841e-05,0.00014428843898780673,7
LDHB,1.3688585,1.2809530908053257e-05,0.0001311491075051936,7
FNBP1,2.2451365,1.4411725323279889e-05,0.0001458610980893575,7
HLA-DRB5,2.278945,1.3889269061117782e-05,0.00014121248062411385,7
CIAO2A,4.246068,1.5427804646460745e-05,0.00015525472416649862,7
RNF167,2.1232808,1.4766857050798797e-05,0.00014927521167596217,7
SEPTIN2,3.4966779,1.5577827192239317e-05,0.00015662347177904646,7
TUBA4A,2.3190992,1.53483929496414e-05,0.0001545483181999166,7
PPM1M,3.646095,1.593392332826752e-05,0.00015967724002193632,7
FMNL1,3.237998,1.588674848277068e-05,0.0001592996803768644,7
PTPN6,2.8453066,1.6335831289999875e-05,0.00016316858764082364,7
TERF2IP,1.7069341,1.6124362335784698e-05,0.00016134464114097688,7
CDC37,1.4970248,1.6103012031812563e-05,0.00016122720195791795,7
ANKRD12,1.6075608,1.6448160650599996e-05,0.00016414393227663626,7
PPM1K,2.7589612,1.75170429457686e-05,0.00017408567035378508,7
CDK2AP2,1.7263607,1.8014478563930885e-05,0.00017850033250009037,7
LEPROTL1,1.9139814,2.0224365452744592e-05,0.00019898663586110483,7
TSC22D4,2.2777119,2.0821256401465343e-05,0.00020449949076472887,7
MAT2B,2.0990396,2.1622976846875583e-05,0.0002114449756329603,7
CXCR6,6.1944704,2.348368984731866e-05,0.00022771507405866298,7
LPCAT4,4.3608947,2.358713945079698e-05,0.00022850052166275704,7
TWF2,2.196669,2.3136247101478215e-05,0.0002249964813078228,7
CD5,6.4146595,2.4546192257297595e-05,0.0002369219667631708,7
CDC42SE2,2.2224422,2.4265678938915107e-05,0.00023455191276373243,7
IDS,1.8518157,2.4043229985204038e-05,0.00023260281999819114,7
MSN,1.6633317,2.3518832029128992e-05,0.00022798992632630508,7
JUNB,1.4629098,2.326657637067177e-05,0.00022600180655913752,7
RAB11B,1.8200598,2.5045583185399862e-05,0.00024139480046594735,7
MYCBP2,2.0548527,2.5788453101796793e-05,0.00024805578017991574,7
IRF1,1.7363464,2.4831281728450295e-05,0.00023953581261258307,7
RAB27A,2.7504625,2.8620541517798698e-05,0.0002727938570754436,7
HLA-DPB1,1.9537092,2.6677740551570115e-05,0.00025572966442989804,7
CAPZB,1.2239761,2.6860527107990604e-05,0.0002572612620585702,7
JAML,4.387996,2.9868556020224762e-05,0.0002836451003258406,7
HNRNPLL,2.960748,2.9959640283893053e-05,0.00028442578396888107,7
LAG3,4.60379,3.084555059479584e-05,0.0002920097692633495,7
SERPINB1,1.7622004,2.897123229941606e-05,0.00027597958039043285,7
RGS14,3.4375715,3.1634677949490636e-05,0.00029905826750390796,7
CD8A,5.151041,3.285588508766553e-05,0.0003092953246492814,7
FLNA,1.755628,3.12826255935522e-05,0.00029598040762576425,7
HLA-DPA1,1.9754963,3.0515150085243667e-05,0.0002892901777866472,7
LIME1,6.355573,3.445673339681868e-05,0.0003226446942665258,7
TNFAIP8,2.503049,3.331904351131031e-05,0.00031321581794082373,7
WDR1,1.4862814,3.252905716948854e-05,0.00030670718911689486,7
PIK3CD,4.540834,3.557820576715216e-05,0.00033212596705706947,7
TCIRG1,2.381287,3.454031051638184e-05,0.0003232468066489853,7
PRR13,1.202408,3.253523087796762e-05,0.00030670718911689486,7
OXNAD1,3.9558418,3.693049738799902e-05,0.0003437928983876978,7
UBE2L6,1.5522515,3.458231668005245e-05,0.0003235496467965521,7
SMCHD1,2.1473634,4.591083555713547e-05,0.00041981879373551825,7
GYPC,2.1181288,4.5439902747155115e-05,0.00041573916476877516,7
LPXN,2.855551,4.804387286191097e-05,0.0004378911792558032,7
RHOA,1.028265,4.431943472169425e-05,0.0004067081149111756,7
CCR7,5.1735597,5.196983156166793e-05,0.0004693376737775725,7
TNFAIP3,2.11355,5.011807542752756e-05,0.00045531158394222695,7
GET3,4.2761707,5.315056886650875e-05,0.000479484462170944,7
MACROH2A1,3.7332008,5.34563605606344e-05,0.0004821134147793058,7
KMT2E,1.4989789,5.100962081190462e-05,0.0004624924585832899,7
GBP5,3.1613743,5.369950816644155e-05,0.0004839159600780806,7
TESPA1,7.057729,5.806635254185339e-05,0.0005210282318368927,7
FERMT3,2.8257995,5.6279655724259824e-05,0.0005060793385113669,7
CDC42EP3,2.4475048,5.6983617950640744e-05,0.0005118606131982971,7
ZFP36,1.3481361,5.350853735519299e-05,0.00048245426113723873,7
MTLN,4.0498133,5.950774617708146e-05,0.0005331061203326628,7
IRF1-AS1,5.9708285,6.189714108312647e-05,0.0005533294267241858,7
PSTPIP1,3.9007645,6.418290780453702e-05,0.0005723900320850774,7
C12orf57,1.0927544,6.265387671117008e-05,0.0005596467852914396,7
TGFBR2,2.3342304,7.107462324669708e-05,0.0006275109076908309,7
PARP10,2.7519355,7.354535158645038e-05,0.0006472801463031048,7
CTSW,4.8679457,7.49656758692708e-05,0.0006580538430597257,7
SH3BP1,3.3059187,7.525594992607263e-05,0.0006600559387199963,7
TTC39C,2.6612313,7.459299588061317e-05,0.000655047346427102,7
HSH2D,3.2966418,7.867800944318267e-05,0.0006872585108257402,7
PDCD1,6.673807,8.057969270887067e-05,0.0007018238050242096,7
PARP8,3.626453,8.081369712572e-05,0.0007033140153849959,7
SF3A1,2.2004776,7.917141772276617e-05,0.0006909936304551913,7
P2RY8,5.6006746,8.346625379906551e-05,0.0007254577918306442,7
SOCS1,2.895276,8.277137804526825e-05,0.0007196046633012811,7
SNX20,3.7487485,8.577197407319284e-05,0.0007431872338901992,7
PHB2,1.3818672,8.200631884590538e-05,0.0007133231173263776,7
IRF7,2.1398325,8.50118047110014e-05,0.0007371719084311525,7
ZC3H11A,3.4613414,8.90988280309826e-05,0.0007692019882785687,7
CTSC,1.7917705,8.472702862333507e-05,0.0007352727728474209,7
RAP1B,1.2411932,8.394036900008282e-05,0.0007290118893401807,7
NFATC2,3.5361068,9.187227109044796e-05,0.0007909363050936127,7
SELL,4.035754,9.375109686393905e-05,0.0008050449410940552,7
ITGB7,4.0415606,9.574441568302013e-05,0.0008202716338248221,7
ANKRD10,1.871162,9.340576957528741e-05,0.0008024905013639127,7
ADSS2,4.7944207,9.975726333461522e-05,0.0008522563345660542,7
PHF11,2.1406252,9.737918699377567e-05,0.000833851240990102,7
SYNE2,2.1905656,9.928763564020105e-05,0.0008484602769447091,7
FLT3LG,4.5604424,0.00010203882526353623,0.0008701968568940424,7
RABGAP1L,2.3310008,0.00010191986663652993,0.000869403419851437,7
CARD16,2.5496175,0.00010479883460043672,0.0008910158964089348,7
CMTM3,2.048924,0.00010717464120218513,0.0009096013766605494,7
PRF1,4.67125,0.00011615463144484056,0.0009781427299250308,7
ATP2A3,3.3644624,0.00011734137130338307,0.0009878882868691696,7
DRAP1,1.1980126,0.00011228314707594781,0.0009479207239049498,7
PIM2,3.4431293,0.00012006686613461578,0.0010083031439712439,7
RGS1,1.9998722,0.00011367617922646804,0.000958956923399136,7
IL16,3.7735806,0.0001220895618504312,0.0010237514985063283,7
CCND2,2.674244,0.00012212020469485322,0.0010237525082904455,7
PARVG,3.091445,0.00012317758642802244,0.0010315853748769789,7
GNG2,3.556539,0.00012742802573175824,0.0010645238881865262,7
BIN2,3.5281246,0.0001287248686006095,0.0010737406021743055,7
HLA-DRB1,1.6163359,0.00012177782815619452,0.001021392881767172,7
CD8B,4.693875,0.0001359598241684119,0.0011262604253970618,7
CALM3,1.2536424,0.00012859032818798223,0.0010728975616301273,7
RBL2,2.6632323,0.00013889353713256113,0.0011482938449502668,7
NLRC3,6.6901174,0.000142577823594677,0.0011773123622986544,7
TXNIP,1.222565,0.00013357602034279336,0.001109253106788223,7
OSTF1,1.5857102,0.00014366791974484308,0.0011856386726196515,7
ARHGDIA,1.3816249,0.00014377569360999738,0.001186025710618033,7
FAM174C,4.5548077,0.00015282346817059028,0.001254184474164367,7
NIBAN1,5.447911,0.00015489712887061167,0.0012705807286498376,7
TNFRSF25,4.7560863,0.0001546939941698436,0.0012692248675270851,7
RIPOR2,3.8680067,0.0001555677418945013,0.0012754577440438689,7
TBRG1,1.8617336,0.00015184720015130556,0.001247393323603953,7
MAX,1.5469898,0.00015126030138361908,0.001243485727624502,7
ITK,4.848452,0.0001604865438342369,0.0013125772169578491,7
LINC-PINT,7.5906844,0.0001621115451193585,0.0013230890909611793,7
TRAT1,4.8344555,0.0001654455574303289,0.0013482044319170705,7
TNFRSF14,2.3539207,0.00016212683473511364,0.0013230890909611793,7
CCDC69,3.8635943,0.00016882222901587677,0.0013730519843408154,7
STING1,4.5432215,0.0001714936984192452,0.0013924159135027603,7
ARAP2,3.3523479,0.0001801461450138791,0.0014556207781041964,7
IGFLR1,3.8681805,0.0001827854917577556,0.0014748155350124803,7
SF1,1.1971296,0.00017629605108198464,0.0014275328777393831,7
ZNF800,2.1814575,0.00018971273715376856,0.0015263024506775129,7
FKBP8,1.3541248,0.0001900134908051221,0.001528355514411175,7
ITGB2-AS1,4.7943296,0.00020404161812874667,0.0016333555879847951,7
SARS1,3.9726944,0.00020754378710883704,0.0016574348008136913,7
M6PR,1.5544634,0.00019915237038836575,0.0015965032636702141,7
SIRPG,4.7544513,0.00021149383574691125,0.001685368197858672,7
SPN,3.6188767,0.00021543959000601306,0.001711525174891446,7
TAGAP,3.0920808,0.00021659966162113027,0.001719519349215226,7
ANXA11,1.4273169,0.00021674326507526608,0.0017199678269614138,7
PRPF38B,1.2992203,0.00023384892630608963,0.001842068303718307,7
MTG1,2.8159401,0.0002448370066585881,0.001920953927563907,7
ABTB1,2.8018346,0.0002455676158111948,0.0019262355944628824,7
RNF149,1.6686726,0.00024412960092651568,0.0019158518822359062,7
BTN3A1,3.7507265,0.0002561012302629797,0.002001372638455406,7
GABPB1,2.360833,0.0002577594871230441,0.0020138623241542095,7
SNHG32,4.1738133,0.00026609114559874593,0.0020731621636533187,7
LYSMD2,2.2991529,0.0002696666192174785,0.0020980951229815463,7
LARS1,4.2846036,0.0002749709480734733,0.0021350614735701806,7
CCL4,2.8880134,0.00028426308571212906,0.0022004311465198528,7
CAP1,1.1034576,0.00027618558740662966,0.0021428500548706375,7
PSME2,1.0937141,0.000275744363193091,0.002139921722780996,7
SYNE1,3.068277,0.000299479098136177,0.0023107495814551444,7
FKBP5,2.20048,0.0002985217699697021,0.0023038929329392034,7
PCIF1,2.5947716,0.00030350065195887464,0.002339626607067942,7
WAS,3.3550153,0.0003067177630612799,0.002361712693029933,7
NCF4,3.0477471,0.0003068898560168961,0.0023624954465601817,7
SLFN12L,5.506302,0.00031362045124953624,0.0024115413927924567,7
SCAMP2,1.739885,0.0003154687893254647,0.0024229765657809506,7
ARHGAP45,2.471436,0.0003199649669071434,0.0024541378813246043,7
SCML4,5.3806853,0.0003264218237296991,0.00249624131092518,7
MATK,4.4807863,0.00032801720571036427,0.0025061560584809404,7
PPP3CC,2.707187,0.0003267295115868548,0.0024980247431353308,7
SLC66A3,4.129722,0.0003304415072673047,0.0025241035288664695,7
ARL4C,2.100165,0.00032562456949127873,0.0024912804939112637,7
MAP4K1,4.849617,0.00033575006745736023,0.002562319229257638,7
MICOS10,3.778205,0.00033621622640858824,0.00256529309598964,7
P2RY10,4.9377046,0.00033955654322536495,0.002584899232029497,7
SUN2,2.177175,0.0003364784439949125,0.002566709913585026,7
RSRP1,1.3871574,0.00033876405118925056,0.002580774682189759,7
LPIN2,2.4603896,0.00034745951513737584,0.002639071466762392,7
DCK,2.3722787,0.00035215488863931364,0.0026698976310694437,7
AIP,1.6030362,0.0003486900300565455,0.0026466196646586543,7
MVP,1.7309095,0.00034934137849898284,0.0026503639846718807,7
HLA-G,4.275314,0.0003678680295608038,0.002775851873903019,7
ATXN2L,2.1964054,0.00036410161975818485,0.002751764855409932,7
RO60,3.8169632,0.0003735798504529504,0.0028132558967315694,7
BET1L,2.4251704,0.00037027156779688013,0.0027914764341369198,7
PRMT2,1.3976295,0.00036222175739795227,0.0027387916963220733,7
KIF2A,2.4710906,0.00037647509673696374,0.0028337861803533443,7
LIX1L,2.9665835,0.00039879369039569346,0.0029897047763884567,7
CTLA4,4.1523366,0.00040371905783522215,0.0030239260649511357,7
S1PR4,4.26137,0.0004099783478372677,0.0030639669707686707,7
SP140,3.66674,0.00041375177855840483,0.003090790290562908,7
H2AJ,2.8841643,0.0004202182830178665,0.003134906901846588,7
DDX60,2.8264928,0.0004303616705418611,0.003202032118820888,7
USP20,3.5106163,0.00043311386536982885,0.003219652517369111,7
EPSTI1,2.1572034,0.00043825918201929827,0.0032557367052290774,7
PPP1R16B,5.9264994,0.0004540180804179651,0.00336163806518741,7
ARID4A,2.2580297,0.0004530087248881239,0.003354905197940508,7
MFNG,3.598879,0.0004599689634214105,0.003398198018087562,7
NLRC5,3.2012122,0.0004620441020446802,0.0034120258094849447,7
GRB2,1.2885162,0.0004454624355685412,0.0033033949925722833,7
TPR,1.2411107,0.0004551863409369599,0.0033677093118407533,7
TAPBP,1.3076302,0.00046583971246208326,0.003439297775850921,7
SLFN5,2.1687942,0.00047658767230804224,0.003506301188173732,7
ARMH1,4.649323,0.0004885565083768564,0.003584136887022777,7
EED,2.4189796,0.00048300859288589543,0.0035473157902311844,7
GZMB,3.6399977,0.0004863049399333742,0.0035699614774141616,7
AKNA,2.8090289,0.000487458133387378,0.003576861354615193,7
SLF1,3.5927794,0.0004926274899760575,0.0036092657582540285,7
CBLB,2.6221132,0.0004937766754696263,0.003615316191208631,7
RNF4,2.0584621,0.0005061983925410891,0.0036989978832724767,7
FLI1,3.4358451,0.0005253624973793792,0.0038215535728912944,7
IGKV3-20,5.186862,0.0005475599687047428,0.00397010568748936,7
CSDE1,1.0435476,0.0005228973759574749,0.0038084473768320234,7
MFSD14A,3.8529096,0.0005564068553369712,0.004024680253365829,7
CASP1,2.2164936,0.0005581095067349499,0.0040361256932723065,7
SSU72,1.0481907,0.000550660902558699,0.003988233858500581,7
CDC25B,2.4570472,0.0006017774786623202,0.004325807632193074,7
GIMAP6,3.3605096,0.0006051291305613726,0.004348036882639032,7
DIABLO,5.2791443,0.0006259945817010959,0.004481097168518814,7
PLP2,1.3717997,0.0006078798435397616,0.004366866102413182,7
GBP1,1.8362446,0.0006094653611994767,0.004376381434380572,7
TBC1D4,2.7142835,0.0006297658478909852,0.004505754331081812,7
TYK2,2.7361999,0.0006425608714398812,0.00458360999339963,7
FAM102A,2.0501184,0.0006457119841191533,0.004604129604451642,7
TRPC4AP,2.1721122,0.000648560800598476,0.004622004246414127,7
JAK3,3.790802,0.0006593974362073707,0.004687759518404286,7
TBX21,6.631456,0.0006731545217123801,0.0047683792635174116,7
FGD3,2.4254549,0.000663705037283661,0.004712382471093945,7
IFI16,1.6087911,0.0006535251079349816,0.004652915653841481,7
OPTN,1.742585,0.0006661390634542826,0.004724671247054365,7
GZMH,4.576739,0.0006935146090617537,0.004898120341659356,7
TRANK1,3.692889,0.0007001595271949593,0.0049398507996731445,7
PDCD4,1.3383005,0.0006891883878294998,0.00487166864408625,7
ARL6IP5,1.1078169,0.0006986573427425998,0.004930289487256373,7
PDE3B,4.9783287,0.0007373952778645221,0.0051634603371302585,7
ICOS,4.3190627,0.0007397483078162318,0.005175614933763921,7
ACTR3,1.1585463,0.0007303057562860818,0.005119160997197799,7
ICAM2,2.8968976,0.0007937195769694853,0.00552212162023097,7
WBP1,3.3515897,0.000799712498901254,0.0055592035079061065,7
LMF2,2.292428,0.0007999109379294391,0.0055592384496689845,7
RNF166,2.9936807,0.0008075846580836869,0.005606954464248591,7
CASP4,1.6688726,0.0007948727079426489,0.005528997407114141,7
RFTN1,3.1749656,0.0008162817814868411,0.005661477922425587,7
SYNRG,1.9953429,0.0008469167975579165,0.005852170644188314,7
RCAN3,2.21456,0.0008547605147476379,0.0058978651358054975,7
CENPC,2.1681697,0.0008742275703688617,0.006019804339507696,7
CISH,2.739586,0.0008847488364916163,0.006084757171368731,7
STAT4,4.1731925,0.0009077339124691196,0.0062211489902179685,7
FAM107B,1.5671891,0.0009072067475952174,0.006218806769076474,7
RBPJ,1.5310011,0.0009326570655168645,0.006363883209177122,7
PIAS1,1.8149585,0.0009444740416200256,0.0064374321946712625,7
LSM14A,1.2961769,0.0009384911715162034,0.006399254398012804,7
VSIR,2.2306917,0.0009538097173560348,0.006493146281680284,7
GPR65,2.9638052,0.0009634711920464695,0.006554926420371325,7
CHD2,1.6332091,0.0009719713172078832,0.006606056727552099,7
VOPP1,1.5694615,0.0009706316467645385,0.006599626203958926,7
KANSL1-AS1,2.5189207,0.0009865724712831959,0.00669715184361661,7
SLAMF6,5.395914,0.0010639424931240718,0.00716100335997552,7
RPS6KA1,2.6092076,0.0010555721542687977,0.007112613648046272,7
LSM6,1.4381841,0.0010595722900909024,0.0071378016031209,7
RAB1B,1.5235425,0.001067543422053685,0.007181402711412484,7
PRPF8,1.7768905,0.0010736627731650918,0.007215332212929342,7
GPRIN3,2.6073616,0.0010825794324443735,0.00727379742460271,7
DOCK10,2.6582916,0.0010850090880176208,0.007288662091167439,7
PHF1,2.0615468,0.0011023873087478368,0.00739060018443158,7
TNFRSF4,4.099682,0.0011406101332770621,0.007614889426800546,7
TAZ,2.573861,0.0011400433965767672,0.0076126210560584,7
ITGAL,3.2623038,0.0011780939096456542,0.00783084578347699,7
VAV1,3.8205047,0.0012034923136033466,0.007983470087881058,7
IGHV3-23,5.9097,0.0012099343438912984,0.008017069898944693,7
AHNAK,1.0095848,0.0011688922002948308,0.0077783580816591195,7
H1-10,3.9704993,0.0012192732660041559,0.008064611440553223,7
ORMDL1,1.4253098,0.0012042190307404563,0.007985510183880119,7
SAMD9L,2.13358,0.0012335809345730623,0.008149603727893457,7
PPP1R12A,1.453838,0.0012427637430168295,0.008202191795459952,7
KLRB1,4.261115,0.0012769958416707131,0.008413222849239321,7
BAK1,2.5301147,0.0012704715682263928,0.008373528565510208,7
UTRN,1.6431462,0.001258826743536508,0.00830493859263533,7
PLEC,1.5769329,0.001296210558842581,0.008533110569997842,7
CXCL13,3.4095798,0.001338212448474496,0.008775167885490336,7
SRSF8,1.5926384,0.0013274456372448376,0.008711378227123675,7
CHMP7,2.3983617,0.0013849446024718729,0.009049761720535572,7
SLAMF1,4.4967127,0.0014009338906055787,0.009147113806657916,7
SLA,2.3096976,0.0014169744399576169,0.009237338520860703,7
AKAP13,1.3352485,0.001405184608685116,0.009169513027219352,7
TUT4,1.9853,0.0014324327037662273,0.009325548392279314,7
CYTH4,2.7986732,0.0014523758131891901,0.009442554206276144,7
PHTF2,2.5013092,0.0014579827797150868,0.009473498724220016,7
RORA,2.1317017,0.0014551976085153545,0.009459066470390213,7
LBR,1.8561219,0.0014492844594540036,0.009427938334861663,7
XAF1,1.8745615,0.0014518868194653561,0.009441205081754073,7
TMC6,1.9335561,0.0015062741188608018,0.009762693762456068,7
DDX24,1.1023711,0.001504199175613449,0.009753014604533285,7
GRAP2,4.542798,0.0015581002345586112,0.010065531580764711,7
SENP7,2.6694977,0.001553019039282065,0.010038214178663062,7
DHRS7,1.3525249,0.0015439763268760786,0.009986726183255556,7
PCED1B,3.1234674,0.0015852254058836151,0.01023091116773953,7
VPS13C,1.8572054,0.0015899112290512704,0.010257205719101492,7
ITM2C,2.6989543,0.0016231790307904795,0.010445711410541727,7
POLD4,2.3743396,0.001645327248973131,0.010576067699848176,7
PSMB8-AS1,2.6479123,0.0016658849333253901,0.010695912432746346,7
ISCU,1.0304502,0.0016622593818711412,0.010676721931700486,7
ZZZ3,4.6660714,0.0017231079262669056,0.011027430443602038,7
ANXA2R,3.2507815,0.0017256253917467001,0.011039328869840945,7
CYTH1,1.9439833,0.0017417205213212785,0.011129557631098687,7
NAP1L4,1.270498,0.0017582967533094896,0.011222651075690501,7
GALM,2.3318663,0.0017948952303436713,0.011434488304075419,7
IRF2,1.6447389,0.0017806328045378004,0.011350095951539787,7
MX1,1.641203,0.0017989186315584544,0.011457943376586047,7
TACC3,2.8450298,0.0018377654144406362,0.011672124553257598,7
BTN3A2,2.2071962,0.0018311504081415405,0.011634517112990227,7
HNRNPUL1,1.3019415,0.001829300847123173,0.011627170686632243,7
CCDC85B,1.1361005,0.0018494703110636492,0.01173757496752807,7
C16orf54,5.55947,0.0019064475836894066,0.012046751771764579,7
ARL5A,1.7986478,0.0018759175066421579,0.011885181165524106,7
BCL11B,3.014197,0.0019056438284490741,0.012046211769696644,7
MAPRE2,2.4802806,0.001912231999849602,0.012078752072872975,7
MYO1G,2.8588738,0.0019159738079472459,0.012097830853230152,7
SERPINB9,2.1774297,0.0019130998489706903,0.012081958583002433,7
OVCA2,4.7951317,0.0019437742055862085,0.0122457044758766,7
TNIP2,1.9141021,0.0019270264088979748,0.012158463653281973,7
ERAP1,2.7608602,0.0019700212562634004,0.012390114936495542,7
NCOR1,1.2824414,0.0019497808135276677,0.012281239111085729,7
TMEM35B,4.81144,0.0020029327605734426,0.012580593206440794,7
NELL2,3.5463853,0.0020132748568763496,0.012633723475114994,7
USP10,1.9016035,0.0020264988700419238,0.012697701961531135,7
GPI,1.2167879,0.0020047143038516386,0.012589425662888561,7
EML2,2.1258998,0.002072370191728897,0.012948839158118283,7
IRF3,1.7468565,0.0021026725630674038,0.013112570082155457,7
NRDC,1.4762166,0.0020980717560100466,0.013087488333333267,7
RAMAC,3.555305,0.0021488449401481174,0.013364436888097164,7
TPST2,1.7653904,0.002122217515213143,0.013215985458181215,7
SUPT20H,1.8417814,0.0021428557615156543,0.013331770636949384,7
HERC5,2.7487936,0.0021888602767018966,0.013575547807111375,7
INPP4B,2.2518294,0.0021835620564482324,0.01355061116183808,7
NUCB1,1.4573787,0.00217985597784333,0.013534718502932825,7
PSMA5,1.0920511,0.0021962400154325106,0.013616282136344148,7
PTGER4,2.7950044,0.0022528120845578727,0.013940082692881222,7
MX2,2.1028018,0.002253850365638232,0.013942529530407956,7
ELMO1,2.581585,0.002280290075995197,0.014098287454185234,7
VASP,1.3437043,0.0022530392140398055,0.013940082692881222,7
DHX15,1.4126393,0.0022674797231193346,0.01402425546618949,7
CNTRL,2.4614222,0.002307291751054055,0.014241603353350028,7
USP15,1.8456757,0.002312533704711635,0.014266082948267967,7
PIK3IP1,2.1702602,0.0023245806024348365,0.01433249227688729,7
GET4,4.214538,0.0024024739153658946,0.014734468392674335,7
SH2D3C,3.559261,0.0024463322287791274,0.014981272464027882,7
SF3B1,1.0772858,0.002439923700811109,0.014947485086558064,7
LINC00861,5.4339232,0.002510764750899999,0.015331068725639335,7
CD70,4.6935315,0.0025190217782371195,0.015374367186794163,7
MYD88,2.2253466,0.0025195990160961357,0.015374367186794163,7
IFNG,3.6274529,0.0025597651693190513,0.01558204783015069,7
RETREG3,2.0676367,0.002548803047080993,0.01552377029274443,7
SEL1L3,2.947495,0.002565747971869347,0.015612799841159247,7
CTDSP1,1.8754262,0.002629811714899172,0.0159412154944319,7
MAPK8IP3,2.9227676,0.0026802864275098956,0.016171881105434324,7
DHX30,1.5813483,0.002682057046531303,0.01617965384850835,7
STMN3,2.5365453,0.002716937511392723,0.016372404072875192,7
RNF10,1.3247075,0.002699325587122392,0.01627797186581664,7
KCNAB2,2.9183674,0.00277475848895883,0.01667589580329119,7
HOPX,2.4416559,0.002790795849397268,0.016766269673049214,7
API5,1.7987481,0.0028067649007269863,0.01685013451499621,7
OGT,1.6071157,0.0028205395742607327,0.016920715052813312,7
CALHM2,2.3858676,0.0028397742194408264,0.01703001378406307,7
ATP8A1,3.7547586,0.0028818164062447776,0.017251294678182417,7
CD47,1.075856,0.002809831831701152,0.01686251019271575,7
LSM8,1.0471106,0.002809296273543789,0.016862313226723734,7
NCBP2AS2,4.2091465,0.002897895723069766,0.017325903823080753,7
PPWD1,2.3488166,0.002883244757237534,0.017256765239561767,7
ILRUN,4.0524893,0.002906843195272729,0.01736701596235173,7
CDS2,1.8285124,0.002912650565980988,0.0173924181295297,7
EMD,1.1939706,0.0028902506907996983,0.017289441487446527,7
CCDC88C,2.2735887,0.002973400003388007,0.01772361995977202,7
PTPN22,3.1755357,0.0030103836064746385,0.017928058903646984,7
UQCRHL,2.2050643,0.0030131675023663384,0.017935164365016746,7
DARS1,3.573299,0.003035401317091039,0.018054689763530862,7
N4BP2L1,2.3040056,0.0030345814829693778,0.018054689763530862,7
SAMHD1,1.7218627,0.0030109078835316204,0.017928058903646984,7
REST,1.4694128,0.003025768151670791,0.018006971180835697,7
THAP1,2.2653522,0.003054695767666966,0.018156574648824687,7
EPB41,2.0900176,0.0030678909160104435,0.018225315128215777,7
MLLT6,1.5221251,0.003052757656057229,0.01815112185382671,7
FBXO7,1.3697289,0.00305646550699283,0.018163874835231485,7
SAMSN1,2.1732535,0.0031062325128531497,0.018420464058275722,7
LTO1,4.9602213,0.003181808123574673,0.018825370660225455,7
PPP2R5C,1.5644821,0.0031792670781049218,0.01881696612784466,7
ATP2B4,1.8823828,0.0032249995488338643,0.019054026751353995,7
SAMD3,5.6367173,0.0032896439311219786,0.019371128352135236,7
RUNX3,2.1055617,0.003254100839176384,0.019195532227719855,7
IFI44L,1.6466424,0.0032354106664501735,0.01909199668603189,7
SLC9A3R1,1.0097758,0.0032353729856475426,0.01909199668603189,7
GOLGA8B,2.4577122,0.0033248781971662324,0.019565831989641833,7
RASGRP1,2.4912848,0.0033374516478460233,0.01963196522630717,7
APOBEC3C,2.2621412,0.0033669721849042323,0.019764020660460773,7
LYPLA2,1.4365526,0.003350150960955029,0.019687062722373982,7
MCRS1,1.6787395,0.0033943357889957802,0.019900265110768655,7
OAS1,1.9950342,0.0034380132245465564,0.020124677410910306,7
TIAL1,1.2912779,0.0034599075162370344,0.020237894541001864,7
SF3B4,1.3295655,0.003482930648092124,0.02035563283980797,7
KPNB1,1.0900769,0.003474240098292105,0.020308380469992244,7
SLC7A5,1.7660939,0.0035115281733032106,0.020515618613614874,7
CERT1,4.5202374,0.0036000765421860133,0.020978138864048135,7
DOCK8,2.3120956,0.0035882010537060345,0.02091257194480523,7
PYHIN1,3.6813009,0.0036689501580389,0.02133869555241594,7
OTUB1,1.3068081,0.00361759585748519,0.021072904247292596,7
C19orf12,2.5882907,0.003739857418592767,0.021689305080448657,7
NUP210,2.1290436,0.0037947981825895752,0.021975367030772953,7
SPSB3,1.3624215,0.003770586812376832,0.021854026658705946,7
FAM13B,2.3425775,0.003805186131024665,0.022020315393495218,7
SENP6,1.5807796,0.0038486034251122617,0.022237038325872586,7
ARHGEF6,2.571129,0.0038850479319891135,0.02242057685596126,7
PARP15,7.1702228,0.003958940916376017,0.022792110758010294,7
SGMS1,2.262426,0.0039381186579407,0.022683915147860043,7
KCTD13,2.848057,0.003996873002923051,0.022980448160550216,7
GIMAP2,2.9171867,0.004004945394889221,0.02301745604694643,7
IGKV4-1,4.2346964,0.0040201562134155175,0.023089051293522237,7
ZFAND2B,1.8099,0.004001103632653783,0.022999317385234024,7
PASK,3.462744,0.004049389363685278,0.023233077086446785,7
MIR155HG,3.4120939,0.0040741070002047,0.023362903555114695,7
ADA,2.8661454,0.004104214306472583,0.02347935392348574,7
BIRC3,1.6100341,0.004082963566748502,0.023397690243005552,7
NUMB,1.8085666,0.00412057118566715,0.023564889708177644,7
DDX60L,2.5172307,0.00418107822017696,0.02385803752687231,7
RNASET2,1.0930773,0.00410128153401526,0.023470582482921998,7
ARHGEF3,2.4342525,0.004188076646738004,0.023886752908608647,7
CARD8,2.278553,0.0041987277424450145,0.023934318016544564,7
STAT5A,2.5010474,0.004222632639182538,0.024046064745470545,7
LY9,4.2180033,0.004241183820947751,0.024127270499495267,7
CRLF3,3.0123134,0.004254424376907512,0.024177846158226848,7
HDAC7,2.064641,0.004241208874661582,0.024127270499495267,7
ILK,1.2424458,0.004211494799874219,0.02399078584962316,7
MARS1,4.346966,0.0043117029986080874,0.024457776133318763,7
R3HDM4,1.7500548,0.00428116489920415,0.02431398574236396,7
FAM78A,4.1952596,0.004379532533277968,0.024813158901803432,7
WARS1,3.7169695,0.004399964003431646,0.02490367746187999,7
CD28,3.770402,0.004448157654118272,0.025159469793723604,7
AUP1,1.0192999,0.004382746880865988,0.024822984317988194,7
DENND1C,4.3622165,0.004475047255508679,0.02529876285134276,7
SAMD9,2.0307753,0.004438782653646607,0.02511067785224504,7
ST6GALNAC6,3.8696,0.004507609863273326,0.025448534324869657,7
NUTM2A-AS1,1.8787512,0.004492366757593833,0.02538811683512296,7
IFNAR2,1.9138836,0.0045023091090631,0.025431449954039315,7
GRK2,2.1397026,0.004524980523225473,0.025539416682988418,7
PKIA,3.3955646,0.004573147313345267,0.025783818126897562,7
MIR4435-2HG,1.4683249,0.00453004892158648,0.025558010240358642,7
SIGIRR,1.2679931,0.004580204178096539,0.025810589438430113,7
TRIM38,1.6491815,0.004612023839931136,0.025968086556174285,7
TRIM14,2.087178,0.0046608518263211145,0.02620342459045198,7
GRK6,2.480029,0.004697709462421156,0.026392943564332996,7
IL4R,2.0892935,0.004750671488525997,0.026625294798237647,7
MAD1L1,2.334135,0.004845544648292459,0.02707837604937977,7
YARS1,4.161012,0.00492189513163665,0.027431918346664155,7
KAT8,1.6421822,0.004875299219258625,0.027221976213276763,7
CCM2,1.6395528,0.004887346677182279,0.027275623111376178,7
CLEC2B,1.432649,0.004888653623050228,0.027276675487484362,7
KXD1,1.1443089,0.004911986401050046,0.02738124245930191,7
TCF7,2.0932348,0.005007931957969122,0.027869760378669704,7
DENND10,4.0257406,0.005039786758054019,0.028014499113670842,7
PTBP3,1.1946036,0.00496467516844191,0.027642790475549486,7
PRKX,1.7228248,0.0050319905697822,0.02798971736336066,7
ARID5A,1.5563893,0.005034233980615086,0.027992911462833323,7
ADD3,1.4451957,0.005023748033865968,0.02795314081020213,7
CNPPD1,1.5630515,0.005075860739129842,0.028186994213767223,7
TRAPPC5,2.9448795,0.0051238150912378995,0.02841565508849378,7
POLR3GL,1.5236721,0.005107667009669721,0.02834953817165847,7
DDB2,2.0683522,0.005133372697712335,0.028459248537846184,7
KLRG1,4.0203075,0.00517259365309149,0.02864827670382128,7
PLAAT3,2.8166327,0.005204231204042345,0.028790222466565117,7
CMPK2,2.6516154,0.005241942675374954,0.028970176186315925,7
TMEM109,1.4742588,0.0052279087397278405,0.02890214060313359,7
RASA2,1.7951936,0.0053037401747492415,0.029258675855471105,7
KLHL6,3.211574,0.005373024388675685,0.029597078505595523,7
MICAL1,2.7096868,0.005429303000897935,0.029872744742965494,7
GLIPR2,1.7643018,0.005415229435567715,0.02980508869353081,7
CLN3,2.6871514,0.005510235306802899,0.030253527979288923,7
TOX,4.249409,0.005534461406236822,0.030366656310582243,7
RAB33A,4.1919503,0.005576673384778229,0.03053333365962236,7
SNX6,1.0808601,0.005498304462119698,0.03020780179589792,7
LYST,1.8615369,0.005572909685672111,0.030528456617098434,7
TNIK,2.360248,0.005636802103236059,0.03081857127177121,7
SEPTIN11,3.3310962,0.005699586937251396,0.03112046863647236,7
SHISAL2A,5.5503106,0.005734684865068936,0.03128103188474178,7
KIAA0100,2.20676,0.005764430438709617,0.03142284435962283,7
TAF15,1.3176754,0.005753667643773039,0.031369272828314615,7
AOAH,3.4629142,0.005837100265909128,0.031767350319464226,7
ATP6V0A2,2.4563673,0.00589636401283558,0.03201715158726213,7
ENO2,2.3672845,0.005913180168258998,0.032092876379219266,7
SYTL1,1.6953454,0.005895529632652145,0.03201715158726213,7
RGL4,4.0343122,0.005962924351422444,0.0323262398046,7
PSIP1,1.2563226,0.005891140302279462,0.031999147672672944,7
IGKV1-5,4.6723332,0.006013290706816306,0.032553232534765046,7
NSF,2.0365787,0.006001842633441785,0.03250045265874571,7
SESN1,2.2435436,0.006090676253886562,0.03291772030802597,7
ST3GAL1,1.5388159,0.006095879451125617,0.032935227556411775,7
HSPA14,2.5712264,0.006151111158890024,0.0331962058536332,7
DGKA,3.402205,0.0062317317778721225,0.033555709674363284,7
ST8SIA4,2.4619846,0.006212032297932137,0.03348726700497297,7
LINC00869,5.319307,0.006258595508467868,0.03367873446968086,7
IFI27L2,1.2186239,0.006161364836110135,0.03324619336679054,7
CZIB,3.5474887,0.00629523428038491,0.03385959797921589,7
MALT1,2.167185,0.0062727865565978935,0.03374427167519647,7
CRTC2,2.477028,0.006400752827510538,0.03437752611489687,7
MAPK1IP1L,1.2488776,0.006398597519166492,0.03437145409839258,7
PPP6R1,1.6942195,0.006438729699356797,0.034559358752780656,7
PPP1R2,1.0982052,0.006432920857281304,0.03453923458845401,7
NGRN,2.14572,0.006562180859618421,0.03514885151907721,7
PRKCB,2.6602776,0.006580562666619367,0.03523605561958496,7
NLRP1,2.7148275,0.00663266424316803,0.035475393299330076,7
ZFAND3,1.4331901,0.006644448891447334,0.035532758333551503,7
EOMES,4.9895077,0.006780431055456143,0.03614481482880362,7
NOP58,1.1116256,0.006677295926608291,0.03567342358408319,7
SNRPA,1.4206667,0.006745475910625569,0.03598123529234927,7
GARS1,3.633464,0.006961616523095755,0.03700468776563466,7
TNFRSF18,2.9115098,0.006968010818012349,0.037026940881963274,7
ZC3HAV1,1.330768,0.006976951332241212,0.0370568368384327,7
PTK2B,2.35222,0.00710002599319056,0.03765685829184133,7
DPYD,2.3945024,0.007105092488800322,0.03767613283137937,7
CNOT6L,2.00104,0.007105906690060102,0.03767613283137937,7
DDOST,1.1120787,0.0070974891618145524,0.037655312239231555,7
ILKAP,1.6423646,0.007161532204231277,0.03794706977284696,7
INPP5K,2.4158947,0.007213122305594193,0.038184238518297796,7
TASOR,3.556508,0.0072455969691950835,0.03833195077977481,7
PCGF5,1.4806775,0.007193195097145746,0.038096787739359775,7
MIAT,2.9737768,0.007283007870621068,0.038517717910517384,7
TRAF1,3.1322896,0.007349539776684878,0.038838965440332045,7
RSAD2,2.4121952,0.007368134519050692,0.03892496454614573,7
CNPY3,1.2550445,0.007335408629888164,0.038770397235278746,7
ANTKMT,3.2474442,0.007476062536159602,0.03943302618734537,7
NRROS,4.0664144,0.007495065922095029,0.039527044983174435,7
ZC3H12D,4.726551,0.007559772041303005,0.03982445642175971,7
C1orf50,2.7083316,0.007598867982109823,0.04002294818566618,7
PIKFYVE,2.200357,0.007599990770579329,0.04002294818566618,7
LIN37,3.8094554,0.007665721045612174,0.04033191366131419,7
RALGDS,2.0251791,0.007638388612535785,0.04019441362614728,7
PBXIP1,1.9937904,0.007672627070274353,0.040355587982448184,7
RASA3,2.9212215,0.007775456966891776,0.04083880396594379,7
UBASH3A,6.6061687,0.007824262099600554,0.041062990937678324,7
CARD11,3.9152367,0.007850376995104743,0.0411549694893417,7
KDM2B,2.0803921,0.007849409620027508,0.0411549694893417,7
PPP1R21,2.303395,0.008030415126615351,0.04196761510779144,7
APOL6,1.5855544,0.008098954258856907,0.042264687533597564,7
MRTFA,3.9025104,0.008176808292233696,0.042602682949895915,7
CHST11,2.5475938,0.008200479607988084,0.0427033514254818,7
FBXO31,2.8851173,0.008214817485625098,0.04276473588163145,7
SNRNP40,1.1630961,0.008149059156201162,0.042481752122807456,7
IFI44,1.8460623,0.008206869831294535,0.04272999394775691,7
GTF2B,1.4958993,0.008196456703638572,0.042689030170301456,7
ACAA1,1.123616,0.008194116572659017,0.04268347009839355,7
FLOT2,1.7116606,0.008358474722312848,0.04341152069697975,7
DBNL,1.2486328,0.008380006657173074,0.04351661298780648,7
RPS6KA4,2.634643,0.00846723752137448,0.04387449616938382,7
INPP5D,2.6160347,0.008512883593250302,0.04407016956339071,7
MAPKAPK3,1.7357405,0.008473629382367932,0.043900834586654745,7
ABI1,1.2533814,0.00845480266358768,0.04383037652849991,7
GTF2F1,1.4657419,0.00855793186149483,0.044260645244305764,7
RAB29,1.6724379,0.00867783439460498,0.04477860915541507,7
MON2,1.7231662,0.008699033806919332,0.044867644612929615,7
ETV7,2.8557508,0.008774371619074389,0.04516592978443433,7
NUP42,4.2122188,0.008882386228088783,0.04566586702580103,7
TSPAN17,2.402332,0.00893205759665879,0.045872017125942806,7
MIER1,1.3555197,0.008952772362164317,0.04597136218606144,7
COPS7B,2.0347567,0.009104797834736535,0.046623515141205815,7
GPR132,3.9173098,0.009153972412004564,0.046868171068698686,7
VPS26B,1.6900202,0.009242888237208815,0.04730175684531902,7
MBD1,1.9052677,0.009314224753063656,0.04762323360404087,7
IGLV2-14,4.7259507,0.009411378943269445,0.048058838881598044,7
HELZ2,1.954941,0.009408241132366631,0.048052659634644314,7
ZNF384,2.6003745,0.009539154546777387,0.048639827098428144,7
S1PR1,2.4836063,0.009586299222762058,0.04883863904850987,7
LY75,2.8677013,0.00962819510462286,0.04901932179783779,7
RNF44,1.7885566,0.009586881711797174,0.04883863904850987,7
TNFSF14,3.6048956,0.009667331443655523,0.0491812473762551,7
MARCHF7,3.584603,0.009685807486960582,0.04926029854740635,7
TSPAN32,5.0631623,0.009736443414055006,0.04945782955487187,7
RASSF1,1.7594285,0.009709456686243359,0.04935064202353213,7
KMT2A,1.1759238,0.009654274111258628,0.049122270625868575,7
C17orf49,2.556068,0.009817133400041925,0.04980736217982245,7
UBL7-AS1,2.9842362,0.009847895228841316,0.049933220539768196,7
SPTAN1,1.394845,0.009784813098663034,0.04965089502908575,7
NFX1,1.8479285,0.009854979132546736,0.049954035829643355,7
CMTM7,1.4147264,0.009861291239240615,0.049963379071808076,7
MTCO2P12,8.769836,1.4720385747999556e-48,6.171705729670664e-46,15
H3-3A,7.000082,2.8371533136357786e-30,5.200052420363806e-28,15
PPDPF,3.0937326,2.8984861183565097e-24,3.574195694698371e-22,15
H3-3B,6.684938,6.02345859720931e-18,4.1315506095909506e-16,15
MTRNR2L12,5.510537,5.742269113147833e-17,3.573310729574981e-15,15
GABARAP,4.6498265,6.024762375177504e-16,3.340108344228573e-14,15
RPS26,2.375416,4.697899170139705e-17,2.950790937559098e-15,15
EEF2,2.2036934,2.8196665510476673e-16,1.624990305647591e-14,15
ATP5MC2,1.6550441,1.1742148877218076e-17,7.845486364357998e-16,15
PABPC1,1.7979157,2.7397022440269425e-16,1.581623975334039e-14,15
ATP6V0C,5.2617793,8.638476375382122e-14,3.758017329529076e-12,15
ALDOA,4.124738,1.5284123548862618e-12,5.734281744434017e-11,15
SEPTIN2,5.140557,3.5173848267815932e-12,1.264486650322416e-10,15
GATA3,3.6578434,2.449343368229528e-12,8.968714619409017e-11,15
RPL14,1.4286592,1.5715169072420183e-12,5.885586528632867e-11,15
H2AZ1,5.06811,1.4957976599933368e-11,4.967381120181833e-10,15
COX8A,1.8269339,5.614197031376675e-12,1.9656135973841863e-10,15
GPX1,4.3227572,3.186129471189872e-11,1.0062708907079048e-09,15
CCNI,1.6101954,1.265337441085854e-11,4.2568388276289496e-10,15
AR,3.3115792,6.435529803188351e-11,1.9516646033340008e-09,15
SPDEF,3.4614022,9.092735276618203e-11,2.7085207274693706e-09,15
DCXR,3.0763566,9.196156184969333e-11,2.73689684649562e-09,15
GPX4,2.0111325,4.208399630121124e-11,1.3033604062224619e-09,15
RPLP0,1.3399879,2.8752278832287e-11,9.158406308772444e-10,15
YWHAZ,1.4552543,1.7043378679606833e-11,5.615441692462602e-10,15
MLPH,3.7623518,1.8597867833768425e-10,5.3406770977091325e-09,15
RAB25,2.7015584,1.932531442469987e-10,5.530634565860566e-09,15
SARAF,2.083356,2.1276095466959425e-10,6.063054528948905e-09,15
TMA7,1.2707101,9.696440497819758e-11,2.8781266436935622e-09,15
EEF1D,1.226106,1.6428999018824738e-10,4.746296779417747e-09,15
RHOB,2.5997632,5.877879321985957e-10,1.579727166175729e-08,15
H2AJ,5.9169927,2.390914556695335e-09,5.913987105170961e-08,15
BCAM,4.010134,2.6696920673157493e-09,6.560010375812275e-08,15
ATP6V1G1,1.8267531,1.5905766568880865e-09,4.032466488940538e-08,15
HMGN2,1.7318733,1.3163332487536565e-09,3.3677447365710443e-08,15
ATP6V0B,1.125013,3.795513588122165e-10,1.0512412985896411e-08,15
TOMM20,1.507492,1.6061752021284489e-09,4.059737939305976e-08,15
H1-0,6.8839364,8.634996905108381e-09,1.9707015071092213e-07,15
TMEM219,1.7765,3.1871306987835405e-09,7.746344258543386e-08,15
EIF4B,2.2307477,6.805330336344378e-09,1.5774539378806274e-07,15
TCEA3,3.236428,9.551930197994862e-09,2.1676677318737867e-07,15
SELENOW,2.106511,7.232040472627974e-09,1.6682934628089055e-07,15
ENSA,1.8398947,5.587578921438236e-09,1.3091529354727472e-07,15
KAT6B,4.1791105,1.3454184198874801e-08,2.971980646071905e-07,15
NFKBIZ,3.1707802,1.1605325926999422e-08,2.589848549018547e-07,15
FOXA1,2.4578714,1.0198039477685278e-08,2.2971957160580381e-07,15
PCBD1,1.8833895,8.795412284443182e-09,2.0041231211447605e-07,15
EEF1A1,1.1265512,1.1855947726753708e-08,2.6440182360574874e-07,15
PKIB,3.3970733,2.5237600236781224e-08,5.360952182025832e-07,15
MYO6,2.2509575,1.945555292411898e-08,4.1938219834696314e-07,15
ESR1,3.4520755,4.6451229920660526e-08,9.488554828068664e-07,15
LYPLA1,2.6777065,5.01337081041296e-08,1.0148067009780393e-06,15
FSIP1,4.830123,6.766319097350042e-08,1.3428941351728863e-06,15
TPRG1,4.777347,7.094468341554693e-08,1.4063567532156382e-06,15
LDLRAD4,3.4834697,7.474852720030013e-08,1.4773956103861322e-06,15
ZG16B,3.1181097,6.930533942368345e-08,1.3746720222411396e-06,15
MICOS13,4.82729,8.387471220673463e-08,1.6422893882814282e-06,15
NFIC,2.2165794,6.142622597206042e-08,1.2292941797905003e-06,15
ANKRD30A,3.3866942,7.67248342828295e-08,1.5146719639084074e-06,15
CPB1,7.8348446,1.072837949833088e-07,2.058584535203181e-06,15
SRP9,1.4986901,4.826542760570745e-08,9.811337620139598e-07,15
HMGN1,1.1597017,4.264211105608839e-08,8.763842199339832e-07,15
CERS2,2.593319,1.324939882628515e-07,2.507889876029516e-06,15
PRKAR1A,2.1131704,1.2134751210440183e-07,2.3138811276257767e-06,15
IGF1R,3.4821224,1.6381037522193075e-07,3.0530855214208123e-06,15
BNIP3,2.5131552,1.540632434920224e-07,2.8820051589324727e-06,15
NDUFC1,2.10241,1.6307123649078315e-07,3.042031336561378e-06,15
MAGED2,3.1154547,1.967893377462146e-07,3.6048668363439563e-06,15
ALCAM,3.3436024,2.0518988194037343e-07,3.7424001251560983e-06,15
RBIS,4.572169,2.332423777674065e-07,4.215076827961521e-06,15
BNIP3L,1.8931466,1.5295734641822847e-07,2.8645127617050815e-06,15
QDPR,3.580767,2.4597896504723547e-07,4.419057561140506e-06,15
SH3YL1,2.6936314,2.2425760732031416e-07,4.06804997681485e-06,15
PSD3,4.128962,2.736578923697008e-07,4.8693683649719546e-06,15
KRTCAP2,1.7728636,1.9991270615253244e-07,3.654099224556998e-06,15
NECTIN2,2.448779,2.7591183838610995e-07,4.904270785007162e-06,15
TCEA1,2.2816198,2.885563576162666e-07,5.1127674542034856e-06,15
NEDD4L,3.3168228,3.3200366709524893e-07,5.818043363658174e-06,15
NDUFB2,1.195459,1.7330830032041375e-07,3.2133409071569917e-06,15
MTRNR2L8,2.8346043,3.398006414911829e-07,5.945359059079691e-06,15
CIRBP,1.2983173,1.8952093646463548e-07,3.4888703237982097e-06,15
FASN,3.066536,4.0840394339329665e-07,7.013966546520514e-06,15
FBP1,2.7356937,4.059471944671513e-07,6.975345722142788e-06,15
KRT19,1.7413843,1.718607067118067e-07,3.1935623068258775e-06,15
KIAA1522,3.4541125,5.26731966384188e-07,8.833558442246025e-06,15
SLC44A4,3.8372605,5.326036481822318e-07,8.923106375464654e-06,15
HNRNPF,1.4464527,3.5026956464279216e-07,6.106232571561274e-06,15
NDUFA3,1.9662329,4.946837382528224e-07,8.346170656306799e-06,15
ASAH1,3.6828647,6.27043542099133e-07,1.0345138930421555e-05,15
ERBB3,2.2432165,5.365555274882286e-07,8.97139030283284e-06,15
C1orf43,1.8756083,5.346655342773008e-07,8.953178574735369e-06,15
AZGP1,2.2624931,4.64861196065317e-07,7.882663992531243e-06,15
GNG5,1.73754,5.468632452329314e-07,9.111942428394313e-06,15
SMIM29,2.3719451,6.181084493277899e-07,1.0212795812267686e-05,15
AFF3,4.1074204,7.832686124365916e-07,1.2697734427131812e-05,15
HIGD2A,1.5619075,5.417114299830435e-07,9.053085736453044e-06,15
SPINT2,1.4293809,4.778338355033248e-07,8.088367287942034e-06,15
MUC1,2.4165652,7.891049116846119e-07,1.2779994129798922e-05,15
ANKRD50,4.679353,1.0242245134940031e-06,1.6281286448863678e-05,15
ACSL3,2.79832,9.225584956229093e-07,1.4779160146130429e-05,15
RAB1B,2.5096934,1.0283788894382849e-06,1.6339581397749653e-05,15
PDCD6,1.447829,7.556208762205517e-07,1.227920533396973e-05,15
VAV3,2.800439,1.0716617268752062e-06,1.695500282128363e-05,15
PLAAT3,5.1266418,1.2914274888499808e-06,2.0044317169605368e-05,15
NAXE,2.3145914,1.125384516147251e-06,1.767159272289089e-05,15
NUMA1,2.714802,1.2263542955878736e-06,1.912280308150296e-05,15
CNBP,1.4202119,9.342679623962391e-07,1.493626393075894e-05,15
FN3K,4.824624,1.4823821307559868e-06,2.2807605067746127e-05,15
EVL,2.5393038,1.264883480784279e-06,1.9650512658168365e-05,15
ELF3,1.5902376,9.226785529947562e-07,1.4779160146130429e-05,15
PCBP2,1.2600316,1.1455371887268871e-06,1.7954382589555724e-05,15
C12orf57,1.4936116,1.422284922836536e-06,2.1953455405826163e-05,15
COX16,2.9284637,1.916222770176683e-06,2.8795711440186434e-05,15
IER2,1.0173686,6.395677152206317e-07,1.0541395939172094e-05,15
COX6C,2.9707,1.9527705964719615e-06,2.9266254949180542e-05,15
PHPT1,1.5030924,1.560905850752666e-06,2.3895181716154806e-05,15
MAST4,3.502738,2.208687389989902e-06,3.28230322320121e-05,15
GSTM3,2.1385381,1.7408804987725484e-06,2.6421209415986444e-05,15
PLEKHF2,2.808816,2.138029082823263e-06,3.1857678128376305e-05,15
SIGIRR,2.3438606,2.0080766836382488e-06,3.0068258949067186e-05,15
NGRN,4.1676617,2.3736772668570323e-06,3.510384003864714e-05,15
DUSP4,2.801828,2.1844924142521497e-06,3.24922661048476e-05,15
CERS4,2.8728654,2.4488971695446208e-06,3.615249118120428e-05,15
SUMO2,1.0689529,1.7952974104236178e-06,2.714881444680729e-05,15
C9orf16,1.2343265,1.5429216108886234e-06,2.3641449863323584e-05,15
ZC3H11A,4.551442,2.791928191466448e-06,4.085692123471908e-05,15
RBM47,2.2392979,2.5718616222462196e-06,3.785116747334815e-05,15
RAB11B,2.2067316,2.7486511956369554e-06,4.0258737883344595e-05,15
POLR2L,1.0714562,1.6573447846605945e-06,2.5222114760947425e-05,15
KIAA1324,2.730847,3.1849531484888594e-06,4.592713394387998e-05,15
GSE1,2.628943,3.2568593002256206e-06,4.680304960962619e-05,15
AHNAK,2.0175152,3.109865167176601e-06,4.4902276182638985e-05,15
NCOR1,2.1797588,3.271310495998343e-06,4.69704731790584e-05,15
CUEDC2,2.2963881,3.4649131452841675e-06,4.95593397893289e-05,15
NME2,2.9722447,4.010517890847247e-06,5.678209395394997e-05,15
CIAO2A,4.686625,4.846388740714949e-06,6.750528436558144e-05,15
PRKACB,4.643568,4.962512131879884e-06,6.895096081830289e-05,15
NAT1,4.2575235,4.9599488228763005e-06,6.894390529137753e-05,15
AKR7A3,4.632373,5.336660231835504e-06,7.384361420626842e-05,15
PLAAT4,4.3856425,5.554601004322046e-06,7.641791316077349e-05,15
EIF3F,1.2239125,3.838245389164377e-06,5.457337371681322e-05,15
KDM4B,2.6594834,5.422818126065854e-06,7.491216753145586e-05,15
MRPS30,2.777402,5.692199407639117e-06,7.815065916153238e-05,15
PRLR,2.4846954,5.762701554283615e-06,7.908624092971633e-05,15
CA2,4.6541586,6.544443286438841e-06,8.894131777570712e-05,15
ABHD2,3.9784317,6.870176174795788e-06,9.298978369222437e-05,15
SMIM22,2.1015167,6.095996190797322e-06,8.325155058450039e-05,15
NDUFB1,1.171643,4.90219476661575e-06,6.822593969587505e-05,15
TMEM141,1.7964145,6.500489929568023e-06,8.841562559920562e-05,15
EMD,2.2401412,7.763204896112206e-06,0.00010423765229003183,15
DYNLRB1,1.4155275,6.840800972807014e-06,9.263112855426729e-05,15
TC2N,3.0679154,8.707419016927196e-06,0.0001159871093116581,15
EFHC1,2.8039808,8.642577380962727e-06,0.00011535244247308828,15
RABEP1,2.462776,8.691677711353753e-06,0.00011582342555284714,15
LYPD6B,3.6079018,9.69036485508746e-06,0.000127962412442712,15
SCAND1,1.2935114,7.030899345630559e-06,9.49369544894503e-05,15
GNG10,4.7173133,1.0032843602491865e-05,0.00013217266585670843,15
SLC39A6,2.6835713,9.889059758075715e-06,0.0001304321483860077,15
SNHG9,2.103836,1.0427601124375725e-05,0.00013688434136124565,15
WBP1,5.174729,1.236665741683848e-05,0.00015916732786576342,15
JTB,1.1555772,8.821056981553777e-06,0.00011736099651657884,15
VPS28,1.3224046,9.48197143917081e-06,0.00012540804575758208,15
NDUFV2,1.6754866,1.1790633880834224e-05,0.00015263205364610604,15
TMEM14A,1.7979883,1.1559707721861596e-05,0.00015016427447674664,15
H2AW,6.7509623,1.4093948431317883e-05,0.00017879165065613962,15
PBX1,1.7320596,1.1175734028945188e-05,0.00014562754276023718,15
FIS1,1.457973,1.0931774925922646e-05,0.00014283703264136012,15
ZNF428,2.0883894,1.274534637901573e-05,0.0001634142442272808,15
CRAT,3.6174316,1.4219226834621201e-05,0.00018017645910843586,15
PAFAH1B3,1.8235896,1.2335290280741325e-05,0.00015882455712335692,15
NME3,1.4250195,1.0781324183909032e-05,0.00014103603527788333,15
TMEM230,1.424004,1.1411016281812852e-05,0.00014840515591635705,15
CANT1,2.708737,1.3975193872698229e-05,0.00017762106013041731,15
TBC1D9,2.244353,1.3851580297992042e-05,0.00017618348683160831,15
NAA38,1.6021367,1.3239125160742506e-05,0.00016901025402667582,15
UBE3A,1.9092567,1.4440904092176321e-05,0.00018277825062478715,15
RO60,4.8558774,1.6952729774959317e-05,0.0002119312371904251,15
TMEM14B,1.4698199,1.3386601880161071e-05,0.00017065754985271095,15
C18orf32,2.994018,1.684629977313343e-05,0.0002107578294258368,15
H2AC6,6.2556276,1.8411818748082675e-05,0.0002282997458888876,15
EIF4G2,1.06305,1.2197030118579955e-05,0.00015728588512391016,15
APBB2,3.732782,1.9365649638182358e-05,0.00023906634321467594,15
ZNF91,2.5920644,1.8567286530168092e-05,0.0002299724363029424,15
SLC25A3,1.0254296,1.5031809673213474e-05,0.00018947084864684446,15
FAM3B,4.843562,2.2396588035750617e-05,0.0002721753475750404,15
CD9,1.3100986,1.7934327843752506e-05,0.00022279084822492696,15
TFAP2A,2.1645317,2.2362407599194624e-05,0.00027185846802630915,15
CUX1,2.4453533,2.4479281030557018e-05,0.0002947091044673054,15
TMEM179B,1.7598865,2.325431537871673e-05,0.00028157869751535666,15
TTC3,1.706854,2.385759728416074e-05,0.00028784448579425735,15
UHMK1,2.0580597,2.5684482089396452e-05,0.00030844368555690886,15
OLA1,1.8103807,2.6438443592776664e-05,0.00031613969217302035,15
MKNK2,2.4055867,2.8518617281457354e-05,0.00033895922829105637,15
MED13L,3.0902178,3.02821984770653e-05,0.00035776513530089724,15
ADIPOR1,1.9548187,2.8873194864016185e-05,0.00034268783755625156,15
PARK7,1.19431,2.5839195016103825e-05,0.00030985786200755754,15
SERTAD3,2.572188,3.204242784543549e-05,0.00037604446198871645,15
NORAD,2.004518,3.090953548037575e-05,0.0003642785416539997,15
KIF5B,1.6183964,2.967711287263223e-05,0.00035135899853898963,15
FLOT1,1.8387632,3.096324762878599e-05,0.0003647833820572922,15
ARF5,1.6835634,3.0592307171761e-05,0.0003609203569637833,15
PHGR1,6.1233144,3.6892133575865374e-05,0.00042683651337292185,15
MRTFB,6.4782586,3.742240648575429e-05,0.00043207743061572624,15
LAGE3,1.4874208,3.1792731124653315e-05,0.00037376796167262424,15
H2AZ2,4.0430017,3.9191051488032674e-05,0.00045094581748202534,15
ZNF703,2.1217585,3.701283602577656e-05,0.00042793779149967996,15
RAB2A,1.3203938,3.416962681860517e-05,0.00039877642766974114,15
PTPRF,1.6140448,3.6244776439024885e-05,0.0004200711978373648,15
GSTM1,7.030984,4.909420237158782e-05,0.0005527588592633189,15
TSTD1,1.2343922,3.7370168689600716e-05,0.0004316228746618105,15
RAB14,1.9372596,4.59939698817593e-05,0.0005208250316691724,15
GLUL,1.3231014,3.981773968484259e-05,0.0004572156134095533,15
KRT18,1.28775,3.548451312661836e-05,0.0004126858719763892,15
PEBP1,1.0905788,4.130034309268807e-05,0.00047326778533373785,15
PNPLA2,2.5648441,5.075908079919101e-05,0.0005699733274474943,15
DNAJC4,1.9616939,4.858026809402932e-05,0.0005478919879427834,15
FAM162A,1.6011506,4.599100243117987e-05,0.0005208250316691724,15
TMEM256,1.7925972,5.506302422601508e-05,0.0006121540920002559,15
NONO,1.3232589,5.0786350998197715e-05,0.0005700886876942937,15
RBMX,1.5488209,5.469605011766694e-05,0.0006086795676830348,15
SRSF5,1.4409829,5.429332686320888e-05,0.0006043984322332854,15
UQCRHL,2.9820766,6.445831707519283e-05,0.0007088644323096069,15
NUDT14,2.3305697,6.476504731059095e-05,0.0007117576840906065,15
CREB3L4,2.4129925,6.809674614047431e-05,0.0007451983563776995,15
MACROH2A1,4.014443,7.162863857438369e-05,0.0007795250377752769,15
CYB5A,1.484077,6.184493625090645e-05,0.0006821246322892644,15
TADA3,1.9580082,6.674653737988083e-05,0.0007318553809279447,15
CDC42SE1,1.6789248,6.445951279163713e-05,0.0007088644323096069,15
CTBP2,1.6253854,6.410785878670631e-05,0.0007061549069178707,15
SELENBP1,2.2610817,6.972438702877471e-05,0.0007612713754336369,15
MYOF,2.4499443,7.412053287399577e-05,0.00080351544703513,15
GOLGB1,1.7788571,7.245086103175543e-05,0.0007874511762365875,15
SECISBP2L,2.8070543,8.270574101543936e-05,0.0008882591288500966,15
LSM4,1.0787481,6.517274418038171e-05,0.0007157691593170213,15
SERP1,1.2314144,7.668995938320374e-05,0.0008289584040193479,15
FLNB,1.9620032,8.19980049094843e-05,0.0008815048341887862,15
PNRC2,2.051153,8.61459546173478e-05,0.0009228430098436483,15
SYNGR2,1.6688905,8.36211417931311e-05,0.0008978030463775321,15
TMEM25,3.2200532,9.217000990198675e-05,0.0009826682460656508,15
XBP1,1.2443932,7.06863757588504e-05,0.000770520549017745,15
GASK1B,6.534377,0.00010043325058325437,0.0010618104409177848,15
PTPRT,4.209681,0.00010044794517253901,0.0010618104409177848,15
COX20,1.4725009,9.318305959235143e-05,0.0009918924156734558,15
DHCR24,1.709143,9.475233444325697e-05,0.0010066797749639792,15
POLR2E,1.5529466,9.500827684228617e-05,0.0010090793583176442,15
RGL2,2.636522,0.0001031829989816283,0.0010883210593845268,15
BCL2L1,2.289591,0.00010303924759738934,0.0010871467139553432,15
KCNC2,6.1597085,0.00011363593906902367,0.001183684171526125,15
CD164,1.4780936,0.00010162038238555614,0.0010731893090661017,15
DOP1B,5.4946055,0.00011666771534751285,0.0012107524258882822,15
LRRC26,3.0111775,0.00011675908051872308,0.001211325802560622,15
GINM1,1.8962619,0.00011039704306317104,0.0011538881961302024,15
CHMP4B,1.3075129,0.00010479435958032142,0.0011028891166249013,15
MICOS10,4.208454,0.00012527129141696542,0.001291933657359646,15
PIK3R3,2.7647083,0.00012609612336253502,0.0012993517891560023,15
PRRC2A,2.1709082,0.00012386725318320162,0.0012787416248131011,15
WWP1,2.0282755,0.0001234323896324269,0.00127503719761664,15
POLD4,3.5245335,0.0001342417224891998,0.001372326002441405,15
SLC35E2B,2.9064808,0.00013346728284300012,0.0013669087431563563,15
MRFAP1L1,2.269252,0.0001328326264294306,0.001361240184255891,15
ZMIZ1,2.6901631,0.00013653497471537176,0.0013927556682170167,15
GPR160,2.2804048,0.00013408213799113544,0.001371112497061181,15
PTP4A2,1.5002202,0.00013263388978058296,0.0013596189783406274,15
FAM214A,2.5441425,0.00014085530652935976,0.0014338172492568302,15
TMEM150C,3.6731856,0.00014486900765459584,0.0014697675092990921,15
H2AX,5.2693577,0.0001490802362673121,0.001509296771699944,15
PLAT,3.261704,0.0001499207895209236,0.0015166229218631065,15
SLC25A36,1.8970921,0.00014172197448309755,0.0014417717884263746,15
GRIA2,5.4257436,0.00015862037453773042,0.0015986436245102212,15
TFF3,3.7177222,0.00015924041525639123,0.001602966016841122,15
CALM3,1.3471885,0.00014217495587972895,0.0014459339585087899,15
COPA,1.5783055,0.00015160121905989632,0.001531583279665055,15
ERGIC1,2.1357803,0.0001591365425355865,0.0016024013128748446,15
HMG20B,1.9914587,0.00016137711269883346,0.0016220406763654699,15
CERS6,2.1597838,0.0001652707717414388,0.0016562136106900503,15
DNAJC19,1.6988913,0.0001615802643125355,0.0016231365004202942,15
ALKBH7,1.4279377,0.00015907080652673974,0.0016022203969109242,15
SPTY2D1,1.9885451,0.00016503019753216286,0.0016542970279217796,15
NAPA,1.873721,0.00017462648998914007,0.0017395744284899755,15
REEP6,2.9753568,0.00018416539535490005,0.0018248424004722904,15
PRR15,3.5820441,0.00018604114522786726,0.0018412631353724657,15
EIF2S3,1.2517906,0.00016158292164525096,0.0016231365004202942,15
SYTL2,3.3265078,0.00018960343537264142,0.001872089733833902,15
NUCB2,1.9968514,0.00018559878506696365,0.0018385023183493882,15
MOSPD3,2.354489,0.00018852829838453825,0.001862570738178438,15
SNHG7,1.5573854,0.00018165393174725218,0.0018020865201817762,15
RHOA,1.090602,0.00017681524129412192,0.0017587663132402561,15
SF3A2,3.0047498,0.00020093483037262664,0.001974671885592813,15
FDFT1,2.0267324,0.00019724273781883663,0.001942371893476688,15
EFNA1,1.8053107,0.0001978120346279275,0.001947406355578314,15
ADAM15,2.1478648,0.00020479319187124222,0.0020108221453610468,15
SNRNP70,1.4102587,0.00019270526622928291,0.0019011985856139594,15
SARS1,4.3186083,0.0002211329474715417,0.0021511079440669897,15
DBNDD2,6.190831,0.00024294845575408204,0.002335770634428473,15
KCNJ3,2.8185885,0.00023202742660540228,0.002243422287625194,15
TOM1L1,3.036159,0.00023834789988155819,0.002297249112048087,15
MAZ,2.3300672,0.0002358905760520708,0.0022761811885392714,15
TPBG,2.1935256,0.00023508093825676173,0.002269674654597019,15
HCFC1R1,1.4801818,0.00021980684922150967,0.0021394490800170215,15
SHROOM3,2.3006163,0.00024557127222189014,0.0023587359798380348,15
PHB2,1.3752968,0.00024134410630188754,0.002322475155035292,15
PLPP2,1.7162217,0.000248885667356994,0.0023864706028647615,15
DCLK1,4.0045533,0.00026808191063527897,0.0025501234726653123,15
IP6K2,1.7768456,0.0002553045287876608,0.0024410402508742673,15
CMBL,2.5085223,0.0002682393684520853,0.002550897833073828,15
SLC38A1,1.502207,0.00025001904506120523,0.0023966529838233453,15
RAMAC,4.550435,0.00028268587631658437,0.0026723694976140237,15
BAIAP2,2.5274858,0.00027815603886938075,0.002632514587956518,15
LRP2,5.2189827,0.00028784659937579115,0.0027188574456951313,15
BRD3,2.1957164,0.00027729859164394427,0.0026258814405221726,15
M6PR,1.7678021,0.00027000949673689964,0.00256482258002049,15
KDELR1,1.3880628,0.0002660459703744657,0.002531474579384384,15
FNBP1L,2.2595012,0.0002815322349006465,0.00266296466181686,15
XAB2,2.7864792,0.00029051705130829915,0.0027402228396883185,15
MLF2,1.3347214,0.0002708576761990778,0.0025714229599188418,15
GDI1,2.0978923,0.0002880014122515375,0.002719553876218699,15
MCCC2,2.5078654,0.0002995533317999329,0.0028199040982041955,15
BCAT2,2.8769183,0.00030598385101122597,0.002876855573227108,15
SPR,2.3933923,0.0003065125723126651,0.0028805654771474083,15
HSD17B14,4.1237974,0.00032141253352250626,0.0030071123533830916,15
ERBB4,3.5021758,0.0003232828034906819,0.0030212394850601732,15
MTLN,4.039366,0.00032593750911207194,0.0030426579440935163,15
H4C3,3.5060499,0.0003239889322537895,0.003026995202430182,15
CD46,1.6993932,0.0003121897071718029,0.0029273567146350125,15
LMX1B,4.053135,0.0003342849917567317,0.0031127853716025923,15
SLC19A2,2.9709117,0.0003379874652032852,0.0031428992432446325,15
GRB2,1.726893,0.00032943358020170506,0.003073583230471596,15
EFHD1,1.7360004,0.00033008009106523956,0.003078758713687208,15
ABCC5,2.6502364,0.00034763371339121413,0.003217434431803177,15
SEPTIN9,3.3461037,0.00035274246931756324,0.0032593209816474903,15
KDM5B,1.7681068,0.0003398618356647917,0.003156372804235443,15
DHPS,1.4707319,0.0003337908385325228,0.003109047074484684,15
FASTKD1,4.607982,0.0003763922461738778,0.0034550006373612577,15
PRR13,1.2070606,0.0003437188959433352,0.003189121850300251,15
PCSK6,4.716975,0.0003870376471338213,0.003539157503412078,15
BAD,1.8489077,0.0003703338455641753,0.003404980129952852,15
SELENON,2.8318312,0.000380302824850179,0.0034861265505055626,15
DOCK1,3.2700467,0.0003887517808418334,0.0035528946815302277,15
GLCE,3.5220304,0.0003930705335562268,0.003588453665217584,15
H1-10,4.425292,0.0003934242611329864,0.0035907056170507473,15
DPP7,1.5327064,0.0003739342243098832,0.0034333774480092504,15
MRPL55,1.0872589,0.0003505831664305767,0.00324204852088447,15
SMIM14,1.4046282,0.00038568247227125014,0.0035286895260365526,15
ATN1,3.3875692,0.00042921643579202297,0.0038835577213110987,15
SMARCE1,2.2564538,0.0004191284841377606,0.003801511218622128,15
EIF2AK1,1.775919,0.0004154983260069334,0.0037757326883225556,15
MRPS27,2.756681,0.0004333551020638265,0.003914551165655381,15
KRTCAP3,2.395055,0.0004328753838706497,0.003913496832993386,15
ZNF75A,2.506029,0.00043345884228985674,0.003914551165655381,15
LINC00993,8.266119,0.00045242550373459284,0.004065042545074197,15
PCM1,2.3504295,0.00045000092474490336,0.004046509655996998,15
FXR1,1.5780692,0.00043805225330388565,0.003952841169778216,15
NINJ1,1.5039617,0.0004408238934122812,0.003973575439113497,15
EIF4EBP3,5.1278214,0.0004740655670425529,0.004240168849113138,15
ICA1,2.5442789,0.0004652939561449769,0.00417284079760927,15
POLD2,1.4952513,0.0004370652022970238,0.003944995680905402,15
STC2,2.270771,0.0004539950918732528,0.004078052859271765,15
ASH1L,1.5854015,0.00045539529838912795,0.00408892452904759,15
PRDX3,1.2132385,0.00044138788890916883,0.003976521939807261,15
EFR3A,2.1074624,0.00047270790151420573,0.004230281676811092,15
CHD6,1.8894137,0.0004699636377024616,0.004213592721779809,15
PAGR1,3.9348567,0.0004982712006034178,0.004427156116407744,15
PLEC,1.956964,0.0004874201414102532,0.004344554600861361,15
MTERF4,2.3175209,0.0005026482274045895,0.004461318919126048,15
SERINC2,1.5732147,0.00048313353354885447,0.004308636492624867,15
FOS,1.0653738,0.00044045677806387823,0.003971333546516274,15
TSC22D1,1.7374874,0.000504415609236898,0.004474637384135096,15
CNTD2,4.9170847,0.0005337782139079778,0.004701537571609108,15
COQ4,1.94746,0.0005170404274689129,0.004575333197617208,15
SRI,1.7573628,0.00051804258484393,0.0045773620490648734,15
DNALI1,2.7862394,0.000531328210222478,0.004682991065271108,15
SLTM,1.3478072,0.0005050544300178952,0.004479119681975205,15
RAB13,1.2773249,0.0005160403243999021,0.004569300031863019,15
EPB41,2.6821816,0.000548551391322914,0.004815221726344375,15
RNF115,1.6165156,0.0005251782925625355,0.004633089192751184,15
SNHG8,1.1069765,0.0005016565989624761,0.004454875294095952,15
SNAPIN,1.7168617,0.0005393785563364255,0.004744635761363768,15
PAIP2,1.1023831,0.0005065888564128768,0.004491540267762173,15
POLR2D,2.6723843,0.0005576980745478675,0.004884607960152891,15
CISD3,1.3565066,0.000517501512947755,0.004576140599231192,15
NBPF1,3.5606205,0.0005760299877680764,0.005019647134250208,15
IL6ST,1.4192569,0.0005472552982353507,0.004805102083275365,15
SLC29A1,2.3157308,0.0005770427269881582,0.005024556102261115,15
RAD50,3.671129,0.0006084382444448847,0.005271926416152384,15
SERINC3,1.5323405,0.0005769796428892203,0.005024556102261115,15
DNAJC25-GNG10,6.050671,0.0006181772223597583,0.005346643170492175,15
NFIX,2.451639,0.0006044208727860196,0.005239824371702219,15
KRCC1,1.6576189,0.0005842075394357246,0.005085622912072057,15
PRXL2B,5.7771173,0.0006243026128478303,0.005389892905412889,15
ACBD6,1.6073636,0.0005931488569156718,0.005152759857500272,15
SLC9A3R1,2.0320213,0.0006213975870187195,0.005370341784641811,15
NDUFB9,1.0305595,0.0005728590451075928,0.004995908796659846,15
TIMM17B,1.5143044,0.0005991690097981805,0.005199670829919993,15
COA5,1.8227136,0.0006152997034490489,0.005327250220285119,15
UBR5,2.157465,0.0006304722006257943,0.005437433742976269,15
ROMO1,1.0940728,0.000596134771236295,0.00517601769661832,15
TBC1D8,3.410525,0.000656953745961547,0.005645627874275237,15
SDHB,1.7236743,0.0006373370126772372,0.005492528453804525,15
PDAP1,1.1390847,0.0006041383351650833,0.005238729033033108,15
CRIP2,1.998146,0.0006445142494806824,0.00555295464727243,15
LDLRAD3,2.5480673,0.0006519553400344685,0.005608421149037217,15
AUP1,1.0799451,0.0005902485063141151,0.005131551360881736,15
PEX2,1.704563,0.0006601127187547271,0.005666967161441593,15
CACFD1,3.2936492,0.0006929423192361468,0.00590947834464775,15
PPP2R5A,2.5055885,0.000691314389824286,0.005899040867072683,15
CASZ1,2.522929,0.0006956663530503313,0.005929693811349723,15
RHBDD2,1.9455146,0.0006859646741156715,0.005860402734211344,15
RNF7,1.0052644,0.0006501297790887365,0.0055955870978740855,15
ARPC1A,1.2164651,0.0006733050540880467,0.005761052249787545,15
VSTM2A,4.651542,0.0007538792945107287,0.006358024998034788,15
UCP2,1.748226,0.0007226129173881155,0.006126683483851057,15
CNOT7,1.5726153,0.0007243938526515728,0.006140231036589942,15
ARID1A,1.8590828,0.0007396688499345419,0.0062523268386225975,15
ATF5,2.2279925,0.000745468120821504,0.006296586814523814,15
SMG1,1.6194423,0.0007250790780269453,0.006142934416797619,15
CRELD1,2.570941,0.0007631789325268187,0.0064299885897719225,15
RESF1,3.1060421,0.0007665778441318014,0.006453761915166855,15
TBC1D16,2.8591754,0.0007787037760171537,0.006544350626758044,15
ENTPD5,3.6408882,0.0007896658586233427,0.006626515527667135,15
MCRIP1,1.6153792,0.0007643733088939662,0.006438434242494355,15
POLR3K,1.7740967,0.0007810272552362645,0.006558947212789071,15
RET,5.114731,0.0008512772183737117,0.007090312684746129,15
PRXL2A,5.6887827,0.0008569746282516644,0.007127147534388563,15
SPAG16,3.2246387,0.0008548758276001439,0.007111455886293756,15
SF3B2,1.2687094,0.0008111500931124501,0.006789814143520012,15
MRPL43,1.3953813,0.0008485771637388971,0.0070766103055610015,15
ERP29,1.0520555,0.0008187676541338138,0.00684674292877144,15
AK1,3.9217625,0.0009084366315181379,0.007488295172708249,15
STARD10,1.7475868,0.0008711430768142198,0.007229194858481769,15
VAMP3,2.1474175,0.0009013781473842765,0.007442915913691782,15
CBX5,1.6316063,0.0008833516242068429,0.007310263219225689,15
EIF4H,1.3834242,0.0008829812134919198,0.007309001204771096,15
ARFIP2,2.0741627,0.0009341830308086559,0.0076628596322702676,15
ITPR2,2.562664,0.0009706264167638934,0.00793849808453493,15
SPIDR,2.7677324,0.0009717978058907387,0.00794614095743083,15
POLR2A,2.0283504,0.0009655590572963002,0.007904763568653944,15
MRPL57,1.1174334,0.0009314620388429035,0.00764492227978327,15
CYBC1,1.8559519,0.0009748912587376223,0.007967550611432405,15
BSCL2,3.8579874,0.0010108755926239855,0.00823355469941746,15
GSTZ1,2.3601952,0.0010123583554710052,0.00824162902933325,15
RELL1,4.1813493,0.0010368673680573855,0.008426839930218746,15
TM7SF2,2.7004712,0.0010262284429615792,0.008348466700309079,15
ABHD14B,2.2212608,0.0010503637618429552,0.00852207327914237,15
ZNF689,3.2154276,0.001072002800139115,0.008668284937190466,15
RALY,1.1716189,0.0010220663590894366,0.00831662487875274,15
AKAP9,1.3488808,0.001059923833272928,0.008587175191257797,15
GTF3C1,2.439973,0.001102974298589164,0.008899413266533355,15
ZNF706,1.0295665,0.0010623204350083029,0.008599565506310164,15
NXPE3,2.8353665,0.001132700082648868,0.009106398243558408,15
OXR1,1.9030882,0.001135899738186175,0.009127746314926329,15
GNB1,1.4363421,0.001108690109601311,0.00894338022273631,15
PSMA6,2.2598593,0.0011507442682248425,0.00923155070569946,15
C9orf152,2.8685663,0.001162053742687303,0.009312480619357666,15
HEXIM1,1.8045815,0.0011444969905821923,0.009192426619041502,15
GAPVD1,2.0151396,0.001146205839387336,0.009203947823531395,15
ECHDC2,1.9550494,0.0011710818947234447,0.00936662774290495,15
VEZF1,2.0474818,0.0011793311568475296,0.009424814470293778,15
TMEM14C,1.3153949,0.0011622206813342235,0.009312480619357666,15
NUDCD2,1.6043,0.0011751060448785973,0.00939552606704959,15
ASCL1,7.199958,0.001242055970048354,0.009864977336346637,15
RAC3,2.179342,0.0012090799941283981,0.009641881141954495,15
CCNG1,1.8891654,0.0012112679059299474,0.009651421443668921,15
MEF2D,2.6287308,0.001235418406532784,0.009816908024997894,15
PLGRKT,1.6138012,0.0012108600567503481,0.009651421443668921,15
HEBP1,1.4506731,0.0012005366277962062,0.009582865072087709,15
ARFGEF3,1.879147,0.001232271813483496,0.009794224856883872,15
MBOAT2,2.364799,0.001265361248022289,0.010033447191469405,15
RNASET2,1.3039021,0.0011888520899416767,0.009496377220465296,15
NOVA1,2.6336484,0.0012674001918379723,0.010044865272787671,15
TRH,5.823581,0.0013056877080932427,0.010321487489313094,15
PFN2,1.7780991,0.0012565878114317501,0.009970951450965776,15
TSC2,1.9968952,0.001265171485170481,0.010033447191469405,15
RHOH,2.2595499,0.0012813879565986008,0.01014374166917009,15
ST6GALNAC2,6.6669707,0.0013409638649393512,0.010572935823679073,15
PMVK,1.3147668,0.0012652504810915942,0.010033447191469405,15
SESN3,3.330724,0.0013362654857299663,0.010540846814879774,15
HSPA5,1.1300987,0.001309481070605368,0.010349035011586863,15
SECISBP2,1.8501815,0.0013987066535890024,0.010963781226461492,15
SH3BP4,2.5759666,0.0014191970352884491,0.011095871272869434,15
LRRCC1,2.400874,0.0014199232152534715,0.011098961678586969,15
UFC1,1.270474,0.001382194849769447,0.010854647027889726,15
ATRX,1.3715583,0.0013845080269358598,0.010867723784567206,15
HDLBP,1.254384,0.0013620286585991083,0.01071635074784722,15
EPS8L2,2.1273885,0.001416237103418953,0.01107531095494873,15
YWHAE,1.0111855,0.0013704693089773344,0.010780232432553652,15
SLC7A2,3.2629416,0.0014660906594522992,0.011411962591944666,15
CCDC106,2.5825086,0.0014489902376377665,0.011299832959918234,15
THAP4,2.0097282,0.0014380244928198485,0.011222145070653918,15
MACF1,1.6052331,0.0014336718456977144,0.0111907813303577,15
COPS5,1.737414,0.0014539037622117905,0.01133288080138175,15
WASF2,1.2092243,0.0014079799832879872,0.011026163114513746,15
EPB41L5,2.686475,0.0014848482900986447,0.011528540856064499,15
DCAF8,2.4048717,0.0015006278397397825,0.011640277144475495,15
SNHG32,3.7037373,0.0015142876715758017,0.011735756223636195,15
COX17,1.1013556,0.001452508347149349,0.01132463562801867,15
ZNF664,2.162718,0.0015129249678175476,0.011732951756200777,15
CDK2AP2,1.4093196,0.0014866408752888297,0.011537117445178768,15
ELOVL5,1.3873827,0.0014804028268327488,0.01150734442984872,15
BRD2,1.0969467,0.0014658613785388413,0.011411962591944666,15
FOXJ3,2.4187949,0.0015532641432642186,0.01200692155547941,15
IARS1,4.369577,0.001589807312954951,0.012258328065246439,15
COBL,2.9598043,0.0015767601551309237,0.012166117405853764,15
ZNF580,1.7064202,0.0015596904504526763,0.012048267480108985,15
NOP2,3.7670531,0.0016114549221250842,0.01240514671257457,15
TWF1,1.8604782,0.0015774049658472662,0.012168293458942768,15
HECTD1,1.7188143,0.0015854484562652462,0.012227529701446914,15
CCDC126,3.1712472,0.001680639182518132,0.012896435328492486,15
GPAA1,1.5356984,0.0016719696912162387,0.012847545340912682,15
BCL9,3.3658018,0.001726559677066193,0.013206508125080315,15
BEX4,1.6263046,0.0016791686486905622,0.0128910495870291,15
SMG5,2.679973,0.0017396208580453393,0.013284387710982977,15
CUTALP,4.6455927,0.001791549358922716,0.013623323127123596,15
BCL2,2.2902684,0.0017593567067311592,0.013411496204652228,15
TOM1L2,2.8405826,0.0018017969543602389,0.013691452570502213,15
ILF3,1.3009332,0.0017461259370565316,0.013325781582437572,15
PKN2,2.0062652,0.0018071598673498556,0.013729093796326503,15
MAPT,2.3383195,0.001875615040006746,0.01418169613545227,15
NARS1,4.715065,0.0019287471779568816,0.014537552605809386,15
XPA,2.1496525,0.001887102457771228,0.014258910460938218,15
PPP2R1A,1.3136277,0.0018504515534519255,0.014026213684594585,15
EXOSC10,2.2323418,0.001903629636512531,0.014367606129222953,15
TP53TG1,1.6755453,0.0018835440865804692,0.01423523033077862,15
HNRNPUL1,1.5695249,0.0018983094865430842,0.014340360019851709,15
RALGPS2,2.3369014,0.0019370123199852797,0.014596569360733827,15
SORD,2.2837875,0.001943399978355636,0.014634840295021642,15
ATRAID,1.0840563,0.0018624378940083795,0.014094771977196538,15
ZNF678,3.7439473,0.0019867218385228418,0.014921754610856595,15
VCP,1.2629257,0.0018993408534565025,0.014341691032369328,15
JUN,1.0034208,0.0018317105397984354,0.01389357829384426,15
CYTH2,1.7434998,0.0019600503215764175,0.014753601399460194,15
MMEL1,2.9191215,0.002003890583462122,0.015026267395462336,15
IGBP1,1.5987966,0.0019666773850394335,0.014786892215110432,15
FKBP4,1.4612918,0.00199514301884915,0.014970714092890235,15
CLTC,1.6099135,0.002011319016534793,0.015075229303596312,15
PAXX,1.5422268,0.0019898676531954164,0.014934471012715923,15
MRPL41,1.1550356,0.0019728307806621795,0.01482651069105762,15
LETMD1,2.0002356,0.0020323139470799063,0.015202016525202304,15
RNF167,1.9717802,0.0020474398163270935,0.015298101777551134,15
ANTKMT,4.125139,0.002126921294758829,0.01581446844325114,15
NEU1,1.9320846,0.002099156436325032,0.01563575528109658,15
CIZ1,2.404306,0.002106975850176712,0.015687031518485484,15
RAB17,2.386061,0.0021195323234588933,0.015766518886922765,15
ECM1,2.822608,0.002145503169502528,0.015917346119947863,15
ZBTB4,2.6948397,0.0021506063989589343,0.015948151498448287,15
PPP5C,2.2836,0.0021257406427273046,0.015809194434083487,15
DAZAP2,1.0661094,0.002053274231296994,0.01533486328032342,15
HPN,2.5473568,0.0021493313035725633,0.015942220533641607,15
IKBKB,1.9968692,0.0021376415270831953,0.01587727219123072,15
TULP4,1.8258291,0.00212897953697102,0.015822757068368047,15
COA3,1.4423857,0.002141824700715467,0.015900606969167216,15
LRATD2,5.302305,0.0022145547827423884,0.016334732837553677,15
ZNF800,2.055924,0.002167246887596048,0.01604671696619405,15
PPP6C,1.6093943,0.0021514201999396254,0.015950659798005078,15
MRPS26,1.2697601,0.002128580730360388,0.015822757068368047,15
GARS1,3.9155324,0.0022272795510178216,0.01640790323318444,15
CCDC71,2.8292148,0.002218170190581762,0.016353366522942347,15
PAWR,1.623262,0.002174702097187819,0.016087711301671075,15
KIF13B,2.6147223,0.0022271170900057,0.01640790323318444,15
HK2,2.5291567,0.002228379473814302,0.01641240139025154,15
TIMM22,2.2160826,0.002214912046307329,0.016334732837553677,15
MFAP2,2.5115032,0.002232041917479028,0.016435766839553036,15
GAMT,1.8791648,0.002218413812330809,0.016353366522942347,15
AKT2,1.9589242,0.002233633309339802,0.016440266585158285,15
CH17-340M24.3,4.921788,0.0023056501471671316,0.016885111700028987,15
SP3,1.9550345,0.0022594319971913383,0.016608285912293377,15
CAPRIN1,1.3521223,0.0022134230912249668,0.016330933546585265,15
EPN3,3.505139,0.002307706771985541,0.016896483920359535,15
HDHD3,2.1761396,0.0022862683885753123,0.01678715587154215,15
CPA6,6.9262834,0.002332421499670122,0.017051383940809843,15
PTAR1,2.541079,0.002334361903309672,0.01706185064260399,15
MTA1,1.6362015,0.0022913124041068515,0.016813150152296633,15
CD151,1.4126034,0.0023038833853794875,0.016879544043034815,15
MRPS34,1.0271722,0.0022529406060928505,0.016564200102797084,15
TMEM205,1.0425272,0.002239584595938446,0.01646961344713252,15
CLPP,1.3341266,0.002319660344621596,0.01697659341456534,15
DENND11,4.886816,0.002429121398384082,0.017623872122691,15
CHID1,1.4974413,0.0023551586601929055,0.017183897459545412,15
PYGB,2.681586,0.0024367611966308635,0.017667835559056592,15
RTKN,2.6647618,0.0024377923611512047,0.01766986104286821,15
FUNDC2,1.2944925,0.0023795311582253185,0.017320280941413933,15
CHD3,2.1655924,0.0024380941804476334,0.01766986104286821,15
BTG2,1.2032164,0.002330114619530922,0.01704194820185056,15
INPP4B,2.364862,0.002447428619029531,0.017726021012927983,15
SCAMP3,1.6583053,0.002423564423174068,0.01759497279603494,15
DMAC2L,4.307884,0.002507706207266649,0.01811175148534252,15
INTS11,1.8745494,0.0024577182013276085,0.017785183644170293,15
GET3,3.5423236,0.0025102544741856703,0.018122547470054835,15
SMIM19,1.220174,0.002432021731173255,0.017637284515736682,15
BTBD3,3.209663,0.0025579778359401326,0.018399557065251555,15
MKKS,2.0219045,0.0025286331715655553,0.018227570429288693,15
TM9SF2,1.4361614,0.0025039354868848277,0.018088412699893173,15
RANGRF,2.3428934,0.002605321922450358,0.018680013381981074,15
ZNRD2,4.623255,0.0026476872786922985,0.018923093759773787,15
AARD,1.9911348,0.0025943024024496224,0.018612940509211293,15
C5orf30,2.4235065,0.002646222551479126,0.018918575350340777,15
MARCHF5,5.0586634,0.0027030652033704487,0.019259787347179966,15
TP53I11,1.7407136,0.002620564175348324,0.01877324711776124,15
PYGO2,3.041797,0.0026891013579407536,0.019178215744565345,15
LARS1,3.4600375,0.0026916842452096054,0.019192555541788985,15
PPP1R16A,2.2228603,0.0027344973061871622,0.019427615790473123,15
CLMN,2.0812707,0.0027241616997711986,0.019386704425249437,15
PKP4,2.3370364,0.0027446397198152162,0.0194872906101444,15
FOXO3,1.5426012,0.0027265895043455473,0.019389258588325284,15
LAMTOR3,2.047594,0.0027775350504400153,0.01969583575619631,15
AFF4,1.2929218,0.0027009713811996005,0.01925059096829915,15
ADD1,1.6450689,0.0027367192906960942,0.01943928456781823,15
AJM1,3.5922675,0.0028292161484824276,0.019994677378055013,15
IRF6,2.1164396,0.0028076625914630125,0.01988425062927806,15
MAP7,1.9255556,0.002789465159637249,0.019776252572266534,15
POFUT1,2.6798668,0.0028273919089074843,0.019994677378055013,15
SPG11,2.0556874,0.0027920163022839813,0.01978597481405177,15
DNAH14,2.6729555,0.002829094717129693,0.019994677378055013,15
ENOSF1,2.0682325,0.0028222786975188245,0.01997089658090272,15
KIFBP,4.6903896,0.002876815826681849,0.020258509267842933,15
HOXB2,2.139976,0.0028443370548420534,0.020084612453991013,15
OCEL1,2.2439878,0.0028789419555020493,0.02026497211531883,15
SPTLC2,1.9295552,0.0028854414965342463,0.020303012909296623,15
MRPL37,1.4899026,0.002860423793892788,0.020176966239949107,15
ECI2,1.7475795,0.002866124623246144,0.020208678996909594,15
ZBTB7B,2.0782495,0.0029036647438638553,0.02041391310708439,15
ZMYM2,1.7645587,0.002943932545893727,0.02064373082248272,15
RNF11,1.5854944,0.002931429914318748,0.02057398844029402,15
C12orf10,1.8170465,0.002956866925505862,0.020713507424476217,15
CCDC170,2.2900493,0.002960251522438667,0.02073288709837447,15
RSRP1,1.226236,0.002899368684593954,0.020391638718801803,15
COL9A2,3.8903027,0.0030287260793005343,0.021172676412217428,15
SEPHS2,1.1406738,0.0028463271665907174,0.020094434749446277,15
DDR1,1.5326352,0.002932731732790147,0.02057881904801555,15
SPSB3,1.5512438,0.0029519107084794724,0.02068489769715159,15
ARPP19,1.1753198,0.00292282304327481,0.020522170335876156,15
MRPL52,1.016172,0.0028764190420376787,0.020258509267842933,15
CDK17,2.3611877,0.003041396558669532,0.02124796541852422,15
SHMT1,3.1658287,0.003094631740306598,0.02154806792643214,15
AUTS2,2.1440914,0.003076378889180396,0.02144768745001032,15
MFSD10,1.3535203,0.003030425125982377,0.02118013943541882,15
TNRC18,2.343085,0.0031127249432894495,0.02164708839371168,15
ZKSCAN1,1.3726346,0.0030555970991922284,0.021324965106951005,15
TMEM106C,1.4253535,0.003055137631562646,0.021324965106951005,15
GCNT1,3.3275764,0.0031828155719640676,0.022057430775947986,15
FAM102A,1.8805518,0.003131796926584971,0.02177069444861897,15
SERPINB6,1.718325,0.003147614149279709,0.021857997138921472,15
C5orf24,1.4501472,0.0031380941802465695,0.02180091485079747,15
IMP3,1.2024597,0.0030939484066838693,0.021547783120553086,15
TARBP1,2.1690834,0.0032022728404760632,0.022168716892137796,15
VPS37C,2.645298,0.003245180650050472,0.022433347935561187,15
METTL26,1.102451,0.003138978609259619,0.021802543287052577,15
ABITRAM,4.989766,0.0032988753583165003,0.022748268584147562,15
KIAA0319L,2.0079107,0.0032491252642296853,0.02245319799277565,15
SGSM3,3.3462048,0.003298754123865699,0.022748268584147562,15
ARRB1,3.2783687,0.003301646658856299,0.022758021081935705,15
SNHG12,2.0286965,0.0032493909858660446,0.02245319799277565,15
HINT2,1.2701379,0.0032049759855985425,0.02217827512543031,15
FAM174A,1.7581913,0.0032501281171574644,0.02245366574203471,15
TASOR,4.136339,0.003332838633053657,0.02294473329048701,15
TRPT1,2.2817552,0.0033075726713060155,0.022784821312030204,15
TMEM181,1.8193399,0.0032808313554590646,0.022642461829928497,15
PTK2,2.0036218,0.003315569329802189,0.02283521784207294,15
DLGAP4,1.8484317,0.003307032887246648,0.022784821312030204,15
RELCH,3.9714565,0.0033748580477689777,0.023162699770865415,15
ZNF322,2.3146832,0.0033470201807745317,0.023032910111481036,15
SPTAN1,1.5593601,0.0032822457186742022,0.02264756298087871,15
INPPL1,2.079658,0.0033224774790697967,0.02287809836285774,15
WARS1,3.640717,0.0033980002269634866,0.02329293390815089,15
MAGEF1,1.4275713,0.0033023272238553586,0.02275803521991629,15
COPS7A,1.7723376,0.003388347850316374,0.02324101743301871,15
GLTP,1.5572414,0.0034045626417147255,0.023333149890836454,15
DHX9,1.5561678,0.0034564684474144053,0.023630943374383727,15
TLE5,2.805159,0.0035102203546948114,0.023954486453065856,15
ZNF467,2.682324,0.0035669207749042075,0.02428213714452243,15
CBWD2,2.2189085,0.003543835558687996,0.02415439717007805,15
GSTM2,4.818991,0.0036114925165858917,0.02453576473542787,15
RNF14,2.016478,0.0035468446516876205,0.024160177998020813,15
PPP1R37,2.3649383,0.003575704587429094,0.02432712121033656,15
ACYP2,1.9057832,0.0035504501061555875,0.024179826804175547,15
NOSTRIN,3.108188,0.0036143948516493864,0.024550509866174984,15
G6PC3,2.0614805,0.0035816970287110756,0.024358008929440022,15
TASOR2,4.1590204,0.0036323816574636686,0.02464772671919662,15
CRYZ,2.2806659,0.0036100785737293354,0.02453112752055422,15
TUSC2,1.353908,0.0035302070358987745,0.024076184260081495,15
SELENOT,1.0265619,0.003479801058248796,0.02377108091542217,15
SNX17,1.4996748,0.003578068283055047,0.024338265723372405,15
SIPA1L3,2.6037183,0.0036380501272986606,0.024676206131390165,15
ZNF32,1.875709,0.003627812515824687,0.024626686823168552,15
NIBAN2,5.644592,0.0037071356337645524,0.02503846884657609,15
STK16,2.0843909,0.003644156568966338,0.0247026385367219,15
CYB561,1.7289792,0.0036491211666685513,0.024726297586107046,15
TCTA,2.403043,0.003752469268414708,0.025293724222648254,15
TSTA3,1.3442421,0.0036793299319429155,0.024895784798728532,15
PLD3,1.5607203,0.0036965827327564258,0.02497909449707853,15
PIAS3,2.3471656,0.0037771748372184373,0.025439803456856144,15
TRAPPC1,1.2778069,0.003696855343713599,0.02497909449707853,15
PTP4A1,1.41399,0.003803820374940162,0.025588435458457275,15
GLMP,2.4031281,0.003879215068948975,0.026043385233710484,15
NEK10,3.8564942,0.003942436883558026,0.02641495715369951,15
CITED2,1.5906309,0.003856771844891439,0.025913458423378156,15
TAF15,1.5070806,0.0038741320981808785,0.026019676552880424,15
CCDC24,2.8689392,0.003981400371416007,0.0266175303682807,15
RALGAPB,1.9799125,0.003939255796261346,0.026398916815664697,15
LRP10,1.3905257,0.0039049152058260443,0.02619495218372227,15
AP1G2,2.145626,0.003987438521324523,0.026652585779941375,15
SP1,1.8413823,0.003964870796809338,0.02653346596085036,15
CCDC125,2.9859207,0.0040422418340526085,0.026970525831700523,15
GRINA,1.4375247,0.003970411429278274,0.02655994610080227,15
RAD21,1.1887246,0.003944526559744856,0.026423679916197765,15
RASEF,2.2729359,0.004064458434696595,0.02708642963603387,15
CRACR2B,1.6522306,0.004014436526962374,0.02681167175444942,15
SLC9A3R2,2.1279855,0.004072178363532255,0.02712436488447603,15
VWA8,3.498122,0.004134357703425949,0.02747038267246628,15
RAB10,1.4521788,0.0040695735849709804,0.02711513063438849,15
PDXDC1,1.5796268,0.004073946957179222,0.0271281030158325,15
MRPL24,1.2727958,0.00403732716535573,0.026948455811581402,15
SUSD3,1.9987036,0.004143598693407403,0.02752087995555994,15
FGD3,2.649209,0.004178247355503726,0.02772904522179471,15
LNPK,1.9454827,0.004200819025052056,0.027845784766654346,15
WWC1,2.5559244,0.00424143792474478,0.02806511529569238,15
IRF2BPL,1.5496488,0.004203727685469099,0.027859559434562153,15
ACACA,2.8260415,0.004324006128129869,0.02851582570656782,15
VPS37A,2.1357276,0.004338651673359456,0.028595542498752114,15
SNRNP25,1.5202378,0.0043084872096275425,0.028430251721053987,15
CDH7,9.380736,0.004441058080159531,0.029178752020887527,15
USP21,3.356581,0.0044083100201771945,0.028997671383950437,15
PRCC,1.5058885,0.004317084319728801,0.028475776827536624,15
CTR9,2.0116293,0.004428161663465011,0.029116025779838097,15
TRAK2,3.1549408,0.004481164674748665,0.029378957067190185,15
NDST1,2.3348317,0.004447208655654061,0.029213440172207766,15
MIR570HG,4.098068,0.004497246617850638,0.029472870029177072,15
RAB3B,4.8905535,0.004516809894300603,0.029572188300748883,15
C6orf120,2.9163787,0.004504813493260474,0.02950516488526646,15
HID1,2.8013349,0.004566339915773557,0.02987897134509576,15
KCNE4,1.7392566,0.00445528551294018,0.02924576037152572,15
YY1,1.1511862,0.004438945491770274,0.029170585959926876,15
ZNF385A,2.7920916,0.004595813649263776,0.030065961694939792,15
PPP6R3,1.5939232,0.004503632002324071,0.029503187693349937,15
NME4,1.2752135,0.00449632050748639,0.029472559339769593,15
NCBP2AS2,3.8672414,0.004638512222436879,0.030280330566904504,15
FUCA1,2.274967,0.004603109317315307,0.030107817787065665,15
H1-2,5.1945376,0.004698830087092567,0.030614502710017828,15
TFDP2,1.7270142,0.004617367209020042,0.03018341718139568,15
CLN3,2.7857597,0.00469592465186339,0.030607463806480755,15
H2BC12,5.1686573,0.004761332731103258,0.030949585491072552,15
NOTCH2,1.7299052,0.004683161663248853,0.030530209008169055,15
MEA1,1.114469,0.004644782402871453,0.030309464314146186,15
TMEM120A,2.3430536,0.004785931871423014,0.031062004390063323,15
SNRNP200,1.2386854,0.004639534107024183,0.030281107897197533,15
POLB,2.9256396,0.00482039606534403,0.031260809054080456,15
EPS15L1,2.398262,0.0048011964126568754,0.031148342142538542,15
NSD1,1.787876,0.0047860361553873545,0.031062004390063323,15
CACNB3,3.1313484,0.004892806655311286,0.031644741231352844,15
ANAPC5,1.2404786,0.004754649441742542,0.030912133538570773,15
MRPS24,2.8980966,0.004888033131223707,0.031644377389379336,15
RGS22,4.4823365,0.004939365690164541,0.03189666881433305,15
GATA3-AS1,1.9528816,0.0048901107755798985,0.031644741231352844,15
PANK3,1.7457602,0.004884354301287368,0.031626665563606104,15
PDZD8,2.511829,0.0049922229791694766,0.032206991910814275,15
XPO1,1.3774022,0.004905445175120196,0.031714251468524766,15
LINC01087,3.6167967,0.005034494810097624,0.03244849931312153,15
CIAO2B,2.677726,0.005004923767898301,0.03227651376640587,15
MYO1C,1.6285255,0.0050613388801198774,0.032587528834321755,15
RAB3A,3.72643,0.005235850772087474,0.033527237637759826,15
ATXN7L3B,1.6816823,0.0051393662894809,0.03304821409422524,15
ICK,2.2570834,0.0051896198933574144,0.033294766802429425,15
ATP9A,2.5032914,0.005242631015382527,0.03355143806276385,15
SPINT1,1.4745368,0.0051687850463883415,0.03318648913493709,15
SIAH2,1.6637883,0.00519941827922198,0.0333425259357059,15
KEAP1,1.6827611,0.00529462671809615,0.03383900052432602,15
WNK1,1.2699506,0.005237691526269486,0.03353262292090186,15
COPG2,3.5810072,0.005447654099219373,0.03468484550909586,15
MARF1,2.21156,0.005403358683487532,0.034435503249639995,15
DICER1,1.4940643,0.005328631148249347,0.03401743763673989,15
AP2B1,1.417375,0.005408051695526609,0.03445231945292649,15
MCF2L,2.7923222,0.005534003130235595,0.03514123418993413,15
ICE2,2.2721007,0.00555568472121273,0.035252217410933824,15
NUTM2A-AS1,2.0984263,0.005582313058365422,0.0353877078606378,15
FAM174C,3.3114874,0.005637150408763674,0.03568235950535043,15
ZNRD1,1.5006814,0.005530666805247241,0.03513335138537836,15
IMPDH2,1.360903,0.005580349470951823,0.035381947373382815,15
TBX3,1.4001166,0.005548419469919495,0.03521277908052409,15
MAPK13,1.8836087,0.005675541073148779,0.03585216898812991,15
GSK3B,1.7573383,0.005654630882658664,0.03575829080604341,15
USP22,1.4645716,0.005637304284870813,0.03568235950535043,15
AHCY,1.432642,0.005645292649592474,0.03571270478309716,15
HINT3,2.3304937,0.005749691480038166,0.03626370852424974,15
CBX4,2.1213944,0.005773301280049309,0.03639208762152488,15
EIF4G3,1.968312,0.0058185482533155706,0.03664287025243289,15
TP53INP1,1.8728889,0.005832114512820277,0.0367076286122171,15
LRPAP1,1.10975,0.005691535128064637,0.035937458533587346,15
RABEP2,2.017495,0.005854094314081695,0.03681143183138623,15
DNAJC12,2.0641842,0.005877775814463041,0.03693926342835227,15
ARHGAP32,2.2166092,0.005963543870601648,0.037415492885119694,15
GNPTG,1.9757425,0.006007101030138317,0.037639487325213765,15
ALOX15B,4.321897,0.006127501911844512,0.03830088364241088,15
LFNG,2.9322956,0.006116797238179992,0.038241099005740006,15
ACOX3,3.0033042,0.006142665315467205,0.03836706468269749,15
PBRM1,1.3172331,0.005998640045005199,0.03759349509520168,15
STRADB,2.4530458,0.006219656348741944,0.038761332886130345,15
C20orf96,2.9682183,0.006275373390281105,0.03902156078669235,15
CASC3,1.6968765,0.00617116435425045,0.03849489001411834,15
ZNF512,2.6762958,0.006257604702220464,0.03893436021836507,15
MARCHF7,4.093959,0.0063656537563592215,0.03953896160037864,15
FOXP1,1.1643593,0.0062244290691814905,0.03878387059435563,15
SORBS1,2.9545083,0.0064009006946012265,0.03972236846063974,15
LINC00667,1.7961465,0.00640110317312417,0.03972236846063974,15
RALGAPA1,1.75494,0.006513455173372788,0.04034493074240013,15
CCS,1.5894248,0.006524751673758756,0.04038507028779156,15
EHMT1,1.614463,0.00651868402692355,0.040362411103386155,15
RIC8B,3.3847275,0.0066562004793127155,0.04110118707251076,15
SMIM15,1.4767941,0.006572008447618621,0.040662559553878645,15
CTNND1,1.5022289,0.006606149913264369,0.04085872657953166,15
WASL,1.4198396,0.006578057680057191,0.04069248112261126,15
CLSTN2,2.8932068,0.0067731856693643315,0.04172257493776842,15
SPATA20,2.450253,0.006790830264603176,0.04180055751606811,15
PNKD,1.0882635,0.006635165330948068,0.04098528183523557,15
LYPLA2,1.7456046,0.00676398515891259,0.04167355367654063,15
NDUFV3,1.250164,0.006686913037912802,0.04125174732474403,15
SERTAD1,1.4286702,0.006760802630250421,0.04166159857086705,15
PRRC2B,1.6438544,0.006811905905084488,0.04189952979322186,15
NDUFAF6,1.604606,0.006808665804263335,0.04188728168393187,15
GCC2,1.3361919,0.006745829050244673,0.041576966588433774,15
SRSF1,1.3798435,0.006800632039782867,0.041845532791479935,15
RPP21,1.836299,0.006844603160212272,0.04204667300305491,15
PIGG,3.1686985,0.007012300260539741,0.04291179767173207,15
INO80E,1.6334062,0.0069293875325208325,0.04248968687902765,15
UBE2V2,1.0379951,0.006784934510842307,0.041779601326998685,15
SDF4,1.2298577,0.006874027390092951,0.042188792807156025,15
SNAP23,1.5999315,0.006943861873285718,0.04255510160640897,15
ARFIP1,2.1249464,0.007016826326768608,0.04293166213537867,15
APPL1,1.4961169,0.007075176304357846,0.04323346482500757,15
RBM33,1.7418686,0.00716593430994448,0.043756162878180925,15
MEAF6,1.1882244,0.007245145766786357,0.04416747258520196,15
ZNF692,2.2714357,0.007379146319420255,0.04490274794986843,15
SCO2,3.766547,0.007454726354367969,0.045288711583382726,15
WBP1L,2.1822345,0.007404645388313905,0.045025237666685404,15
CIC,2.8088772,0.007461168101567892,0.045311432064944535,15
PDCD6IP,1.3731333,0.007339329258677768,0.04467666836031053,15
SLC25A11,1.4012531,0.007497512629976219,0.0455239086028299,15
AGGF1,2.4832115,0.007618698389126292,0.04617614070648446,15
CELSR1,2.4894218,0.00764233803325585,0.04629432183013084,15
CRTC2,2.647663,0.00771194651711419,0.04661495731312436,15
GRHPR,1.1616118,0.007571992332677334,0.04593550118031484,15
RAB40B,1.8743256,0.00770470543458493,0.04658797998583255,15
SLC25A39,1.1268927,0.00761103146061636,0.04614634964217884,15
CYHR1,1.316919,0.007660508248376819,0.04639477058959029,15
MARS1,3.7792559,0.007846441718662774,0.047308556837258334,15
ARMT1,1.820068,0.007825769466813601,0.04720937656230126,15
PIGP,1.5822101,0.007832136652188047,0.04723929067632427,15
NSD3,1.0308781,0.007661686720602862,0.04639477058959029,15
BIK,1.805953,0.007852895291125395,0.04733045120568497,15
SNAP29,1.5862029,0.007856569262102682,0.04734408724760799,15
CADM4,3.1510887,0.007983179468533235,0.04799494937337753,15
PEX19,2.1025057,0.007965942944405035,0.047925684717181935,15
ZSCAN16-AS1,1.8832389,0.007970100787236192,0.04792857027682596,15
PPCS,1.3411682,0.007943110255927654,0.04779688932437557,15
PNKP,1.557419,0.007940300700857748,0.04779688932437557,15
SEPTIN7,2.4758286,0.008034838651092557,0.04824499162124874,15
ARL14EP,1.9189172,0.008032490701525176,0.04824499162124874,15
GPHN,3.092644,0.008131086814713995,0.04871825345700645,15
FBXO8,2.115398,0.008076210114998796,0.04844689588179425,15
PRKAA2,2.900624,0.008141951220921378,0.048751797320327174,15
PTPA,1.5150951,0.008077130728690065,0.04844689588179425,15
SYNE4,1.9327549,0.008229785358193943,0.0492216887837345,15
IFT122,2.0258262,0.008224262957600866,0.04919743247028547,15
EPHX1,1.9504157,0.008265178273043853,0.049406940733588284,15
TECR,1.1507858,0.008140386166732688,0.048751797320327174,15
DACH1,3.3927724,0.008356630874412272,0.049811579200046564,15
OGFOD3,1.7665851,0.008278956031337515,0.04947166653253012,15
KITLG,2.8943727,0.008364261829109897,0.049839350863417134,15
PMS2,2.099429,0.008325112670581758,0.04966784135254051,15
ATP8B1,2.2071683,0.008388810346591207,0.04996787210708856,15
DNPEP,1.4724679,0.008324441013905311,0.04966784135254051,15
JUP,1.3227319,0.008301506521137529,0.049579919911943354,15
PIN1,1.1551999,0.008295471026009053,0.04955269700505247,15
RAB3GAP1,1.6791978,0.008370022893095706,0.04986482022332559,15
GOLPH3,1.2818075,0.008361080565966064,0.04982924720381445,15
