gene	logFC	pvals	adj_pvals	cluster
MT-ND4	3.8715537	0.0	0.0	0
MT-CO3	3.94889	0.0	0.0	0
MT-ND2	3.798108	0.0	0.0	0
MT-CO2	3.6931384	0.0	0.0	0
ANXA1	3.7576275	0.0	0.0	0
IGFBP2	4.0686116	0.0	0.0	0
ALDH1A1	3.5167034	0.0	0.0	0
MAGEA4	2.7427304	0.0	0.0	0
PGF	2.134624	3.800656222636e-312	4.904072545337e-311	0
CLU	1.3684952	2.9056982134932273e-225	2.168431502606886e-224	0
MATN3	2.500003	4.588030971538901e-132	1.8425827194935345e-131	0
MT1A	2.5084684	1.636578898936458e-130	6.4815005898473585e-130	0
ARC	1.4664224	3.2238988257246893e-128	1.2423502218592252e-127	0
MEST	1.1384661	4.485532644910317e-130	1.76595773421666e-129	0
SLC9A3R2	1.353671	4.9678734100096915e-108	1.698418259832373e-107	0
TPPP3	1.4921616	1.0248573177993575e-84	2.9966588239747294e-84	0
CYTL1	1.2893933	7.232463941514516e-85	2.1209571675995647e-84	0
TNNT3	2.0922983	5.501190105692844e-69	1.4123722992792924e-68	0
C11orf96	1.2464192	1.6061475307281873e-64	3.946308429307586e-64	0
FAM26F	1.0988771	1.5592224734460082e-54	3.543687439650019e-54	0
LY6H	1.425895	2.890884237577198e-52	6.374606918582576e-52	0
VWA1	1.0116515	1.8925425655656337e-50	4.1142229686209425e-50	0
MIA	1.5382442	1.2907464258195214e-47	2.749193665217298e-47	0
SLCO2A1	1.0298432	1.48949044178507e-34	2.8236785626257254e-34	0
CD79B	1.078918	1.3012536651040854e-24	2.2396792858934345e-24	0
CXCL14	1.4333743	6.892554382583287e-24	1.1702129681805241e-23	0
HTRA3	1.6596893	2.1033077595060356e-20	3.43958750532467e-20	0
MT-ND2	3.444435	0.0	0.0	1
MT-CO3	2.9247005	0.0	0.0	1
MT-CO2	2.7932062	0.0	0.0	1
COL1A1	2.8205938	0.0	0.0	1
MT-ND4	2.452384	0.0	0.0	1
PRSS23	3.2952697	0.0	0.0	1
COL8A1	3.0684013	0.0	0.0	1
DLX5	2.5937912	0.0	0.0	1
COL4A2	2.2062213	0.0	0.0	1
COL4A1	1.9314423	3.900752283532057e-258	5.271286869637915e-257	1
CYR61	1.735776	1.441046916865553e-227	1.6283016009780263e-226	1
MEOX2	1.8666313	3.4422485168219603e-171	2.3987794542313316e-170	1
DLX6-AS1	2.596281	3.3335168233250476e-155	2.0388482099847384e-154	1
COL3A1	1.8457549	8.405383488565802e-154	5.063484029256507e-153	1
SNAI2	1.4683223	5.974682015652421e-141	3.264853560465804e-140	1
HIST1H4C	1.6529019	6.929445284747446e-125	3.2840972913495004e-124	1
BEX1	2.8935976	3.227614391998888e-123	1.5082310242985458e-122	1
SFRP2	1.6064551	8.516190697799436e-116	3.8275014372132298e-115	1
MGP	1.9335005	8.295331423377646e-109	3.567884483173181e-108	1
COL6A3	1.8642993	1.7658423906199806e-104	7.373037121586557e-104	1
RASL11B	1.5706801	3.352546528179379e-104	1.38821802409084e-103	1
COTL1	1.336533	1.523904549333216e-97	5.999624209973292e-97	1
SRPX	1.7656504	3.751612406189696e-95	1.44849899852884e-94	1
PTHLH	2.5842767	1.733041328827835e-86	6.145536627049061e-86	1
IGFBP5	1.9017764	2.4978413858298604e-85	8.795216147288241e-85	1
MXRA5	1.5076964	3.7060004690445103e-81	1.2373958160415728e-80	1
MSX2	1.4751465	3.413381483082306e-77	1.108240741260489e-76	1
HBA2	1.4697015	4.434445704323468e-70	1.3417384884488556e-69	1
THBS4	4.1337166	1.7038373287322593e-66	4.989274754706469e-66	1
CRYAB	1.0510614	1.6508960883443123e-65	4.792151199838353e-65	1
OLFML3	1.0288185	4.42601285903246e-65	1.281045690023867e-64	1
BAMBI	1.366019	4.090524510031048e-63	1.1571497906735638e-62	1
APOE	1.0865629	7.856665129235004e-62	2.188486108422007e-61	1
GADD45G	1.1080258	2.3321297570326885e-61	6.487148141954627e-61	1
FAM46C	1.0863669	2.859221323101284e-53	7.340747941209971e-53	1
HOXC10	1.4456011	1.8238024048454074e-51	4.605561628397493e-51	1
PCP4	3.025061	4.650787635395101e-51	1.1714830315856677e-50	1
OSR2	1.0640134	2.044119143699184e-49	5.059700850740555e-49	1
RSPO3	3.2655525	1.4160563519225493e-48	3.496435436845801e-48	1
TMEM100	1.7144911	5.3384728635651714e-45	1.271064967515517e-44	1
ID4	1.1167676	1.243638641796502e-44	2.9470109995177776e-44	1
MATN4	2.7890656	2.8000501964978735e-42	6.496636186770008e-42	1
PRSS35	1.2112763	8.048598184961322e-28	1.5859306768396695e-27	1
STMN2	4.7212763	3.0977219471115784e-27	6.0620781743866506e-27	1
MMP11	1.3821155	1.7946407120352996e-25	3.4479168338814595e-25	1
RP11-168E14	3.7395015	1.617159196408814e-24	3.0657046377418278e-24	1
QPCT	1.1191357	1.7481645030398642e-22	3.222423047078091e-22	1
HIGD1B	1.4883827	1.378240928104556e-20	2.4855562274202992e-20	1
OGN	1.8501995	3.511889567281626e-20	6.27123137014576e-20	1
CA2	1.42343	3.965218535611472e-18	6.8661792824441074e-18	1
CYP26A1	1.5507742	2.148993680764712e-10	3.278403784538081e-10	1
PRSS1	1.3740494	2.3944325969302413e-05	3.140239471383923e-05	1
FTL	1.4603246	0.0	0.0	2
MT-ND4	1.7430089	0.0	0.0	2
GADD45G	4.052845	2.117225868727957e-261	6.721351964215737e-260	2
MT-CO2	1.5190802	0.0	0.0	2
MT-CO3	1.5125592	0.0	0.0	2
CPE	3.4648068	2.7220933905303796e-235	6.89137567222881e-234	2
ITM2A	3.2505023	3.0047283396651844e-212	6.393039020564222e-211	2
NFKBIA	2.1133687	2.761571044395507e-197	4.887736361761959e-196	2
VIM	1.8074235	1.086556293662362e-190	1.7812398256760034e-189	2
CNN1	4.029411	2.0364118653758138e-181	2.888527468618176e-180	2
LUM	5.362271	3.394637813216521e-175	4.352099760534001e-174	2
CTGF	4.0487294	1.1722753926600177e-169	1.4123799911566477e-168	2
DCN	4.442836	8.55764698335944e-169	1.0008943840186478e-167	2
TAGLN	2.7688112	7.105606952865886e-159	7.681737246341498e-158	2
HSPB6	3.9299214	3.4123382231390556e-150	3.4123382231390555e-149	2
SNAI2	2.1995518	8.28948062738039e-144	7.857327608891365e-143	2
ERRFI1	2.993851	3.834719055569588e-133	3.0555530323263646e-132	2
DHRS3	1.7197502	1.158170229134116e-131	9.048204915110281e-131	2
TNC	2.5102115	9.181033531564434e-114	5.904201628015714e-113	2
CYR61	2.0194976	1.1992662607756084e-114	7.838341573696787e-114	2
PLS3	2.145464	1.571222757344161e-113	1.0039762027758218e-112	2
GREM1	3.374369	4.85569307598003e-112	3.053895016339642e-111	2
SPRY1	2.5786366	7.843061348967459e-109	4.826499291672282e-108	2
ID4	2.7102945	5.604971957104388e-104	3.2970423277084633e-103	2
TIMP3	2.0839386	1.3253679111356687e-99	7.42503031448554e-99	2
FBXO32	4.3423934	1.182968767322821e-96	6.429178083276201e-96	2
PHLDA1	2.8175747	1.0408711339392626e-94	5.521862779518635e-94	2
SERPINI1	2.832975	5.124055459006066e-94	2.6968712942137186e-93	2
HBB	3.080954	1.314286089203228e-90	6.637808531329434e-90	2
FBLN1	1.8296067	1.367186415449059e-89	6.785044245404759e-89	2
FRZB	2.8900774	1.2661670694887168e-88	6.268153809350083e-88	2
COL4A1	1.5727421	7.442535869317546e-88	3.657265783448426e-87	2
CITED2	3.328965	6.709922017139718e-86	3.2415082208404434e-85	2
TRIB1	2.3855383	3.6003241990886555e-77	1.5485265372424325e-76	2
COL21A1	2.836893	1.0293068668566546e-76	4.3893683021605744e-76	2
MGP	2.7360628	1.114484231016464e-75	4.70246510977411e-75	2
HGF	4.3372593	3.206530687401107e-73	1.3114644938245837e-72	2
COL3A1	1.5921093	1.3191680014406732e-71	5.214102772492779e-71	2
PTGER2	2.1024861	6.175417326174749e-71	2.4217322847744113e-70	2
F3	2.853099	2.98840511449037e-67	1.1213527634110206e-66	2
C1S	1.3902239	2.1413602600752174e-67	8.050226541636155e-67	2
COL4A2	1.307282	2.7738018315333585e-65	1.0254350578681546e-64	2
SLN	4.562482	2.0013393299558123e-64	7.317511261264396e-64	2
ZBTB16	1.5577737	7.16082633582654e-64	2.58513586130922e-63	2
ICAM1	1.905071	9.402905378505715e-63	3.340286102488709e-62	2
CRYAB	1.7105653	1.952992409988368e-61	6.840603887875195e-61	2
SFRP2	1.8836577	2.513584306374603e-59	8.667532090946906e-59	2
EMP1	1.9095896	1.5122140005190103e-57	5.040713335063368e-57	2
TPSAB1	2.0325634	5.260806670272651e-58	1.7713153771961787e-57	2
MSX2	1.9054034	3.0726935173094535e-56	1.0008773672017763e-55	2
MEOX2	1.2665706	3.9332008187878218e-56	1.2790896971667713e-55	2
ANGPT2	2.3675084	4.743051004123045e-55	1.5300164529429176e-54	2
MFAP4	2.0900807	2.4118184550051277e-54	7.705490271581878e-54	2
INHBA	1.9855134	1.4595301112103462e-51	4.43626173620166e-51	2
LHX8	4.7006927	4.945183237315978e-48	1.4566077282226738e-47	2
SDC4	1.732062	8.482508637991542e-47	2.4586981559395775e-46	2
NDNF	2.5344143	3.077399503547465e-46	8.830414644325582e-46	2
HOXC10	1.9652885	3.687447270053318e-45	1.0475702471742382e-44	2
CRISPLD1	1.5978968	6.325948159722374e-45	1.7895185741788896e-44	2
TIMP1	1.0113184	4.421684464279045e-45	1.2543785714266794e-44	2
INSR	1.4076437	1.169384715434677e-44	3.29868749064789e-44	2
EGR4	3.8415926	7.215492569042309e-44	2.0155007176095836e-43	2
FGG	4.605334	2.2818940834385533e-42	6.268939789666356e-42	2
PRDM1	1.8886659	1.1681249526598622e-41	3.195964302762961e-41	2
RARRES1	2.1958017	1.338254203970492e-39	3.5450442489284554e-39	2
RGS16	1.3316994	4.5655404544478263e-38	1.1920471160438189e-37	2
IGFBP6	1.2801678	6.298976488227445e-38	1.631859193841307e-37	2
SOSTDC1	2.1358185	1.2557333083750958e-37	3.2322607680182648e-37	2
NFKBIZ	1.0483431	9.318824849969333e-37	2.3621862737564848e-36	2
BAMBI	1.5454065	2.110189970353782e-36	5.322042800387848e-36	2
OSR2	1.3541821	3.163175350211164e-36	7.967696096249783e-36	2
CALB2	2.9937344	4.634436578376567e-35	1.1528449199941708e-34	2
PLAGL1	1.1092757	1.8261703975414046e-34	4.514636335083818e-34	2
RERG	3.0281458	3.473291683472108e-34	8.52437776806895e-34	2
S100A8	2.4699886	5.360113670222656e-34	1.3105412396632412e-33	2
KERA	4.4214215	7.473573374993261e-34	1.8250484432217975e-33	2
POSTN	3.6880467	1.1610538182160171e-33	2.8180917917864496e-33	2
NNMT	2.1302538	1.8823606134998263e-33	4.563298456969276e-33	2
TMEM100	2.011933	2.317072795656375e-32	5.51028013235761e-32	2
TFPI	2.147048	1.3152975400111147e-31	3.09118105760544e-31	2
MT2A	1.0833393	1.9281030939166207e-30	4.452893981331688e-30	2
PMAIP1	1.4131919	1.5635276795819302e-29	3.573777553330126e-29	2
RIN2	1.156434	2.9429599308248937e-29	6.703781163610236e-29	2
ADRB1	3.8097823	3.504347131690961e-29	7.97348607893279e-29	2
EFNA5	1.2471857	3.6791753141641263e-29	8.361762077645742e-29	2
RASD1	1.4146886	7.097794266857705e-27	1.5668420015138423e-26	2
C11orf96	1.3412806	2.0630256268776276e-26	4.5093456325194047e-26	2
CCDC80	1.0983311	9.078369399111579e-26	1.9607709285338181e-25	2
SLPI	1.1642592	1.6881052670928253e-25	3.638157903217296e-25	2
DPT	3.1701498	2.40725879396736e-24	5.062584214442398e-24	2
MT1X	1.0019418	2.480782289831963e-24	5.211727499646982e-24	2
HOPX	1.3910456	4.815199880305862e-24	1.007363991695787e-23	2
HOXD1	1.5425339	1.5956660731336103e-23	3.313948230807083e-23	2
HHIP	1.8624945	3.2636172792351336e-23	6.736052175923908e-23	2
LIF	1.5305542	3.4954445487888367e-22	7.1117895194076025e-22	2
FST	1.6370602	5.247058421198378e-22	1.0643120529814154e-21	2
ZFHX4-AS1	1.4431083	8.471555053388004e-21	1.6943110106776007e-20	2
C10orf10	1.2551397	3.3226199252062804e-20	6.559960365658994e-20	2
SOD3	1.5851241	5.231217554556072e-20	1.0277441168086584e-19	2
PI3	3.279772	2.8688189101518507e-19	5.565119127355676e-19	2
THBS1	1.3063047	8.360473422153464e-19	1.6124346040797424e-18	2
IGFBP3	1.0442849	3.4234735002567994e-18	6.502323837144919e-18	2
PRSS35	1.1715662	3.860539992808977e-16	7.064117095716335e-16	2
CXCL1	1.125564	3.74497920008219e-16	6.86522309822583e-16	2
CCL2	1.4769534	5.31711742394274e-16	9.711629998068932e-16	2
ENPP2	1.5357025	1.0914158171914941e-15	1.9843923948936255e-15	2
CYP1B1	1.704908	2.0945117474217437e-15	3.784122398232599e-15	2
GSC	1.7434593	4.131031362080098e-15	7.429912521726794e-15	2
SCG2	4.1978946	1.4423051989053538e-13	2.5105399458752896e-13	2
AGTR1	5.061873	2.567981934230494e-13	4.4544352718655575e-13	2
IFITM5	1.2538455	6.8594447313904254e-12	1.1567360423929892e-11	2
CLDN11	1.3461939	7.668928071885295e-12	1.2910653319672214e-11	2
COL9A1	1.1850327	2.5469867557565442e-11	4.241443390102488e-11	2
ALDH1A2	1.4121269	2.6138988899082166e-11	4.3492494008456185e-11	2
WNT16	1.2413785	6.685527356507357e-11	1.1041333371605873e-10	2
FIBIN	2.1218212	1.0366965959867418e-10	1.7022932610619735e-10	2
SAA2	2.8171792	7.013379691225069e-10	1.1176700703147522e-09	2
SFRP4	2.8327174	2.843948429962412e-08	4.3352872407963595e-08	2
LCN2	1.6597356	6.428750107317937e-08	9.703773746895001e-08	2
ADCYAP1	2.449436	2.0174967189824013e-07	3.011189132809554e-07	2
SAA1	2.265776	2.303632246699473e-07	3.433133005513372e-07	2
RFPL4B	4.215476	2.3683894852684893e-07	3.5243891149828705e-07	2
HCAR2	1.6204628	3.437579262606298e-07	5.081417978723278e-07	2
LYPD2	2.4929137	7.423267475452519e-06	1.0507101876082829e-05	2
CYP26A1	1.4751685	2.4754465528558418e-05	3.433351668316008e-05	2
PCK1	2.6188025	5.1503051117991416e-05	7.064890413990592e-05	2
MATN4	1.142371	5.289244547037273e-05	7.2505065757879e-05	2
CTSV	1.5029446	0.00010828738280022094	0.0001468303495596216	2
RP11-168E14	1.0855867	0.001125283650518071	0.0014585659760441622	2
SST	2.9774878	0.021356666465778624	0.025470085230505216	2
SAT1	4.059222	0.0	0.0	3
FXYD3	6.7679515	0.0	0.0	3
FTH1	2.6393979	0.0	0.0	3
MSLN	5.844747	0.0	0.0	3
CCND1	4.360108	0.0	0.0	3
CLDN7	4.793098	0.0	0.0	3
C19orf33	5.779554	0.0	0.0	3
ALDH1A3	3.7054675	0.0	0.0	3
MT-CO2	2.7402148	0.0	0.0	3
KRT19	5.774646	0.0	0.0	3
MUC1	5.114171	0.0	0.0	3
MT-CO3	2.6394074	0.0	0.0	3
MT-ND4	2.5795865	0.0	0.0	3
TMSB4X	2.548014	0.0	0.0	3
CLIC3	4.4214816	0.0	0.0	3
SLPI	6.6267266	0.0	0.0	3
LGALS3BP	3.4199555	0.0	0.0	3
ADIRF	4.604897	0.0	0.0	3
KRT18	4.8820977	0.0	0.0	3
EPCAM	4.4089684	0.0	0.0	3
GPRC5A	5.2063684	8.343536937616819e-306	2.383867696461948e-304	3
WFDC2	4.9069076	1.326196046701354e-294	3.489989596582511e-293	3
FMO2	7.3580112	3.7698480210390697e-281	8.870230637738988e-280	3
APOE	4.4728465	2.2942964497298474e-282	5.595844999341091e-281	3
IGFBP6	3.9031718	1.9638604877298447e-281	4.675858304118677e-280	3
S100A4	3.6781807	2.6316186616625328e-269	5.599188641835176e-268	3
EZR	2.799068	1.6021290517503874e-265	3.3729032668429205e-264	3
FBLN2	3.5855951	8.452190769857438e-248	1.6572923078151838e-246	3
CLDN3	5.2393456	4.002614791575853e-244	7.344247323992391e-243	3
KRT14	7.0013375	1.2735801064592445e-240	2.3156001935622627e-239	3
MT-ND2	1.6029814	0.0	0.0	3
KRT8	4.041869	2.4487242073303478e-234	4.150380012424318e-233	3
SPON2	3.430502	2.4023241905524945e-232	4.003873650920824e-231	3
PTN	4.1651964	2.624571838302682e-226	4.1659870449248923e-225	3
PTGDS	4.1910396	7.768003977288804e-222	1.185954805692947e-220	3
IFITM1	2.32445	2.0526223299340085e-238	3.698418612493709e-237	3
DUSP2	3.1168213	1.94667079207038e-219	2.841855170905664e-218	3
CLU	1.951256	9.253127617866018e-213	1.2941437227784642e-211	3
MSX2	3.1082819	9.793515844398584e-200	1.2090760301726648e-198	3
CXCL1	5.3798532	4.027310306533344e-190	4.550633114726942e-189	3
ANXA3	5.1624336	2.8419479634452346e-188	3.175360853011435e-187	3
IFI6	2.375656	1.8603211990641983e-191	2.1506603457389577e-190	3
KLK10	5.0912247	1.0253927702976892e-184	1.096676759676673e-183	3
HBA2	2.969577	2.07371527888209e-170	1.9939569989250867e-169	3
IER3	2.420589	1.1716126732863042e-172	1.1430367544256626e-171	3
ELF3	6.861127	6.648403753554309e-163	5.883543144738326e-162	3
KLK5	5.41303	5.579544203880706e-162	4.915897976987406e-161	3
ERRFI1	2.8378725	5.503584690924123e-164	4.935950395447644e-163	3
NFKBIA	1.9248303	1.0730139179346992e-159	9.290163791642417e-159	3
PHLDA2	2.922587	6.073658146620714e-152	4.801310787842462e-151	3
HLA-C	1.4472488	2.4732935970185156e-164	2.2382747484330458e-163	3
ID4	2.9415812	2.1138340645963798e-141	1.5317638149249127e-140	3
KRT17	4.1435885	9.211602597051232e-140	6.579716140750879e-139	3
EFNA1	2.2311358	3.006144353737962e-135	2.0380639686359066e-134	3
KRT7	3.849236	4.6816119741099165e-130	2.991445350868956e-129	3
KRT15	5.8029356	8.084271140506574e-128	5.052669462816609e-127	3
RARRES1	4.6574545	2.321334265186605e-126	1.424131451034727e-125	3
BHLHE40	1.9013757	3.79765976571158e-128	2.388465261453824e-127	3
IFITM5	3.9010167	4.381201531872744e-116	2.4475986211579576e-115	3
KLK8	3.9775	1.290532927996095e-109	6.828216550243889e-109	3
SERPINE2	1.9508442	7.605248772429822e-109	3.992256573453975e-108	3
CARD16	2.4300823	1.0922394070714922e-99	5.34102399545962e-99	3
FBLN1	1.3280038	4.497363631556525e-101	2.243074130452132e-100	3
PDLIM1	2.4029493	1.391760343599677e-94	6.473303923719428e-94	3
ASS1	2.097832	1.0462860571288007e-93	4.810510607488739e-93	3
SLC9A3R2	2.0358663	4.6709385464302656e-92	2.06678696744702e-91	3
TNC	1.8598359	3.711390984524094e-91	1.6242411310827544e-90	3
RASD1	2.5051835	9.437443296188588e-83	3.836359063491296e-82	3
PLK2	2.0781956	1.4361594006190243e-82	5.80266424492535e-82	3
TM4SF1	2.7012231	1.2310748865819896e-81	4.944075849726866e-81	3
EDN2	4.300841	5.493705438479115e-80	2.1843759198724116e-79	3
TIMP1	1.1848788	5.948503964517445e-77	2.323634361139627e-76	3
LECT1	3.5084484	1.1981025886358675e-74	4.5642003376604475e-74	3
DLK1	2.3136775	4.2465814120657275e-73	1.590479929612632e-72	3
EFNA5	1.8064175	6.438024683878266e-72	2.3539395553485432e-71	3
SDC4	2.15782	8.615585605852159e-69	3.039007268378187e-68	3
CRYAB	1.6194216	1.7172650090418987e-68	6.025491259796136e-68	3
CLDN4	3.9137561	1.0730784285652647e-66	3.7130741472846533e-66	3
MT1X	1.3707567	1.4352306523942673e-64	4.8817369129056714e-64	3
FST	3.5117898	2.0811022932349357e-62	6.891067196142171e-62	3
IGFBP3	2.0721867	4.6119282663541654e-62	1.5121076283128412e-61	3
C15orf48	3.8737602	3.841019197351484e-60	1.2491119340980436e-59	3
S100A16	1.7001668	1.0757676779191582e-59	3.492752201036228e-59	3
OVOL1	4.5219836	3.9955169967579985e-57	1.2447093447844231e-56	3
ZNF165	3.3598115	6.176661263053331e-56	1.9063769330411516e-55	3
TPSAB1	1.9928914	2.5890638004027706e-56	8.040570808704256e-56	3
BAMBI	1.7381808	8.947858018929622e-55	2.7155866521789446e-54	3
C1S	1.038457	4.96735605819431e-54	1.4961915837934668e-53	3
TACSTD2	4.36848	1.0432248905699072e-52	3.0503651771049916e-52	3
VWA1	1.6446159	4.989632414150372e-53	1.4632353120675578e-52	3
CASP4	1.3773293	4.192520154798486e-53	1.2354463746961654e-52	3
PRKCDBP	1.5634674	1.3814620764665553e-52	4.033465916690672e-52	3
CFD	1.9222655	3.0147582645058647e-50	8.663098461223749e-50	3
HBB	2.4424798	1.4166114801591782e-48	3.9960831598284294e-48	3
CHI3L1	3.3953414	3.8600277599347534e-48	1.0842774606558297e-47	3
TC2N	2.0626438	5.82078381320115e-48	1.632661241832443e-47	3
EDN1	3.959223	1.2286803910744771e-46	3.408267381621296e-46	3
CXCL3	2.3345327	5.936909500176664e-46	1.6310190934551276e-45	3
NPY	5.6149282	1.9545270238512015e-45	5.347543156911632e-45	3
AGR2	4.481302	4.61894784590212e-45	1.2551488711690544e-44	3
ARC	1.3957372	3.5754799489063167e-45	9.729197139881134e-45	3
SOST	4.8356676	5.0101667114685e-44	1.3468190084592742e-43	3
NFKBIZ	1.1317623	2.1115763914088294e-44	5.706963220023863e-44	3
BIRC3	2.0215228	9.564748842337415e-42	2.5337083026059377e-41	3
GADD45G	1.2582836	9.195037713421092e-42	2.4390020460002897e-41	3
MT1E	1.447069	3.48086698002122e-40	8.982882529087019e-40	3
RNF39	3.6012611	1.132470881833377e-38	2.8597749541246894e-38	3
CXCL6	5.097611	2.0586018085730922e-38	5.178872474397716e-38	3
OAS1	2.0612862	5.319803798969468e-38	1.329950949742367e-37	3
TINAGL1	2.3932967	3.5199420121305323e-37	8.680498180346565e-37	3
ARID5A	1.1161866	8.438460996304251e-36	2.0481701447340416e-35	3
ACP5	1.8643053	7.126099762082276e-35	1.7130047505005473e-34	3
CXCL16	1.2550614	2.1708956061204438e-33	5.090024867808778e-33	3
KRT16	5.1764965	5.388853320880239e-33	1.247419750203759e-32	3
LCN2	5.055029	7.35099573360126e-32	1.676395834344643e-31	3
C10orf10	1.4032657	5.045434466699237e-31	1.1440894482311195e-30	3
MT1G	2.880462	2.32094744957839e-29	5.163398108072058e-29	3
CXCL2	1.5564947	3.156650690330762e-29	7.014779311846138e-29	3
SQRDL	1.4960938	4.3257590773005046e-29	9.602128917426203e-29	3
CAV1	1.4238884	1.085528714620471e-28	2.3963106283012607e-28	3
F3	1.5554993	5.957166740560261e-27	1.286645084354268e-26	3
CITED2	1.3192829	1.6430998065774577e-26	3.514651992679054e-26	3
FGF19	1.8850613	2.2464422634329782e-26	4.7898555723517663e-26	3
MX1	1.4969146	3.5391331058951406e-26	7.514083027378218e-26	3
LTF	5.6696324	2.1667232203097848e-25	4.556726015372839e-25	3
VWA5A	1.022865	2.3751733358537633e-23	4.8324991573830383e-23	3
S100A8	2.5257647	3.165763957861927e-23	6.421427906413645e-23	3
DUSP4	1.3078476	2.8976454840244634e-22	5.806904777604135e-22	3
SLN	2.1738884	3.788384080949641e-21	7.457448978247325e-21	3
CTSV	4.149323	8.028026372928163e-21	1.5741228182212085e-20	3
DIRAS3	1.4664981	1.6569531134621558e-20	3.239400026318975e-20	3
PI3	3.807609	3.3061304344187264e-18	6.214530891764523e-18	3
CYP26A1	3.0870163	1.2027054055196995e-16	2.2027571529664824e-16	3
FMO1	3.1965535	3.2093082498101584e-16	5.813964220670576e-16	3
C6orf15	6.243864	3.4421261939528684e-16	6.218836845443304e-16	3
ADM	1.0634729	3.416645734568713e-16	6.178382883487726e-16	3
NCCRP1	3.8405678	9.33571333706171e-15	1.649419317502069e-14	3
SCGB3A1	2.6609983	1.135325732817242e-13	1.9693421211053632e-13	3
EFEMP1	1.5286222	4.598903200501918e-13	7.841267179031403e-13	3
IFIT1	1.0304133	5.26906339345375e-12	8.833299905203268e-12	3
LEFTY1	4.6300583	5.6286191858891523e-11	9.27284874116829e-11	3
CLDN1	1.7984035	7.800502786260212e-11	1.2777236341130567e-10	3
GDF15	1.9102211	9.232252966183613e-11	1.5085380663698714e-10	3
SAA1	4.7965207	3.6489885507117576e-10	5.857124479473126e-10	3
GJA1	1.009535	5.985228653956518e-10	9.515466858436437e-10	3
TFPI2	3.2106736	1.4553306905399744e-09	2.2775128177464387e-09	3
LYPD2	3.887213	4.2567194713265025e-09	6.569011529824849e-09	3
SPTSSB	3.476658	7.071068823195989e-09	1.085352083376207e-08	3
SAA2	3.9597619	1.1081220894512486e-08	1.6904989922978624e-08	3
ZG16B	4.2073836	1.3918154595942244e-07	2.0619488290284805e-07	3
S100A9	1.1032666	6.451791378801745e-07	9.418673545695978e-07	3
FGFBP1	3.1180005	1.1299087287049904e-05	1.57368903719358e-05	3
NTS	3.1639946	1.6032737126687212e-05	2.2190639621712402e-05	3
DEFB1	4.8649015	3.3566233874064704e-05	4.5949669916584124e-05	3
GAL	2.1644745	3.814465956649857e-05	5.2145809386874326e-05	3
PIP	6.704123	5.380150453231216e-05	7.295119258618597e-05	3
SPINK5	2.1514816	6.86708318356565e-05	9.267318736255939e-05	3
RP11-168E14	1.2597638	0.00012900453644006124	0.0001726968359304702	3
IGFL1	3.5570548	0.0006267667311497971	0.0008124001699932562	3
PTX3	1.3206546	0.002018995722106081	0.0025190214873438317	3
KRT6A	2.9423268	0.0021352321565754474	0.0026623842351314805	3
SLC6A14	4.0752077	0.002507853822380004	0.0031018600153123114	3
TFF3	1.1165711	0.007085572788673119	0.008562625726493195	3
SST	2.4284446	0.007532072312400075	0.009080255952260488	3
OLFM4	1.352569	0.010071126259719395	0.012032408912448502	3
CALML5	3.3602412	0.0156644862393932	0.018483169604003778	3
RAB25	1.2880849	0.03235697582464232	0.037385298468679745	3
MT-ND4	3.6362379	0.0	0.0	4
MT-ND2	3.6115239	0.0	0.0	4
MT-CO3	3.6329014	0.0	0.0	4
MT-CO2	3.1291347	0.0	0.0	4
ANXA1	3.5712943	0.0	0.0	4
IGFBP2	4.015579	0.0	0.0	4
ALDH1A1	3.1511774	9.071565599396577e-288	2.296598885923184e-286	4
DLX5	3.4539032	4.8341331267851235e-214	6.95558723278435e-213	4
NTRK2	3.7538357	4.0820358532882767e-190	4.665183832329459e-189	4
MAGEA4	2.6098673	6.63820337390379e-187	7.13785309021913e-186	4
WIF1	2.928914	6.102021311128673e-149	4.767204149319276e-148	4
DLX6-AS1	3.7486053	2.0803660223411177e-108	1.0480433361919988e-107	4
GNG11	1.4472272	3.9537013353410646e-98	1.7971369706095747e-97	4
INHBA	2.1134913	2.1201111183561467e-95	9.464781778375655e-95	4
CRABP1	2.845494	1.5819979128826872e-89	6.564306692459284e-89	4
COL8A1	1.6360592	7.94229216837484e-74	2.8114308560618905e-73	4
MT1E	1.9895152	6.589403309210568e-70	2.2374883902243017e-69	4
TIMP1	1.0953658	4.287359301956259e-67	1.4103155598540325e-66	4
CPE	1.4243212	8.661301322945008e-65	2.798481849093702e-64	4
CLU	1.3275994	2.0022176958950485e-61	6.179684246589656e-61	4
SERPINE2	1.6342552	3.192615424451122e-61	9.823432075234223e-61	4
IGFBP5	2.5353541	3.8221422383202556e-58	1.1409379815881359e-57	4
ADIRF	1.6174358	1.534204506202031e-56	4.459896820354742e-56	4
SLC9A3R2	1.6408215	1.0063360839816623e-55	2.891770356269145e-55	4
MT1M	2.6012018	1.0998414157239173e-52	3.025698530189594e-52	4
FST	2.5514588	1.3120183653689722e-44	3.300675133003704e-44	4
EDN3	2.3409305	4.6085124464177244e-40	1.1025149393343839e-39	4
PTGER2	1.5339522	4.002647530597828e-40	9.598675133328125e-40	4
RASL11B	1.3618201	9.559960608367354e-40	2.2761810972303225e-39	4
MT1X	1.0263704	7.96576124987109e-33	1.741149999971823e-32	4
SOD3	2.1918883	1.8232278076380348e-32	3.9592351957394894e-32	4
SULF1	1.6183999	1.1402331680202865e-30	2.4337954493495976e-30	4
SRPX	1.22183	9.817551792876892e-29	2.045323290182686e-28	4
MT1A	1.5887744	3.90421390702827e-23	7.508103667362058e-23	4
VWA1	1.0256271	7.27468376743625e-19	1.3119357560750677e-18	4
PCP4	2.119588	1.5030008337435075e-16	2.61391449346697e-16	4
MATN3	1.2008396	2.786626958047535e-16	4.816986962917087e-16	4
LY6H	1.1548889	5.54801591465103e-14	9.262130074542622e-14	4
CYP1B1	1.3820184	5.256006387377042e-13	8.574235542213771e-13	4
MIA	1.1629122	1.5822861347998297e-12	2.558263758770945e-12	4
NDNF	1.5076844	3.2259896849378075e-12	5.1864785931476e-12	4
LECT1	1.4627724	6.951556415068172e-11	1.0912961405130568e-10	4
MT1G	1.3871679	6.374301554180129e-09	9.492630758272716e-09	4
OLFM4	2.8417537	6.90696741575258e-06	9.39723457925521e-06	4
PRELP	1.393808	0.007498043191505428	0.008894475909259108	4
B2M	4.151238	0.0	0.0	5
CCL5	8.104681	0.0	0.0	5
CXCR4	6.9957504	0.0	0.0	5
MTRNR2L8	3.8029711	0.0	0.0	5
HLA-C	4.326717	0.0	0.0	5
ARHGDIB	5.729176	0.0	0.0	5
MTRNR2L1	3.2522948	0.0	0.0	5
PTPRC	6.1379495	0.0	0.0	5
NKG7	11.19666	0.0	0.0	5
SRGN	4.68023	0.0	0.0	5
TMSB4X	2.4002798	0.0	0.0	5
CST7	7.609219	0.0	0.0	5
TNFAIP3	4.1121716	0.0	0.0	5
LCP1	5.6031866	6e-323	1.21e-321	5
IL2RG	6.4843984	4.927930767759987e-290	9.21108554721493e-289	5
LAPTM5	4.269748	2.763250899034744e-292	5.263335045780465e-291	5
PTPRCAP	6.803966	3.3368704104492743e-276	5.958697161516561e-275	5
STK17B	3.85794	2.031091608235785e-275	3.5948524039571414e-274	5
CORO1A	5.393981	5.59211611952581e-266	9.320193532543017e-265	5
GZMA	7.9703994	7.614182143809069e-262	1.2380783973673284e-260	5
RAC2	5.2930236	6.788548111051837e-259	1.0949271146857801e-257	5
IL32	5.554969	3.7655397700790176e-252	5.929983889888217e-251	5
HLA-F	4.464097	7.117462145035763e-245	1.0949941761593481e-243	5
CREM	3.910053	8.503068192133222e-245	1.2981783499440032e-243	5
CD8A	9.634129	4.047781419727136e-239	6.041464805562889e-238	5
PRF1	9.670173	9.16306375965008e-239	1.3574909273555672e-237	5
CD3D	7.112273	1.5310399513072244e-233	2.1716878741946447e-232	5
CD53	4.9398985	1.1287644379614248e-235	1.6358904897991662e-234	5
CTSW	7.980621	3.1039101004208328e-229	4.31098625058449e-228	5
GZMH	9.258901	2.003474843193134e-226	2.763413576818116e-225	5
CYTIP	5.621117	5.427353642247781e-224	7.384154615303105e-223	5
KLRK1	9.942405	2.9191351769157103e-218	3.695107818880646e-217	5
RGS1	5.2399025	7.497415980034664e-223	1.0063645610784785e-221	5
LSP1	4.9421144	1.2455042332790775e-214	1.5472102276758726e-213	5
CD3E	6.304384	3.2540006827274555e-213	4.0172847934906855e-212	5
FAM46C	3.9549243	2.3404625361101505e-210	2.8369242861941215e-209	5
SELPLG	5.316351	6.837232258934127e-207	8.091399122998967e-206	5
IFITM1	3.9788702	3.028432307219833e-211	3.715867861619427e-210	5
EZR	3.1201773	3.047007263123296e-208	3.671093088100356e-207	5
ZAP70	6.7145514	6.0248426633792174e-198	6.807731823027365e-197	5
TUBA4A	5.453046	2.331474350590163e-197	2.6196341017867e-196	5
SLA	5.4822717	2.3761970720950622e-197	2.654968795636941e-196	5
ITGAL	6.0082045	1.0996234798213716e-195	1.215053568863394e-194	5
CD97	4.8686395	3.0900922788154454e-193	3.35879595523418e-192	5
CD52	5.6204796	1.4211784198319697e-191	1.5364091025210485e-190	5
CD44	3.3479304	1.6398014780313995e-193	1.7921327628758466e-192	5
CD96	6.2437205	4.786548097896883e-189	5.1468259117170785e-188	5
STAT4	6.267624	1.412643177391043e-187	1.4948605051757068e-186	5
ARHGAP9	5.6154604	3.898107806729131e-184	4.018667841988795e-183	5
CDC42SE2	3.666576	3.576234271741286e-185	3.7447479285249066e-184	5
CD2	6.443511	8.166064957414906e-184	8.332719344300924e-183	5
ITGB2	4.046342	6.751065942303068e-182	6.784990896787002e-181	5
DUSP2	3.3330843	2.965528426809023e-181	2.9507745540388287e-180	5
CD74	3.0662045	4.779159103380917e-186	5.0306937930325444e-185	5
CD247	7.085377	9.773131432660375e-167	9.091285053637559e-166	5
EMB	4.3274064	4.979022565132151e-166	4.610206078826065e-165	5
LCK	6.29322	3.0960888228896953e-165	2.8535380856126223e-164	5
SYTL3	5.4686	6.8793685480872115e-165	6.282528354417545e-164	5
IL2RB	6.4471974	9.250944586560003e-163	8.334184312216219e-162	5
DDIT4	3.4002094	1.2616484981870146e-163	1.1469531801700134e-162	5
TNFRSF1B	4.1349745	3.8500640472566614e-162	3.4529722396920728e-161	5
CD37	3.9098606	8.661414759801626e-160	7.699035342045889e-159	5
AOAH	4.9201417	4.410917673163656e-158	3.8862710776772304e-157	5
GZMB	9.702541	5.826869958705278e-157	5.066843442352416e-156	5
SLA2	7.449786	2.0720204553223215e-154	1.755949538408747e-153	5
SERPINB9	3.6500566	2.816456395157037e-154	2.3667700799638967e-153	5
FYB	4.1835427	6.509300045447995e-153	5.379586814419831e-152	5
APOBEC3G	4.9238524	3.772910626858658e-151	3.092549694146441e-150	5
YPEL5	2.8465881	1.3901600774942196e-149	1.1348245530565058e-148	5
CCL4	4.7154436	2.113763305183013e-149	1.7046478267604943e-148	5
HCLS1	3.6669264	2.67083078517111e-147	2.1452456105792047e-146	5
CLEC2D	5.028451	8.896819629288556e-145	7.033058995485025e-144	5
FLJ43663	4.249886	7.762782062864031e-142	6.064673486612524e-141	5
CD3G	6.260785	5.264262005695792e-141	4.080823260229296e-140	5
PDE4B	3.4279397	7.473574947779231e-141	5.771100345775467e-140	5
HCST	4.494792	7.285124543517343e-139	5.582470914572677e-138	5
KLRD1	8.056045	2.456830745330097e-137	1.8754433170458755e-136	5
GNLY	11.339459	1.5053978839787346e-130	1.0988305722472515e-129	5
GNG2	4.255098	2.041267028349333e-129	1.4738390096385076e-128	5
HSPA8	1.5543243	9.046696050219461e-132	6.676528450346465e-131	5
TARP	8.710577	2.1669606488557632e-128	1.5368515240111797e-127	5
SAMSN1	4.1439247	1.7032592240416886e-128	1.212284145225401e-127	5
CD48	4.961384	7.817442957749225e-128	5.505241519541708e-127	5
SPOCK2	4.82329	2.523102010417602e-124	1.746091356690382e-123	5
ARL4C	3.6678085	6.161418137792496e-122	4.191440910062923e-121	5
ISG20	4.156798	1.0486040338204956e-118	6.94439757497017e-118	5
ANKRD44	3.70986	9.703763931095789e-119	6.447683675146704e-118	5
CD8B	8.446252	3.35916870092728e-118	2.2027335743785443e-117	5
PRKCH	3.579498	1.277549425852805e-118	8.43266947757627e-118	5
RASSF5	4.3548985	2.005082491487561e-118	1.3191332180839218e-117	5
BIN2	5.0264525	1.758972493274957e-117	1.1421899306980241e-116	5
RHOF	4.2187	1.0169684146004342e-116	6.5399898045044e-116	5
RARRES3	4.3732643	1.0273507243096291e-116	6.585581566087366e-116	5
RNF19A	3.0723352	3.760766807170373e-115	2.3727235376469227e-114	5
GZMM	6.876451	7.80502239399992e-111	4.847839996273242e-110	5
CD69	4.6407285	3.024400179022562e-110	1.861169340936961e-109	5
SLC2A3	2.6104262	2.397864121406937e-110	1.4801630379055166e-109	5
S100A4	2.6090205	1.1676954185931491e-109	7.120094015811884e-109	5
PIK3R1	3.7717178	3.414669618550265e-108	2.069496738515312e-107	5
PTPN22	5.5362606	2.5075955703745782e-107	1.515163486631165e-106	5
PYHIN1	6.6008162	1.2198241465152348e-105	7.282532218001402e-105	5
ITK	5.497102	4.953970938458843e-105	2.948792225273121e-104	5
EVI2B	3.994412	1.413708112340603e-104	8.365136759411852e-104	5
P2RY8	5.443496	4.523662342855598e-102	2.5998059441698838e-101	5
RHOH	4.4944687	1.4139268842338467e-101	8.079582195621982e-101	5
PTGER4	3.3729982	1.2471886965932375e-101	7.147213160992766e-101	5
ARHGAP15	3.7964196	1.2954648266540146e-99	7.319010320079179e-99	5
TRIM22	3.2377577	1.2144946211337488e-98	6.823003489515444e-98	5
PVRIG	5.5121503	9.447860098549945e-97	5.2198122091436164e-96	5
SEPT1	5.28181	9.584039245752142e-96	5.237179915711553e-95	5
TAP1	3.0005834	3.1250982988840666e-95	1.7030508440785105e-94	5
SAMD3	7.229512	1.6330803428333262e-94	8.827461312612574e-94	5
ZNF331	2.5545654	1.2970629776644362e-94	7.049255313393676e-94	5
PSMB9	3.5083416	1.2679917426752154e-93	6.817159906855996e-93	5
UCP2	3.326092	2.1645683946099816e-92	1.1483121456816878e-91	5
PTPN7	5.3239903	2.2831803019433389e-91	1.2048444865136353e-90	5
APOBEC3C	3.564364	6.374436776186474e-91	3.3374014535007717e-90	5
IL10RA	3.730188	7.332625240607289e-91	3.8290471230325267e-90	5
AIM1	4.5914607	4.856373483253661e-89	2.5162556908050056e-88	5
GZMK	6.68616	3.0575409431532556e-88	1.5679697144375669e-87	5
SKAP1	5.023402	4.3666095118191373e-88	2.2278619958260903e-87	5
PSMB8	2.9200718	3.257811616954537e-87	1.6495248693440694e-86	5
CLEC2B	3.30962	9.409520250594788e-87	4.704760125297394e-86	5
C16orf54	5.261235	1.720447592933367e-86	8.580785999667665e-86	5
TBC1D10C	5.2523046	2.990445048217554e-86	1.487783606078385e-85	5
EVI2A	3.5048203	3.0404505088970632e-86	1.5089084411399816e-85	5
SASH3	4.54737	5.030531456772282e-86	2.4842130650727314e-85	5
TC2N	3.7634394	6.662626549332508e-86	3.274017960359955e-85	5
IL21R	6.1721997	1.4098944556741996e-85	6.911247331736273e-85	5
LAT	4.5612073	4.063741202532428e-85	1.9871595122407962e-84	5
GIMAP7	4.4850473	5.265191315234002e-85	2.5683860074312204e-84	5
ABI3	4.3467546	8.386787093325645e-85	4.081161602591555e-84	5
SH2D1A	6.4652576	1.0138597667579188e-84	4.90973252667273e-84	5
FGFBP2	10.056105	2.0988796636904166e-84	1.011508271658032e-83	5
SLC9A3R1	3.5667133	4.440810668137855e-82	2.089793255594285e-81	5
ICAM3	3.8600302	4.880708327142268e-81	2.2753884975022226e-80	5
PIK3IP1	2.8817868	3.926227068259389e-81	1.838982233376763e-80	5
LIME1	4.2979255	1.2989437028531451e-80	6.013628253949746e-80	5
PLAC8	5.117369	1.9506563841149105e-80	9.009960203764021e-80	5
CD5	5.191465	3.2890406944453086e-80	1.512202618135774e-79	5
GPR65	4.310491	3.0126049985419587e-80	1.388297234351133e-79	5
DOK2	4.2822347	4.951365093135037e-80	2.2660709808398338e-79	5
SP100	2.3730605	4.9048353795223066e-79	2.229470627055594e-78	5
HOPX	3.7575777	1.1185422621321001e-77	5.027156234301574e-77	5
LPXN	3.4998827	1.2957069513227e-77	5.7973465383565996e-77	5
HCP5	4.512354	3.312120996539171e-76	1.4687897989087232e-75	5
ANKRD36BP1	2.3482614	9.919591101453393e-76	4.379510420067723e-75	5
ALOX5AP	3.358606	3.614794702176109e-75	1.5889207482092786e-74	5
CCNH	2.1618497	3.588723667648328e-74	1.5671282391477414e-73	5
DUSP4	3.1419997	2.005658030808485e-73	8.720252307862978e-73	5
FAM65B	4.7173533	3.300572903446708e-72	1.4257334356141286e-71	5
SLAMF7	5.763284	6.9310125290199e-72	2.9810806576429676e-71	5
BIRC3	2.8012197	6.146548467695243e-72	2.6493743395238114e-71	5
BTN3A1	3.9684885	3.0122949381136524e-71	1.2818276332398522e-70	5
KLRB1	5.882864	3.4671496062829918e-71	1.4722503636021198e-70	5
FAIM3	4.7901993	7.029343309458292e-71	2.97853530061792e-70	5
KLRC4	9.112156	1.711943868280492e-70	7.177961711867892e-70	5
PSTPIP1	4.9593344	5.769713707143543e-70	2.4040473779764764e-69	5
OASL	5.659122	6.75712282592302e-70	2.809614480633272e-69	5
CD55	2.2821646	4.83107817104467e-70	2.017151637179403e-69	5
TAGAP	3.7618802	9.02597779555503e-70	3.7452190023049915e-69	5
CASP8	3.7124622	1.1374338044277468e-69	4.709870825787772e-69	5
S1PR5	8.828821	3.2789503810495e-69	1.3493622967281892e-68	5
ARID5A	2.3441944	1.9280927410453597e-69	7.967325376220495e-69	5
ZBTB1	2.7102895	6.048223286813569e-69	2.4787800355793317e-68	5
IDI1	2.2371423	7.069244345910247e-69	2.8854058554735702e-68	5
RGS2	2.5585618	1.1849803042505262e-67	4.797491110326017e-67	5
GIMAP4	3.7200043	3.495934289807904e-66	1.3983737159231615e-65	5
GLIPR2	3.6231663	2.868305498666519e-65	1.140479323525455e-64	5
MYO1G	4.435327	4.672591442925215e-65	1.854202953541752e-64	5
GBP2	3.3648791	8.314108482550426e-65	3.29271623071304e-64	5
GPR132	3.9362566	2.242767258035502e-64	8.847208118483243e-64	5
OSTF1	2.3730574	1.2841168902666627e-63	5.016081602604151e-63	5
THEMIS	6.188821	1.327742521246787e-61	5.126419000952845e-61	5
ANXA1	1.5965801	1.4754555321523468e-62	5.7299243967081425e-62	5
CXCR3	5.3848825	3.1151691590531335e-61	1.1912692768845634e-60	5
CD58	3.233968	3.4828038131855326e-61	1.329314432513562e-60	5
CD6	5.181259	1.3284963328557613e-60	5.04173181349435e-60	5
GIMAP5	3.965114	1.4340806162252683e-60	5.432123546307834e-60	5
SP140	5.059997	2.3596440856315186e-60	8.921149662122943e-60	5
LOC374443	3.3926368	2.97007774351652e-60	1.1207840541571774e-59	5
ARHGAP25	3.8603585	4.2037087199860753e-60	1.5833177853054896e-59	5
FCGR3A	3.443591	1.6468464248774188e-59	6.179536303479995e-59	5
HLA-DPA1	1.9341394	6.188283445262296e-60	2.3264223478429683e-59	5
GMFG	2.6569903	4.47475908932284e-59	1.672807136195454e-58	5
PRKCQ	5.733876	1.5412517189433135e-58	5.740229865710664e-58	5
IL7R	4.360991	2.040335698856058e-58	7.570818919688526e-58	5
COTL1	1.9476852	8.36718759400552e-58	3.093230164142521e-57	5
DUSP10	3.0631578	2.724445607370966e-57	1.003479045072179e-56	5
CCR5	5.02032	6.508160479060055e-57	2.3839415674212656e-56	5
C12orf75	3.5289795	1.7837966294768962e-56	6.522108334467628e-56	5
GPR171	5.397544	1.2409269099619016e-54	4.447766702372407e-54	5
CCND3	2.1425712	1.0830643552428701e-54	3.888920485611741e-54	5
GRAP2	4.902545	2.45751997439289e-54	8.792558047917316e-54	5
CTSC	2.2513473	4.448201200468707e-54	1.588643285881681e-53	5
P2RY10	5.0210557	7.134404547021756e-54	2.538934002498845e-53	5
S1PR1	3.5204096	1.6071009324162558e-52	5.688852858110641e-52	5
DENND2D	4.5022655	2.204844048569627e-52	7.77722768454895e-52	5
TRAF3IP3	4.5104313	2.189268370597957e-52	7.735930638155326e-52	5
TRAT1	4.927988	7.031677785948948e-52	2.4715914889099993e-51	5
TES	2.926428	1.492106773395499e-51	5.226293426954463e-51	5
SAMHD1	2.6415193	2.92261883516648e-51	1.0183340889081812e-50	5
F2R	2.8079443	5.431643388839554e-51	1.882718678973849e-50	5
TMEM71	5.14571	3.8050640960016543e-50	1.3166311750870778e-49	5
CXCR6	5.0407853	9.869121302304538e-50	3.409022902350445e-49	5
FERMT3	3.1472044	1.9299519718325697e-49	6.64355239873518e-49	5
HMGB2	1.7543004	4.8867665893913564e-49	1.6706894322705494e-48	5
KLRG1	5.2217407	7.502712031214025e-49	2.5606525703802134e-48	5
CASP4	2.349609	1.4829222853244617e-48	5.018349527324744e-48	5
BHLHE40	1.5484941	9.684174498681964e-49	3.293936904313593e-48	5
UPP1	2.8486922	1.8928286467006603e-48	6.394691373988718e-48	5
LOC100130231	5.7305226	4.4301723672165545e-48	1.4916405276823415e-47	5
TIGIT	5.511591	4.879984751448906e-48	1.6403310088903887e-47	5
DNAJB1	1.27613	6.880566946284727e-48	2.3089150826458816e-47	5
FASLG	8.04867	2.3276894156054167e-47	7.771917915210072e-47	5
PARP15	4.755614	3.3247369391344522e-47	1.1082456463781508e-46	5
ICOS	4.505484	4.0437394787169485e-47	1.3456703756129613e-46	5
CCL4L1	2.4721572	4.4128170068409866e-46	1.4492009874683044e-45	5
GBP5	4.817016	2.2872058510174683e-45	7.413957377690334e-45	5
IRF4	3.5650463	2.44997747020226e-45	7.928729677029968e-45	5
CASP3	2.7402503	8.747714068108203e-45	2.8218432477768396e-44	5
CCL4L2	2.3919096	8.785172157851284e-45	2.8293630138007357e-44	5
MCOLN2	5.2781353	2.487566606877124e-44	7.972969893836936e-44	5
CRTAM	6.737106	1.262619018593513e-43	4.021079677049404e-43	5
MFNG	3.4208682	4.823380836316188e-43	1.533666402644257e-42	5
GPR174	5.7482834	2.488042366737837e-41	7.824032599804518e-41	5
PDCD1	4.5579815	8.199405488479877e-41	2.566324096550822e-40	5
FCRL6	8.6629	1.5310532306942503e-40	4.769636232692368e-40	5
BTN3A3	3.691596	1.7899026287850868e-40	5.558703816102754e-40	5
STOM	1.5158159	5.636866416060271e-40	1.7370928863051684e-39	5
IFNGR1	1.774602	9.51322299342517e-40	2.9181665624003585e-39	5
ARHGEF3	2.605097	1.644639401404733e-39	5.0141445164778445e-39	5
MTFP1	3.741288	2.7010338856770492e-39	8.184951168718331e-39	5
ITGB7	5.1497254	7.118029192597141e-39	2.1537153381534466e-38	5
TNFSF14	5.0158744	9.500764469494812e-39	2.8659922984901396e-38	5
LY9	4.5076303	1.1295403190533346e-38	3.397113741513788e-38	5
ABRACL	2.2902434	1.0592786497612313e-38	3.190598342654311e-38	5
CD27	5.054946	1.659121126940049e-38	4.982345726546694e-38	5
CAMK4	4.9286118	2.1075293253144195e-38	6.319428261812352e-38	5
HSH2D	5.5062585	3.6574616011607874e-38	1.095048383581074e-37	5
ZNF683	7.7687626	6.744641886544981e-38	2.0163353920911752e-37	5
PATL2	5.7661133	1.0822286076106086e-37	3.2305331570465927e-37	5
SLAMF6	5.8532014	1.1607908754622245e-37	3.4598833843881503e-37	5
RUNX1-IT1	4.2540665	1.4532586527238485e-37	4.3251745616781205e-37	5
ITM2A	1.7679712	1.5442771508071648e-37	4.5892337319678e-37	5
LOC100507463	3.7800856	4.360796682137477e-37	1.2882708071307168e-36	5
KLRC4-KLRK1	9.564491	9.126829363322648e-37	2.68882900480094e-36	5
LRMP	3.6990883	9.128574471299191e-37	2.68882900480094e-36	5
CDC14A	3.5663579	9.336279202282173e-37	2.7459644712594624e-36	5
IL12RB1	4.4081893	1.8269337434168515e-36	5.3575769601667197e-36	5
PLEK	2.4638836	1.017942006918055e-35	2.950556541791464e-35	5
HLA-DPB1	1.1459208	5.1307917194372195e-36	1.5002314969114675e-35	5
ADRB2	2.282246	9.19355086071398e-35	2.6532614316634866e-34	5
KLRF1	7.73884	1.1772377304440428e-34	3.387734476097965e-34	5
HAVCR2	2.7754307	4.314533837383169e-34	1.2362561138633723e-33	5
KLRC3	10.359735	4.789088595864563e-34	1.3702685538954402e-33	5
XCL2	7.783285	6.144374769846118e-34	1.7555356485274625e-33	5
CD244	6.2451186	1.579383148544818e-33	4.493266425447562e-33	5
FKBP5	1.9022384	6.587306452060237e-33	1.8581964603837061e-32	5
CD300A	2.6872063	1.2994961907438393e-32	3.65027019871865e-32	5
PRDM1	1.6859167	2.3005380024005297e-32	6.453122026368948e-32	5
SIT1	4.9709287	3.006151678480106e-32	8.408815883860436e-32	5
KPNA2	1.7745668	4.5995159513588154e-32	1.2847809919996692e-31	5
HMGN4	2.0034735	5.402989558799574e-32	1.507110058242559e-31	5
CD28	3.3020272	7.006214392127818e-32	1.9515917526818434e-31	5
CD226	5.071253	1.5471059692946866e-31	4.303493655896208e-31	5
IFNG	5.9303775	3.700544367765499e-31	1.0265032920292647e-30	5
THEMIS2	2.3314996	7.820723367668974e-31	2.1604208197980593e-30	5
GPR183	1.9664699	1.0625229297169737e-30	2.927060412443454e-30	5
PRR5L	4.5222044	1.429326309057406e-30	3.932121895618724e-30	5
ADA	2.8319933	1.4600933581732272e-30	4.011245489486888e-30	5
XCL1	6.6209497	1.95260992885079e-30	5.356954537313553e-30	5
MAP3K8	1.9331555	2.7917083953583744e-30	7.648516151666779e-30	5
RGCC	2.0084953	8.184077017977674e-30	2.2330360212763096e-29	5
PPP2R2B	5.664231	8.030606379243493e-29	2.182229994359645e-28	5
GPR18	4.6147656	1.2007107111816107e-28	3.2583737074127836e-28	5
ACSL5	3.3911588	1.5808660636324405e-28	4.27261098279038e-28	5
CX3CR1	3.536077	2.1347181603262157e-28	5.753957305461498e-28	5
OAS2	3.2118769	1.1624957961603396e-27	3.124988699355752e-27	5
ANXA2R	4.4508915	1.6035201929818019e-27	4.3047521959243e-27	5
B3GNT2	2.3507707	1.8249140347563818e-27	4.892530924279844e-27	5
IL18RAP	5.4062824	2.1881295116441588e-27	5.858445814308324e-27	5
MST4	3.2939014	4.81611115549157e-27	1.2842963081310853e-26	5
SLFN12L	5.9899955	6.170976230706773e-27	1.643402458244147e-26	5
B3GNT7	4.3254557	1.2804434297350888e-26	3.405434653550768e-26	5
APOBEC3H	5.091334	1.473457079342364e-26	3.913564619767235e-26	5
DGKA	2.15333	1.9941946986246694e-26	5.289641110410264e-26	5
KLRC1	7.2066045	1.1987188896661954e-25	3.1586795511625705e-25	5
AMICA1	2.6167245	1.5607861342811481e-25	4.1073319323188107e-25	5
RCAN3	3.2966096	2.271717077662097e-25	5.962512014861147e-25	5
NT5C3	1.934467	5.995420534120763e-25	1.5674302049988921e-24	5
MPZL3	3.9746459	1.0657701135310351e-24	2.7610624702876555e-24	5
AREG	2.763549	1.4250168102282713e-24	3.686977516761374e-24	5
CASP1	2.296228	1.4427934531475373e-24	3.728148457745574e-24	5
TSTD1	2.2645729	1.6500863332856193e-24	4.258287311704824e-24	5
CD38	5.1360836	1.7894320819633353e-24	4.60600278497641e-24	5
SELL	3.218227	2.385938233552525e-24	6.133517309903663e-24	5
SP140L	3.365371	2.583793951998153e-24	6.62511269743116e-24	5
STAT1	1.4669743	2.6446982321106302e-24	6.772594704508657e-24	5
S1PR4	5.114595	3.0624218624466568e-24	7.832280978124441e-24	5
KLRC2	9.946329	3.3366673243211065e-24	8.522777329044972e-24	5
TXK	5.402189	3.4360795321672875e-24	8.765509010630835e-24	5
PIM2	1.9431984	5.777787179915276e-24	1.4701748549402737e-23	5
ABCB1	5.708453	6.60447297786283e-24	1.6783921163565004e-23	5
RPS6KA1	3.1015637	1.3140671603434985e-23	3.330968720769324e-23	5
RAB37	3.8104825	1.71336764691101e-23	4.3376396124329365e-23	5
APOL3	3.4655497	2.0146827746134566e-23	5.087582764175395e-23	5
JAKMIP1	5.6649737	2.3153161279754712e-23	5.839384938147468e-23	5
PDCL3	1.4360765	2.346811774829538e-23	5.911364672114705e-23	5
SH2D1B	8.18859	4.4975060225050925e-23	1.1271944918559127e-22	5
PCGF5	1.9657276	4.357753868315018e-23	1.0935392392258515e-22	5
PTPN6	1.9964279	8.11331058004461e-23	2.0283276450111525e-22	5
LAX1	3.9127712	8.562567255250117e-23	2.1379693521223762e-22	5
ZBED2	5.462265	1.0166271098568082e-22	2.535229700391043e-22	5
SCARNA17	3.5396533	1.1447766066011387e-22	2.851249331509685e-22	5
MCTP2	1.8084075	1.3660527030476437e-22	3.3981410523573226e-22	5
RASGEF1B	1.7221125	2.636408803963749e-22	6.517697908439429e-22	5
TNFAIP8	1.7681051	4.340283188309712e-22	1.0690352680565791e-21	5
PTGDR	5.9167438	9.54126466346813e-22	2.344291072105192e-21	5
CTSS	1.2284069	9.526980876692696e-22	2.343660732273726e-21	5
KIR2DL3	10.316748	1.4911534765966945e-21	3.6547879328350355e-21	5
IGFLR1	2.4070632	1.932170292759642e-21	4.7299150373553046e-21	5
ITGA1	2.5130334	2.5343573355908895e-21	6.1813593550997306e-21	5
SRSF10	1.3646195	3.910532524856477e-21	9.514677676049824e-21	5
LOC643733	4.5210733	6.248675694802789e-21	1.5185117119812368e-20	5
GCH1	2.9352825	2.404715243298374e-20	5.808490925841484e-20	5
FCRL3	5.8761945	2.9895436136009054e-20	7.212409200484694e-20	5
GPR114	6.0286508	4.232527787727721e-20	1.0198862139102942e-19	5
HLA-DRA	1.1887339	5.575257977677546e-20	1.3385973535840446e-19	5
ISG15	1.1854615	7.96732051948685e-20	1.9106284219392928e-19	5
ADORA2A	3.7151275	9.231881569655907e-20	2.211229118480457e-19	5
TNFSF8	2.853218	9.546873213846305e-20	2.2839409602503125e-19	5
TTC39B	3.2860425	1.0974335127829898e-19	2.622302300556726e-19	5
IL27RA	2.7599735	1.4532493838141204e-19	3.468375617694798e-19	5
SQRDL	2.1248403	1.983444386869349e-19	4.722486635403212e-19	5
DTHD1	6.9215517	2.1016264037077776e-19	4.99792248206368e-19	5
IL18R1	2.6713204	8.660124347133404e-19	2.0376763169725656e-18	5
BATF	2.8204546	9.21317287229299e-19	2.1652580193403033e-18	5
GNGT2	4.7570906	1.0206495310079706e-18	2.3930821360093097e-18	5
BPGM	1.6591877	1.3668027674152968e-18	3.2009432492161516e-18	5
FGR	2.569632	1.7387164942884266e-18	4.057681433578592e-18	5
TNIP3	4.6320567	2.559865477217048e-18	5.9531755284117396e-18	5
TNFRSF9	4.505938	5.0867506087298264e-18	1.1761273083768385e-17	5
CD160	6.095048	6.326657416025661e-18	1.459436543489195e-17	5
SIRPG	4.609061	6.754743110147426e-18	1.5563924216929552e-17	5
NCR3	6.2342544	1.2880363533529938e-17	2.9610031111563073e-17	5
KIR2DS4	9.938043	1.5561244064371697e-17	3.5731903706938455e-17	5
LOC100506776	5.340604	1.6660908302906443e-17	3.816932028157261e-17	5
ZNF92	2.3424947	1.98979532973345e-17	4.542911711720206e-17	5
GIMAP2	2.080939	3.285488425950926e-17	7.467019149888468e-17	5
KRT86	7.145733	3.9257861297409147e-17	8.90200936449187e-17	5
LAIR2	7.5907664	4.762221988036936e-17	1.0786459769053083e-16	5
GYG1	1.4932904	4.914147232353753e-17	1.1117980163696273e-16	5
HIST1H1D	3.1731927	5.976299230144182e-17	1.34905174495354e-16	5
RCSD1	2.1334095	1.228649153248652e-16	2.764115080424414e-16	5
BST2	1.4591697	1.6826279000587468e-16	3.7811862922668465e-16	5
GLRX	1.6116791	1.7727841146818981e-16	3.9748522750715206e-16	5
FAS	1.8258932	1.833661981166224e-16	4.106745758490983e-16	5
TFRC	1.2502394	1.941123648294865e-16	4.3425584973039484e-16	5
NELL2	3.113315	2.109263189061569e-16	4.713437293992333e-16	5
KIR3DL2	8.731783	2.1874373101095284e-16	4.882672567208768e-16	5
CD82	1.3511434	2.5235804849367427e-16	5.62044651433573e-16	5
STAMBPL1	3.7883978	4.964742979243008e-16	1.098394464434294e-15	5
CD101	4.7661314	6.769072785686776e-16	1.4959276874445915e-15	5
LTB	2.799509	9.889388134332708e-16	2.178279324742887e-15	5
NCR1	11.155346	1.3190218356156033e-15	2.902138252179545e-15	5
DPP4	3.346073	1.8018191019333876e-15	3.960041982271181e-15	5
IL9R	5.11741	3.7057878060277645e-15	8.126727644797729e-15	5
CMAHP	2.7760527	4.875883042477345e-15	1.0669328320519354e-14	5
HCG26	4.0365334	5.04725109830578e-15	1.1032242837826841e-14	5
PRKCQ-AS1	4.125696	1.2008878271183379e-14	2.6106257111268213e-14	5
SLAMF1	3.7434564	1.5452739305370678e-14	3.352004187715982e-14	5
CARD16	1.3848119	2.1890662106268604e-14	4.743372070697422e-14	5
KIR2DL4	9.771564	2.6800294429239326e-14	5.788400524673721e-14	5
MLKL	2.9708962	4.4221557079056665e-14	9.520249102057409e-14	5
KIR3DL1	12.138176	6.461697551589148e-14	1.3866303758774996e-13	5
ABHD3	1.5071863	6.480067399605618e-14	1.3890819720483638e-13	5
ZBTB32	4.7947226	6.763866092181453e-14	1.4483653302315745e-13	5
METTL21D	1.957289	1.3458559061282583e-13	2.863523204528209e-13	5
NMRK1	1.2135726	1.9278704663881577e-13	4.097493021016276e-13	5
GBP1	1.4857155	2.0164391143937533e-13	4.2811870793922575e-13	5
TMEM243	1.2334017	2.376406672430961e-13	5.034759899218138e-13	5
ZNF101	3.1873603	3.673718376684057e-13	7.734143950913804e-13	5
SPON2	1.1171185	4.475602701571204e-13	9.412413673125561e-13	5
LOC541471	1.3565133	6.318525753405164e-13	1.3260284896967818e-12	5
KIR2DL1	10.547339	6.658339242965783e-13	1.3958782480012123e-12	5
CCR7	2.5103395	1.63077048751333e-12	3.4045312891718792e-12	5
CD200R1	2.9876437	1.8014791119235214e-12	3.756995019652808e-12	5
SUSD3	2.9958286	2.4183599659421782e-12	5.0330072131991225e-12	5
TNFRSF18	2.8050811	2.867837818212984e-12	5.956049466693632e-12	5
LPAR2	2.0717928	3.3972782573438347e-12	7.048295139717499e-12	5
CISH	2.7204506	5.611335557337624e-12	1.161767196136154e-11	5
UTS2	4.530458	5.935741229410993e-12	1.2276610608916222e-11	5
ZBTB2	2.1265233	2.1568281988932614e-11	4.437918104718645e-11	5
CCR4	3.0081656	6.03669473354103e-11	1.2370276093321781e-10	5
ITPRIPL1	3.8560352	6.581338673237573e-11	1.3458770292919372e-10	5
SLC25A20	2.283272	7.003362946430727e-11	1.4307176601492803e-10	5
KIR3DX1	10.89779	7.586381102438573e-11	1.5482410413139946e-10	5
PION	2.6624532	8.237956303518192e-11	1.6760847006140778e-10	5
PTTG1	1.3696252	2.932361246022486e-10	5.888275594422663e-10	5
SBDSP1	1.2933735	3.940589360745594e-10	7.889067789280469e-10	5
TNFSF10	1.5277333	5.186654678978202e-10	1.0373309357956403e-09	5
PLCL2	3.2608087	8.556369944136337e-10	1.6976924492334001e-09	5
TMEM156	2.958313	2.160088232887776e-09	4.243788276793273e-09	5
MIR3064	1.688893	2.4255270177425575e-09	4.7606025863445686e-09	5
MIR155HG	1.6301421	4.208096698197469e-09	8.21092038672677e-09	5
ZNF600	2.2620819	4.6628059659728025e-09	9.080440050579948e-09	5
GPR25	5.1832986	7.162180332440637e-09	1.3880194442714412e-08	5
POLB	1.2634357	8.746033157744622e-09	1.6933268456427148e-08	5
ZNF675	1.7685161	1.7534839117978984e-08	3.372084445765189e-08	5
CTLA4	3.163398	2.00348641025092e-08	3.841776433846444e-08	5
BIK	3.6229973	2.2341268633746432e-08	4.2758408868414225e-08	5
NDC80	2.60689	2.2314197486281926e-08	4.274750476299219e-08	5
TMIGD2	4.26503	2.4913794450831448e-08	4.7636318261628e-08	5
SLC27A2	4.2211614	3.360544266085035e-08	6.40123659239116e-08	5
TMEM14E	3.2762117	3.360649211005359e-08	6.40123659239116e-08	5
ZNF124	1.7328318	3.518847949122435e-08	6.696190198139744e-08	5
ZSCAN16	2.2646883	3.660451804382429e-08	6.952425079548772e-08	5
VNN2	2.995006	4.239699365575712e-08	8.029733646923697e-08	5
ASTE1	1.6647764	5.38782903279679e-08	1.0156133897826184e-07	5
ERP27	3.5291553	7.190293712846042e-08	1.3528304257471387e-07	5
ASB2	4.4419565	7.30722931862648e-08	1.3735393456064812e-07	5
ARHGAP11B	2.7716985	7.802412307519395e-08	1.4638672246753087e-07	5
KLRAP1	2.9618306	1.1658498884464719e-07	2.1791586699934053e-07	5
RAB39B	2.3356183	1.6037347477801565e-07	2.98925395671977e-07	5
FAM83D	2.3612669	1.6135202464514932e-07	3.0046931963714957e-07	5
CD70	3.9885561	1.688231502323865e-07	3.140895818276958e-07	5
CHI3L2	5.620264	2.3005298254989833e-07	4.2721073825422164e-07	5
S100B	3.5332968	3.682393866944385e-07	6.812939624318936e-07	5
KRT81	5.5521727	4.555074337922359e-07	8.411956302719037e-07	5
ZNF586	1.4130217	5.7618681308449e-07	1.061117519492615e-06	5
RTP4	2.996706	7.892442441028774e-07	1.4468272119209486e-06	5
ULBP2	1.8904561	8.309987521644784e-07	1.519193331196487e-06	5
CLECL1	2.835933	1.5043235049192513e-06	2.730169700397915e-06	5
ZNF80	4.2494144	1.835798382383703e-06	3.3137154916673337e-06	5
MX1	1.0784725	2.090835480583041e-06	3.7638802530747815e-06	5
ZNF211	1.3778653	2.1975477813037046e-06	3.948872922378625e-06	5
DBR1	1.3389775	2.442303967640071e-06	4.3768888308961845e-06	5
AQP3	1.6696713	3.106164291550099e-06	5.5616191433305266e-06	5
LINC00239	4.856392	3.550507292220445e-06	6.345857537480688e-06	5
ZNF708	1.1750563	6.311819380687982e-06	1.120109916714815e-05	5
TMEM200A	3.37886	6.765146748922926e-06	1.1994941044189587e-05	5
ZNF14	1.4757091	7.1542056830444485e-06	1.2628783200431506e-05	5
ZNF552	1.91719	9.165501862814941e-06	1.6108087632363696e-05	5
ANAPC1P1	3.5379896	9.986383715916655e-06	1.7504616504674243e-05	5
PIGB	1.4297137	1.0512247588807646e-05	1.8378055225188195e-05	5
CXorf57	4.070878	1.0782685382489902e-05	1.8834384947580617e-05	5
LINC00426	4.273914	1.1069309175340505e-05	1.931816610007069e-05	5
GTSF1	4.0711403	1.214192637584091e-05	2.1171624020646748e-05	5
CTH	1.9369999	1.42210787870184e-05	2.464658368634038e-05	5
ZNF468	1.7059841	1.609642167038654e-05	2.7824410839043287e-05	5
ACP5	1.0557816	1.7571223894942508e-05	3.0347536951541467e-05	5
C21orf15	4.6897073	1.8118155558486412e-05	3.12651519559731e-05	5
HPGD	1.3708189	1.8432427391522725e-05	3.172534835029729e-05	5
CCR6	1.9060141	1.9233174063154996e-05	3.307510586957007e-05	5
CXCR2	5.46214	2.100165190322933e-05	3.599254824889345e-05	5
LOC100303749	1.6632344	2.240888155170085e-05	3.833854842036073e-05	5
LOC387895	4.830228	2.465024892516932e-05	4.2029409932087495e-05	5
RPS15AP10	1.8823459	2.4747014469083892e-05	4.21584573578942e-05	5
RAB33A	3.3246043	2.9417495435935478e-05	4.994481398291253e-05	5
RSAD2	2.0603182	3.1731800027717344e-05	5.373717193516908e-05	5
PROK2	3.322898	3.188831899121566e-05	5.395654651643936e-05	5
CCNA2	2.0289054	4.2962517233982376e-05	7.257181965199726e-05	5
INE1	1.0069555	5.2519299998052634e-05	8.826773108916409e-05	5
GPA33	4.667756	6.224852942896607e-05	0.00010444384132376858	5
GPR97	6.445793	7.961142673607782e-05	0.00013312947614728735	5
VCAM1	2.266461	8.279599408871752e-05	0.00013833917140972015	5
ALDOC	1.7893648	8.292552017230333e-05	0.00013843993350968835	5
MIR142	2.411963	8.443417171208749e-05	0.00014084098700932024	5
TM4SF19	4.5515575	9.11472787632006e-05	0.000151912131272001	5
IL24	3.8056962	0.00011417308862518002	0.0001893417721810614	5
SIGLEC17P	1.8213131	0.00011861015041662022	0.00019653711750889844	5
BRDT	4.287116	0.00012070156881887181	0.00019983703446833082	5
A2M-AS1	1.6014694	0.0001247408851732257	0.00020618328127805903	5
CXCR1	6.977584	0.00013285493703631712	0.00021941360369333958	5
SLC25A19	1.1120712	0.00018605604360859713	0.00030451070967037175	5
LOC100128420	3.0232127	0.00023827243652727896	0.0003883821296288165	5
LOC79015	5.0078177	0.0003432176427679679	0.000555818044968369	5
EPHX4	3.672078	0.00034974017048069073	0.0005659226059558102	5
CHAC2	2.3238602	0.00039525050916342826	0.0006375008212313359	5
TKTL1	4.2299023	0.00043741915482267793	0.0007043786712120418	5
RHEBL1	2.3571172	0.0005063613632833709	0.0008147407293376844	5
RRM2	1.5954651	0.0005817560229477809	0.0009315548806209462	5
CCR2	2.2423372	0.0005874104255483736	0.0009398566808773977	5
CCNE2	1.580455	0.0006058570876877623	0.0009685964631299159	5
CD72	1.0709339	0.0007623906531747795	0.0012169044743412284	5
LARS2-AS1	1.3198965	0.000794152019757378	0.0012655809079798854	5
FBXW4P1	2.788946	0.000935008238657018	0.0014853188858729436	5
ZNF700	1.2726635	0.0009714268800089536	0.0015407246312592446	5
ZCCHC18	3.0611024	0.0009764913196260491	0.0015475298250809018	5
AIM2	2.9329634	0.001036480207096516	0.001641298823589099	5
MS4A1	2.0535276	0.0011356670661664446	0.0017926867658507415	5
ZNF674-AS1	1.3662713	0.001222230624272261	0.0019247726366492298	5
MIR1244-2	2.4124153	0.0013853247426346023	0.0021662623027906215	5
MIR1244-3	2.4124153	0.0013853247426346023	0.0021662623027906215	5
MIR1244-1	2.4124153	0.0013853247426346023	0.0021662623027906215	5
ZNF383	1.0201108	0.0015454699433464798	0.0024147967864788745	5
GFRAL	1.2336063	0.0015611262121952127	0.0024373555225530256	5
KRT72	6.2838492	0.0015951540642955683	0.0024885398818963625	5
SNORD76	1.3979336	0.0016737976554664778	0.0026051325376910163	5
HSPA7	1.3460181	0.0017078006940217337	0.0026518644317107664	5
ZNF180	1.4128388	0.0017968620256358528	0.0027836747105125527	5
SNORD45A	3.1964293	0.0018546236666621338	0.002870934468517235	5
ZNF845	1.909218	0.0019068583947596872	0.002944955049821911	5
ASAP1-IT1	2.2856536	0.0020382142085520433	0.0031381281117044547	5
MIR3682	3.03744	0.0025510491899240406	0.003903671292921256	5
ZNF17	1.3450524	0.002652040902897298	0.004055108414216052	5
PRSS57	5.909606	0.0027403730155064207	0.004186971757840215	5
DAPP1	1.372004	0.003369258223081574	0.0051126831913225704	5
LOC256021	3.8205647	0.004069173351410969	0.006119057671294689	5
WDR86-AS1	2.0339212	0.00425976191943394	0.006396038918068979	5
HSPA6	1.0575974	0.005175122906169313	0.007724064039058676	5
IL23R	2.9576607	0.0052591888159022595	0.00784368205205408	5
TNFSF4	1.7878704	0.005401479489014931	0.008043900951623129	5
ELOVL4	1.3708177	0.006339206209498394	0.009391416606664288	5
NUF2	1.3376371	0.006389343385535931	0.009458687469335205	5
TPK1	1.297403	0.006437371609967939	0.009522739067999908	5
MIR568	1.3277633	0.0064590009989172765	0.009547673316950889	5
LOC100130298	2.6598847	0.0067158542422210595	0.009920021037254149	5
SPTSSB	2.4336152	0.007312298445415198	0.010777153198843328	5
SNORD49A	3.1790438	0.007924515562415	0.011636586728950073	5
LAMP3	2.0496757	0.008053791168056188	0.011809077959026668	5
NAP1L2	2.1039286	0.00830746903639361	0.012163205031323001	5
PPP1R2P9	4.6619825	0.008383140431732954	0.012256053262767476	5
ZFP57	4.10433	0.008405191986421423	0.012279316269425015	5
LOC100507206	3.311398	0.008501436689705036	0.012410856481321219	5
FAM172BP	2.5666888	0.008557074174390798	0.012482967431642303	5
FASTKD3	1.0168706	0.00949993616190489	0.013828145796076986	5
GPR52	3.2986066	0.009853022134995318	0.01432125310319087	5
GPR15	5.083333	0.010894712717581639	0.01576658859273754	5
CXCR5	1.6757722	0.011212034294632158	0.016202361697445315	5
STAP1	1.3470633	0.014280004373868515	0.020443814422145334	5
CMPK2	1.7511215	0.0161055360084119	0.023024354550981986	5
MKRN3	3.0293632	0.01693963316939625	0.02415063040882058	5
DLGAP5	1.5632659	0.016941667231787638	0.02415063040882058	5
SNORD99	1.2208421	0.01731633969184965	0.024632062150568495	5
AURKB	1.3865229	0.018725377117308508	0.026523197050012052	5
MIR3918	2.951774	0.019311536209573352	0.027334092299466883	5
SNORD31	2.723538	0.019709098218634955	0.02787708376044548	5
CD274	1.2983512	0.022516953655394405	0.031669414423902115	5
NAT1	1.2629739	0.02290451447638361	0.032169261905033164	5
AURKA	1.0151677	0.02305316327881054	0.032355316882541105	5
ST8SIA6	2.6554837	0.023861800819107312	0.033419889102391194	5
DOC2GP	4.427251	0.0255316946006163	0.03558424334580669	5
CYSLTR2	2.4496198	0.02564101664421624	0.03571172234570507	5
SCARNA6	3.462892	0.027703330784236674	0.038476848311439826	5
LINC00161	4.258361	0.02849316592451498	0.039520926736599536	5
AURKAPS1	1.7102069	0.03142077744215943	0.043398863870385954	5
AKR1CL1	4.6624603	0.03203386058580897	0.04418463529077099	5
CCL18	2.378965	0.03227658598230828	0.04448874704659997	5
HLA-DRA	8.6547985	0.0	0.0	6
CD74	7.9076905	0.0	0.0	6
TYROBP	7.0299263	0.0	0.0	6
LAPTM5	5.592342	0.0	0.0	6
FCER1G	7.1093726	0.0	0.0	6
B2M	2.942205	0.0	0.0	6
HLA-DPA1	7.662013	0.0	0.0	6
SRGN	5.15096	0.0	0.0	6
SAT1	4.028771	0.0	0.0	6
MTRNR2L8	3.5638108	0.0	0.0	6
HLA-DRB1	5.9157987	0.0	0.0	6
CD68	6.0551615	0.0	0.0	6
HLA-DMA	5.657969	0.0	0.0	6
AIF1	6.487704	0.0	0.0	6
CTSS	5.4319377	0.0	0.0	6
FTL	2.4434667	0.0	0.0	6
MTRNR2L1	2.979874	0.0	0.0	6
HLA-DMB	6.511406	3.06970599841913e-310	6.60151827617018e-309	6
FCGR2A	6.7742367	5.289580360443497e-309	1.125442629881595e-307	6
MS4A6A	7.01282	1.3430879187811835e-306	2.798099830794132e-305	6
CTSB	3.6001642	3.23370155904547e-303	6.667425894939112e-302	6
CSF1R	6.547203	1.6246695632980517e-283	3.1243645448039457e-282	6
HLA-DPB1	5.0826144	7.872350324110308e-287	1.5286117134194774e-285	6
TMSB4X	1.9303819	0.0	0.0	6
ITGB2	4.437671	3.0626320090321457e-269	5.420587626605567e-268	6
HLA-C	2.5834837	1.970119907048901e-296	3.980040216260405e-295	6
HLA-DRB5	6.0986443	9.87639222909104e-259	1.717633431146268e-257	6
FTH1	2.3664489	1.8077563871389075e-261	3.1715024335770304e-260	6
HLA-DQB1	5.5224743	7.664960174013263e-246	1.2070803423642933e-244	6
CD53	4.5020523	2.00428802773456e-250	3.259004923145626e-249	6
CXCL16	4.6462054	1.9462808437798627e-242	2.994278221199789e-241	6
MS4A7	6.1656384	1.0518773946442437e-239	1.6059196864797613e-238	6
CD83	5.5378923	6.539659241857388e-236	9.688384062010945e-235	6
ARHGDIB	3.765514	8.0945398652961e-246	1.2647718539525156e-244	6
HCLS1	4.4338007	5.995484504217862e-236	8.948484334653525e-235	6
CD14	6.6846504	3.4641497016219315e-232	5.057152849083111e-231	6
CD4	5.011607	1.7791755091760424e-230	2.5785152306899163e-229	6
NFKBIA	3.6670299	1.722168175461496e-238	2.589726579641347e-237	6
NAMPT	4.550693	5.5455109820249504e-229	7.922158545749928e-228	6
IFI30	6.6448812	2.9545975844769546e-224	4.1614050485590915e-223	6
HLA-DQA1	6.5744944	1.6882633528849484e-222	2.328639107427515e-221	6
MFSD1	3.6346412	1.2984351066426241e-217	1.7428659149565425e-216	6
PLAUR	6.0313253	9.974056257337532e-209	1.2787251611971195e-207	6
CYBB	6.2679415	6.331356657126057e-207	8.065422493154213e-206	6
RNASE6	6.314883	3.2072460597991236e-202	3.959563036789041e-201	6
CLEC7A	6.311592	3.574015281989743e-199	4.358555221938711e-198	6
C5AR1	5.5949755	5.906246478641851e-199	7.159086640778002e-198	6
LYZ	7.55833	2.4008674271845134e-197	2.8926113580536303e-196	6
IER3	4.297221	1.5856022297931937e-196	1.8876217021347545e-195	6
CPVL	4.661599	1.4147429798919325e-190	1.6450499766185263e-189	6
SOD2	4.9335504	5.792427468159603e-188	6.619917106468118e-187	6
CD163	6.690975	1.9436175930516005e-186	2.1838399921928096e-185	6
GPR183	5.7232018	1.6259184430125185e-186	1.8371959808051058e-185	6
THEMIS2	4.8126907	1.6142044046380113e-180	1.7935604495977903e-179	6
FGL2	5.230928	1.716498258827835e-177	1.8862618228877306e-176	6
TLR2	6.26947	1.8536552528603724e-176	2.0258527353665273e-175	6
PTPRC	3.2268443	1.7717089579910974e-182	1.979563081554299e-181	6
C3AR1	6.2472134	6.524169884215004e-175	7.091489004581526e-174	6
TBXAS1	5.4051147	8.192605465716168e-175	8.856870773747209e-174	6
RGS2	4.4990287	1.5718246226308656e-174	1.6901340028288877e-173	6
RGS1	5.473019	7.915107746394859e-172	8.465355878497176e-171	6
MPEG1	6.1185145	1.768949436345936e-167	1.871904165445435e-166	6
SERPINB9	4.0663357	2.49693034839492e-166	2.6283477351525474e-165	6
C1QA	6.1564717	1.918987663056431e-164	1.9989454823504487e-163	6
PILRA	5.6939034	8.239410235811746e-164	8.494237356506954e-163	6
C1QC	6.2635355	5.6827477903805346e-164	5.888857813865839e-163	6
SGK1	4.1908436	8.838501832352743e-162	9.065130084464351e-161	6
IFNGR1	3.3637335	4.2486408815557013e-159	4.335347838322144e-158	6
MSR1	5.3839927	2.154443252542426e-157	2.1544432525424259e-156	6
CXCR4	3.8707635	1.715766028921727e-158	1.741894445605814e-157	6
LAIR1	4.412915	6.054786364618471e-154	5.936065063351443e-153	6
C1QB	6.339575	3.803505698044297e-153	3.7107372663846802e-152	6
HCK	6.2445846	1.0521861357060042e-150	1.0117174381788501e-149	6
PLEK	5.4461417	2.8162516948614517e-150	2.6949776984320115e-149	6
LCP1	3.6384754	1.6624497918077406e-152	1.614028924085185e-151	6
CCL3	6.8791714	4.860780053962393e-150	4.629314337107041e-149	6
IL8	7.2793837	6.9214029557425205e-149	6.560571522030825e-148	6
AOAH	4.4240217	8.842659566074715e-141	8.112531711995152e-140	6
CSF2RA	4.881727	2.96944211675919e-139	2.699492833417446e-138	6
CD37	3.3608012	5.955806346364595e-141	5.489222439045709e-140	6
LST1	5.1665473	4.622310258428159e-139	4.183086206722316e-138	6
CTSC	3.6753066	6.715103630716953e-139	6.049642910555813e-138	6
TNFSF13	5.409217	1.8317997936170478e-137	1.6428697700601325e-136	6
MS4A4A	6.0284925	8.137309960988821e-137	7.265455322311448e-136	6
SLCO2B1	5.363312	3.219552866438777e-136	2.836610455012138e-135	6
FCGR3A	5.3592725	2.7837889389554248e-136	2.4635300344738273e-135	6
RASGEF1B	4.337946	6.394825230837698e-136	5.609495816524297e-135	6
IL1B	7.2745647	1.3309248032996847e-134	1.152315847012714e-133	6
CCL4L1	6.7611885	2.759906660979061e-133	2.3690185931150735e-132	6
CCL4L2	6.623942	1.1039688789180384e-132	9.435631443743917e-132	6
IGSF6	6.111791	8.003826670455322e-132	6.782903958012985e-131	6
CCL4	5.92043	8.837309809674649e-132	7.457645409008143e-131	6
CTSD	2.4378653	1.1234667429575724e-132	9.561419089000617e-132	6
IRF8	4.7093644	7.678674450468948e-131	6.452667605436091e-130	6
EVI2A	3.7577324	2.661076300217831e-130	2.2268420922324946e-129	6
FCGR1A	5.984955	3.2304036125810516e-129	2.6697550517198776e-128	6
NLRP3	6.030851	4.5268920868352806e-129	3.725837108506404e-128	6
RASSF4	4.996587	4.949239207425419e-128	4.023771713353999e-127	6
IL10RA	3.8856883	3.585905722553755e-128	2.927269977594902e-127	6
SERPINA1	6.3116775	9.614052161686562e-125	7.784657620798835e-124	6
CFD	4.3895397	1.6693547480066509e-124	1.3462538290376217e-123	6
STAB1	4.7283483	7.469385819562451e-124	5.999506682379479e-123	6
LY86	5.540465	2.4763160828192376e-123	1.9653302244597124e-122	6
VSIG4	6.0113225	6.402965877111119e-123	5.061633104435667e-122	6
CD86	5.3980207	4.7763800203772217e-122	3.7170272532118455e-121	6
TNFRSF1B	3.4326828	1.0672329543216551e-122	8.40340908914689e-122	6
MAP3K8	3.826238	9.503906583293615e-122	7.367369444413655e-121	6
CCL3L3	7.0772476	8.788442008804048e-121	6.760340006772344e-120	6
RAB20	4.7724447	1.1363729703431023e-120	8.707838853203849e-120	6
TMEM176B	4.4884562	6.104817473721464e-119	4.62486172251626e-118	6
GPR34	6.020863	1.4965731880861543e-118	1.1252429985610183e-117	6
BST2	3.6879115	1.428813661395924e-118	1.0783499331289992e-117	6
CTSL1	3.7691164	8.169621268831515e-118	6.119566493506752e-117	6
LGALS3	3.6219103	4.1700298443887535e-116	3.0889109958435207e-115	6
BCL2A1	6.0842733	4.216201006807293e-115	3.100147799123009e-114	6
LIPA	3.441551	1.2300254884376886e-112	8.804220298715967e-112	6
EVI2B	3.7812195	1.2325908418202354e-112	8.804220298715967e-112	6
NCF2	5.6807766	1.8619766390837196e-111	1.3252502769279142e-110	6
HAVCR2	4.1991277	1.897017923016658e-111	1.345402782281318e-110	6
ACSL1	4.282315	4.405113324915547e-110	3.091307596431963e-109	6
MNDA	5.9025083	7.740898477388255e-110	5.394354339643384e-109	6
F13A1	6.36189	1.090463834751256e-109	7.572665519105945e-109	6
FYB	3.0015802	4.859476436662512e-111	3.42216650469191e-110	6
LAT2	4.325914	3.8017808400971356e-109	2.595072245800093e-108	6
TNFAIP3	2.8362875	5.100951423482055e-110	3.567098897539899e-109	6
COTL1	2.6548178	1.632267744627224e-109	1.1295970551053453e-108	6
ICAM1	3.036726	2.3579038295764507e-109	1.6205524601900006e-108	6
A2M	3.7661476	9.414688965787672e-108	6.382839976805202e-107	6
FPR1	5.6020575	6.226354154234946e-107	4.1787611773388904e-106	6
CXCL2	5.244997	4.130559117135954e-106	2.753706078090636e-105	6
HLA-DQA2	4.577002	4.837622029573761e-106	3.2143667970589773e-105	6
NCF4	4.70787	1.0494550548148189e-105	6.950033475594827e-105	6
C1orf162	4.6088996	1.3789325209646729e-104	9.042180465342117e-104	6
NFKBIZ	2.569713	1.654319159564595e-105	1.0919598412967624e-104	6
ATP6V1B2	2.8082628	6.397750161120314e-105	4.2090461586317856e-104	6
UCP2	3.1634097	2.720963885028302e-100	1.7611416731574772e-99	6
ALOX5	4.4938893	8.834853762083485e-98	5.627295389862092e-97	6
CD300A	3.993131	2.5662712989520605e-97	1.6293786025092449e-96	6
FOLR2	5.841956	1.2876858096842942e-96	8.09865289109619e-96	6
CREG1	2.9098196	5.764040356163415e-97	3.636618521238748e-96	6
MRC1	6.1272116	2.3527664809253204e-96	1.4704790505783252e-95	6
OLR1	6.41208	9.592240513605486e-96	5.976473840252639e-95	6
GMFG	2.9893947	1.869787073003818e-96	1.1722802965541179e-95	6
CD44	2.1553345	4.2523973499154247e-97	2.6913907277945724e-96	6
SAMHD1	3.33719	3.593047507818179e-95	2.2247972184632686e-94	6
CORO1A	3.0001419	6.856036661881753e-95	4.232121396223304e-94	6
KYNU	5.867661	6.550079946836359e-93	3.9818115178336524e-92	6
PTPN6	3.666421	5.5417247526781695e-92	3.3283632148217233e-91	6
LSP1	3.4342146	1.9881225288154075e-91	1.1834062671520282e-90	6
CASP1	4.013595	7.11966855940635e-91	4.212821632784823e-90	6
FCGR2B	6.601193	8.29493395483838e-90	4.8650639031310144e-89	6
AMICA1	4.809706	1.9031530451672526e-89	1.109710230418223e-88	6
AP1S2	3.4909632	2.3070328071588388e-88	1.329701906143423e-87	6
FPR3	5.587624	4.7479106779769383e-88	2.728684297687896e-87	6
CD93	2.8273442	1.4883165441298636e-88	8.627921994955731e-88	6
TRIM22	2.785836	1.0927662649121357e-87	6.173820705718281e-87	6
PLAU	4.81868	9.989409348535595e-87	5.596307758283247e-86	6
PLIN2	3.0769594	8.691167417136636e-87	4.882678324234066e-86	6
SLC40A1	4.5772057	4.706393890846217e-86	2.621946457295943e-85	6
LILRB4	5.2074	2.979321927459623e-85	1.6505938656286e-84	6
TREM1	5.626032	7.328357036087715e-85	4.026569800048195e-84	6
PLTP	3.698843	1.7780403983670171e-84	9.663263034603353e-84	6
CD58	3.5811377	1.7359257278651533e-84	9.460085710436803e-84	6
FERMT3	3.4588792	1.5465023515814446e-84	8.450832522302976e-84	6
SAMSN1	3.41059	1.940909150904708e-84	1.0491400815701125e-83	6
CCRL2	5.4320693	7.514336504902702e-84	4.029134855175712e-83	6
CAPG	2.455981	2.315514989137967e-84	1.2482560588344835e-83	6
OSTF1	2.2482057	1.8203151512326625e-84	9.866206781748848e-84	6
IL18	5.0028663	2.4983135240301848e-83	1.3359965369145372e-82	6
GGTA1P	6.094668	5.283174888171355e-82	2.787955086106256e-81	6
FKBP5	3.1246233	3.343405413779248e-82	1.7736898746839513e-81	6
ALOX5AP	3.5843103	4.3993910472721556e-82	2.3277201308318283e-81	6
ADAM28	5.183282	1.5232641217656327e-80	7.93366730086267e-80	6
LY96	3.96701	1.5650297621686275e-80	8.108962498283044e-80	6
CREM	2.0682137	2.701820264224609e-81	1.4108722006394826e-80	6
HCST	3.0593991	1.5327522648063e-80	7.962349427565195e-80	6
ZNF267	3.4925485	3.826776194658471e-80	1.972565048793026e-79	6
EMB	2.5949144	2.4432829048781155e-80	1.2626785038129795e-79	6
TAGAP	3.6202488	1.3332679096223808e-79	6.854847864382421e-79	6
TMEM176A	4.349888	1.0450449747604821e-78	5.278004923032738e-78	6
SEPP1	4.318868	1.0339338847984512e-78	5.235108277460513e-78	6
CD33	4.964234	1.990398614583576e-78	1.0002003088359678e-77	6
TM6SF1	4.755356	1.2014846241642182e-77	6.007423120821091e-77	6
HMOX1	3.6343122	2.2658124070326753e-77	1.130081001013803e-76	6
LPAR6	3.6539552	1.7114532564430564e-75	8.451621019471883e-75	6
HBEGF	3.8887274	1.8923584389435972e-75	9.321962753416735e-75	6
TNF	5.4438004	4.180481858230227e-74	2.0244464204504732e-73	6
PPIF	3.407779	1.7189979501123166e-73	8.26441322169383e-73	6
SLA	2.8846369	8.827707718216645e-74	4.254316972634528e-73	6
LGMN	2.9904344	4.584192187330086e-73	2.193393391067027e-72	6
PTGS2	4.4281545	8.869925925841662e-73	4.2338548572036575e-72	6
SLC1A3	3.7129846	1.834268023308898e-71	8.652207657117444e-71	6
PDE4B	2.4376724	1.592979521446852e-71	7.531818068306629e-71	6
RNASE1	4.938474	1.694619885028975e-70	7.918784509481192e-70	6
SELPLG	2.7198467	6.7565808458212184e-71	3.17210368348414e-70	6
GPNMB	4.6209803	3.398231754626607e-70	1.5805729091286544e-69	6
CCL3L1	5.413645	1.4614329069837106e-69	6.719231756246946e-69	6
S100A4	2.2559938	1.0281517524320725e-69	4.748968833404491e-69	6
FGR	5.0753202	6.37516298713438e-69	2.9176947309539497e-68	6
IGFLR1	3.8168955	5.063259269041668e-68	2.30672404056568e-67	6
CXCL3	4.396139	2.3250448104051445e-66	1.0496816299797493e-65	6
GLRX	3.079407	4.103529970267682e-66	1.8442831327045763e-65	6
EIF4A3	1.9918145	3.2674435517946653e-66	1.4718214197273267e-65	6
FAM26F	3.141346	1.1908734538992221e-65	5.340239703583955e-65	6
TFRC	3.2238204	1.3582810729637058e-64	6.0637547900165436e-64	6
C3	4.43601	5.276776934317079e-64	2.3400341172137821e-63	6
B3GNT5	3.7928095	6.231060887869108e-64	2.7571065875527026e-63	6
TREM2	4.664881	1.3459795544689975e-63	5.942514589267097e-63	6
DUSP6	2.717951	3.548717204947441e-63	1.5633115440297096e-62	6
GNG10	2.2439358	4.331475094164247e-63	1.9039450963359327e-62	6
PLD4	4.7683764	1.7399554611252252e-62	7.614684731401423e-62	6
CD55	2.357173	2.035061054908585e-62	8.886729497417401e-62	6
LOC284454	1.8813851	2.531916236464338e-62	1.1032314755835895e-61	6
GPR84	5.518781	2.2149833809273445e-61	9.588672644707119e-61	6
CLEC4E	8.317832	1.5310752505043885e-60	6.599462286656846e-60	6
OSM	4.503611	1.8010467844745228e-60	7.746437782686119e-60	6
PTGER4	2.291002	2.7057690045469402e-59	1.1587875822470836e-58	6
PNP	2.3094814	3.606466195605819e-59	1.5412248699170165e-58	6
GBP2	2.8243747	7.171654002072782e-58	3.038836441556264e-57	6
UPP1	3.146919	1.1309108138506953e-57	4.7818639063454346e-57	6
GLA	2.0958374	1.4742800548483788e-57	6.207494967782647e-57	6
CCR1	6.501058	2.91525684231632e-56	1.217226238962973e-55	6
IL1RN	5.1618133	3.336803608777705e-55	1.384565812770832e-54	6
STK17B	1.5993698	1.2110381117709186e-55	5.035501504244984e-55	6
LPXN	2.5903044	4.1640094626101954e-55	1.7242275207495634e-54	6
CD36	4.907507	2.2485841196847136e-54	9.272511833751397e-54	6
INSIG1	2.1224482	2.668570640370466e-54	1.0981772182594511e-53	6
GATM	4.7745633	1.9907162373262515e-53	8.10882377729634e-53	6
THBD	2.7002184	1.7815369895727954e-53	7.271579549276716e-53	6
BTK	3.7650523	5.623785864791043e-53	2.281454711882776e-52	6
ZNF331	2.1151855	4.737201663234762e-53	1.925691733022261e-52	6
CLEC2B	2.2205217	8.418384896032556e-53	3.4013676347606285e-52	6
HLA-F	1.8633223	1.556367561259053e-52	6.2630485362537344e-52	6
CARD16	2.4578135	3.545070513498557e-52	1.423723097790585e-51	6
OLFML2B	3.0678227	1.6561609764476175e-51	6.611421063663144e-51	6
ATG3	1.7136943	2.7694723437422495e-50	1.079716313349805e-49	6
RASSF5	2.5473497	3.3417025957145493e-50	1.3002733835465171e-49	6
EZR	1.4510286	1.9492282099211076e-50	7.629073228654042e-50	6
CLEC5A	5.2951126	1.7040662576448264e-49	6.617733039397384e-49	6
DOK2	2.8821704	2.6186271384770073e-49	1.0149717590996151e-48	6
PMAIP1	2.53725	2.4761339029609487e-48	9.541941822585544e-48	6
CD48	2.8234148	7.735514698556831e-47	2.9412603416565894e-46	6
LILRB5	5.3025103	1.8312631484972162e-46	6.910426975461193e-46	6
TLR1	4.3249907	6.079166213927313e-46	2.2768412786244615e-45	6
DDIT4	1.6771257	5.106252317023356e-46	1.9160421452245235e-45	6
C2	4.128441	1.5025609033723066e-45	5.5857282653245595e-45	6
ARHGAP15	2.3283217	1.433548965249882e-45	5.349063303171201e-45	6
LTC4S	2.6651661	5.945367379127667e-45	2.1979177002320395e-44	6
ENG	1.7964218	5.0402245053373544e-45	1.8667498167916126e-44	6
SQRDL	2.8898742	1.0657444513974425e-44	3.9326363520200826e-44	6
FCGR1C	6.369657	3.289256630870329e-44	1.20485590874371e-43	6
RCSD1	3.1494377	3.4131407409183684e-44	1.2479490826026941e-43	6
PTGS1	3.2071228	5.688498313761909e-44	2.076094275095587e-43	6
P2RY13	7.2663636	1.6362199857331642e-43	5.928333281641899e-43	6
BIN2	2.5806055	1.0887019635796007e-43	3.958916231198548e-43	6
GIMAP4	2.6574667	2.06554317649996e-43	7.470318902350668e-43	6
ARL4C	1.927183	1.5248650580375286e-43	5.5349003921507384e-43	6
CLEC10A	6.070799	4.7720396367263425e-43	1.7227579915979575e-42	6
SASH3	2.645948	1.7977876405639993e-42	6.466862016417262e-42	6
CASP4	1.8845417	4.586728743113542e-42	1.6381174082548363e-41	6
GPX3	2.9635642	1.6312901861667867e-41	5.805303153618458e-41	6
FCN1	8.61915	3.513707543973261e-41	1.2459955829692415e-40	6
FLJ43663	1.9534267	8.129262622646351e-41	2.8776150876624253e-40	6
GPR132	2.8158188	1.2185667568626103e-40	4.305889600221238e-40	6
MIR155HG	4.33038	7.418453075200548e-40	2.6075406239720734e-39	6
CCNH	1.324702	5.742355586675157e-40	2.0219561924912526e-39	6
RGS18	6.3703113	3.416265853278407e-39	1.1944985500973453e-38	6
G0S2	4.8944645	5.373746862905707e-39	1.872385666517668e-38	6
SP100	1.4285316	6.222125777580532e-39	2.1604603394376847e-38	6
HSPA1A	1.5691063	1.215249486663239e-38	4.2050155247862946e-38	6
AREG	4.038882	2.3218159282294085e-38	7.978748894259136e-38	6
CX3CR1	3.9857826	2.6069208943839695e-38	8.94312485208909e-38	6
S100A9	4.9230433	2.944793809955757e-38	1.0084910308067663e-37	6
TNFAIP8	2.4348512	5.378880626520521e-38	1.835795435672533e-37	6
DNAJB1	1.2667433	4.2740722284875685e-38	1.4612212746966047e-37	6
CCL2	3.5321474	1.604097678754262e-37	5.446851201202927e-37	6
CD300E	7.3918996	1.070863181193103e-36	3.599540104850767e-36	6
HSPA7	3.973893	1.4859320939708022e-36	4.9863493086268533e-36	6
IL1A	5.69715	5.4168173833826634e-36	1.8086201613965487e-35	6
FCAR	5.287993	9.618965676193136e-36	3.200986913874588e-35	6
VMO1	4.0754666	1.0296511807783719e-35	3.420768042453063e-35	6
IL1R2	4.819235	1.1383978438076392e-35	3.7757805764764154e-35	6
CD163L1	5.587965	1.3286455753291782e-35	4.399488660030392e-35	6
RAC2	1.6800193	7.463247584603244e-36	2.487749194867748e-35	6
PION	4.2096043	1.5046406600432576e-35	4.974018710886802e-35	6
CXorf21	4.9160676	2.0462790358334835e-35	6.742270299286601e-35	6
SMIM3	3.2942266	2.7659063023455385e-35	9.098375994557693e-35	6
ANKRD44	1.6720526	1.9763797313822873e-35	6.522705384099959e-35	6
ABI3	2.4206378	3.1005687862187625e-35	1.018249190876441e-34	6
SPP1	4.608325	4.636051012264068e-35	1.515049350413094e-34	6
SLC2A3	1.7099684	1.7943745897862117e-34	5.835364519629957e-34	6
C15orf48	3.2697313	5.862392299062839e-34	1.8880490496176615e-33	6
DUSP2	1.3832821	5.084700384700039e-34	1.6402259305483997e-33	6
PSMB8	1.5874285	1.022667584820489e-33	3.283042005844266e-33	6
MMP19	4.2724047	1.5602613684562527e-33	4.9928363790600085e-33	6
GLIPR2	2.363783	1.5821773555408316e-33	5.054879730162401e-33	6
CD72	3.26985	1.843046648780638e-33	5.878936678726118e-33	6
CYTIP	2.015444	5.322998110825602e-33	1.692527221248204e-32	6
OAS1	3.0189557	8.01361410719461e-33	2.5440044784744795e-32	6
IL10	4.278041	1.2105047376514428e-32	3.830711195099503e-32	6
ACP5	2.8737805	1.8820919187210448e-32	5.937198481769857e-32	6
CFP	5.8896074	2.2161256694979028e-32	6.96894864621982e-32	6
PRDM1	1.6882079	2.1286189483493086e-32	6.704311648344279e-32	6
WARS	2.1181922	1.632881708024804e-31	5.094794720826222e-31	6
RPS6KA1	2.9333496	4.352927168030187e-31	1.3560520772679709e-30	6
TNFSF8	3.2260633	5.126966399268825e-31	1.5922255898350387e-30	6
ADORA3	4.1367083	1.1935141746601513e-30	3.695090324025236e-30	6
APOC1	3.0618677	3.1215852481935214e-30	9.61967719011871e-30	6
ANKRD36BP1	1.2433168	4.36715238497061e-30	1.3437391953755722e-29	6
GIMAP5	2.4809048	1.4268045769731708e-29	4.3834241996103555e-29	6
SDS	4.210172	2.7837790859052597e-29	8.526122774594976e-29	6
MYO1G	2.5870075	1.0676973807773105e-28	3.255174941394239e-28	6
HSPA1B	1.4184357	1.133252782643627e-28	3.4497801602545724e-28	6
STOM	1.0843737	1.3280618514555143e-28	4.0305367267238674e-28	6
PLA2G7	4.227006	3.9542941181295448e-28	1.1928489044131356e-27	6
IFI44	2.095319	4.584099142174638e-28	1.3807527536670594e-27	6
SLC25A19	3.1111882	4.839065237785798e-28	1.4553579662513677e-27	6
CLDN1	4.29922	6.203000877550287e-28	1.8544098288640616e-27	6
ACSL5	2.7586064	9.390984093777491e-28	2.80327883396343e-27	6
CCL20	5.033115	2.9488213021885867e-27	8.750211579194619e-27	6
FCER1A	4.129284	4.792658612605868e-27	1.4179463350904935e-26	6
DBNDD2	2.5166674	5.119123539990758e-27	1.5122964667624098e-26	6
BHLHE40	1.0587385	4.600749864872843e-27	1.363185145147509e-26	6
EAF2	3.662859	2.2885289127118932e-26	6.730967390329097e-26	6
EREG	5.3251834	6.455713999654272e-26	1.8931712608956808e-25	6
CH25H	3.760801	1.0386614664528049e-25	3.041468422995036e-25	6
NAPSB	5.6056004	1.6333020074424274e-25	4.7687649852333645e-25	6
CLEC12A	5.834144	1.855976471720179e-25	5.403133833246517e-25	6
BIRC3	1.5946418	2.4695658175494534e-25	7.1271740766218e-25	6
PSMB9	1.5602802	2.9649869480080477e-25	8.544630974086593e-25	6
HSPA6	2.8542488	3.363610293625355e-25	9.656022982927161e-25	6
ISG20	1.7705369	6.808723078020558e-25	1.9509235180574667e-24	6
LGALS2	5.2015405	1.5080320412471689e-24	4.278105081552253e-24	6
ARHGAP9	1.6723275	1.3122465908909048e-24	3.738594276042464e-24	6
ABRACL	1.5413831	1.4929472910671153e-24	4.2413275314406686e-24	6
AGPAT9	3.9646451	2.1801922989884177e-24	6.158735307876886e-24	6
ARID5A	1.2038438	2.7021685221566784e-24	7.622478200724057e-24	6
AQP9	9.448093	3.9268766817064875e-24	1.1046066615208122e-23	6
LOC100507463	2.6172652	5.748711814481087e-24	1.6125418834449054e-23	6
KIAA0226L	3.5629814	1.5184180309683865e-23	4.2473231635479346e-23	6
MFNG	2.063943	3.8673345965812275e-23	1.0802610604975496e-22	6
ZNF812	7.251187	5.2687576519614755e-23	1.4676205158667062e-22	6
TES	1.7740438	4.9116507859223457e-23	1.3700560072307799e-22	6
PSTPIP1	2.3396623	5.695459499536093e-23	1.5820720832044703e-22	6
PDK4	3.3386455	7.864496148657962e-23	2.175517606821013e-22	6
ABHD3	1.9082494	1.5900458667987588e-22	4.368257875820766e-22	6
LILRA5	6.5384655	1.7608008970492387e-22	4.824112046710243e-22	6
ADRB2	1.6209464	3.650059309361089e-22	9.959234131953858e-22	6
DAPP1	4.3047943	7.713517773763277e-22	2.098916401024021e-21	6
LOC374443	1.6199613	1.064427627447682e-21	2.888541729844456e-21	6
VNN2	5.1710653	1.6610193684949934e-21	4.4953162882137845e-21	6
APOBEC3C	1.3733807	1.5850847453779136e-21	4.295622616200308e-21	6
ADM	1.8029156	2.194570329964757e-21	5.923266747543204e-21	6
DUSP10	1.5595002	4.9579680990712855e-21	1.3327871234062596e-20	6
OAS2	2.5813446	6.0818061630647734e-21	1.630511035674202e-20	6
HLA-DQB2	4.703305	8.226155516258058e-21	2.202451276106575e-20	6
HCAR2	3.1968052	1.1048283645754834e-20	2.950142495528661e-20	6
VNN1	7.1389213	5.362076152855965e-20	1.4204175239353548e-19	6
P2RY6	5.905185	1.4629388172337957e-19	3.8650959504195392e-19	6
MLKL	3.0363412	2.581813806640251e-19	6.7853188085157715e-19	6
MFSD2A	4.1873107	2.762532472162721e-19	7.250741396752548e-19	6
LRMP	2.3235364	3.214463310981634e-19	8.425854026164179e-19	6
CD28	2.2591932	3.48118312828325e-19	9.113044838437826e-19	6
CCL8	5.562114	4.689062204903919e-19	1.2242982258234775e-18	6
THBS1	2.2189527	5.120916179142056e-19	1.3353106073382153e-18	6
APOBEC3A	5.3802705	5.428244913839664e-19	1.4136054463124126e-18	6
CYSLTR1	3.4772224	7.738030928126326e-19	2.0124917888494995e-18	6
SELL	2.6356494	1.2275537123101875e-18	3.1801909645341645e-18	6
PIK3IP1	1.21805	2.6480989629038717e-18	6.816213546728112e-18	6
GIMAP2	1.948493	3.0570968004442407e-18	7.85886066952247e-18	6
LIPN	7.46374	4.199590430384968e-18	1.0754392907515923e-17	6
ENPP2	2.3123958	4.5582056611187275e-18	1.1657814990073472e-17	6
RNASE2	5.595599	6.120326283244303e-18	1.5613077253174242e-17	6
S100A8	3.6987062	6.766132268790203e-18	1.7216621549084484e-17	6
HGF	1.9703691	6.721451074134957e-18	1.712471611244575e-17	6
CNEP1R1	1.5887494	7.827988287495688e-18	1.98932358004973e-17	6
LILRA3	10.545369	9.276852057840276e-18	2.354530979147278e-17	6
RGCC	1.4411188	6.028010314710694e-17	1.5164805823171556e-16	6
EGR2	1.2800701	7.949510669356732e-17	1.994858386287762e-16	6
CCR5	2.2382846	1.373179150291518e-16	3.43724443126788e-16	6
CD1C	5.6365733	1.8738926432855281e-16	4.678883004458247e-16	6
HCAR3	4.3983665	2.9507630366827384e-16	7.3402065589122845e-16	6
CD200R1	3.1871614	4.2134019351628115e-16	1.0455091650528068e-15	6
SP140L	2.3896244	4.744295374881376e-16	1.1743305383369741e-15	6
LGALS3BP	1.0316448	4.545439355600493e-16	1.1265029381909523e-15	6
LYVE1	4.8648696	9.955953244204976e-16	2.449188989964324e-15	6
TMEM71	2.489914	1.3474694828478165e-15	3.3107358300929154e-15	6
GCH1	2.396235	1.7940234451221627e-15	4.391734259784976e-15	6
FPR2	7.7173734	2.958801886326833e-15	7.207799966691432e-15	6
IFIT2	2.6216993	3.076667146819918e-15	7.485808143114157e-15	6
C19orf59	6.247614	5.494102663798948e-15	1.3302912018883652e-14	6
MX1	1.7075264	2.1640469720573528e-14	5.202035990522483e-14	6
PCGF5	1.3954905	6.294818119809438e-14	1.50234322668483e-13	6
MMP9	3.702139	6.681644225400889e-14	1.5927638201194016e-13	6
CD97	1.1249397	8.464370097484231e-14	2.012929868605049e-13	6
HCP5	1.5485584	9.357773479108691e-14	2.2227490449189291e-13	6
ITGAL	1.2344999	1.402849793551563e-13	3.3164297719895105e-13	6
LPL	3.4037263	1.5718391812751704e-13	3.711544701948454e-13	6
TNFAIP6	3.9996583	3.0214843746247656e-13	7.109374999117095e-13	6
TPK1	2.918036	3.6047960373846864e-13	8.461962529072034e-13	6
TRIM34	2.2677941	8.51527745976191e-13	1.9802970836655605e-12	6
HPGDS	1.9238465	8.881790772329521e-13	2.063133745024279e-12	6
CD1E	6.3225646	1.5007947113856455e-12	3.47004557545814e-12	6
NUPR1	1.907386	3.4394865230417217e-12	7.888730557435142e-12	6
ARHGAP25	1.4142771	3.502256445098864e-12	8.023497010535771e-12	6
GPR65	1.352058	4.5090568462806656e-12	1.030641564864152e-11	6
CMAHP	2.2989726	5.9652629204888345e-12	1.3603792293019006e-11	6
IL12RB1	1.9912727	8.894493852848972e-12	2.0191813513845566e-11	6
ZNF124	1.8863369	1.0006012501672462e-11	2.268937075209175e-11	6
SLAMF7	2.2553325	1.4597005252490335e-11	3.306229955263949e-11	6
TRAF3IP3	1.707085	1.472876281480245e-11	3.33229927936707e-11	6
OASL	1.8930947	1.883063898494408e-11	4.250708574479476e-11	6
P2RX1	2.5908957	2.45111721295964e-11	5.508128568448629e-11	6
FCGBP	2.3891425	3.4195441070751376e-11	7.6585534312993e-11	6
HAS1	4.638486	1.39435183399591e-10	3.091689210633947e-10	6
S100A12	7.283707	1.8371770682598063e-10	4.0511070964935087e-10	6
RNASE4	1.5616155	2.067450162609344e-10	4.548845242264783e-10	6
CCR2	3.7621791	2.1680087897702737e-10	4.764854483011591e-10	6
IL3RA	1.8045565	2.733652646185208e-10	5.988286190986216e-10	6
IFIT3	1.8512144	2.832739979713429e-10	6.198555754296343e-10	6
GNGT2	2.8884532	3.094824067449346e-10	6.764642770381084e-10	6
IRG1	8.174327	5.88618816380866e-10	1.275447056079883e-09	6
ADORA2A	2.0843384	1.5087194927975974e-09	3.2341253864900264e-09	6
MIR4461	1.4824044	1.6227541001374523e-09	3.4748481801658505e-09	6
SUSD3	2.309731	1.903067219693897e-09	4.070732020735608e-09	6
RSAD2	2.7565868	4.894398644134738e-09	1.0402547596460655e-08	6
DENND2D	1.3985913	1.1251816549390064e-08	2.3712995889125532e-08	6
S100Z	5.815148	1.3217633989948287e-08	2.7797337518292928e-08	6
HLA-DOB	3.8750892	2.237958465246023e-08	4.662413469262548e-08	6
TNFSF18	6.56136	2.592629774910402e-08	5.378899947946892e-08	6
MARCO	4.4129925	2.9289513267235014e-08	6.070365443986531e-08	6
TNFSF10	1.4402343	3.47637930489138e-08	7.197472680934535e-08	6
GBP1	1.0528243	3.7263122512247986e-08	7.698992254596692e-08	6
FFAR3	4.55343	3.9760150679023765e-08	8.206429448714916e-08	6
CLECL1	2.6728745	9.615873305291131e-08	1.95444579375836e-07	6
TNIP3	3.0753047	9.69991770438484e-08	1.969526437438546e-07	6
CD244	2.1964247	1.12498860383872e-07	2.275002232231992e-07	6
ADA	1.2826902	1.2071708315880948e-07	2.43626807585892e-07	6
MCOLN2	1.7698514	1.4338865392266134e-07	2.887989001463471e-07	6
P2RY14	3.0286784	1.615670315649432e-07	3.2475785239184564e-07	6
TSTD1	1.0054171	1.83263521500799e-07	3.672615661338657e-07	6
B3GNT7	1.3230695	2.3457275265598402e-07	4.682090871376927e-07	6
PLAC8	1.2770298	2.5271809606033477e-07	5.034225021122207e-07	6
CD101	2.5414338	2.6369706586951845e-07	5.232084640268223e-07	6
SERPINB2	8.126097	2.710077819998397e-07	5.371809355794642e-07	6
IL2RA	2.797237	3.151975620665588e-07	6.235362256509572e-07	6
GBP5	1.6321487	3.200991746278137e-07	6.326070644818453e-07	6
CLEC9A	10.209588	3.9678164766601536e-07	7.787667275093531e-07	6
METTL7B	5.6621537	4.44065046677367e-07	8.690118330281155e-07	6
BTN3A3	1.2157567	6.232223810127779e-07	1.2113165811715801e-06	6
FAM177B	5.2962365	9.348486093197435e-07	1.8082178129975695e-06	6
TMEM119	1.9694464	1.0913741780853462e-06	2.1068999576937186e-06	6
FAM65B	1.3741829	1.1208900833272997e-06	2.1597111432125237e-06	6
ARG2	1.0761368	2.2391904069880116e-06	4.257015982866942e-06	6
IL6	1.6971238	2.467233301911825e-06	4.672790344529971e-06	6
RCAN1	1.1554625	2.5889407010831342e-06	4.898657901765628e-06	6
CXCL10	4.707976	3.309534616753818e-06	6.250301448071422e-06	6
ALDOC	1.8200105	3.6515682757100026e-06	6.870307197949205e-06	6
ZNF674-AS1	1.668734	3.901534330842324e-06	7.3199518402295e-06	6
DHRS9	3.4512532	4.06716403405626e-06	7.616412048794494e-06	6
APOL3	1.4453769	4.515288999934486e-06	8.43191223143695e-06	6
S100B	3.2155085	5.34625680391761e-06	9.97435970880151e-06	6
OXSM	1.399116	7.549662582154053e-06	1.4019800523962959e-05	6
TMEM156	2.013814	1.0697931544573885e-05	1.9683406705747718e-05	6
HS3ST1	1.3723773	1.2267672541002359e-05	2.2509490900921757e-05	6
EDNRB	1.3977276	1.2629150651241398e-05	2.3151513567811913e-05	6
RBP7	1.4414835	1.3978237119620121e-05	2.5577744043220718e-05	6
DCSTAMP	7.0977025	1.789704404104131e-05	3.2658839490951294e-05	6
NAT1	1.9524242	1.9075710653611776e-05	3.4777959259091664e-05	6
LYPD3	1.9298236	1.9329053263251432e-05	3.520774729189696e-05	6
SCARNA17	1.3517852	2.0641875953716254e-05	3.746256978895871e-05	6
MMP7	5.947942	2.125173164554305e-05	3.85344182149466e-05	6
CYSLTR2	4.8536296	2.2307628003894918e-05	4.04123695722734e-05	6
MMP10	8.697102	2.386674233388402e-05	4.319772368123805e-05	6
CMPK2	2.6858056	2.477249975626171e-05	4.479656375454197e-05	6
ZNF92	1.0111915	2.9627586678595837e-05	5.3239149467377965e-05	6
LOC729013	1.4388127	3.8289531587811997e-05	6.855780051533035e-05	6
PDE6G	3.7309718	4.4250994511482354e-05	7.894914275019153e-05	6
FCER2	2.740168	4.471198613765821e-05	7.970051004930162e-05	6
ZNF844	1.3318729	7.136991562137534e-05	0.00012587286705709937	6
CD38	1.6769464	7.245793578436918e-05	0.00012767918199888843	6
MST4	1.0816959	8.147332786588509e-05	0.00014293566292260544	6
UEVLD	1.2292095	8.830175434259095e-05	0.00015437369640313104	6
SUCNR1	6.0032835	9.025543400953732e-05	0.00015765141311709573	6
PTX3	2.3247447	9.954878768952383e-05	0.0001732790038111816	6
SLAMF9	5.4077015	0.00010742631067725187	0.00018666604809253147	6
EMR3	9.259118	0.00015626259416022702	0.00026872329176307313	6
EPHB6	1.6118803	0.00016373912712337429	0.00028085613571762313	6
GTSF1	2.8170912	0.00017180318966673771	0.00029393188993453843	6
PLCL2	1.7430304	0.0001804258944660445	0.00030815695041169	6
STAMBPL1	1.6439965	0.0002187624635376174	0.00037204500601635613	6
CCL13	4.289435	0.0002720296069160902	0.0004587345816460206	6
TREML1	4.3605275	0.00028413602411589867	0.00047834347494259035	6
RPL13P5	1.3340722	0.00033818353444948574	0.0005641093151784582	6
CRTAM	1.1743808	0.0003376378353515255	0.0005640400409275938	6
IL18R1	1.0527002	0.00043158833235182694	0.0007175200870354562	6
CCL7	7.657034	0.00047070807754523566	0.0007806104105227789	6
LAMP3	2.3140388	0.00047546510260317834	0.000787846068936501	6
ZNF141	1.0432348	0.0005446326467735801	0.0008987337405504622	6
SNORA48	1.1828811	0.0006412041230735666	0.0010528803334541323	6
IL23A	2.2112257	0.0007610646234541621	0.0012435696461669315	6
TNFSF14	1.1977307	0.0008290959091616122	0.0013536259741414075	6
LOC100289230	1.5544647	0.0008620565303946	0.0014051451188176038	6
LOC644656	1.5113705	0.0009549291874116691	0.0015514690291010057	6
CD207	5.311462	0.001076253916830216	0.001741511192281903	6
CD1A	6.194915	0.0012229328315361652	0.001967711716067844	6
AURKA	1.390114	0.0013885735549137208	0.002223496485049993	6
PPP1R17	9.011469	0.0014133902831272597	0.002259616759595939	6
LOC100505865	3.186825	0.0015363146675501508	0.0024522181445333613	6
PGA4	3.820414	0.0016630437425154108	0.002650268912375157	6
MMP12	6.8849807	0.0019757000596716968	0.0031211691306029963	6
CISH	1.0337832	0.002346885225438875	0.00369588224478563	6
AIM2	2.905449	0.0024181947702209823	0.003799206237582062	6
SNORD56B	2.9260197	0.0038447652267208066	0.005984070391783357	6
DMP1	4.2744007	0.003983962842920113	0.006181478421908632	6
TRH	4.6601686	0.004593609904196578	0.007094378230419426	6
LILRA4	2.0888743	0.004687911781732368	0.0072344317619326675	6
TGM2	1.1167393	0.004702471464314024	0.007251305264940669	6
TKTL1	1.9721968	0.004707062330428536	0.007252792496808221	6
PROK2	2.381044	0.004847534644924667	0.007457745607576411	6
LOC100505622	3.4860404	0.005787631510771177	0.008849589466010973	6
ASAP1-IT1	1.7526438	0.005798295188328785	0.008859121754513042	6
DEPDC7	1.7897654	0.006628912038020607	0.010081995495088376	6
RHCG	4.435824	0.006779921432625951	0.01030383196447713	6
SUMO4	1.7149811	0.009611411000631884	0.014475016567216692	6
CLEC17A	2.3154912	0.009911411031855564	0.014893179612104528	6
IFNB1	6.9080024	0.009982419988779918	0.014988618601771649	6
HSD11B1	2.817222	0.010554760781209177	0.015782970304148658	6
LOC645638	2.0792344	0.011024760898574983	0.016467155935138138	6
LOC100130855	1.0770016	0.012411476341177494	0.018496984115018617	6
TMEM14E	1.1351553	0.01354333891086229	0.020064205793870058	6
CD274	1.344774	0.014130051419161516	0.020871567827417305	6
CXCL11	6.3324127	0.0163005690100439	0.02397142501477044	6
LOC152225	5.616586	0.016391793038270926	0.024087866331037364	6
ERP27	1.5839444	0.01850679584391551	0.0270369552139014	6
CCL24	10.629249	0.01951370805882913	0.02844563856972176	6
CCL17	3.4122667	0.02237946665432143	0.032504671974323066	6
MTVR2	2.4603257	0.022458905186292122	0.032596379080249815	6
RAB33A	1.4366053	0.02647498804723408	0.03820344595560474	6
TM4SF19	1.9751602	0.026890004575547587	0.038773982778310005	6
CXCL9	2.7741115	0.0269285310395363	0.038773982778310005	6
MIR941-4	2.934587	0.027029726383541966	0.03889169263818988	6
CXCL5	3.8856897	0.02855294719275265	0.04087751924517201	6
LINC00622	2.8032734	0.031582856788129735	0.04492582757913192	6
MTRNR2L8	4.69141	0.0	0.0	7
MTRNR2L1	4.03031	0.0	0.0	7
IFITM1	6.0183487	0.0	0.0	7
ALDH1A3	4.445317	1.7079128114495497e-253	6.697697299802156e-252	7
LGALS3BP	3.934986	2.129584587463503e-223	6.084527392752864e-222	7
SAT1	3.0732796	3.906417622776232e-219	1.0280046375726926e-217	7
CLDN7	4.4808893	1.5702730845162565e-193	3.2714022594088675e-192	7
EPCAM	5.0275383	9.515110818686425e-191	1.865708003664005e-189	7
DLK1	5.023218	4.805239140485689e-161	6.673943250674568e-160	7
KRT18	4.233124	2.652021372251551e-156	3.536028496335402e-155	7
SERPINE2	3.558852	2.3406929329942313e-155	3.059729324175466e-154	7
CCND1	2.8717065	1.920207443773008e-150	2.4153552751861735e-149	7
GPRC5A	4.2496643	5.890011545653345e-134	6.4371710881457324e-133	7
IFI6	2.7296433	4.899599565539943e-119	4.622263741075418e-118	7
CLDN3	4.485307	1.5131048688798225e-112	1.3818309304838561e-111	7
KRT8	4.043877	5.860663305069348e-112	5.303767696895337e-111	7
MUC1	3.4958842	3.390814857564686e-104	2.861447137185389e-103	7
DHRS3	1.844442	7.61811885820743e-101	6.218872537312188e-100	7
GSTM1	3.7394943	1.059407164413359e-93	8.025811851616355e-93	7
TUBB3	3.6682405	2.8714891423638727e-92	2.1036550493508222e-91	7
CXCR7	3.6091073	7.297123664831035e-89	5.049912570817325e-88	7
IGFBP6	2.5297441	3.6418680139642384e-88	2.4944301465508483e-87	7
EFNA5	1.9397708	1.3580257938119578e-88	9.36569512973764e-88	7
MIR100HG	3.108006	3.9571104837163425e-84	2.5779221392288875e-83	7
FXYD3	2.6402686	2.411689647201419e-84	1.5762677432689012e-83	7
IER3	2.6326208	1.006700152138314e-83	6.537013974924117e-83	7
SULF1	2.5067744	8.712972198840493e-83	5.603197555524433e-82	7
HBA2	2.7660277	3.397789182175643e-77	2.090947189031165e-76	7
EZR	1.8204575	2.565092438536541e-75	1.568863876780759e-74	7
MUC6	6.8286324	4.6412942107684826e-70	2.6906053395759323e-69	7
C19orf33	2.2042313	2.5306198187357793e-64	1.390450449854824e-63	7
FTH1	1.0812432	1.0144680556559149e-64	5.620321637982908e-64	7
EFNA1	2.182085	2.72231905077325e-62	1.4675574397699462e-61	7
C1S	1.716231	6.2635363011288025e-62	3.3674926350154856e-61	7
ASS1	2.6872792	4.729368520692123e-59	2.4957089818955794e-58	7
DIO3	6.1860394	9.512203075184886e-59	4.980211034128213e-58	7
LOC284454	1.7631595	9.072808240276054e-59	4.7626289975202385e-58	7
MSX2	1.9599587	9.952059962796019e-58	5.196898152896094e-57	7
CLDN4	4.0538	3.064918067278095e-57	1.5921652297548546e-56	7
KRT19	2.594863	1.818488480299627e-55	9.2780024505083e-55	7
TM4SF1	3.0596514	8.283276192109845e-54	4.1624503477938916e-53	7
FOS	1.581819	1.179965491147363e-53	5.885114669064155e-53	7
BHLHE40	1.8450308	2.615866824584781e-52	1.2917860862147064e-51	7
DBNDD2	3.6166987	1.5008445937749383e-51	7.339093368092608e-51	7
STAT1	1.8809937	8.056161965352168e-51	3.8918656837450087e-50	7
KLK10	3.0022593	2.374259322790019e-49	1.1305996775190567e-48	7
CNIH	1.9772704	4.529972070282331e-49	2.1469061944466023e-48	7
WFDC2	2.656383	1.8448499937593102e-48	8.600699271605176e-48	7
MCAM	1.713408	1.7207302316383546e-48	8.059626377697212e-48	7
CXCL1	3.519501	3.6261743828039754e-48	1.6826795279832832e-47	7
ANKRD36BP1	1.634854	1.636855964507278e-48	7.684769786419145e-48	7
PDE4B	2.0342057	2.6122181840634234e-46	1.1927936913531613e-45	7
PTN	2.244444	4.576625709421277e-46	2.0802844133733077e-45	7
MX1	2.9865286	1.6063823661107712e-45	7.235956604102573e-45	7
GNG10	1.86435	1.7430461931112819e-43	7.611555428433546e-43	7
CDR1	5.0099587	1.0888164225606684e-42	4.71349100675614e-42	7
SRSF10	1.8678848	9.286597936834228e-42	3.968631596937704e-41	7
ALOX15	5.5813675	1.470492384874036e-39	6.139842943106622e-39	7
PLTP	1.6310084	8.423550450410493e-39	3.4808059712440054e-38	7
KLK8	3.502134	5.541830107598295e-38	2.2619714724891e-37	7
APOE	1.3873159	1.0262720990752193e-37	4.171837801118778e-37	7
ERRFI1	1.5961429	6.507869433139104e-36	2.5371810655513075e-35	7
GJA1	2.6441984	2.8346531367249935e-35	1.0944606705501904e-34	7
LOC100128252	2.4510849	5.67687753602938e-35	2.1834144369343768e-34	7
CH25H	4.1745157	6.8806784360268585e-34	2.5964824286893805e-33	7
DDX47	1.7567048	8.7557805658922e-34	3.2978457875300185e-33	7
DCN	2.1154375	1.4050703378304212e-33	5.282219315151959e-33	7
H19	2.5371835	2.4862008591504902e-33	9.276868877427201e-33	7
ACP5	2.7050514	2.6972658710766606e-33	1.004568294628179e-32	7
OAS1	3.0341418	3.4558773292369936e-33	1.2799545663840715e-32	7
LOC440173	5.228942	5.766469953032832e-32	2.1083985203045087e-31	7
BNIP3	2.0959044	1.545729667206459e-31	5.590342376876885e-31	7
CLIC3	1.5480614	1.5408652647325795e-31	5.582845162074563e-31	7
ANXA3	2.913914	1.6650689488120193e-30	5.967989063842362e-30	7
HMGN4	1.6972257	2.4339906768797057e-30	8.692823845998949e-30	7
TEKT4P2	2.0178263	1.2412423703625035e-29	4.3860154429770444e-29	7
S100A16	1.8554147	2.0968908629577524e-29	7.396440433713413e-29	7
FGF19	2.7303317	3.099056943462365e-29	1.087388401214865e-28	7
CTSL1	1.4893864	6.385240328242402e-29	2.217097336195279e-28	7
RGS16	1.4543064	1.589889867920606e-28	5.491847557584132e-28	7
IFITM5	2.2703197	1.9403234728609955e-28	6.66777825725428e-28	7
CCND3	1.3056126	9.241011021117445e-28	3.148555714179709e-27	7
MOXD1	4.5447307	1.7320321886958382e-27	5.881263798627634e-27	7
SLPI	2.1151717	1.19477853990367e-26	4.009323959408289e-26	7
MEIS1	1.8033873	1.4475170055005694e-26	4.849303201006933e-26	7
NT5C3	1.729252	2.639207722959555e-26	8.812045819564458e-26	7
DLX5	1.2228409	3.09217959393136e-26	1.0307265313104533e-25	7
SP100	1.1500146	3.81873082013814e-26	1.270792286235654e-25	7
MT1E	1.3675652	6.774339470040948e-26	2.23575560067358e-25	7
LIME1	2.0748024	9.166509042690688e-26	3.0202665709030275e-25	7
FMO2	2.4225144	1.8205518911190467e-25	5.949515984049172e-25	7
C4orf52	1.9426749	2.7588392320237206e-25	9.001106792899577e-25	7
MSLN	1.9936489	4.087624294632594e-25	1.3314737116067082e-24	7
ZBTB16	1.248696	1.7529908063943948e-24	5.6185602769051115e-24	7
VIT	7.0515795	5.7796872206043355e-24	1.8348213398743923e-23	7
DUSP4	1.440404	4.430519455197669e-24	1.413243845358108e-23	7
EDN1	3.2454484	1.7391130063850327e-23	5.460323410942018e-23	7
SBDSP1	1.8553174	5.950607971170801e-23	1.8624751083476684e-22	7
RNASE4	2.538969	1.0588818185546754e-22	3.3090056829833603e-22	7
PTGER4	1.3762866	2.1942957971577935e-22	6.80401797568308e-22	7
LPAR2	2.6579077	2.739532727137752e-22	8.481525471014712e-22	7
THBS1	1.7217858	6.874574841888851e-22	2.1087652889229602e-21	7
LOC401397	1.7735445	9.449232389728737e-22	2.8896735136785126e-21	7
LOC729013	3.1921654	1.132986421240907e-21	3.459500522872998e-21	7
KRT17	3.4087543	3.965980618552917e-21	1.2018123086523991e-20	7
KRT7	2.2075505	6.884461805676495e-21	2.0767607256942667e-20	7
PRPH	2.645966	3.320144494281413e-20	9.925693555400337e-20	7
SEPP1	1.0757576	4.976001194832675e-20	1.4853734909948281e-19	7
IFIT1	1.8688921	3.135949599202282e-19	9.223381174124357e-19	7
ZNF337	2.1735284	1.5784798409443833e-18	4.5952833797507514e-18	7
SPON2	1.2578423	4.264115912039026e-18	1.2359756266779788e-17	7
ZNF570	2.533463	4.690437864196669e-18	1.357579700201641e-17	7
EGLN3	1.7269124	5.479197587867299e-18	1.5835831178807224e-17	7
DANCR	1.3213907	5.687075083200344e-18	1.6412915103031296e-17	7
SDC4	1.1710479	6.009812704408096e-18	1.731934496947578e-17	7
LECT1	2.463225	1.4023003305510788e-17	4.0295986510088474e-17	7
SLC10A6	4.2008247	2.5276982585309053e-17	7.232326919973978e-17	7
FBLN2	1.3500516	2.7322618462912075e-17	7.806462417974879e-17	7
TMEM116	2.6356416	3.075018304069449e-17	8.748273980282928e-17	7
CLDN22	6.033677	6.385081583925644e-17	1.8088049812820522e-16	7
ALDH1A2	2.2283876	2.0178697574386413e-16	5.676145590544702e-16	7
CLDN11	1.5408932	5.506007141045932e-16	1.53799082152121e-15	7
ZNF165	2.053759	6.087772162429995e-16	1.695758262515319e-15	7
EGR2	1.0981228	7.077363539454622e-16	1.9659343165151726e-15	7
KLHL13	3.4082952	1.1817792296925304e-15	3.2600806336345668e-15	7
PIGB	2.4103382	1.530433873874259e-15	4.204488664489723e-15	7
OAS2	2.0249386	1.6795843720447896e-15	4.6016010193007934e-15	7
C2orf74	1.9167068	2.5993145276859957e-15	7.063354694798901e-15	7
ZNF419	2.613423	6.30924359264184e-15	1.7052009709842812e-14	7
PTGDS	1.353495	1.0537470912986693e-14	2.836465925433834e-14	7
KLK5	2.3597658	1.2791915375806698e-14	3.429467929170697e-14	7
CAV1	1.2261026	2.8705865247773774e-14	7.665117556147871e-14	7
KRT19P2	3.4915667	4.788762959820332e-14	1.273607170164982e-13	7
ZNF571	2.3631124	1.3629869423247126e-13	3.5773935494086943e-13	7
TADA1	1.8680677	3.233862804542536e-13	8.443506017082339e-13	7
FGF13	2.4434352	1.020602735470419e-12	2.6338135108914036e-12	7
OR2A7	2.995635	1.2132782331243564e-12	3.118967180268268e-12	7
EPHB6	2.8090723	1.256944575577302e-12	3.2270720810713784e-12	7
ZNF675	2.0455008	1.6278636615939404e-12	4.1686649464633555e-12	7
OVOL1	2.5088112	1.9924946463100313e-12	5.095894236087037e-12	7
AGR2	2.860451	2.5999134453016064e-12	6.6155558404621024e-12	7
ZNF773	2.4226449	4.075494868609881e-12	1.0304664648823973e-11	7
ZNF586	1.769336	7.183374495151002e-12	1.8071382377738368e-11	7
ZNF141	1.9516615	1.621952786985246e-11	4.044770042357222e-11	7
CKMT1B	4.934734	1.6931642627906368e-11	4.2066192864363643e-11	7
ZNF404	2.3503835	1.6760961446699995e-11	4.169393394701491e-11	7
ZSCAN16	2.565407	1.8308218614198848e-11	4.542982286401699e-11	7
MIR4461	1.8959532	1.9217768634621755e-11	4.7627679391875477e-11	7
HIST1H2BG	2.5928078	2.5247880846590096e-11	6.234044653479036e-11	7
MIR614	5.801367	2.9464256795092333e-11	7.248279654389258e-11	7
ZNF204P	3.9248786	2.956563805494498e-11	7.264284534384517e-11	7
GUSBP1	1.3704985	2.982515920658641e-11	7.315447653526169e-11	7
TNFSF13	1.3310148	3.699063417423701e-11	9.022105896155369e-11	7
INE1	1.4382018	9.377693650852851e-11	2.270628002627809e-10	7
ZNF708	1.4490173	9.557563353633702e-11	2.3113817058364456e-10	7
CARD16	1.0104067	9.818713998515127e-11	2.371670047950514e-10	7
ZNF564	2.0387275	2.549131181121211e-10	6.098399954835433e-10	7
ZNF233	3.325707	2.714573192665037e-10	6.486435346869861e-10	7
ZNF700	2.1782365	2.8018616805856144e-10	6.687020717388102e-10	7
NEFL	2.3297763	3.523016655022401e-10	8.378160891848755e-10	7
IGFBP3	1.1338203	4.708437179892902e-10	1.1144230011580833e-09	7
ZNF727	1.8029941	6.544985213627252e-10	1.5399965208534712e-09	7
ZNF487P	2.3860376	7.336584967918179e-10	1.7181697817138592e-09	7
PTHLH	1.1852041	7.899140435578208e-10	1.8455935597145346e-09	7
TACSTD2	2.041164	9.509233347791431e-10	2.2114496157654493e-09	7
NSUN3	1.8713827	1.1006813499533606e-09	2.5508258399846132e-09	7
KRT15	1.7795852	1.1832570292284805e-09	2.739020900991853e-09	7
ZNF844	1.933279	1.4695506454588535e-09	3.397804960598505e-09	7
ZMYND12	2.7028708	1.5834822202178396e-09	3.657002818055057e-09	7
KLHDC1	1.9150776	1.769375365017371e-09	4.076901762712836e-09	7
ZNF468	2.0931487	2.3303997534012633e-09	5.357240812416698e-09	7
TMEM177	2.3207138	2.463747131725521e-09	5.657283884559175e-09	7
NUDT7	2.7553353	2.9754195997360056e-09	6.824356880128453e-09	7
OCLM	1.416424	3.87777037225865e-09	8.853357014289154e-09	7
LOC541471	1.072713	4.1089890141401145e-09	9.370556474663887e-09	7
ZNF253	1.8016862	5.0796115381083854e-09	1.1531467736908934e-08	7
IFIT3	1.3481216	6.5447178000834785e-09	1.4807053846342712e-08	7
UEVLD	1.8672416	6.621825549094777e-09	1.4964577512078592e-08	7
RNF39	2.132641	8.387782949422418e-09	1.882779562159914e-08	7
ZNF383	1.6415113	9.744264628255847e-09	2.182366098153605e-08	7
ZNF256	1.9450045	1.0351143137313005e-08	2.3131046116900567e-08	7
METTL21D	1.3259817	1.051769651389508e-08	2.347700114708723e-08	7
ZNF443	2.5862207	1.113059665886059e-08	2.4817383854761626e-08	7
GUSBP9	1.4520966	1.6402974641721435e-08	3.641059853878232e-08	7
ZNF211	1.4878395	1.838859445106436e-08	4.072778394477156e-08	7
ZBTB26	2.042744	1.8753387978199616e-08	4.1489796411946054e-08	7
DBR1	1.4192821	2.0484957080015706e-08	4.522065580577418e-08	7
KRT14	1.4928757	2.1660473798202112e-08	4.765780813685833e-08	7
ZNF345	1.7976023	2.2277788150429373e-08	4.8908426235849337e-08	7
CXCL6	3.2672658	2.2645521919523618e-08	4.966123227965705e-08	7
NTS	4.231863	3.5121512581930096e-08	7.626821407585254e-08	7
RSAD2	2.2801666	3.9798492179998056e-08	8.623725282773143e-08	7
ZNF600	1.944386	4.968014349998465e-08	1.0718477562024735e-07	7
OXSM	1.621538	6.219434170798213e-08	1.336076083952355e-07	7
ZNF736	1.4127718	6.238672231005186e-08	1.338770865022572e-07	7
BST2	1.0689739	8.979796251006812e-08	1.918759882693763e-07	7
RBM11	3.2327764	1.0807863453059502e-07	2.3044484974540517e-07	7
ZNF799	2.3572133	1.463303329289777e-07	3.0936645439530167e-07	7
MT1G	1.7332709	1.4777640145631283e-07	3.120937728750007e-07	7
CDC14A	1.2616274	2.17099077084701e-07	4.565700885062061e-07	7
RBM45	1.683437	2.3727538559254789e-07	4.969118022880584e-07	7
SLITRK6	4.0491347	2.686724927483389e-07	5.620763446617969e-07	7
RMDN2	2.0223608	2.8937214749544403e-07	6.047484796143031e-07	7
TRIM34	1.7062819	3.1741590795835634e-07	6.605950217655699e-07	7
ZNF77	2.3671803	3.2063084662187765e-07	6.665921967190803e-07	7
CHCHD4	2.3853374	3.41131509918185e-07	7.077417218219606e-07	7
ZNF823	2.8598018	3.7044677545919746e-07	7.669705496049637e-07	7
ZNF14	1.5447203	4.4132798244150293e-07	9.127776265594683e-07	7
FLJ27352	2.6331797	4.7601588890488107e-07	9.835039026960353e-07	7
GCSHP3	1.8146087	5.471336293490526e-07	1.1269487731185429e-06	7
MRPL42P5	2.2687235	5.597799483361255e-07	1.1506268208347903e-06	7
ZNF85	1.4142107	5.594509395192075e-07	1.1506268208347903e-06	7
PRIM1	1.5085022	6.245653849068379e-07	1.2798471002189303e-06	7
ZNF552	1.7944121	8.873120024043133e-07	1.8108408212332924e-06	7
POLB	1.0747339	1.1099553140586815e-06	2.251430657319841e-06	7
CCNB1	1.1952583	1.167198649647503e-06	2.3603612733013204e-06	7
PAX3	2.324354	1.2486489379939158e-06	2.5149021913271214e-06	7
MIR568	2.1821659	1.2867461376207029e-06	2.5890264338444725e-06	7
PIGW	1.712612	1.8984627254025743e-06	3.7893467572905674e-06	7
ELF3	1.3403583	2.695607773688665e-06	5.332557415803493e-06	7
ETV7	2.6102695	2.9402031314144137e-06	5.810678125324928e-06	7
RND1	1.1724076	3.1601568672694727e-06	6.23920408147971e-06	7
SLC27A2	2.8514044	3.1990209917105287e-06	6.30970609804838e-06	7
ZNF816	1.9966034	4.115550352611064e-06	8.08556061416712e-06	7
ZNF565	1.695434	4.1249761839964945e-06	8.09612597447791e-06	7
CMPK2	2.8408933	4.1911642140059205e-06	8.209920105790247e-06	7
ZNF439	2.0132387	6.120164364330143e-06	1.1953446024082311e-05	7
TMEM8C	4.3255825	7.297278385263785e-06	1.418324273131931e-05	7
ZNF93	1.6646538	7.56690507803466e-06	1.469301956899934e-05	7
LIPT1	1.4958673	1.002570263597746e-05	1.9392074731097602e-05	7
EDN2	1.4758604	1.1555893625740516e-05	2.2308674953167017e-05	7
SLC34A2	3.79979	1.8862525179419254e-05	3.6031566722863903e-05	7
APOBEC3A_B	3.224392	2.3541657050397137e-05	4.458647168635821e-05	7
CDRT4	2.5369596	2.3903811683428604e-05	4.522953960913644e-05	7
MYLK-AS1	2.4810812	2.4806308342588064e-05	4.689283240564851e-05	7
ZNF180	1.6849554	2.8533824528812068e-05	5.3837404771343525e-05	7
MPZL3	1.4536649	2.97750744134954e-05	5.6020836149568017e-05	7
ZNF222	1.3470134	3.284096995565641e-05	6.16731830153172e-05	7
HIST1H3D	1.35747	3.6870186877540465e-05	6.898070510297562e-05	7
IL27RA	1.1708364	3.959166678034558e-05	7.393401826395067e-05	7
ZNF879	2.389193	4.5014691390701675e-05	8.382624095102733e-05	7
ZNF613	1.7610701	6.076795185675911e-05	0.00011284670725489158	7
BEX5	2.1389725	6.414186087133892e-05	0.0001190015971638941	7
ASTE1	1.2339641	8.049372880742338e-05	0.00014878692940374007	7
CHI3L1	1.4227278	8.108576875693452e-05	0.00014974287859083015	7
C1QTNF3	1.5330486	8.516896778533811e-05	0.00015713831694711826	7
ZNF214	2.1925533	9.53474571719742e-05	0.00017559384377895798	7
LOC100303749	1.4026799	9.743737870813273e-05	0.0001792776057187355	7
SMIM3	1.0278006	0.00010742188684150815	0.00019728537528284325	7
NAP1L2	2.7219818	0.00011462911918154133	0.00021013587384333883	7
REREP3	1.9864421	0.00011648808699759131	0.00021334814468423316	7
SNORA48	1.4468789	0.00011930453903078989	0.00021810701833782428	7
SULT1E1	4.0657463	0.00015647631911117895	0.0002837285931299709	7
SNORD47	1.5608672	0.00016569665446049159	0.0002993616160081149	7
FAM150B	2.527311	0.0001777256485534407	0.0003199381612123145	7
RCAN3	1.0472001	0.00020761705276285062	0.0003724072695297769	7
CYP21A2	4.403179	0.00021131857896074452	0.0003787071307540224	7
ARHGAP11B	1.879595	0.0002425153569817172	0.00043267681887906726	7
UBE2Q2P2	1.8819556	0.00028529917173735554	0.0005067480847910401	7
ZNF699	1.5345843	0.00029336959648727627	0.0005196981337241386	7
CLDN1	1.6541554	0.0003172920996592767	0.0005610824043488536	7
ZNF17	1.3900721	0.0003308945895940368	0.0005830741666855274	7
TTC39B	1.0801495	0.0003332004906321621	0.000586620582098877	7
LOC644656	1.7156061	0.00034526071177646314	0.0006068951610535675	7
FASTKD3	1.2323639	0.0003908154289446415	0.0006832437568962265	7
LARS2-AS1	1.1619841	0.00040492510210838906	0.0007060594631358135	7
ZNF663	2.489668	0.00041679984609242256	0.0007261321360495167	7
IGIP	1.785889	0.000435163274139223	0.0007574643588150096	7
SNORD80	1.4176004	0.0005033159981336667	0.0008730546368320324	7
RPL13P5	1.4411411	0.0005093577558689147	0.0008820047720673847	7
TREX2	2.307725	0.0005242897474316807	0.0009070756875980636	7
FSTL5	5.180216	0.0005515667396002813	0.0009526195848018676	7
SNORD76	1.7360526	0.0005837106033076129	0.001005530755051874	7
LAMP3	2.4117956	0.000765128923862244	0.001310152266887404	7
LOC441204	2.9251235	0.0008069773601948885	0.0013794484789656214	7
LYPD3	1.1357627	0.0008476877086690763	0.001446566055749277	7
C1orf74	1.9425684	0.0008641306072249246	0.00147211347057057	7
RPS15AP10	1.5201994	0.0009171018895230885	0.001561024492805257	7
SCARNA17	1.044661	0.0011268574387071815	0.0019050844272310759	7
KRT16	2.0501583	0.0012779983193979918	0.0021569591888573702	7
C11orf65	2.5108044	0.0013948313384506339	0.0023482009064825487	7
ZNF845	1.6586268	0.0014996560198724028	0.002518314055201348	7
MIR3064	1.006825	0.0016078170760683212	0.002695418400785115	7
ZNF596	1.5328374	0.001711990894147695	0.002855697905167131	7
RTP4	1.6347438	0.0017115390984989262	0.002855697905167131	7
ZNF30	1.4537243	0.0019617580460335043	0.0032533300929245513	7
SEC24B-AS1	1.5309632	0.0020950001951398002	0.0034685433694367556	7
SOST	1.308812	0.0024788894711027	0.004083837678917133	7
NEFM	2.0896804	0.0026461436717970786	0.0043414990513487755	7
HIST1H3A	1.2808162	0.0034644249149719856	0.005646984376482454	7
ZNF284	1.6947904	0.0034698706600200225	0.005651255146612415	7
CA4	4.2757344	0.003644855514504248	0.005921779877342401	7
DDIT4L	1.6352241	0.003731005871917436	0.006047011137629556	7
ELK2AP	2.5633113	0.00484754525511288	0.007787221293354023	7
C6orf165	2.7509634	0.0051530322115715555	0.008264686786802814	7
PLA2G7	1.1501251	0.005277745991769339	0.008444393586830943	7
KCNJ13	1.7520027	0.005684896540811219	0.009052383026769457	7
CFB	1.1966541	0.005692096785647551	0.009056637685994514	7
KLRAP1	1.3304627	0.00584437026472534	0.009284146568269008	7
ELOVL4	1.1616759	0.00602452507010968	0.009562738206523301	7
BLID	1.8731787	0.006400923133095734	0.010144093713305442	7
NMU	2.518491	0.007070257344543541	0.011160627221063207	7
LIPT2	1.4283429	0.007256076114867855	0.01143589616212428	7
ZNF784	2.084061	0.0074621270155798124	0.011732904112546875	7
ZNF563	1.4552372	0.007933313225442057	0.012454180887664139	7
MFSD2A	1.0882595	0.007963560503425813	0.012491859613216963	7
ZNF674-AS1	1.0399582	0.00854130230354238	0.013335366594133301	7
CYP26A1	1.2528415	0.009020677445651349	0.01405089944805506	7
C10orf111	1.6884148	0.009157097397614895	0.014241209016508391	7
FMO1	1.486881	0.009189175804270797	0.014279993479830298	7
LCN10	2.3123167	0.0098020418507517	0.015196964109692556	7
HAS2	1.0656068	0.010683491043678855	0.016486868894566135	7
TMEM200A	1.8644662	0.01181876607954501	0.018140853537290884	7
TRIML2	8.35588	0.014641313557772321	0.022268157502315318	7
PBK	1.5045112	0.014918102341578005	0.02267188805710943	7
C6orf52	2.2244108	0.015544088826923024	0.023587388204739036	7
LAMB2P1	2.2039196	0.016199071648228272	0.024488392514328456	7
HIST1H3J	2.3894324	0.016551851936314883	0.024983927451041332	7
RPL29P2	1.4075577	0.016694673504115923	0.02518050302279928	7
HIST1H2BH	2.2742534	0.019141898089036373	0.02876318270328531	7
CSF3	4.122425	0.019404085803274997	0.029135263968881376	7
ZNF684	1.2062305	0.019953793963878568	0.029938175489690275	7
PLK1	1.2841465	0.020683223951268256	0.030939751609974954	7
MCOLN3	2.6218588	0.022550873277588004	0.03358283436721966	7
MIR3671	1.7639178	0.023945622917378014	0.035501294169574524	7
WDR86-AS1	1.3888634	0.024610082372687022	0.03640544729687429	7
NPY	1.188044	0.025300086427240263	0.037398501740192554	7
SCARNA22	2.9306839	0.025972939800927228	0.038364755983644354	7
DYNLRB2	1.8984071	0.026994882912758762	0.03981546152324301	7
ARPP21	4.366104	0.027061134177048293	0.03987100623482585	7
COL10A1	1.4861425	0.027406086819231682	0.04030306885181129	7
KLK14	6.04588	0.0283059631530259	0.04150434479915821	7
LEFTY1	2.125908	0.028509137433536304	0.04174105041513368	7
SYNPR	2.3975484	0.030900614594862735	0.04507748299761158	7
MTRNR2L8	3.0945532	0.0	0.0	8
HSPA1A	4.3918667	2.4429294766156597e-257	7.402816595805029e-256	8
HSPA1B	4.676346	8.785184524391277e-248	2.2526114165105838e-246	8
MTRNR2L1	2.6004422	3.19280307044433e-274	1.204831347337483e-272	8
DNAJB1	4.303731	7.466053148624401e-209	1.3826024349304447e-207	8
CYR61	3.8232296	1.193311601707336e-181	1.7548700025107881e-180	8
MEOX2	3.7244933	1.2879559755960526e-177	1.8399371079943605e-176	8
HSPA8	2.524233	1.3096184487628135e-177	1.8576148209401612e-176	8
FOS	2.2696326	1.0348253140235224e-127	9.280944520390335e-127	8
DNAJB4	3.7344294	3.0790613064756636e-119	2.576620340146999e-118	8
ZFHX4-AS1	5.0301566	5.740993907475055e-116	4.629833796350851e-115	8
CTGF	4.71062	5.374169412211826e-111	4.198569853290489e-110	8
CRISPLD1	3.7439263	8.879718213538061e-101	6.365389400385706e-100	8
DHRS3	2.570215	4.2575798026485154e-95	2.8574361091600775e-94	8
OSR2	3.2423365	4.971305739277626e-93	3.238635660767183e-92	8
MEST	3.455917	2.0916155971356328e-89	1.287148059775774e-88	8
LOC650226	5.363528	4.5103873727718344e-76	2.451297485202084e-75	8
SPARC	1.402935	4.278687961689781e-79	2.3903284702177547e-78	8
COL1A1	1.2417331	6.175006635431224e-79	3.4401151172318795e-78	8
LOC284454	2.1936717	5.052239841407564e-70	2.6109766622261313e-69	8
PRSS35	4.2087936	3.918379928701147e-67	1.964100214887793e-66	8
ZFAND2A	3.6115744	3.8678068815610575e-66	1.919507137251145e-65	8
CNIH	2.4188082	3.644191864116503e-64	1.7776545678617089e-63	8
PLAGL1	2.2392232	4.552347276781077e-64	2.2152541492851956e-63	8
MKX	7.101334	5.854289561954235e-59	2.716607685361594e-58	8
MCTP2	3.920184	5.802745517500984e-59	2.69895140348883e-58	8
SRSF10	2.211909	8.302116039087337e-57	3.7995954412299024e-56	8
INHBA	2.3749113	3.3065139696173444e-56	1.502960895280611e-55	8
CRABP1	2.1097589	4.7592552075129064e-54	2.119935504460092e-53	8
WNT16	4.726469	7.218990903957455e-53	3.1523977746539102e-52	8
VIM	1.3912787	1.2107026619525369e-51	5.218545956691969e-51	8
FN1	1.6966702	4.5534962970517434e-51	1.9417894656937073e-50	8
C10orf10	2.821275	4.120787974961988e-49	1.7028049483314e-48	8
GRIA2	5.718004	3.7760241434739134e-48	1.5571233581335725e-47	8
RGS2	2.244727	3.08714722470782e-47	1.2423127664820201e-46	8
GNG10	2.0008032	1.0913201915632944e-46	4.330635680806724e-46	8
AQP1	2.233013	3.354737343518557e-44	1.3053452698515785e-43	8
PDK3	2.0656703	4.812606352879853e-44	1.865351299565834e-43	8
DNAJA4	2.4287686	4.192923609778281e-40	1.552934670288252e-39	8
HIST1H3D	4.7736917	2.6550217179953126e-38	9.592641958160984e-38	8
CDH18	7.302244	4.174159331576835e-35	1.4393652867506328e-34	8
CSRP2	2.3424933	5.84803651828375e-35	2.013093465846386e-34	8
NTRK2	1.7740066	1.076921807046827e-34	3.688088380297353e-34	8
STEAP1	2.9232	4.098403558493678e-34	1.39164806740023e-33	8
DANCR	2.0845952	6.0285567246818275e-34	2.040120719012463e-33	8
H19	2.194753	8.968390357834716e-34	3.0298616073765933e-33	8
OSR1	2.4835322	6.915663681148076e-32	2.248996319072545e-31	8
SERPINE2	1.5699767	1.0726526570997493e-31	3.482638497077108e-31	8
EGR2	1.6395254	1.333394581235788e-30	4.287442383394817e-30	8
ANKRD36BP1	1.3172517	5.195712809958377e-30	1.654685608266999e-29	8
DDIT4	1.4999888	1.4071478015008827e-29	4.460056423140674e-29	8
DDX47	1.7624111	1.817634353287302e-29	5.752007447111714e-29	8
RCAN1	2.2705224	5.325741623293728e-28	1.6668987866334048e-27	8
TNMD	5.9682403	6.982406909248246e-27	2.151743269413943e-26	8
EIF4A3	1.1169615	6.130545894889992e-27	1.8921437947191333e-26	8
PLS3	1.5707574	3.993135624352985e-26	1.2248882283291364e-25	8
GUSBP1	2.159568	9.969212504945112e-26	3.03476788582804e-25	8
EDN3	2.5261874	5.602589770858089e-25	1.687527039415087e-24	8
NT5C3	1.7088972	5.859348003641443e-24	1.728421240012225e-23	8
DLK1	1.4315678	7.127385909088208e-24	2.0993772928094866e-23	8
COL9A1	3.4307823	4.9945154477110583e-23	1.447685637017698e-22	8
THY1	1.0462781	7.379494918652444e-23	2.1266555961534424e-22	8
C4orf52	1.8843011	1.693407705265301e-22	4.85913258325768e-22	8
DUSP6	1.387477	2.861502009237201e-22	8.187416335442636e-22	8
SBDSP1	1.9286404	8.151461007783009e-22	2.309195752913034e-21	8
SOSTDC1	2.2965178	1.3871186806115611e-21	3.912887674503699e-21	8
ARG2	2.6081216	2.5533650675563027e-21	7.192577655088177e-21	8
F3	1.8371418	2.4435792489914766e-19	6.649195235350957e-19	8
RGS16	1.1019734	3.1792742163079216e-19	8.627609813590018e-19	8
GEM	1.5289445	5.306090073362973e-19	1.4302129577797772e-18	8
RASL11B	1.260178	9.081030730623976e-19	2.4444228077049733e-18	8
IER3IP1	1.1560199	9.138886721807458e-18	2.4273271505464695e-17	8
PLK2	1.4547818	1.2499001949429918e-17	3.315385132474779e-17	8
HIST1H2BG	3.493186	2.6680756960149818e-17	6.99364533686758e-17	8
METTL21D	2.1174457	2.862660484780183e-17	7.493875614607808e-17	8
ASS1	1.2741383	3.851539055747723e-17	1.0043126612119225e-16	8
ZNF14	2.5800588	5.743505007186138e-17	1.4898845673634597e-16	8
CTH	3.1645353	7.347535068501507e-17	1.8912574178897058e-16	8
TEKT4P2	1.4596691	1.1025057388586477e-16	2.8305667236422276e-16	8
BNIP3	1.3872749	1.2201477414178154e-16	3.128583952353373e-16	8
PRPH	2.609467	4.027199492752675e-16	1.0260380873255223e-15	8
FAM83D	3.5614567	8.868687013787878e-16	2.2339261999465688e-15	8
IFIT1	1.644801	9.926747495954433e-16	2.497294967535706e-15	8
PMAIP1	1.3739818	1.3082029227337065e-15	3.2828178738612457e-15	8
ADM	1.7600197	1.394757021606772e-15	3.491256624797927e-15	8
ULBP2	2.9329603	7.313295202230814e-15	1.7990886106348868e-14	8
INE1	1.8508277	7.407712879474063e-15	1.820076874563652e-14	8
LOC100128252	1.676444	1.0307347267180676e-14	2.5294103723142767e-14	8
MST4	2.6068544	1.414887476959166e-14	3.45938258425224e-14	8
TNC	1.0634226	4.427990149529886e-14	1.0773698660656658e-13	8
DIRAS3	2.2465088	5.539466431648098e-14	1.3412751650479656e-13	8
LOC401397	1.4595585	6.777698902566519e-14	1.63515051931641e-13	8
IL27RA	1.9331009	5.585030110862176e-13	1.3361316054694202e-12	8
HIST1H2BN	3.1498182	6.285806589859713e-13	1.501984848234101e-12	8
ZNF844	2.452511	1.4884677805149567e-12	3.5397569096669602e-12	8
TADA1	1.885669	1.7259602760706096e-12	4.099668114181971e-12	8
HMGN4	1.0735612	1.7730471748740793e-12	4.206517615359619e-12	8
ZNF708	1.7135532	6.359948449877402e-12	1.4982210718203537e-11	8
ZNF337	1.8104148	1.0554480875405743e-11	2.4717753806570827e-11	8
ZNF565	2.5435672	1.5383867755684047e-11	3.594361625159824e-11	8
MFAP4	1.3800845	2.5097171367862028e-11	5.850156496005135e-11	8
KLHL13	3.0772114	3.12547705891714e-11	7.251686911640696e-11	8
ZNF736	1.9704593	5.817716041549666e-11	1.3404875671773425e-10	8
PLN	3.6817343	9.055314290308672e-11	2.0721542998418014e-10	8
ALDH1A2	1.995983	9.170817907658787e-11	2.0961869503220085e-10	8
MXRA5	1.079055	1.040783731670445e-10	2.365417571978284e-10	8
NUDT4P1	1.0015464	1.1679936540303638e-10	2.648511687143682e-10	8
ZNF85	2.0650063	1.634431960284566e-10	3.6811530637039776e-10	8
KRT19P2	2.703186	2.1274727109405488e-10	4.786215322700897e-10	8
ZNF383	1.8954318	2.7202508270987124e-10	6.085572320131348e-10	8
TMEM177	2.486018	4.741687276626013e-10	1.0502075917222618e-09	8
THBS2	1.4626824	4.60130334396609e-10	1.02024464389492e-09	8
OXSM	2.120026	5.023245844353645e-10	1.108884292351798e-09	8
ZNF141	1.8758855	5.550536830583643e-10	1.2225852049743705e-09	8
OGN	2.4690034	9.817856861335287e-10	2.1412992063980995e-09	8
IRF4	1.4110131	6.069958980659017e-09	1.294234324234332e-08	8
ELOVL4	2.5128028	6.436194509849633e-09	1.3679478235599646e-08	8
ASTE1	1.7396637	1.047576155340456e-08	2.2124100429576686e-08	8
HSPA6	2.2410862	2.816769696415195e-08	5.886666032215664e-08	8
ARHGEF3	1.0577508	3.4038295887568326e-08	7.083932546840443e-08	8
ZNF571	1.8663758	3.8335131474156025e-08	7.953346778870545e-08	8
KLHDC1	1.8054123	4.409148696910346e-08	9.138132014321961e-08	8
DBR1	1.3254287	4.923297363650897e-08	1.017210199101425e-07	8
DNER	3.3661435	9.235002129137775e-08	1.8943594111051845e-07	8
OCLM	1.3972126	1.1723137441226456e-07	2.3949208255825243e-07	8
RND1	1.4911413	1.374024382136795e-07	2.792732484017876e-07	8
ZNF675	1.6196903	2.5174932513972433e-07	5.070479861827277e-07	8
USH1C	2.1225512	2.5323948057088997e-07	5.095361782110462e-07	8
CABYR	1.9039432	2.593260229273624e-07	5.21258337542437e-07	8
CALCA	4.586471	5.078574257851403e-07	1.0126768211069599e-06	8
FIBIN	2.0946004	8.420711473868847e-07	1.6707760860850887e-06	8
PRIM1	1.635581	8.681727347487937e-07	1.7208577497498392e-06	8
ZNF253	1.4487764	9.089770443782741e-07	1.7981741728551417e-06	8
DERL3	2.2280283	1.2212882445648947e-06	2.3970328647004804e-06	8
ZNF345	1.7693583	1.3862389292511025e-06	2.7181155475511813e-06	8
GAS2	3.0257423	1.4203562848864355e-06	2.776845131742787e-06	8
GUSBP9	1.1943258	1.7122888116909657e-06	3.3313011900602444e-06	8
NSUN3	1.4131836	1.9493608417846236e-06	3.781495328389183e-06	8
ZNF564	1.5004717	2.0765554837784247e-06	4.024332332903924e-06	8
SNORD80	2.0634773	2.7416699139466317e-06	5.277516677471861e-06	8
PROK2	2.9535136	2.8317285195711515e-06	5.44563176840606e-06	8
ZNF878	3.8560746	2.8847543541944145e-06	5.542275416319721e-06	8
ZNF570	1.3884325	3.1226007644739626e-06	5.987729174446717e-06	8
ZNF30	2.347601	3.295010098399463e-06	6.312279881991308e-06	8
LINC00473	2.127105	3.493367189253302e-06	6.673098737828658e-06	8
ZNF93	1.8018394	3.6739299307388724e-06	6.9913033886562755e-06	8
GUSBP5	2.257773	3.693413430841815e-06	7.021698537722081e-06	8
ALDOC	2.0461335	4.667908679047703e-06	8.815691556275171e-06	8
POLB	1.0398151	5.405545741908335e-06	1.0160800266744991e-05	8
XRCC6BP1	1.843891	7.041060355078908e-06	1.3136306632609904e-05	8
ZNF256	1.6001586	7.0861611074243886e-06	1.3208128811601843e-05	8
ZNF180	1.7896897	7.203291729730311e-06	1.3401472985544766e-05	8
ZNF222	1.5406231	7.720714262618854e-06	1.4324145199663921e-05	8
C2orf74	1.1515998	8.162634266639163e-06	1.5102006043735733e-05	8
ZNF684	2.2849894	8.590222331312812e-06	1.5878414660467305e-05	8
RBM45	1.603965	9.86590114831401e-06	1.8119194028124904e-05	8
ZNF211	1.1873248	1.155187773884754e-05	2.1118606469556744e-05	8
RPS15AP10	1.6597877	1.1860983730902168e-05	2.1644130895806873e-05	8
OMD	1.7302258	1.3014054916804722e-05	2.3726627013317633e-05	8
HSPA7	2.2468746	1.315814258433866e-05	2.396747283121796e-05	8
EGR4	1.2869112	2.2441938736035487e-05	4.047238726065913e-05	8
HHIP	1.0797722	2.3187380708643403e-05	4.170392213784784e-05	8
SNORA48	1.5544938	2.9772150492389843e-05	5.3164554450696145e-05	8
IFIT2	1.0414658	3.2562951352821456e-05	5.8096255758825076e-05	8
HIST1H2BH	3.3746731	3.739348925047293e-05	6.6477314223063e-05	8
LOC100130855	1.9023954	4.080068397692071e-05	7.240582782062238e-05	8
FAM150B	2.3411741	4.388564405799332e-05	7.767370629733332e-05	8
MAD2L1	1.138608	4.6492015959882905e-05	8.214137095385673e-05	8
NUDT7	2.0185342	4.73631774264406e-05	8.35329407873732e-05	8
DEPDC7	2.3749928	5.114350198021438e-05	8.996218466176672e-05	8
UBE2Q2P2	2.3018937	5.58326622732172e-05	9.803803735420053e-05	8
ZNF727	1.2720318	6.192226911908342e-05	0.00010844530493709882	8
HIST1H3B	2.3167572	6.507496438506334e-05	0.00011386695430457277	8
ZNF732	2.7931285	7.543671663433044e-05	0.00013142285127932133	8
ZNF419	1.4383587	7.919921613130639e-05	0.00013785764339652984	8
UEVLD	1.3160794	8.942800766022003e-05	0.00015512230296655687	8
PCK1	3.066581	0.00011610078132166957	0.00020069279398732856	8
ZNF816	1.4882853	0.0001333452754820803	0.00022931259756161704	8
HIST1H3A	2.068464	0.00014150920880597696	0.0002431429704570051	8
LOC100303749	1.4459759	0.00015051428107724105	0.00025817200870881826	8
ZNF17	1.5635657	0.0001530605433629593	0.0002623145558919611	8
ZMYND12	1.8929803	0.0001576741655874747	0.0002699900095675937	8
CDKN3	1.1753452	0.00015797848322876231	0.00027027969756845564	8
ZNF823	2.2795548	0.00016255179169148479	0.0002778663105837347	8
ZNF573	1.0707395	0.00016731602416800008	0.00028552222554266226	8
ZNF563	1.9760513	0.0001971674835833964	0.00033333471442670564	8
GPC3	1.493921	0.00023758336965338695	0.0004006464918269595	8
TNFSF4	2.1756263	0.00026555494977914453	0.00044631083996494883	8
SEC24B-AS1	2.0209665	0.0002804500855878166	0.0004701594058471359	8
NPPC	3.2924235	0.0003166555612748772	0.0005295243499579887	8
ZNF613	1.6017131	0.00048225903676699545	0.0008017606596292526	8
ZNF443	1.7566112	0.0004837242771130995	0.0008035286995234211	8
MIR3064	1.1419116	0.0005297401746743987	0.0008777799083254326	8
ZNF214	2.073393	0.0005957984411108184	0.00098154603148405	8
RAET1G	3.2363749	0.0006082038896409026	0.0010003353448041162	8
LIPT1	1.2956064	0.0006977787908955512	0.001141093689117827	8
ZNF773	1.3037145	0.0008494763796165818	0.0013835120189195143	8
SNORD76	1.5703497	0.0009462454939027086	0.0015336231667791064	8
ABCC6P2	3.833884	0.000984774324467334	0.0015909116711911697	8
ZNF596	1.6535821	0.0010292416072045748	0.0016600671083944756	8
FASTKD3	1.1896152	0.0010335388924831164	0.0016656549435666661	8
ZNF663	2.3289585	0.0010886061390198974	0.001747361378844137	8
MRPL42P5	1.6013628	0.0011423479232878573	0.0018306857744997715	8
BCYRN1	1.3937926	0.001269054711918662	0.0020272439487518563	8
ZNF699	1.6057382	0.001550091312059583	0.002462416699062086	8
ZNF552	1.1308892	0.001611353627788148	0.0025577041710922984	8
LOC644656	1.4379033	0.0021541362961769407	0.003392340623900694	8
GCSHP3	1.3281548	0.002335173791427109	0.0036658929221775652	8
ZNF77	1.573954	0.0023422372597364555	0.003674097662331695	8
A2M-AS1	1.3113816	0.002448162009350334	0.0038282439551998973	8
KCNIP4	2.0164835	0.0025542367498177974	0.003990994921590308	8
SNORD113-4	2.012413	0.002585671485917226	0.0040369578234460985	8
ZBTB26	1.2353746	0.002735585433296189	0.004254409694084275	8
ZNF284	1.9456884	0.002847982810521063	0.004422333556709725	8
PPP1R3C	2.7443192	0.0028582743111078253	0.0044348709249151675	8
SNORD47	1.3274592	0.003794581985749035	0.005815451319155609	8
LINC00693	2.5713215	0.003930050971832059	0.006018454780753536	8
ZNF487P	1.1627072	0.0057333306159012545	0.008706652415947235	8
SCARNA4	2.3956933	0.0061170256625509714	0.009268220700834804	8
ZNF879	1.6739819	0.006722125599811732	0.010154268277661227	8
CHAC1	2.1176202	0.006816984874029439	0.010274280141717317	8
C6orf164	2.3221686	0.007673860318155416	0.011513668894456739	8
CCK	3.231288	0.00779221827735026	0.011656272666193358	8
ZNF674-AS1	1.1074378	0.008075927672615406	0.012062625351180592	8
KRT85	1.9851217	0.008313195955165862	0.012389263718578035	8
LIPT2	1.4305389	0.009803569711334567	0.014523806979754915	8
ZFP69	2.0989144	0.010454223684819299	0.015453397908084698	8
C1orf74	1.6749358	0.010495710062483263	0.015503264494066858	8
ZNF799	1.2652496	0.01055676108363674	0.015581935178799616	8
C21orf7	1.2742748	0.01095612766676558	0.01614757209545406	8
AURKAPS1	1.8522857	0.011056022752379591	0.01628280228627333	8
LAMB2P1	2.4253266	0.012832724083231504	0.01880252612927693	8
GRK4	1.8922544	0.014124894024142085	0.0205752280031203	8
LOC100270804	1.6957103	0.014706339254188702	0.021391038915183565	8
BDKRB1	3.4239028	0.015271317866124349	0.022164467149672497	8
LOC653160	1.659184	0.016022729817084202	0.023204532682236354	8
SNORD25	2.6572354	0.019233498670068763	0.02761449916736362	8
NAT1	1.1005461	0.019709152519119616	0.028277119826570468	8
IGIP	1.4255493	0.0213965754539787	0.030632176741558624	8
HIST1H3J	3.011655	0.02190676805383511	0.03127304504473249	8
EPHX4	1.9838147	0.022845934270770838	0.03252090287654212	8
CCNE2	1.1786983	0.024451547883997962	0.03468304664396874	8
SNORD32A	1.6215142	0.02463459172641972	0.0349179188184546	8
MIR597	1.4082863	0.024949443665945068	0.03533915533419982	8
FAM19A1	3.0213645	0.02751464528580145	0.03878033162198936	8
KLRAP1	1.0829957	0.03114235169112925	0.04355573663095	8
MYLK-AS1	1.3552196	0.032770623404787674	0.04573708779453967	8
SNORD59B	5.342374	0.03411294101632374	0.047412009751666075	8
MTRNR2L8	3.5030499	0.0	0.0	9
MTRNR2L1	2.8522964	9.20758267800971e-248	4.0032968165259607e-246	9
ZBTB16	3.2012236	3.143117014988983e-83	2.674993204245943e-82	9
VIM	1.9175926	1.961667823451138e-77	1.57563680598485e-76	9
DHRS3	2.4785976	1.1403105315680409e-67	8.478145216119263e-67	9
LOC284454	2.4847097	3.184775761678079e-65	2.3246538406409333e-64	9
COL3A1	2.9681273	6.815700237015576e-60	4.716747568868911e-59	9
FOS	1.7374666	4.5259734442308405e-53	2.9012650283531028e-52	9
MIR100HG	3.1170082	1.6763603292337453e-52	1.0677454326329588e-51	9
C1S	2.2307978	1.0292840445475024e-49	6.3340556587538604e-49	9
COL1A1	1.4556435	8.124127419294343e-45	4.709639083648895e-44	9
SFRP2	2.7647028	6.506265296064214e-44	3.717865883465265e-43	9
SNAI2	2.0887463	6.335550134434916e-42	3.519750074686064e-41	9
SPARC	1.2754537	3.269946562145333e-41	1.7917515409015522e-40	9
FN1	1.7606717	5.730307758615455e-40	3.064335699794361e-39	9
DCN	3.3436236	2.0932417143863556e-39	1.1046130418925359e-38	9
CNIH	2.091838	2.928379562538636e-38	1.5172951101236454e-37	9
ITM2A	2.0461502	5.107359509933804e-34	2.473297583503053e-33	9
COL4A1	1.4345124	6.150227567648602e-33	2.928679794118382e-32	9
TNC	2.2372403	6.83699692577191e-32	3.209857711630005e-31	9
GSTM1	2.7032385	1.2172635660068222e-31	5.688147504704777e-31	9
NUDT4P1	2.3968036	2.643209783515086e-31	1.2322656333403665e-30	9
MFAP4	2.809177	9.291362568934649e-31	4.3115371549580735e-30	9
OLFML3	1.7008921	2.12845344699906e-30	9.785992859765793e-30	9
LOC100128252	2.7380404	3.183213237674965e-30	1.456848163695636e-29	9
FBLN1	1.6009554	4.045956191141428e-30	1.8432602237546369e-29	9
MXRA5	1.9228526	4.9510970592862034e-29	2.2202228965408983e-28	9
LHFP	2.096876	3.9939526171232184e-28	1.7750900520547636e-27	9
GNG10	1.8352457	4.235166816617902e-28	1.878122756815034e-27	9
STOM	1.3504483	6.841071075308107e-27	2.974378728394829e-26	9
TEKT4P2	2.2642233	9.189774746407868e-27	3.986887091717079e-26	9
NDNF	2.9467056	1.1694653174992217e-25	4.997715032047956e-25	9
CXCR7	2.5863068	4.789545735524203e-25	2.0381045683081716e-24	9
HMGN4	1.9059134	1.7582529843698606e-24	7.434473506849306e-24	9
LUM	2.8393636	3.446298938665207e-24	1.4419660831235177e-23	9
MEIS1	2.02829	1.3462181039431628e-23	5.52861644329841e-23	9
SRSF10	1.5574932	8.617303324302473e-23	3.4607643872700695e-22	9
ERRFI1	1.7797517	6.399036784046188e-22	2.5094261898220343e-21	9
HOXC10	2.027414	7.461871081531434e-22	2.9204974878792304e-21	9
DAZ2	8.725807	2.873033294617627e-21	1.1200909530673009e-20	9
CTSL1	1.5574168	2.5193068226843455e-21	9.841042276110724e-21	9
RNASE4	2.78376	1.9742156740164017e-20	7.593137207755391e-20	9
SBDSP1	2.0744379	3.461440842986178e-20	1.321160627093961e-19	9
FRZB	2.0908573	8.242641800559409e-20	3.1294273619290025e-19	9
ICAM1	1.750609	1.1024636034108074e-19	4.1681043607213887e-19	9
C4orf52	2.0777655	1.8536841247963205e-19	6.903851488999331e-19	9
WIF1	1.5125275	3.94030572269265e-19	1.4566749436941404e-18	9
ANKRD36BP1	1.1487616	2.384154775405242e-18	8.51483848359015e-18	9
LHX8	3.8373168	3.066984308593462e-18	1.0895148520758303e-17	9
NNMT	2.5585968	3.175590079455279e-18	1.126095772856482e-17	9
COL8A1	1.1366591	4.491073474845245e-18	1.5813638995933963e-17	9
OSR2	1.6431704	7.582366167221794e-18	2.6465501456271533e-17	9
NFKBIA	1.0458541	8.225329353972316e-18	2.865968416018229e-17	9
TMEM100	2.4972532	9.643461613241073e-18	3.348424171264262e-17	9
PLS3	1.3592086	9.396805879297963e-17	3.1692431296114545e-16	9
SDC4	1.3586107	1.3342508935070624e-16	4.49242725086553e-16	9
PTGER2	1.6738803	3.671675579066976e-16	1.227985143500661e-15	9
GREM1	2.4455273	5.497130992506509e-16	1.83237699750217e-15	9
COL21A1	1.9704746	1.21473874018414e-15	4.02898421288272e-15	9
NFKBIZ	1.212138	1.2626713749845241e-15	4.181031042995113e-15	9
ALDH1A2	2.9391623	1.571687491522135e-15	5.195661128998794e-15	9
EFNA1	1.244361	5.926146323883853e-15	1.920955048260568e-14	9
TUBB3	1.6690693	8.182755403053276e-15	2.6438628119719793e-14	9
PLAGL1	1.0472934	1.698262888085197e-14	5.460652373264299e-14	9
NT5C3	1.4969599	1.5191650435610837e-13	4.777248564657495e-13	9
DDX47	1.3103733	1.6392139207634805e-13	5.1386016324874e-13	9
GUSBP1	1.7094074	3.0231854711728747e-13	9.432715978698516e-13	9
KERA	4.0700364	3.796781076304917e-13	1.17912455785867e-12	9
EFNA5	1.0961285	4.212431176414484e-13	1.3061802097409252e-12	9
ZNF211	2.227912	4.43905476769032e-13	1.374320361514031e-12	9
DDIT4	1.2380819	1.5486423965622579e-12	4.721470721226396e-12	9
IER3IP1	1.1300467	1.8264639827299323e-12	5.560012123987617e-12	9
GLA	1.0284425	2.164229868385795e-12	6.558272328441803e-12	9
C2orf74	1.9994209	2.2598441837481836e-12	6.827323817970343e-12	9
MFSD1	1.0888597	2.4410878581409953e-12	7.35267427150902e-12	9
SERPINI1	1.7291627	6.175816084498531e-12	1.8428639100418018e-11	9
IFITM1	1.2616146	1.2491838026163404e-11	3.706776862363028e-11	9
HGF	2.642189	1.834241049241873e-11	5.3948266154172726e-11	9
ZNF586	1.9836196	2.3302103457396507e-11	6.813480543098394e-11	9
LOC401397	1.4932702	2.413848868593993e-11	7.047733922902168e-11	9
DANCR	1.2985854	3.933812981810435e-11	1.1435502854100103e-10	9
FKBP5	1.2649832	4.9631705125144364e-11	1.4406881023263969e-10	9
MSX2	1.0693638	5.074829873336526e-11	1.4709651806772542e-10	9
CYP1B1	2.0285797	6.780072462799631e-11	1.9567308694948433e-10	9
TAGLN	1.0117735	9.869423177704906e-11	2.8360411430186516e-10	9
CNN1	1.3036497	1.495775377089276e-10	4.2493618667308983e-10	9
WNT16	2.0756884	1.9867116854288373e-10	5.612179902341348e-10	9
ZNF708	1.7971025	2.044586582622674e-10	5.767522094845344e-10	9
CRISPLD1	1.1010966	2.5282703055235533e-10	7.101882880684139e-10	9
ZNF570	2.1418903	2.8999353166130583e-10	8.123068113762069e-10	9
DPT	2.9401562	3.1383106140112304e-10	8.766230765394499e-10	9
FGG	3.2030864	3.437602027997418e-10	9.575493114198937e-10	9
FGF13	2.5678277	4.4840864651524373e-10	1.242129214723667e-09	9
ZNF345	2.3792388	5.467503078726522e-10	1.502061285364429e-09	9
RMDN2	2.9596326	5.628787333692496e-10	1.5442489255672143e-09	9
DAZ4	8.385161	6.175335518281591e-10	1.6895582813355928e-09	9
B3GALTL	1.9838656	1.014125526528566e-09	2.7483076599690137e-09	9
ZNF222	2.4413404	1.3003842608773307e-09	3.514552056425218e-09	9
MIR3064	1.9601558	1.361072907112627e-09	3.67361108532423e-09	9
KLHDC1	2.3472276	1.517760404294256e-09	4.09099839432414e-09	9
ZNF337	1.8232131	2.809342468143075e-09	7.511610877387901e-09	9
ZNF404	2.5525515	3.5628517795937543e-09	9.488287029543953e-09	9
LINC00473	3.385935	3.680059202705556e-09	9.78739149655733e-09	9
MOXD1	3.2603524	3.795795590343176e-09	1.0081794396661821e-08	9
MT1X	1.0571504	4.110412827940478e-09	1.0888510802491333e-08	9
PRDM1	1.0673505	4.7016921097500655e-09	1.2438338914682713e-08	9
GUSBP9	1.6616971	4.808153240054698e-09	1.2686420158455668e-08	9
ZFHX4-AS1	1.5738357	6.452469391704138e-09	1.695786962340115e-08	9
ENPP2	1.8983837	1.995865576832022e-08	5.177342611756218e-08	9
ZNF571	2.0896144	2.3963087859345215e-08	6.19201236675587e-08	9
SULF1	1.1538643	2.4594360351325855e-08	6.346931703567962e-08	9
ZNF256	2.0811286	3.214821800892603e-08	8.2537145080683e-08	9
ZNF85	1.9542333	3.4885309329832744e-08	8.933497907767668e-08	9
LOC440173	3.070887	6.314749861890557e-08	1.5986708511115333e-07	9
ANGPT2	1.050071	6.677371300740177e-08	1.6862048739242873e-07	9
OCLM	1.6513399	9.102373167187087e-08	2.284158887625367e-07	9
ZNF253	1.927842	1.048689990477709e-07	2.625006233986756e-07	9
EFEMP1	1.7825688	1.545879523575869e-07	3.826434464296705e-07	9
ZNF383	1.7741266	1.7657206145830103e-07	4.3598039866247165e-07	9
ZNF14	1.8969524	1.8756175293653058e-07	4.6254439688416907e-07	9
FBXO32	1.2856295	1.9770129767085218e-07	4.863500557708541e-07	9
RBM45	2.0508344	2.9243205065603475e-07	7.158679330625086e-07	9
ZNF799	2.5414276	3.4821369714642096e-07	8.493017003571243e-07	9
INE1	1.402285	4.119382745967219e-07	1.0035037139993225e-06	9
ZNF141	1.7941849	7.244566680507318e-07	1.7393917600257667e-06	9
ZNF564	1.7575692	7.705193514245908e-07	1.845555332753511e-06	9
ZNF136	1.1634521	9.107453121275393e-07	2.1736164967244376e-06	9
HOXA11-AS	4.9241996	1.0043703534532442e-06	2.391357984412486e-06	9
ZNF487P	2.2991288	1.0886812977067885e-06	2.5859413247192128e-06	9
TFPI	1.4893475	1.1524724744208192e-06	2.7342170211644585e-06	9
HOXD1	1.1782767	1.2431383622377107e-06	2.945825502932964e-06	9
ZNF93	2.0367634	1.310975776313269e-06	3.1029012457118792e-06	9
ZNF727	1.5519658	1.3816802957161507e-06	3.2663836778159593e-06	9
POLB	1.275539	1.407388102313238e-06	3.3232304659108337e-06	9
HAS2	2.8499439	1.4593658377261908e-06	3.4378464964103435e-06	9
HCAR2	2.692833	1.6085013277472266e-06	3.7758247130216587e-06	9
ZNF699	2.3311367	2.049658151651908e-06	4.777757929258527e-06	9
TMEM116	1.8021506	2.613347432714798e-06	6.000797778908836e-06	9
LIPT1	2.0311208	2.764984395038785e-06	6.334443058508098e-06	9
ZBTB26	2.0918803	2.9489393653048287e-06	6.748145000697549e-06	9
ZNF844	1.9079242	3.1303771344860813e-06	7.146979759100642e-06	9
MIR568	2.3201656	3.2710265382258847e-06	7.442608733164698e-06	9
C1QTNF3	3.0640032	3.5221136350110052e-06	7.995717673123734e-06	9
ZNF17	2.0652316	5.148078552177094e-06	1.1555731879185396e-05	9
MRPL42P5	2.5127804	5.621636203176723e-06	1.2604565477974716e-05	9
PRIM1	1.6364913	6.136654328940872e-06	1.3713194031152786e-05	9
ZNF419	1.9183003	6.424185460862739e-06	1.4323713402146575e-05	9
MIR4461	1.3616989	6.624174270595768e-06	1.4753172094868081e-05	9
SRPX2	4.226468	8.280948038172902e-06	1.8260083876897247e-05	9
TADA1	1.3559254	9.454664128383609e-06	2.0802341316575597e-05	9
XGPY2	3.406692	9.744185956880216e-06	2.141579331182465e-05	9
ZNF773	1.9052745	1.4095991513220568e-05	3.074371104301105e-05	9
UEVLD	1.6877388	1.5391569710962175e-05	3.34599341542656e-05	9
ZNF439	2.2190382	1.579958506081175e-05	3.423528723902871e-05	9
PIGB	1.6051519	1.5881574081089608e-05	3.4375701474219926e-05	9
METTL21D	1.2161465	1.8978556031191275e-05	4.0770260002559126e-05	9
CABYR	1.9152901	2.35191930526017e-05	5.0201052406833934e-05	9
ULBP2	1.7232771	2.6756581362825118e-05	5.692889651664919e-05	9
SNORA48	1.8618214	3.01133201276345e-05	6.37994070500731e-05	9
ZNF700	1.6584129	3.148844497786786e-05	6.657176528090457e-05	9
F3	1.1788386	3.238097805449055e-05	6.838643728509093e-05	9
ZNF596	2.324453	3.59759105618591e-05	7.581856809664721e-05	9
SEC24B-AS1	2.0362763	4.135383256479432e-05	8.687779950587043e-05	9
ZNF233	2.6767473	5.8580055761629206e-05	0.00012216904225574392	9
CTH	1.885507	6.753561242169015e-05	0.00014026087730361402	9
HCAR3	3.1753101	7.69699771468229e-05	0.0001591933343264176	9
IGIP	2.8561344	7.947037925063382e-05	0.00016419499845172277	9
ZNF552	1.6690952	8.829471327683547e-05	0.00018205095520997005	9
NSUN3	1.5157486	8.909744845387808e-05	0.0001835168866197283	9
ZNF443	2.0722396	0.00011158040658693855	0.00022818079056633652	9
CALB2	1.4499214	0.00012528575870689935	0.0002554245845196725	9
ZNF563	2.383572	0.0001347417137789821	0.0002741438734058639	9
THBS1	1.005723	0.00013942434560664774	0.00028338281627367424	9
ZMYND12	2.2923183	0.00014808556811911003	0.00030037640592111566	9
RPS15AP10	2.0906281	0.00015092178583843454	0.00030550968793205375	9
ZNF565	1.5561589	0.0001779256487190708	0.00035835981615120005	9
A2M-AS1	1.9581068	0.00018166583232119484	0.0003647908279542065	9
CDR1	1.4368747	0.00019529455436140543	0.00039098008881162247	9
GAS2	2.0723307	0.0002489973404436114	0.0004960106383338872	9
POSTN	1.8851246	0.0002622420315948567	0.0005213559276239696	9
OGN	1.6588396	0.0002708179799411209	0.000537870863835394	9
COL9A1	1.0714332	0.00027177288417023907	0.0005392319130361886	9
FASTKD3	1.5266439	0.00029143132439456924	0.0005753826740267903	9
LOC100127983	1.7351278	0.0002961669625821155	0.0005841557447379004	9
ZNF816	1.8284842	0.0003068653430701135	0.0006046607745223912	9
ZNF736	1.1605759	0.00035062543979460766	0.0006888515516593471	9
OMD	2.1460516	0.00040884031607522534	0.0008000788964290124	9
ASTE1	1.1883885	0.00041245462573229967	0.0008063629046574774	9
MMP19	1.3352605	0.00046370158438895185	0.0009030215859570631	9
GCSHP3	1.7250694	0.0004683250180758051	0.0009111381674626558	9
SNORD114-3	2.6930082	0.0005108804433665315	0.0009910386874229518	9
SNORD80	1.582107	0.0005206185069492491	0.001008950594862886	9
ZNF675	1.2180488	0.000545169075981011	0.0010544856401953789	9
LGR5	2.6647167	0.000690295768153442	0.0013224056861177048	9
EPYC	6.5766025	0.0006967944726021902	0.0013335779379946224	9
ZNF613	1.7951623	0.0007535037220155654	0.0014393576351777754	9
LOC100289230	2.1364806	0.0009280612190264709	0.0017643749411149635	9
CYP2E1	2.8297505	0.0009341781596637168	0.001772634079058286	9
ZNF684	1.8862646	0.0009669452531547499	0.0018296031280127718	9
TRIM34	1.2517911	0.0010367219373842627	0.001957926227354604	9
FIBIN	1.5272362	0.0010915225604811974	0.002053664271836684	9
ADRB1	1.3351365	0.001110963994519935	0.0020882781851878475	9
TNFSF4	2.0827882	0.001121761774682746	0.002106594882033326	9
OR2A7	1.554235	0.0012870205991052728	0.0023944569285679496	9
XRCC6BP1	1.6273788	0.0014327680920380994	0.0026483484531169385	9
SFTA1P	3.8970785	0.0015418108223512578	0.0028342110704986357	9
OXSM	1.1976918	0.0016399475289707371	0.0030090780348086916	9
SCG2	2.6002264	0.0016839135994384546	0.0030869176891630697	9
C3orf55	2.458457	0.0017205685021654696	0.003148341266542488	9
ZNF468	1.2957706	0.0017975142039785362	0.0032801354087199563	9
ZNF214	1.9868702	0.001876196956109648	0.003420596091357608	9
KCNIP4	2.0114057	0.0019169874450639581	0.003485809904816495	9
PIGW	1.2747706	0.0021878439139290866	0.003949176739944199	9
CHCHD4	1.8439213	0.0021959684702795687	0.003960267755238177	9
CD24	1.1729099	0.0022376515402807986	0.004028175590064444	9
SLC25A20	1.1720045	0.002303999036814614	0.004136443513132161	9
ZNF30	1.6385391	0.0023861632079344042	0.004274753602697568	9
GUSBP5	1.8237514	0.002403916416397855	0.004292707886424741	9
RERG	1.2723017	0.0024593608058693056	0.00438388735449074	9
LARS2-AS1	2.0233006	0.00256705511901186	0.004571781155853714	9
RND1	1.030849	0.002640041284665943	0.004693406728295009	9
UBE2Q2P2	2.133062	0.002681085561523892	0.004762141317093948	9
LINC00693	3.3803728	0.0028579430946546	0.005067274990522341	9
GRP	4.510259	0.0029620033999420412	0.0052471273692507375	9
LOX	1.4845563	0.0030674725625890694	0.005424354664171653	9
KCNJ13	2.3869598	0.0032686128010879895	0.005769837248169443	9
ELOVL4	1.5503094	0.0034881531891629725	0.006135713613303381	9
REREP3	1.7010645	0.00352330918225264	0.006186671083850115	9
LOC100303749	1.2265778	0.003651084477856924	0.006394193481360638	9
HIST1H2BN	1.617171	0.003710545555815385	0.006486967754922002	9
CYYR1	1.0344305	0.003723185715448582	0.006503381162355601	9
RAB39B	1.4814562	0.004844572861778985	0.00841071677392185	9
MUSTN1	1.8598651	0.004901716811194597	0.008502544338585598	9
ZNF784	2.3270013	0.005392535665488	0.009329646480083047	9
BLID	2.3729928	0.005483324545833983	0.00946216487633129	9
GRK4	2.284	0.005804888739789195	0.009974035635376625	9
BCYRN1	1.1924661	0.005942709630243254	0.01017619597874714	9
TMEFF2	2.4419553	0.006179713399714282	0.010563612649084245	9
ST8SIA6	3.0908265	0.006241153661426155	0.010650432869327911	9
CYP24A1	5.8311553	0.0065298126358722605	0.011124041969117992	9
LOC653160	2.093703	0.0066083253813216504	0.011248213415015574	9
MKRN3	4.021726	0.006857343087860081	0.01164234819670642	9
C6orf164	2.548874	0.00687915516220503	0.011663971593018012	9
MYLK-AS1	2.0374732	0.006884487260992104	0.011663971593018012	9
HAS1	1.86674	0.006887575225677137	0.011663971593018012	9
GPC3	1.5212249	0.007345051420195907	0.012407181453033626	9
LOC644656	1.7180501	0.0076064027951704164	0.012807821567577591	9
ZNF77	1.5086834	0.007607846011141089	0.012807821567577591	9
LOC100130855	1.6097268	0.008079648684997722	0.013556457525163964	9
DKK2	2.2640054	0.008303010947366391	0.013919548947806188	9
SUMO4	2.1374645	0.00993257196077518	0.016499288971387343	9
TNMD	1.5389683	0.011071016586242318	0.018299200968995566	9
ADCYAP1	1.8174753	0.011955378791159904	0.01970514229498529	9
SNORD25	2.88705	0.012136830424748802	0.019961892145968423	9
TPK1	1.3253841	0.01223165241689851	0.020101318680194755	9
SNORD32A	1.9808873	0.012727812683804367	0.02086526669476126	9
SLC10A6	1.6751723	0.014689797890278666	0.0238664466129629	9
NELL2	1.1481743	0.014963870963414748	0.024213383435946194	9
ZNF845	1.7380254	0.015677283099805834	0.025285940483557798	9
MIR411	1.742443	0.016340709273117374	0.026229067854120987	9
LOC728989	1.8915757	0.018119094169464046	0.02892113993529776	9
CDRT4	1.7296255	0.018707375324096144	0.029765115869683605	9
LOC100505933	3.2555707	0.019484842614583324	0.03095288739409583	9
SYT4	4.77748	0.020539495820436064	0.03252493399910699	9
DAZ3	4.921853	0.022583088954027622	0.035591944766000985	9
ZNF204P	1.6095172	0.023043175847088305	0.03625991478692102	9
LOC729013	1.0142807	0.02736098474908918	0.04261835630699249	9
ACTG1P4	2.6871617	0.028621727615779774	0.04440919723162107	9
ZRANB2-AS2	2.1631944	0.028732465376128037	0.04454645794748533	9
ABCC6P2	3.1490207	0.029050690180342363	0.04497010863830087	9
NAP1L2	1.7589216	0.029845804518056747	0.04609390659159343	9
MIR1282	2.00745	0.030341279286979824	0.046822961862623184	9
MIR3198-2	2.2800312	0.031204929061642458	0.04811862615519269	9
ZNF732	2.1931982	0.03168225843641201	0.048741936056018474	9
MT-ND2	3.058663	0.0	0.0	10
MT-CO3	2.7161298	0.0	0.0	10
MT-CO2	2.5412781	0.0	0.0	10
MT-ND4	2.1890845	0.0	0.0	10
COL1A1	2.8013623	3.9247536757848717e-194	5.451046771923433e-193	10
CYR61	1.9511735	1.0444433717915633e-80	4.435003701875004e-80	10
FN1	1.7919649	1.2274861656433901e-70	4.658391520468274e-70	10
VCAN	2.2841127	1.186424538235999e-55	3.77842209629299e-55	10
WIF1	1.8864883	4.1242824763959226e-52	1.2366664097139198e-51	10
DLK1	2.5664852	3.239743029855043e-49	9.417857644927452e-49	10
OSR2	1.6587355	2.5464378457399526e-36	6.318704331860924e-36	10
RASL11B	1.6895633	4.441164761507239e-34	1.0701601834957203e-33	10
EFEMP1	2.9171784	2.9106588024876215e-32	6.832532400205684e-32	10
WNT16	2.7403812	3.352018290805919e-31	7.732452804627264e-31	10
SFRP2	1.417859	2.922221677656765e-27	6.457948458909978e-27	10
CRABP1	1.8735878	5.4435692188899524e-27	1.196388839316473e-26	10
HIST1H4C	1.37061	6.536105478842732e-27	1.4333564646584937e-26	10
HOXC10	1.8178216	3.6082485536190005e-22	7.371294287270686e-22	10
ID4	1.3506663	1.0399682896300239e-20	2.0716499793426772e-20	10
HOXD1	1.8579693	2.8545838291005045e-20	5.630342858186399e-20	10
COL9A1	2.138275	1.0897405548508992e-19	2.1263230338554133e-19	10
FRZB	1.7080101	2.379844605173103e-17	4.460814630127653e-17	10
COL6A3	1.1469012	4.541860669545301e-14	7.975172378481652e-14	10
GREM1	1.2800895	2.5628741588080453e-13	4.414942564699475e-13	10
BAMBI	1.0115393	1.3580494012497173e-10	2.2136094559897593e-10	10
DPT	1.9688915	1.4640256223238333e-06	2.122449380114127e-06	10
TFF3	2.0556607	0.00019290239985975292	0.00025566918470477527	10
HIGD1B	1.0588757	0.0004499746554545425	0.0005870510834371069	10
RP11-168E14	1.0814822	0.02329895442632702	0.027266184232097153	10
WIF1	5.0078006	3.223806900466812e-170	5.418162857927415e-169	11
FN1	4.146998	2.2609904661823674e-158	3.3249859796799517e-157	11
MTRNR2L8	2.0115676	8.381248902056133e-164	1.3095701409462707e-162	11
PDK3	4.5093517	2.335524897419514e-104	2.0220994782852934e-103	11
CRABP1	4.302254	2.8406049136720304e-103	2.4072922997220597e-102	11
SPARC	2.454733	5.968264572729757e-105	5.235319800640137e-104	11
MEOX2	2.9640033	4.346277736406046e-104	3.746791152074177e-103	11
AGMO	6.577126	7.512208621908906e-86	5.443629436165873e-85	11
COL1A1	1.9203235	1.5837862085961573e-83	1.1312758632829694e-82	11
QPCT	4.3135405	1.5408486181285637e-66	9.570488311357537e-66	11
CHAD	7.578404	5.123150748199459e-65	3.0677549390415916e-64	11
MTRNR2L1	1.1194429	1.0143896609985176e-67	6.359809786824562e-67	11
SAT1	1.9557385	1.7690896889858575e-56	9.910866604962787e-56	11
RIN2	2.393145	6.124029635843459e-47	3.0929442605269992e-46	11
B3GALTL	5.005609	8.692092227055158e-44	4.168869173647558e-43	11
TIMP1	1.7454356	8.795319424938893e-44	4.208286806190858e-43	11
SNAI2	2.0993526	2.6597101848478916e-43	1.2605261539563468e-42	11
SFRP2	2.8311048	6.968712777227134e-42	3.2488171455604353e-41	11
CCDC80	2.109006	7.0928920979607566e-40	3.2022086221041787e-39	11
AQP1	2.7528856	1.4768160645677088e-36	6.324694066671129e-36	11
SYCE1	9.150141	6.674751859905081e-36	2.8163509957405405e-35	11
MAGEA9	5.47643	2.030760574950521e-33	8.205093232123317e-33	11
NTRK2	2.4707015	2.3172667126686723e-33	9.325016952389023e-33	11
USH1C	6.047622	6.234199957968952e-33	2.488702578031518e-32	11
DHRS3	1.6884584	5.4089223132028444e-33	2.167904734750639e-32	11
DANCR	2.6035557	1.417777077146865e-31	5.516642323528658e-31	11
SERPINE2	2.222602	7.343693764349356e-31	2.8190763010938025e-30	11
NUDT4P1	2.7789605	2.9152482731114075e-29	1.085753546782647e-28	11
TEKT4P2	2.3623195	2.0625882570708136e-26	7.366386632395762e-26	11
OSR1	2.836086	7.372564931366904e-26	2.6005520040094903e-25	11
COMP	4.9034543	7.854513573205462e-26	2.7656737933822053e-25	11
RASL11B	2.2171257	8.720521805663454e-26	3.0652097735196677e-25	11
CNIH	1.8419796	4.501851613711862e-25	1.56314292142773e-24	11
GLA	1.9095368	2.016843080459145e-24	6.906996850887483e-24	11
THBS2	3.8164558	7.009766739993889e-23	2.3444035919712003e-22	11
COL21A1	2.3744867	1.954950826783084e-21	6.388728192101582e-21	11
HOXC10	1.8753693	1.4141589284427728e-20	4.539836046365242e-20	11
SRSF10	1.6509494	1.0251949016417264e-19	3.2188222971482773e-19	11
LOC284454	1.3635881	1.4892515540293608e-19	4.661194222314118e-19	11
MAGEA11	6.387585	2.40011991438728e-18	7.362331025727853e-18	11
IRF4	2.8749495	5.9541549778919034e-18	1.807027307402702e-17	11
TIMP3	1.0979155	9.484642036310418e-18	2.8611288193998243e-17	11
GNG10	1.4817222	2.2160728037456986e-16	6.498747225060699e-16	11
EMP1	1.367893	2.3765590897664486e-16	6.949003186451603e-16	11
NNMT	2.460897	3.300964769244476e-16	9.637853340859783e-16	11
CTSL1	1.5092493	6.8280942291561e-16	1.990698025993032e-15	11
BAMBI	1.729582	1.1221450534394694e-15	3.262049573951946e-15	11
H19	2.3925831	1.3152544586992828e-15	3.812331764345748e-15	11
CDR1	3.5977504	2.60396188966905e-15	7.504212938527522e-15	11
LOC100127983	4.1896877	1.551378333491298e-14	4.401073286500136e-14	11
IER3IP1	1.3457643	2.0431622308393306e-14	5.755386565744594e-14	11
SAGE1	8.643832	4.6686869609525524e-14	1.3077554512472137e-13	11
SLCO2A1	1.7151277	1.8883769868863064e-13	5.166558103656105e-13	11
HLA-DPA1	1.051217	6.222110347467172e-13	1.6930912510114756e-12	11
SNORD99	4.174189	1.3921004155595647e-12	3.737182323649838e-12	11
MXRA5	1.4831332	1.976319390644104e-12	5.291350443491577e-12	11
PRELP	3.535655	2.216123364182133e-12	5.909662304485688e-12	11
MYOC	9.053379	2.6706353245464144e-12	7.102753522729825e-12	11
C4orf52	1.8353124	2.6807123369195494e-12	7.120085888232535e-12	11
LOC100128252	1.819345	1.4296875058946394e-11	3.7038536422140915e-11	11
MIR100HG	1.448619	3.952333983224402e-11	1.0108271056839903e-10	11
MGP	1.7237041	4.383115618259102e-11	1.1181417393518118e-10	11
SPATA22	7.7297187	7.101886082809911e-11	1.7956728401542125e-10	11
AOC2	7.107267	1.0098252086525738e-10	2.537249267971291e-10	11
HOXD1	1.4949179	1.3147662946011487e-09	3.1681115532557802e-09	11
PLK2	1.1741512	1.6871161274510764e-09	4.0555676140650875e-09	11
OLFML3	1.2031027	1.9095851622098107e-09	4.57934091657029e-09	11
GUSBP1	1.8280821	2.3142653148672868e-09	5.536519892027002e-09	11
CD24	2.1321023	4.566598746878567e-09	1.0808517744091282e-08	11
COL15A1	1.2548926	6.110221445319989e-09	1.4410899635188654e-08	11
MKX	2.6765969	7.054100075065811e-09	1.656488036752189e-08	11
KCNIP4	4.4012227	1.5461356572353165e-08	3.579017725081751e-08	11
CACNG5	5.689561	4.9404065274901904e-08	1.1196547193378973e-07	11
PTGER2	1.183717	6.390460501308242e-08	1.4409155583558608e-07	11
NPY1R	6.7908974	7.712671618682261e-08	1.7370882024059147e-07	11
RPL13P5	2.7957535	1.3796582062631457e-07	3.086483682915315e-07	11
NELL2	2.8339422	1.6737495402027389e-07	3.727727261030599e-07	11
IL1R2	2.241372	2.3881297442823084e-07	5.289323907602012e-07	11
SLC26A7	6.878543	2.820578967751713e-07	6.219578760202235e-07	11
IL18R1	2.0344517	3.439947579230021e-07	7.543744691293906e-07	11
CYP1B1	1.6356249	6.134360164985944e-07	1.33355655760564e-06	11
DDX47	1.0344242	6.898808022478503e-07	1.498112491309121e-06	11
GUSBP9	1.999905	1.0086081736607133e-06	2.173906423216561e-06	11
ZNF337	1.6956117	1.2703134663196824e-06	2.7143450135035947e-06	11
DDIT4L	3.7464626	1.5452791014836386e-06	3.280847349222163e-06	11
KLHDC1	2.0458918	2.0438202401958035e-06	4.3164102221664275e-06	11
TNNT3	1.7507524	2.2491494159982766e-06	4.740040918858328e-06	11
LOC401397	1.1556154	2.8463008392471226e-06	5.973349085513374e-06	11
RMRP	3.284057	3.5582009585610106e-06	7.4439350597510686e-06	11
SNORD80	2.0582733	6.002030713594464e-06	1.2349857435379555e-05	11
LOC645638	4.453162	8.040902185983954e-06	1.6443562752523426e-05	11
HIST1H3A	2.56031	1.452640801575757e-05	2.9375951497993062e-05	11
MIR411	3.3849556	1.5583739949403003e-05	3.145053471120687e-05	11
SNORD47	2.0461402	1.677391975032197e-05	3.37843298093091e-05	11
HOXA11-AS	3.9094589	1.6876390350759748e-05	3.392239266484371e-05	11
ULBP2	2.2291038	1.9377613765996158e-05	3.8755227531992316e-05	11
MATN4	2.2765374	2.408321082013444e-05	4.783160043720843e-05	11
A2M-AS1	2.3135905	2.8262394571564662e-05	5.585453472641238e-05	11
ADRB2	1.0428437	3.0199425571213537e-05	5.944768813231011e-05	11
ZNF257	3.0421066	4.190009104379676e-05	8.199626427357487e-05	11
ZNF487P	2.1595373	7.090938076401524e-05	0.00013689069645562787	11
NPPC	4.495036	8.358534264747363e-05	0.00016120606103659332	11
OR2A7	2.4804604	0.00012004691862176306	0.00022997493988843496	11
SNORD114-3	2.9198837	0.00012934584710598708	0.0002470789820553717	11
ZNF708	1.1471099	0.0001369977072852366	0.0002611967727077914	11
GAS2	2.2342799	0.00015593830647792813	0.0002961791196161978	11
ZNF570	1.5747969	0.00017468987857211714	0.00032991478483874814	11
LOC729013	1.788369	0.00021428292741347882	0.0004020317587494912	11
INE1	1.1786654	0.00024756031678668344	0.000464030584417401	11
CABYR	1.7925807	0.00029386298289838013	0.0005472308806301306	11
MCOLN3	4.8589206	0.00045166071651817465	0.0008310224774943416	11
ZNF211	1.3796825	0.0004614002048130351	0.00084660588039089	11
RBM45	1.518178	0.0005733502331825713	0.001047215037776386	11
SGCA	3.7664206	0.0006968509524958411	0.0012635556708900113	11
ZNF141	1.275754	0.0007082409366237533	0.0012818840481877889	11
ZNF85	1.4055768	0.0007625699220252036	0.0013777234363598983	11
TNFRSF18	1.6605759	0.000810393435393408	0.0014601683520601946	11
ELOVL4	1.8934444	0.0008251438888487976	0.001485407540681904	11
XRCC6BP1	1.769536	0.0010890123919422574	0.0019464028452944725	11
DIRAS3	1.2136573	0.0012684812381447794	0.002251075844090114	11
SNORD76	1.6589007	0.0013941592263315716	0.0024653567220717446	11
ASTE1	1.2210314	0.0019808540012633824	0.003453973847015488	11
ZNF564	1.3146123	0.002038520215591387	0.0035452525488545864	11
GPX3	1.115004	0.00219689216142561	0.003807438754637106	11
SYTL5	6.8243556	0.0023433177944287738	0.004043689032663975	11
RAB39B	1.7190447	0.002773153980724137	0.004752620361138195	11
CHODL	1.7469647	0.002794643885094651	0.004785349118312759	11
PLCL2	2.2078705	0.0028986212317512624	0.004950676740821968	11
SNORA48	1.4311303	0.00320620985066121	0.0054620270028300005	11
MIR3064	1.0478574	0.0032560693811113815	0.005537532961073778	11
ZNF674-AS1	1.513139	0.003310495909111708	0.005620536348237196	11
ZFP69	2.840369	0.0036591465791344572	0.006191449372477931	11
PLN	2.018644	0.00432607147566333	0.0072890842049929735	11
SLC10A6	2.5110376	0.004798961813991175	0.008065482040321302	11
ZNF844	1.1840663	0.004948205656854858	0.008309329398580785	11
UEVLD	1.1587251	0.005201501193532914	0.00870544132808856	11
GRK4	2.9884613	0.005388101141067104	0.009010202577035291	11
ZNF699	1.69906	0.005924460267272592	0.009874100445454321	11
PRIM1	1.197744	0.006096128921558073	0.010143309353674	11
LOC653160	3.0765126	0.007404412537390259	0.012208429575251869	11
SNORD100	4.0839033	0.00788583610631059	0.012991492761631945	11
PRR5L	1.2623745	0.008246488893428052	0.013552159233242484	11
FAM19A3	5.332259	0.008295726046394305	0.01362188184958014	11
GUSBP5	1.7744241	0.009198925583216434	0.015055524686115276	11
KRT85	2.5604744	0.009684453361399574	0.01582427019836532	11
DUSP5P1	3.8627992	0.00988320769710332	0.01613584930139317	11
C1QTNF3	1.5660474	0.010213776543060679	0.016661951946265383	11
GCSHP3	1.3349676	0.01034294485218235	0.016858915814478157	11
UBE2Q2P2	1.7886212	0.010824542392438246	0.01760088193892398	11
ZNF214	2.0401094	0.012359301571881311	0.019918294233491233	11
ZNF600	1.1225628	0.013023961012639642	0.020938844071767913	11
MIR3671	2.2002094	0.013097366301691926	0.021039945866171767	11
PIGB	1.0098653	0.013643374167826692	0.02186438167920944	11
DIO3	1.235522	0.014064681505329205	0.022521507614618422	11
SNORD114-19	3.0845344	0.015128162926070714	0.0241278515567316	11
PCK1	2.5363772	0.015456849963774784	0.024628395801959684	11
SCARNA7	2.1494942	0.015466632563630681	0.024628395801959684	11
PDLIM3	1.6752478	0.015885441407727262	0.025214986361471844	11
SNORD113-4	1.743568	0.017381484370333412	0.027545934025884965	11
HAS2	1.6339166	0.018228749449569173	0.028774663693084727	11
DEPDC7	2.2910793	0.018648238665305458	0.029413625655055925	11
AGR2	1.4738666	0.019973370047068152	0.03133077654442063	11
MAGEA9B	4.558911	0.022216632123126183	0.03468638895101668	11
CLEC3B	1.3142073	0.022463116808339918	0.035043863975569294	11
ZNF732	2.0630088	0.02263356781878428	0.03528225692717737	11
GRP	3.1946347	0.022675658287138356	0.03532034001111893	11
TRIM34	1.0439253	0.023649610430409262	0.0367229975627473	11
LOC100240734	3.6467407	0.02438498330819002	0.037718458326666704	11
IGIP	1.5691016	0.025582332153436187	0.03950939328716013	11
MIR379	3.8122394	0.02700621774716175	0.04164412913980224	11
ZNF256	1.001525	0.02746499399402475	0.04223834473911709	11
LOC100507206	3.1921809	0.028526785610819224	0.04368573600431734	11
LIPT1	1.0938448	0.028650518143059512	0.04384164979810178	11
HIST1H2BB	2.3160074	0.030161581370615278	0.04590803861585278	11
SNORD32A	1.6229547	0.03286136156228667	0.049827690011048774	11
SLC6A13	2.681994	0.032987134522553	0.049942671495159734	11
MTRNR2L8	3.9998686	0.0	0.0	12
MTRNR2L1	3.4777887	0.0	0.0	12
MEOX2	3.4647298	1.0639229951219693e-163	1.3049075918702375e-162	12
WIF1	4.0335994	6.608134075913631e-162	7.913933025046264e-161	12
CRABP1	3.3634872	1.8500536614752724e-121	1.581242445705361e-120	12
SPARC	1.6679403	3.884832403194642e-108	2.965520918469192e-107	12
CNIH	2.8256354	1.4629694283322838e-94	1.0194908908238912e-93	12
ZFHX4-AS1	4.4503365	7.791057511490302e-89	5.042755670867509e-88	12
DANCR	3.3247392	4.058600888706327e-89	2.635455122536576e-88	12
DHRS3	2.4670432	7.515106254715704e-87	4.756396363744117e-86	12
GNG10	2.522584	6.541554555325571e-79	3.8366888887540004e-78	12
TUBB3	3.292635	2.1441645197031056e-73	1.2045868088219694e-72	12
SERPINE2	2.7192159	5.2216130131090065e-71	2.8533404443218617e-70	12
LOC284454	2.1470819	4.438040369146472e-71	2.4318029419980667e-70	12
LOC650226	4.7819643	4.0743332584227433e-66	2.1443859254856545e-65	12
OSR1	3.7745745	3.227460899622017e-64	1.680969218553134e-63	12
MCTP2	4.761274	1.4527616357492004e-60	7.245693943886286e-60	12
IGFBP3	2.9891763	1.3990354639832506e-60	6.995177319916252e-60	12
CHODL	6.9029427	2.12174283241839e-53	9.914686132796216e-53	12
MIR100HG	2.6498055	7.491561835734722e-52	3.420804491203069e-51	12
SUSD2	5.260366	1.4799442742246913e-51	6.727019428294052e-51	12
OSR2	2.22157	6.943916463186288e-49	3.0589940366459414e-48	12
DDX47	2.149547	1.1033580197519667e-47	4.79720878153029e-47	12
AQP1	2.47055	2.042124185625124e-45	8.526614553758347e-45	12
MCAM	1.5730107	1.6440130743099783e-41	6.510942868554369e-41	12
TNC	2.1665978	2.148411641813883e-40	8.458313550448358e-40	12
SRSF10	1.6953496	5.2346451245366645e-40	2.036826896706873e-39	12
GRIA2	5.0076747	1.4429086510248557e-39	5.59266919001882e-39	12
HMGN4	1.8749673	5.386141549808063e-38	2.021066247582763e-37	12
LOC541471	2.4840662	1.6560639028948181e-37	6.1678357649713895e-37	12
ANKRD36BP1	1.3306878	1.8149488392671036e-37	6.747021707312652e-37	12
FBLN2	1.5006272	1.2088185298921544e-36	4.419811809477712e-36	12
BNIP3	2.3835154	9.045452420422407e-36	3.2655062889611574e-35	12
PLS3	2.090429	1.4358281438047957e-35	5.164849438146747e-35	12
ASS1	1.8018066	9.425774048344099e-35	3.3306622078954416e-34	12
NTRK2	1.7653126	2.689524189830493e-34	9.48685781245324e-34	12
ARG2	3.0394177	5.986845352594861e-34	2.1080441382376273e-33	12
CSRP2	2.4466062	4.3475754297436404e-32	1.4914495470818665e-31	12
EDN3	2.8522766	6.569840921954246e-32	2.246099460497178e-31	12
ARC	1.4482543	8.80006907776736e-32	2.9983199583534448e-31	12
CXCR7	2.3639448	3.8004221480432814e-31	1.2817612640955418e-30	12
LOC100128252	2.3783312	2.6829645861026186e-30	8.898721678615651e-30	12
NT5C3	2.0021036	6.142566092740908e-30	2.0239097504912383e-29	12
APOBEC3C	1.8107637	7.435486314828805e-30	2.4458836561936857e-29	12
LOC401397	2.0553286	1.8082657143896098e-29	5.928740047179049e-29	12
C4orf52	2.0059752	1.2881057670466272e-27	4.115353888327882e-27	12
F3	2.5288506	2.5605729026703584e-27	8.128802865620185e-27	12
TEKT4P2	1.8332808	5.092563842095032e-27	1.606487016433764e-26	12
MAL	4.0548277	1.2395254731148558e-26	3.8856597903287013e-26	12
FN1	1.106938	2.1780351280201185e-25	6.681089349754965e-25	12
CNN1	1.889784	1.2285077820521092e-24	3.734066206845317e-24	12
USH1C	3.6213913	1.613389418523426e-24	4.881662385850003e-24	12
CLDN11	2.1857796	2.5870933791515384e-24	7.780731967373048e-24	12
LIF	2.1168208	1.8665978120850464e-23	5.555350631205495e-23	12
LGALS3BP	1.2707678	2.9623892874386214e-22	8.661956980814681e-22	12
RCAN1	2.4904776	5.730586448800109e-22	1.6707249121866206e-21	12
TADA1	2.3364282	1.3548656793935219e-21	3.932846674582067e-21	12
CRISPLD1	1.4442788	1.7846854969252916e-21	5.16551518646973e-21	12
PPIF	1.3472109	5.003303712933644e-21	1.4356682103109452e-20	12
IER3IP1	1.2037799	5.908940600459857e-21	1.6882687429885308e-20	12
ARHGEF3	1.8146702	8.380848241094478e-21	2.3911121943208213e-20	12
KPNA2	1.2421385	8.670676225437529e-21	2.470278126905279e-20	12
EFNA1	1.0217521	1.469426451869056e-20	4.1745069655370916e-20	12
ATG3	1.1015623	3.764971263423849e-20	1.057576197590969e-19	12
LINC00473	4.068286	8.30353779921209e-20	2.3129631752679916e-19	12
TAGLN	1.2968749	2.380364782745093e-19	6.55747874034461e-19	12
ADRB2	1.6158018	5.712716816566678e-19	1.5629868171181062e-18	12
RAB9A	1.1354461	1.4956430855217714e-18	4.042278609518301e-18	12
PCNA	1.1546867	7.336456852116303e-18	1.9642454758008843e-17	12
VWA5A	1.339533	1.0709484125177034e-17	2.8596753338256433e-17	12
QPCT	2.0801556	2.2169731245024408e-17	5.872776488748188e-17	12
ZNF256	2.668868	5.025888611701462e-17	1.3278437547427906e-16	12
MTFP1	2.1554666	6.637654666920945e-17	1.7490526131543991e-16	12
OXSM	2.5856838	2.966746275284018e-16	7.746073825806836e-16	12
PDK3	1.1725581	3.9364593645608433e-16	1.0264561576429838e-15	12
INE1	1.7705952	5.715750359437187e-16	1.4865410557703997e-15	12
ZNF337	1.9112682	6.354554627039133e-16	1.6505336693608136e-15	12
POLB	1.6071756	1.4074226100955532e-15	3.636750930479465e-15	12
SBDSP1	1.4678787	5.2993807347469914e-15	1.3450204910525359e-14	12
NUDT4P1	1.237979	8.486483041409896e-15	2.143051273083307e-14	12
ZNF93	2.7383525	1.2773119151482212e-14	3.221467629629814e-14	12
METTL21D	1.7381933	1.545144745158467e-14	3.887156591593627e-14	12
OCLM	1.9617668	1.677674619080375e-14	4.215262862010992e-14	12
WARS	1.1031032	2.3133020989895797e-14	5.790493364179172e-14	12
TYMS	1.3256187	3.072893191274073e-14	7.66307528996028e-14	12
SLC25A20	2.3573647	5.457385075648642e-14	1.3541898450741048e-13	12
ZNF708	1.7229286	6.247711668463e-14	1.5483795956537794e-13	12
DGKA	1.3459814	1.2149201270120734e-13	2.9961038890556676e-13	12
STEAP1	1.743479	1.436515323724249e-13	3.538215083064652e-13	12
CABYR	2.5364747	1.4921986457504801e-13	3.6708453769999513e-13	12
ZNF253	2.0615253	2.400481311083543e-13	5.876331238882602e-13	12
KIT	1.9133328	4.941917887673405e-13	1.1936999728679723e-12	12
ZNF736	1.9906259	7.589642078851971e-13	1.820058052482487e-12	12
CASP8	1.161617	8.643447784013798e-13	2.0653399722852564e-12	12
KIAA0101	1.479943	1.0907864537938671e-12	2.600206087708861e-12	12
ZNF222	2.264474	2.512258382861852e-12	5.9602808608822114e-12	12
TMEM177	2.6923466	3.0369699617923083e-12	7.196611283868029e-12	12
ALDH1A2	2.22799	1.7697101861854035e-11	4.130012103116461e-11	12
ZNF85	1.9617686	2.1885187814597973e-11	5.0895785615344126e-11	12
PTGDS	1.053807	5.162387336028562e-11	1.1922372600527857e-10	12
DBR1	1.7092092	6.267360227937791e-11	1.4440922184188458e-10	12
MAD2L1	1.9881585	8.344962844935249e-11	1.9139823038842313e-10	12
DKK2	6.0124855	1.1431075450095633e-10	2.6009272923994617e-10	12
ZNF141	1.9642738	1.4369309354663493e-10	3.2583467924407015e-10	12
GUSBP5	3.0129795	1.9521918178962138e-10	4.4067535392691054e-10	12
ZNF92	1.6053832	3.1061540454498114e-10	6.964470953923343e-10	12
ZNF383	1.8169937	4.895145873760843e-10	1.0914483553535883e-09	12
DIRAS3	1.872014	6.868679948123413e-10	1.5280711786703923e-09	12
ZNF14	1.7848865	1.910224040292886e-09	4.193686147734107e-09	12
ZNF675	1.6817076	2.75983883630465e-09	5.999649644140544e-09	12
HOXD1	1.1607319	2.7597965477337225e-09	5.999649644140544e-09	12
ZNF211	1.5504565	3.053501067510308e-09	6.616470352135012e-09	12
FASTKD3	2.1267483	3.2419260273135573e-09	7.017155903276098e-09	12
COL9A1	1.9964404	3.546909604915953e-09	7.668993740358817e-09	12
GUSBP1	1.1994551	6.633887945866014e-09	1.4251101924524197e-08	12
ZNF674-AS1	2.234983	8.027085747072404e-09	1.715189262194958e-08	12
TEX30	1.0719516	9.33481022096349e-09	1.992488841187511e-08	12
PIGW	2.086043	2.6359363472578225e-08	5.5525845807248264e-08	12
NCAM2	6.0577006	3.336821242853624e-08	6.980797579191683e-08	12
TNMD	2.5333421	6.579688930408228e-08	1.3580369309408108e-07	12
ZNF727	1.4741216	6.589529396973108e-08	1.3586658550460017e-07	12
ZNF419	1.8337419	8.11318885575649e-08	1.6676647185522075e-07	12
IL27RA	1.4665589	1.1824823724564759e-07	2.4132293315438286e-07	12
ZNF77	2.3187342	1.6511625610596081e-07	3.3526143371768695e-07	12
SLC25A19	1.3376715	1.7571814780254433e-07	3.56426263291165e-07	12
MIR4461	1.5734036	2.0244291607962287e-07	4.102186749333797e-07	12
RBM45	1.6357416	2.175329047898172e-07	4.4035000969598625e-07	12
CDH18	3.066929	2.5212277886341856e-07	5.088249825699669e-07	12
KRT19P2	2.1266723	3.0655535750837526e-07	6.161916733836689e-07	12
ZNF773	1.8390433	4.5194722099442213e-07	9.057058536962368e-07	12
TNNT3	1.490368	4.816919349508877e-07	9.643482181198952e-07	12
PRIM1	1.5144604	5.824085099481925e-07	1.1624920358247355e-06	12
PLN	3.2916684	7.342179390557399e-07	1.4625855359676093e-06	12
LIPT1	1.7954351	7.865695782568838e-07	1.562203730400961e-06	12
GCSHP3	1.8565935	9.215615706202794e-07	1.82487439726788e-06	12
ZBTB26	1.856335	1.1562278694871822e-06	2.2850353151920597e-06	12
OGN	2.1390953	1.2418549456593568e-06	2.451836023019461e-06	12
ZNF844	1.6219399	1.5780659175195244e-06	3.103374469064945e-06	12
NSUN3	1.3228276	1.7104010163352603e-06	3.3570186777924642e-06	12
IL17RB	2.824549	1.75778781373759e-06	3.4466427720344902e-06	12
UEVLD	1.440611	2.535301550011391e-06	4.9372961051828455e-06	12
ZNF586	1.2219324	3.095410633474743e-06	5.9988578168115174e-06	12
CACNG5	3.6128516	3.1494431658527132e-06	6.097663438243395e-06	12
ZNF570	1.4370885	4.512443275459055e-06	8.65281548506051e-06	12
NUDT7	2.1698685	4.557013990630155e-06	8.72991185944474e-06	12
DERL3	1.8916239	5.7102455838787305e-06	1.089741523640979e-05	12
PRSS35	1.0514468	5.725171127682287e-06	1.0915483560881388e-05	12
ZNF571	1.5676835	7.567192227503017e-06	1.4304711205109672e-05	12
IRF4	1.1324713	1.0103227131920686e-05	1.8937632862081887e-05	12
ZNF443	2.0657532	1.4779750968977513e-05	2.757416225555506e-05	12
ZNF345	1.3457345	1.5145913402991567e-05	2.823096626839062e-05	12
ZNF468	1.5376445	1.5533142151926937e-05	2.8925776819230793e-05	12
RAB39B	1.7977653	1.6381463544979932e-05	3.0422356024170588e-05	12
ZNF564	1.3792346	1.77377119645782e-05	3.2908556520553244e-05	12
CD79B	1.0966201	1.8234810996252598e-05	3.37057504551804e-05	12
CTH	1.6913768	2.20996556580858e-05	4.066173994128022e-05	12
GUSBP9	1.0948424	2.817594532823246e-05	5.141595862816142e-05	12
SNORD80	2.0332043	2.8397599501199222e-05	5.17260464502718e-05	12
ASTE1	1.1039947	4.6576407360889964e-05	8.407293747453061e-05	12
OMD	1.9025086	5.335646790828408e-05	9.587864853240625e-05	12
ZNF17	1.7001629	5.3663424075967035e-05	9.634366979527294e-05	12
KRT85	3.6214223	5.67561405710956e-05	0.00010180473645039569	12
CHCHD4	1.9711225	5.824819329318779e-05	0.0001042007035656311	12
TMEM116	1.3142029	7.982530105253865e-05	0.00014203790222871646	12
ZNF613	1.774077	9.751027602209688e-05	0.000172737424308409	12
ZMYND12	1.9435756	9.831886475453377e-05	0.00017401568983103325	12
ZNF257	1.9394922	0.00010750769924494508	0.00018960793517627	12
SNORD47	1.7460318	0.00012246506326819362	0.00021541787734070998	12
ZNF596	1.8364521	0.00013443477012974872	0.00023585047391183988	12
ZNF487P	1.5621243	0.0001484003768302607	0.00025944121823472154	12
KLHDC1	1.3625474	0.00015813966914724834	0.0002759854609899622	12
ZNF563	1.794678	0.00019585875966224701	0.0003394432576468753	12
PPP1R3C	2.7269785	0.00021415642290819562	0.0003698729238483517	12
ZNF816	1.5184653	0.00023061266840198076	0.00039658240481853956	12
ZNF565	1.3551422	0.0002905992163708922	0.0004976013978953633	12
RPS15AP10	1.374918	0.0003151944049089649	0.0005387938545452391	12
LOC100303749	1.2169309	0.000322879656459118	0.0005510744696511317	12
ZNF30	1.6827021	0.0003586887341533177	0.000610014854002241	12
XRCC6BP1	1.3747188	0.00036673508434833613	0.0006221121023720714	12
C1QTNF3	1.3743438	0.00043286385891734807	0.0007324261572205551	12
SLITRK6	4.4155903	0.00044754054919390873	0.0007553426990614493	12
REREP3	1.5876466	0.00044600351559828276	0.0007533843168889911	12
CHAC2	1.974628	0.00046078976971493146	0.0007763938832602047	12
ZNF439	1.4801781	0.0005050818219804853	0.0008481642686490097	12
ZNF799	1.5975835	0.0005091364673247966	0.0008538332948106516	12
ABCC6P2	3.5460997	0.0005856533211118304	0.0009793533797856696	12
ZNF684	1.567384	0.0007873007883784926	0.0013110754177826688	12
ZNF284	2.1050606	0.0008332498419679151	0.0013852865203124107	12
PRPH	1.0964447	0.0010350707104596136	0.0017122757823980373	12
ZNF214	1.7977906	0.0015111110336620257	0.002469135675918343	12
BLID	2.47708	0.0017559954903733587	0.0028552772201192824	12
C21orf7	1.2944281	0.0018237317209494023	0.0029630084824523186	12
RTP4	1.6176236	0.001994632756676679	0.003222346941319352	12
GRK4	2.1584346	0.002088358661474832	0.0033683204217336005	12
LIPT2	1.6846597	0.0023941399972155952	0.0038417664393715465	12
ZNF732	2.4974697	0.002581561945310904	0.0041338061574233845	12
HIST1H2BN	1.2198437	0.0026866008673744465	0.004295125287569059	12
NDNF	1.2162317	0.0032719175045993975	0.0051823454318153115	12
SRPX2	2.6943433	0.0037917651479535655	0.00597128369756467	12
SNORA48	1.1343353	0.003995832808248981	0.006272892948585527	12
CA9	2.751351	0.005311638556862375	0.008280028927299104	12
CRYAA	2.7875845	0.005433093508038941	0.008449601101149208	12
MIR597	1.7980006	0.00685791475032251	0.010558760200650517	12
EPHB6	1.0591642	0.006848068202502399	0.010551722962253311	12
ELOVL4	1.1849198	0.00758857334161353	0.011629997458411541	12
SNORD76	1.7221923	0.007651872660055894	0.011718028575889577	12
TSPAN19	3.292889	0.008815989140452797	0.013418552725194516	12
ALDOC	1.1445795	0.008833914493838187	0.013435611397472529	12
KLHL13	1.5799092	0.008889004717275294	0.013509125710144823	12
RAB33A	1.6594031	0.009213514810165906	0.013981054340160707	12
SEC24B-AS1	1.0001079	0.010054688124053086	0.015176887734419754	12
SNORD114-20	3.479277	0.010426872965385588	0.015714955486639922	12
ZNF699	1.1287104	0.010518736859208165	0.01584147117350627	12
MIR432	2.5381472	0.01142336177172847	0.017139327489465072	12
LOC100130855	1.3063356	0.011579241266499092	0.01733429525838235	12
CCNE2	1.0961914	0.012024723208054196	0.01794734807172268	12
CCNA2	1.0755206	0.012219197004488869	0.018212110163353737	12
ZRANB2-AS2	2.2301657	0.012855112211497363	0.019115408492932882	12
KCNJ13	1.893114	0.014588902449482489	0.021533435349789652	12
MRPL42P5	1.0838578	0.01569572353855936	0.022997397126094297	12
MIR411	1.9494294	0.01776357443213971	0.0259511679067052	12
SNORD113-4	1.7958151	0.024545472246250404	0.03524116618269979	12
MYLK-AS1	1.5256371	0.025688888141953855	0.03677721995984804	12
RHEBL1	1.1936958	0.02580712363578389	0.03692006242601415	12
NELL2	1.1146461	0.026918392555174166	0.03848233388874077	12
NAT1	1.0505623	0.02810118922090335	0.0400301840753609	12
ZNF879	1.2851795	0.02821071338663431	0.04015759912688158	12
ZNF233	1.1218528	0.028317757586241155	0.040281305243586286	12
XGPY2	1.3185437	0.029425193762171634	0.04167874470562555	12
LOC100240734	2.0477035	0.029592735297921502	0.041856768455334516	12
SNORD32A	1.5757415	0.03012668412051765	0.04252178422091411	12
MIR941-3	3.4972703	0.0308277736812333	0.04348063988890452	12
CDRT4	1.6411434	0.033532793517634454	0.04709662010903716	12
DDIT4L	1.3481361	0.033730322196080575	0.04734080308221835	12
MTRNR2L8	4.279672	1.1512982658237307e-275	6.223233869317464e-274	13
MTRNR2L1	3.6173618	3.762774711045997e-232	1.3682817131076353e-230	13
HSPA8	1.6310748	3.8046148849963752e-121	4.0691068288731284e-120	13
COL8A1	3.1729438	1.1042924931929361e-72	7.512193831244463e-72	13
COL1A1	1.4851714	6.267686475109074e-73	4.292935941855531e-72	13
C1S	2.5607345	1.3551018368199873e-69	8.944566579669884e-69	13
FN1	1.8641332	1.3963224915026257e-62	8.64595969970666e-62	13
CNIH	2.8083177	1.183573955585538e-55	6.881243927822896e-55	13
PRSS23	2.2434008	2.218801211919122e-50	1.1929038773758721e-49	13
CTSL1	2.5065296	7.129630170676938e-46	3.6099393269250316e-45	13
CYR61	1.909953	2.0335907656473823e-44	1.0067281018056347e-43	13
DLX5	2.0811167	1.1249505070343793e-43	5.474211713062673e-43	13
MXRA5	2.0571902	1.3355917185141796e-43	6.483454944243591e-43	13
COL4A1	1.4124373	2.8719799223551907e-37	1.259640316822452e-36	13
COL3A1	2.0402093	4.437744721955695e-35	1.8804003059134303e-34	13
SFRP2	2.0801556	4.859353845678416e-34	2.0289577643751216e-33	13
LOC284454	1.6671809	5.159278786754034e-34	2.1496994944808476e-33	13
SRPX	2.5018	1.331234892689326e-33	5.4896284234611384e-33	13
LOC401397	2.8696518	7.371326534355288e-33	3.0334677096112296e-32	13
TEKT4P2	2.5652514	1.8495765565100017e-32	7.51860388825204e-32	13
ANKRD36BP1	1.6884181	1.7730456996720227e-32	7.222182076057119e-32	13
OLFML3	1.7151318	2.2951905576262992e-30	9.036183297741335e-30	13
IER3IP1	1.9655617	9.565170587768894e-30	3.714629354473357e-29	13
MEOX2	1.7439835	3.303258054925506e-27	1.2441649924389853e-26	13
RASL11B	1.9153484	7.607841910304377e-27	2.8440530505810757e-26	13
DDX47	2.0644646	1.1485208674082952e-26	4.2855256246578176e-26	13
GNG10	1.9161308	1.2691751583532728e-26	4.718123265253802e-26	13
PDK3	1.7379061	2.783270128200746e-26	1.0251455352488936e-25	13
C2orf74	3.072761	7.548293933189513e-26	2.759888092573862e-25	13
OCLM	3.1358838	2.0274959777832753e-24	7.189702048876864e-24	13
COL6A3	1.4440169	5.3439273206545576e-24	1.871778396026115e-23	13
SNAI2	1.4869329	9.681951200034342e-24	3.373502160290712e-23	13
CXCR7	2.362851	4.004742696772481e-23	1.3833308106295272e-22	13
SPARC	1.03027	2.054613870121106e-22	7.024320923490961e-22	13
NUDT4P1	1.827595	2.5171051795963254e-22	8.590802660738313e-22	13
MIR100HG	1.8755215	2.6479728420919806e-19	8.419627478829827e-19	13
GREM1	1.887631	2.825647512754353e-19	8.970309564299534e-19	13
SRSF10	1.5163225	3.2837210533497997e-19	1.0391522320727215e-18	13
ZNF727	3.056417	2.0129935576939753e-18	6.2906048677936724e-18	13
C4orf52	2.1591818	2.085585521046911e-18	6.5072871171510485e-18	13
SBDSP1	1.985455	3.5146854827456156e-18	1.0949175958709083e-17	13
ZNF708	2.291856	5.2995399209512865e-17	1.618180128534744e-16	13
PLS3	1.388911	5.943361409368481e-17	1.809242438163921e-16	13
POLB	2.206086	1.9743776694856605e-16	5.911310387681618e-16	13
ZNF586	2.450498	1.9422757801049185e-15	5.687483982737682e-15	13
TADA1	2.5272217	4.280451027194537e-15	1.238914913804497e-14	13
HOXC10	1.4448119	4.471887941417856e-15	1.292453162259496e-14	13
PTHLH	2.2786217	1.2743374902445397e-14	3.6357703002697285e-14	13
EGR2	1.1499877	1.2344878823657217e-14	3.527108235330634e-14	13
ZNF736	2.4757187	6.525691900214721e-14	1.8279249020209305e-13	13
METTL21D	2.2493038	1.5165786706179034e-13	4.172155902662733e-13	13
ZNF571	2.75816	2.3706627764192944e-13	6.486081467631449e-13	13
COL21A1	1.6191546	5.038642035823677e-13	1.3654856465646821e-12	13
ZNF345	2.6562958	6.536074048249309e-13	1.768896900744062e-12	13
INE1	2.0585892	7.395770582374467e-13	1.9934691596696678e-12	13
ZNF404	2.855586	8.076538623318776e-13	2.174034622696844e-12	13
CRISPLD1	1.2671533	8.524027441005693e-13	2.2883295143639444e-12	13
SULF1	1.6275795	1.379394774993809e-12	3.6832971294894766e-12	13
THBS4	2.8727596	1.4722047695374633e-12	3.925879385433235e-12	13
NSUN3	2.584492	1.7640772363658991e-12	4.691694777568881e-12	13
AGMO	2.5808294	1.9719612710130657e-12	5.2376129376177044e-12	13
GUSBP1	1.9553965	2.1932580969992872e-12	5.809955223839171e-12	13
ZBTB26	3.0278199	2.4802758196463377e-12	6.552908374230747e-12	13
QPCT	1.8363469	1.2284767235397877e-11	3.1949979805976275e-11	13
LOC100128252	1.6073871	1.5206935016447216e-11	3.9447302247593294e-11	13
WARS	1.2106993	2.020101134987992e-11	5.206446224195855e-11	13
DLX6-AS1	1.2313108	3.7375289869891036e-11	9.583407658946419e-11	13
NT5C3	1.3708618	5.1765772086242485e-11	1.318873174171783e-10	13
CRYAB	1.0570167	6.371071071915373e-11	1.6170231146993332e-10	13
PRSS35	1.8540109	6.78227715260931e-11	1.7192084037032468e-10	13
ZNF222	2.6487386	8.811204668778654e-11	2.2250516840350136e-10	13
HMGN4	1.2441581	9.041859003571021e-11	2.2804184119977354e-10	13
HAS2	3.3913698	1.0167651277020222e-10	2.557899692332131e-10	13
ZNF253	2.342616	1.4220117106211772e-10	3.550591037755748e-10	13
PCNA	1.0438354	1.8728690332895868e-10	4.653090765936861e-10	13
ZNF570	2.2764018	2.73718785586322e-10	6.78361302568332e-10	13
ZNF565	2.7954834	4.3559456613135437e-10	1.070256919241657e-09	13
ZNF337	1.9835184	5.941031778416498e-10	1.45080141109072e-09	13
ZNF92	1.8966511	7.398361224520054e-10	1.8000878891776287e-09	13
BEX1	1.6601019	1.0153471244607553e-09	2.45549485963907e-09	13
CASP8	1.3845737	1.079943378409641e-09	2.6022732009870868e-09	13
FAM218A	3.922436	1.2550232466973144e-09	3.0132610965121594e-09	13
GCSHP3	2.7931728	1.3450059974812622e-09	3.221571251452125e-09	13
OSR2	1.0346298	2.800302880457204e-09	6.67533463756187e-09	13
DBR1	1.9382433	3.725109995345695e-09	8.858763365863723e-09	13
LIPT1	2.863248	4.316517470740756e-09	1.0228714385641604e-08	13
ZNF552	2.6374876	5.231253671752323e-09	1.2352428976983052e-08	13
ZNF573	1.852326	1.0256599370261443e-08	2.3936054539699983e-08	13
OSR1	1.351701	1.2844742404681295e-08	2.9871493964375106e-08	13
CNEP1R1	1.3164614	1.8698036146150285e-08	4.3232453517110486e-08	13
MGP	1.0078849	2.0927142445585505e-08	4.827483839812112e-08	13
ZNF124	1.909149	2.2018675796131888e-08	5.067589366198363e-08	13
ELOVL4	3.0468125	2.3516986537100426e-08	5.406203801632282e-08	13
OGN	2.5792158	4.008127663598961e-08	9.15097640091087e-08	13
ZNF256	2.3223383	4.0532718706290375e-08	9.243493433589595e-08	13
TRIM34	2.0566125	5.460746160875199e-08	1.2340669290113443e-07	13
PCP4	2.276319	5.967286715916517e-08	1.3470173173626448e-07	13
NMRK1	1.0720917	6.834467814622027e-08	1.5410299469271764e-07	13
RNASE4	1.6932817	1.1694234277187146e-07	2.6132367099859545e-07	13
ZNF773	2.3616967	1.2271508690318251e-07	2.7361223389784283e-07	13
SLC1A3	1.357107	1.256991559848748e-07	2.7995357680373005e-07	13
MIR4461	1.808192	1.266500515861237e-07	2.8175762310594816e-07	13
A2M-AS1	2.8246868	1.7177725165907208e-07	3.808808240777651e-07	13
ZNF799	2.9214146	2.0248335546731106e-07	4.47477028657041e-07	13
FGF13	2.328093	2.1046698063383905e-07	4.646070212667529e-07	13
EFEMP1	1.8036636	2.1920099465682416e-07	4.833539022201195e-07	13
ZNF14	1.9102609	2.6736276383210886e-07	5.882569061212516e-07	13
OMD	2.6489258	3.4296268487309604e-07	7.504653935953961e-07	13
ZNF383	1.887568	3.732511115293975e-07	8.158494241079726e-07	13
PIGW	2.306003	4.004995227062657e-07	8.744531063455582e-07	13
ZNF564	1.9239972	4.4332993144753637e-07	9.658604170970291e-07	13
ASTE1	1.8232335	5.454398880125071e-07	1.181884914436635e-06	13
ZNF141	1.8897113	5.854864083279724e-07	1.2659165585469672e-06	13
ZNF85	1.7728246	7.409479690146194e-07	1.5985932449074851e-06	13
RSPO3	2.1533225	7.509016321784288e-07	1.6183224831431655e-06	13
ZNF699	2.605673	1.154481920368402e-06	2.469480043568774e-06	13
ZNF675	1.6601809	1.6787240538819623e-06	3.560390358180196e-06	13
AKR1C3	1.0372947	2.3429370052439556e-06	4.932498958408328e-06	13
SEC24B-AS1	2.6406875	2.374192090273827e-06	4.987798508978629e-06	13
C21orf7	2.3137245	2.5556039349305324e-06	5.357660240944513e-06	13
LOC374443	1.119994	3.192755768659256e-06	6.651574518040117e-06	13
RMDN2	2.3400474	3.3223595729823126e-06	6.914379964583377e-06	13
DGKA	1.0925775	3.4956089747829144e-06	7.259831723329002e-06	13
TMEM116	1.8044877	3.6585975056467365e-06	7.5669028038195175e-06	13
RBM11	3.3653896	4.0910735458834864e-06	8.417846802229395e-06	13
NDNF	1.3743591	4.313445954280215e-06	8.857178550883399e-06	13
CA2	1.764115	4.41278888499152e-06	9.042600174162951e-06	13
UEVLD	1.9266776	4.480275751021766e-06	9.162118100249012e-06	13
GUSBP9	1.3156939	5.644304624589489e-06	1.1460517004242618e-05	13
TUBB3	1.045382	6.823502900100992e-06	1.3826753596962496e-05	13
ZNF136	1.1449636	9.036041848740701e-06	1.8217826307944962e-05	13
LOC100270804	3.445994	9.115763737593785e-06	1.8341576936808423e-05	13
KLHDC1	1.920369	1.0800742122138691e-05	2.1644773791861107e-05	13
FASTKD3	1.9590267	1.142156848687958e-05	2.2866002976735894e-05	13
PRIM1	1.6272101	1.3705740045585295e-05	2.741148009117059e-05	13
CYP2E1	3.671334	1.5701968937262497e-05	3.13412553637974e-05	13
MATN4	1.8219985	1.5794430938567225e-05	3.149437874091172e-05	13
ZNF487P	2.0342252	1.6772122160074704e-05	3.337735753248698e-05	13
RBM45	1.7664597	1.888296517379185e-05	3.74662007416505e-05	13
ZBTB2	1.4953209	1.9848972576315508e-05	3.934385049814769e-05	13
ZNF419	1.7889736	2.018501944156369e-05	3.997033552784889e-05	13
FLJ27352	2.6687424	2.1253128458608145e-05	4.191938551993717e-05	13
DUSP5P1	4.940226	2.3538306805761424e-05	4.624421769304798e-05	13
C1QTNF3	2.2194574	2.3724310666930724e-05	4.656390709898082e-05	13
NEFL	1.887365	2.462203537897718e-05	4.823121523795726e-05	13
TMEM177	2.1587713	2.467527347396797e-05	4.828820640698232e-05	13
TEX30	1.0175961	2.7527605843472635e-05	5.376485516303249e-05	13
LOC100303749	1.9451206	2.778955379686153e-05	5.4223519603632255e-05	13
BCYRN1	1.9887992	3.268939050694602e-05	6.353623033420024e-05	13
ARG2	1.1794144	3.972624887818679e-05	7.683993980306922e-05	13
ZNF93	1.9535565	4.009769592700386e-05	7.748347039034563e-05	13
ZNF30	2.3571448	4.103552166542841e-05	7.914276116765364e-05	13
ZNF468	1.8998637	5.068010726169628e-05	9.718141373287878e-05	13
CD24	1.6568265	5.961546056891359e-05	0.00011409657525150927	13
ZNF211	1.3825306	6.076668456487122e-05	0.00011618868941657977	13
MOXD1	2.2450356	0.00010110736709912296	0.00019076861716815652	13
MIR3064	1.5129753	0.00010532141570084822	0.00019853235758878081	13
GMNN	1.1382171	0.0001055544449247647	0.00019878426539503708	13
PIGB	1.2599378	0.00013607462807683156	0.000254821400892943	13
ZNF674-AS1	1.8636415	0.0001560851687385199	0.0002914755718739868	13
ZNF214	2.2952747	0.00019010493226335738	0.00035302680086045943	13
HIST1H2BN	1.8067465	0.00019167840667211198	0.00035561856525438213	13
OR3A1	4.521664	0.00019625077395469178	0.00036376417785855756	13
ZNF845	2.5776455	0.00028665857191467785	0.0005264620237184167	13
FAM150B	2.811697	0.00037281375409250263	0.0006815607935877562	13
ZNF17	1.7641524	0.00044053398521069916	0.000802429845556829	13
C10orf111	2.9759672	0.0004851375214843945	0.0008820682208807172	13
ZNF684	2.2121704	0.0005250483189782094	0.0009494544646983893	13
LIPT2	2.3670907	0.00053713223761201	0.0009676720876432597	13
MRPL42P5	2.0069797	0.0005469746470297659	0.0009837673507729601	13
GUSBP5	1.9566776	0.0007096060034916527	0.0012660231998066953	13
ZNF284	2.6124697	0.0008559668008274765	0.0015230725993371466	13
C3orf55	2.903796	0.0008906496769922161	0.0015819710070909701	13
MIA	1.0689591	0.0009904656258910437	0.0017530365060018473	13
SNORA48	1.5514525	0.0010266233454344935	0.0018154258982042324	13
ZNF443	1.6770078	0.001037077183650181	0.0018322918439049136	13
ZNF844	1.2945418	0.0010413460307577415	0.0018382101160772134	13
ZNF816	1.6433725	0.001047924906840248	0.0018465637124938292	13
HEY1	1.02987	0.0010888827491343364	0.0019170470935463671	13
CD207	3.06479	0.0011283607395366313	0.0019813182432601075	13
OR2A7	1.9050343	0.0012409193368284398	0.00216943940004972	13
ZNF257	2.1083984	0.0012709835384567022	0.0022200585824571216	13
CABYR	1.4846133	0.0013049701549507143	0.002275449267568813	13
OXSM	1.3448793	0.0013315046683436403	0.002317675662913212	13
HIST1H2BB	3.3169298	0.0013789602386056507	0.0023940281920236993	13
ZNF563	2.01288	0.001396933354509964	0.0024210283440380662	13
WNT16	1.0777891	0.001564843424495446	0.0027026656727037065	13
ZNF613	1.6699436	0.001597886936582418	0.002757354506613318	13
NAT1	2.0065567	0.001659082920445897	0.0028604877938722363	13
ZNF233	1.9788067	0.0016622308821040055	0.0028634468253298973	13
MIR568	1.8080114	0.0016752878748658234	0.002881815579478506	13
C1orf74	2.5654356	0.0017981438102558163	0.0030816517742173373	13
RAB39B	1.672605	0.00195208309474264	0.003331199820379932	13
REXO1L2P	3.6735134	0.0019931532864983985	0.0033897164736367323	13
TPK1	1.6990426	0.0021230291115290835	0.0036044636868065934	13
ZNF879	2.2224438	0.0025475343609918234	0.0042960107267990275	13
SNORD47	1.4596597	0.002794528688360473	0.004704593751448608	13
ZNF77	1.6883582	0.0030283277221362843	0.005085353017861099	13
KLRAP1	1.7855365	0.0031136937869036423	0.005222658482526	13
C6orf25	1.186533	0.003175033309761265	0.005318313751693912	13
GFRAL	3.8184035	0.0032286692458353855	0.005399112451229742	13
IL23R	1.4898746	0.0033242032117862946	0.005554224246927811	13
LOC100131138	6.0435805	0.0033614538989927088	0.00560709574477516	13
LARS2-AS1	1.7814217	0.0034157945364294813	0.005692990894049136	13
STEAP1B	2.1979594	0.0041067591386774955	0.006799270097148171	13
STMN2	1.626087	0.00454843248426883	0.007505664165460116	13
NUDT7	1.797499	0.0048356056866293955	0.007959844751653325	13
RPS15AP10	1.1600825	0.005058424482199391	0.00831294080887328	13
ZNF596	1.709858	0.005631783279310685	0.009217321242734345	13
ZNF180	1.4384115	0.005786298069564121	0.009447017256431217	13
C11orf65	2.7584481	0.0060804654692467475	0.0099111091593264	13
ASPN	1.4587022	0.006857469100653613	0.011123226440638463	13
NAP1L2	2.2524834	0.0072221626829109195	0.01170528797878593	13
LOC100130855	1.8011459	0.007442132465470857	0.012042285542833101	13
MIRLET7F1	4.2040157	0.007656716770453776	0.012369493974884937	13
MIR3689C	5.622453	0.007750783107170141	0.012501263076080873	13
CHAD	1.0199816	0.007763609950685572	0.012511861322619777	13
LOC100240734	3.1672695	0.00840485150611829	0.01349093339665857	13
LGR5	2.0659792	0.008442031018134122	0.013539745017055528	13
MIR432	3.3449936	0.008478763766563467	0.013587762446415814	13
ZNF700	1.1720654	0.009147678472277597	0.014612904907791689	13
CXorf57	2.8678386	0.009676149486052348	0.015395623685047492	13
ZNF600	1.1844049	0.009912006007522511	0.01574583956715252	13
OR6V1	4.340927	0.012593947265405718	0.01977071784208119	13
OR2D3	3.710101	0.014440295361017307	0.022598271300496568	13
LOC644656	1.6393954	0.014700737531221055	0.0229699023925329	13
UBE2Q2P2	1.3164297	0.015453454809067464	0.024070801883282655	13
DEPDC7	1.9994507	0.015658095931350258	0.024332705410023713	13
ZNF663	2.3328638	0.015805774992031865	0.024543128869614697	13
SLC25A20	1.0202587	0.016891379310799037	0.026167899784351724	13
ZNF784	1.5877128	0.018349217937213634	0.028273063077370778	13
HIST1H3A	1.4881029	0.018793255344011054	0.02886828777881882	13
BLID	2.1307034	0.019538222038029445	0.029966598217836572	13
ADAM21	3.3836844	0.02120080772394489	0.03239237238188677	13
KRT19P2	1.1813067	0.021983154577814083	0.033510906368619024	13
FAM172BP	1.0578969	0.02344761787701502	0.03568891609895741	13
PRSS1	1.8792852	0.025061502772202666	0.03791452764327181	13
RHEBL1	1.5889122	0.026308266283415916	0.039740583509691715	13
SPATA22	2.3428013	0.028008123855351896	0.042149170587437015	13
ZNF732	1.9485304	0.028554092048905064	0.04287401208544304	13
LOC100127983	1.1213475	0.03181282586685767	0.047517290316441634	13
HBE1	4.044311	0.032275066912156196	0.04817174165993462	13
IL23A	1.2923396	0.032531576545368104	0.048518384109422975	13
PLAGL1	5.4946785	1.881764574574538e-239	4.003754413988379e-238	14
VCAN	3.39386	5.680896333315754e-142	5.309248909640892e-141	14
LHFP	3.9642105	2.923118186482093e-128	2.415800154117432e-127	14
MTRNR2L8	1.5147952	2.9115689088320496e-167	3.253149618806759e-166	14
OSR2	3.7423866	1.4301049113205934e-120	1.1395258257534608e-119	14
FN1	2.5185945	1.2890060915772887e-118	9.953714992874816e-118	14
EFNA5	2.6893592	1.6611167733739047e-85	9.07714083810877e-85	14
NUDT4P1	3.7329748	3.059912568023524e-77	1.597865570769464e-76	14
MEIS1	3.9302266	1.0849471768987939e-72	5.465728850875536e-72	14
ANKRD36BP1	2.6011407	2.724301168471982e-72	1.368995562046222e-71	14
DHRS3	2.058099	3.1388579649812577e-62	1.423518351465423e-61	14
EGLN3	4.042593	4.691876801657348e-61	2.108708674902179e-60	14
H19	4.548366	2.3979286161218094e-60	1.068119650833768e-59	14
BAMBI	2.987201	4.7240875749405393e-60	2.094939057623299e-59	14
ITM2A	2.4494545	2.2952281061465503e-60	1.02465540452971e-59	14
CCND3	2.4844494	2.2159217632631314e-59	9.783319043104333e-59	14
HSPA8	1.1353754	8.928331164687304e-59	3.9159347213540805e-58	14
GSTM1	3.469971	3.578282317592977e-52	1.4847644471340152e-51	14
GATA2	2.5927572	8.761295121397515e-46	3.369728892845198e-45	14
DDX47	2.711744	8.994477568959414e-45	3.4199534482735414e-44	14
HSPB6	2.710571	2.2783648029180506e-44	8.630169708022918e-44	14
TUBB3	2.9155087	6.448329043525084e-42	2.3707092071783393e-41	14
STOM	1.6021795	2.4347309723506636e-37	8.453926987328695e-37	14
SNAI2	1.6974676	2.5824369760916802e-36	8.783799238407075e-36	14
OLFML3	1.7921761	1.4809463692991834e-35	4.994760098816807e-35	14
SRSF10	1.9394174	3.3393358042336693e-32	1.0806911987811228e-31	14
MXRA5	1.6820786	6.206356179410258e-31	1.9892167241699546e-30	14
COL9A1	2.891042	1.3092623188857112e-30	4.169625219381246e-30	14
GNG10	1.6987901	3.175381115824129e-26	9.666304766587912e-26	14
PLK2	1.6632556	3.434112286662845e-24	1.0235804133123233e-23	14
EFNA1	1.4718268	5.88944035150029e-24	1.7502051564636818e-23	14
DNER	6.1086097	1.6263699638993043e-23	4.7764169277512604e-23	14
LOC100128252	2.475516	4.841585774651117e-23	1.4013272864402654e-22	14
GUSBP1	2.347154	1.9689659263636253e-22	5.64983049171772e-22	14
SCRG1	4.2330904	2.992876376130631e-20	8.29051627737017e-20	14
CXCR7	1.9809397	6.800193981816699e-20	1.8759155811908135e-19	14
COL3A1	1.3009022	7.169430401385438e-20	1.9750496973513605e-19	14
HOXD1	2.2928789	8.321772036169669e-19	2.2521710517373937e-18	14
LPAR2	2.8074582	5.663096242053187e-18	1.5001579449147517e-17	14
ISG15	1.2319683	5.3658551577873324e-18	1.4233037553812554e-17	14
ZNF708	2.4294968	6.1287425011833634e-18	1.6213604500485088e-17	14
FGF19	2.2636192	8.270287583863731e-18	2.1792589153791123e-17	14
ADAMTS1	2.0254197	1.601324989914458e-17	4.175554080611364e-17	14
ZNF586	2.55796	2.7216953998659587e-17	7.078531599131231e-17	14
ZNF564	2.9537697	4.430274738719588e-17	1.144773834294467e-16	14
LOC284454	1.1335002	4.2937586308603476e-17	1.110933669045368e-16	14
POLB	2.1586854	1.5036487444547831e-16	3.860458907457723e-16	14
ZNF570	2.7648048	1.8253962161706159e-16	4.680503118386194e-16	14
NEFL	3.5839279	2.2330159531698237e-16	5.711038243401083e-16	14
RAMP2	1.4874147	8.77129755107163e-16	2.226217652556251e-15	14
ZNF85	2.8235676	1.6849980055839659e-15	4.255045468646378e-15	14
CNIH	1.2896594	6.521721106848254e-15	1.628394783233022e-14	14
B3GALTL	2.813736	1.1532528596661484e-14	2.8652244960649645e-14	14
DNAJA4	1.493363	1.9800604501863618e-14	4.883009741520004e-14	14
ZBTB2	2.7671149	2.6778237268998908e-14	6.571346569079487e-14	14
PTHLH	1.8078468	2.99014989520966e-14	7.328798762768775e-14	14
GUSBP9	2.25702	5.1377802728411437e-14	1.2546471972750047e-13	14
CPE	1.2430965	9.408339798970876e-14	2.286352320527552e-13	14
MFAP4	1.7947317	1.8910832915104142e-13	4.551343661878253e-13	14
TADA1	2.353596	3.743967097679377e-13	8.956859085357362e-13	14
CCDC80	1.0942905	4.91594233003906e-13	1.174657665481257e-12	14
GPC3	3.619087	6.930798995551268e-13	1.6501902370360163e-12	14
OCLM	2.1824558	1.9920638383176475e-12	4.703810716216405e-12	14
HMGN4	1.3385948	2.632669067305716e-12	6.194515452484038e-12	14
CISH	2.9461823	3.1947702733711593e-12	7.490668870741289e-12	14
ZFAND2A	1.1982639	4.7294843717372716e-12	1.1050197130227271e-11	14
DBR1	2.2747142	6.578100947108675e-12	1.531571815392008e-11	14
IER3IP1	1.1654435	6.7047199323333876e-12	1.5592371935659043e-11	14
TES	1.5100127	7.1229491515207715e-12	1.650741402438186e-11	14
ZNF727	2.3665893	8.056416735137814e-12	1.8627553144827316e-11	14
KRT8	1.4528146	1.4044878420025913e-11	3.2287076827645777e-11	14
METTL21D	1.9126203	2.5162688944242732e-11	5.731819805066682e-11	14
TMEFF2	5.4291596	1.0324395360262352e-10	2.3174849293518187e-10	14
CNEP1R1	1.4946461	1.7258578045550524e-10	3.8523611708818134e-10	14
ZNF211	2.0657225	2.6095391771251567e-10	5.811891263084982e-10	14
DANCR	1.2763252	2.960411720274402e-10	6.578692711720893e-10	14
ZNF345	2.4147105	3.204526602370686e-10	7.11326659793715e-10	14
ZNF180	2.8020256	4.049394551837374e-10	8.948938236104693e-10	14
ZNF383	2.205718	5.714131748213798e-10	1.2530990675907452e-09	14
MAL	3.0319731	8.976519175948183e-10	1.949298409543579e-09	14
ZNF14	2.148006	1.1431372827904786e-09	2.477003863034623e-09	14
PRIM1	2.3130872	1.277446029948999e-09	2.759062699673864e-09	14
MIR100HG	1.2310226	1.8533027275979773e-09	3.989887465227077e-09	14
ZNF337	1.9939177	2.3183949047421113e-09	4.959133486079382e-09	14
ZNF565	2.5532725	4.420073334478733e-09	9.394417289008997e-09	14
ZNF700	2.4462335	7.367585893284978e-09	1.5592774377322705e-08	14
ZNF253	1.9832323	2.7220049189539514e-08	5.64731310986297e-08	14
B3GNT2	1.3198054	3.41845187408112e-08	7.07022104256695e-08	14
ZNF124	2.0137868	4.6759520905621775e-08	9.60154433380324e-08	14
ZNF17	2.494083	1.036326454279894e-07	2.1149519475099878e-07	14
CYP1B1	1.653308	1.0512181967753914e-07	2.1431563644758235e-07	14
INE1	1.5482699	1.0854451269844082e-07	2.2106825396831123e-07	14
RPL13P5	2.5322273	1.1049501883089211e-07	2.2481183892348345e-07	14
MIR3064	1.8943579	1.2163205876342512e-07	2.467181719339252e-07	14
GABPB1	1.1350175	1.6647461660167537e-07	3.33951086462739e-07	14
GCSHP3	2.3664703	2.7344216793602203e-07	5.468843358720441e-07	14
MRPL42P5	2.8218324	2.913872050789641e-07	5.810313162093004e-07	14
HEY1	1.3978643	4.1692181787920747e-07	8.280473046260328e-07	14
SNORD113-4	3.5957625	4.359273819435917e-07	8.649352816341104e-07	14
ZNF404	2.4265807	4.644625906512757e-07	9.179102582041021e-07	14
LOC401397	1.1474388	4.627245077630642e-07	9.153798373156562e-07	14
UBE2Q2P2	2.9318812	5.198834763984661e-07	1.0244009387161893e-06	14
GAS2	2.6978564	6.193010743342354e-07	1.217897884629765e-06	14
KIAA0101	1.3020884	9.208760536455765e-07	1.8038708200696897e-06	14
NT5C3	1.0082003	9.594415720802285e-07	1.8775764619965333e-06	14
FASTKD3	1.9725004	9.720703709955333e-07	1.9004308328358425e-06	14
ZNF439	2.548173	1.2326929053476002e-06	2.4029101468764136e-06	14
ZNF222	1.9939839	1.3351342903257117e-06	2.6000667776547454e-06	14
DGKA	1.1116965	1.466340465160702e-06	2.850030058621384e-06	14
ZNF92	1.5191479	1.8012111633110127e-06	3.480601281760411e-06	14
ZNF613	2.3815737	2.0044710472015732e-06	3.865903659019428e-06	14
ZNF675	1.7483227	2.0271798398055136e-06	3.9059341807428005e-06	14
ALDH1A2	1.7761841	2.63647555989311e-06	5.065274850899347e-06	14
FAM150B	3.0993829	2.7118141707181497e-06	5.20501760214616e-06	14
LOC100303749	1.9574075	3.2849024313868024e-06	6.280884190032127e-06	14
MIR411	3.6992705	3.4888170143383715e-06	6.651700694639412e-06	14
ZNF816	2.4646938	4.3133992041060826e-06	8.184818224110213e-06	14
MIR597	3.1200886	5.0362904828721665e-06	9.538428944833648e-06	14
C4orf52	1.0815393	5.445108049461315e-06	1.0283490178397195e-05	14
ZNF468	1.8727622	5.914068428672086e-06	1.1158619676739784e-05	14
OR3A1	4.9398155	6.334572315218813e-06	1.1907090818080474e-05	14
C2orf74	1.3827583	6.320017962410716e-06	1.1890908678101066e-05	14
LOC541471	1.0876743	1.0679536622593592e-05	1.9850439818947197e-05	14
STEAP1	1.2698013	1.1145036140781153e-05	2.069644594388329e-05	14
ZNF419	1.8963397	1.1457706095365578e-05	2.1237638730983462e-05	14
PIGW	1.9136564	1.2257137428820161e-05	2.2656446263992903e-05	14
ZNF571	1.6627989	1.3331179880851237e-05	2.459627284289896e-05	14
HIST1H1D	2.2482803	1.3407911841996753e-05	2.4711354394366305e-05	14
ZNF773	1.8732308	1.3868351181992964e-05	2.5493292613957653e-05	14
IRF4	1.1903658	1.4200214179912627e-05	2.607936488505533e-05	14
XRCC6BP1	1.8705695	2.3388023313612746e-05	4.252367875202317e-05	14
SNORD114-25	4.409575	2.388548090560372e-05	4.338870282580149e-05	14
ZNF844	1.6341567	2.842490699498489e-05	5.1587852985453516e-05	14
ZNF845	2.7791572	3.0037036439042563e-05	5.446425464921589e-05	14
ZBTB26	2.0570936	3.941477285677863e-05	7.127445362889444e-05	14
ZNF93	1.8415974	4.2993119028853695e-05	7.753493062011487e-05	14
IRF8	1.1293588	4.4974430064001006e-05	8.096207032223404e-05	14
ZNF736	1.4078065	4.664933241974589e-05	8.390167701393146e-05	14
ZNF30	2.2866366	5.345358763824784e-05	9.579495992517533e-05	14
LOC100127983	1.7657695	6.658463295906217e-05	0.00011858349591996824	14
ZNF600	1.6459074	6.9689963738235e-05	0.00012389326886797332	14
A2M-AS1	1.9742208	8.686164964213316e-05	0.00015373743299492595	14
LIPT1	1.7191604	9.204349855057241e-05	0.00016247749082184008	14
ZFP69	3.6081648	0.00010642809125620198	0.00018737340009894717	14
ZNF879	2.577601	0.00012497100118024848	0.00021963269100219417	14
CCNE2	2.077389	0.000127926026022874	0.00022462866729214048	14
CABYR	1.7365981	0.0001378849782928616	0.00024169146063604137	14
ZNF256	1.6434385	0.0001543224016658522	0.0002695587802023619	14
ULBP2	1.6788337	0.00015614997295994708	0.0002725130418149164	14
GCH1	1.3326069	0.0001796914018134774	0.00031142357333358305	14
SNORD114-3	2.9882593	0.00019570334844653544	0.0003382944657675634	14
RNASE4	1.1831688	0.00020719224938461827	0.000357536237074406	14
ZNF257	2.502972	0.00020952226368585624	0.00036124528221699354	14
DLL4	1.2073371	0.00025366980412840583	0.00043660895719174845	14
FGF13	1.618228	0.0002580401881571725	0.00044336802088861254	14
LGI1	5.5205274	0.0002672981184096512	0.0004588808899736501	14
FLJ27352	2.4790227	0.00032852622858756033	0.0005611037209010424	14
KCNJ13	2.8661873	0.0003317020646849945	0.000565561917621474	14
ASTE1	1.2715588	0.00035187763749047513	0.0005984313562763183	14
FBXW4P1	3.2419875	0.00037585232864268325	0.0006354223645692024	14
ZNF699	1.8888469	0.0005032871758515669	0.0008479986113758498	14
NELL2	1.7309588	0.0005138844204169811	0.0008636712948184557	14
RMRP	2.807616	0.0005629221607535715	0.0009429181922170377	14
ZNF233	2.3098009	0.0006330270281787816	0.0010541665748189533	14
SNORD114-19	4.4242873	0.0007662802181511628	0.0012686758578661634	14
MST4	1.2232667	0.000974355784136565	0.0016012420445958339	14
TMEM116	1.3025157	0.0013976950800824552	0.0022726749269633417	14
RBM45	1.2612303	0.0014091982339258392	0.0022876594706588297	14
CHCHD4	1.8079088	0.0015227365709586337	0.0024679685104678018	14
LGR5	2.5908215	0.0015655563273995019	0.0025353138905255088	14
SNORD114-1	4.1235085	0.002150555489588319	0.0034574847099490655	14
LOC100130855	1.7909985	0.002197096445103246	0.0035266395587532037	14
ZNF552	1.3332635	0.002300600386903083	0.0036750804902605156	14
ELOVL4	1.6559591	0.002562044264806488	0.004073202328786149	14
MOXD1	1.8685416	0.003000472673783231	0.004743830314281789	14
TRIM34	1.1798587	0.00315708072318729	0.0049874892941347395	14
KLRAP1	1.5691494	0.0037609414589286996	0.005899516014005804	14
ZNF596	1.7758693	0.003815033083234196	0.005979675679050464	14
HIST1H3A	1.6418974	0.004342782621004456	0.006775011889242521	14
RHEBL1	2.056474	0.004387295520835288	0.006839120063655945	14
UEVLD	1.0584903	0.004525877794714484	0.007044167773874684	14
SEC24B-AS1	1.7536503	0.004938973763344022	0.007663264178966675	14
RNF39	1.1646374	0.005459777047990174	0.008432088105004131	14
TNFRSF18	1.1992198	0.0060019813851486985	0.009248045277578889	14
RCAN3	1.0444193	0.0061850216085283264	0.009515417859274348	14
ZNF784	2.1623094	0.007249468371204526	0.011101789236147819	14
C6orf165	2.7536764	0.007606371664835796	0.011612781167688237	14
ZNF684	1.6556909	0.008025424306910998	0.01220596852762129	14
TNMD	1.3836534	0.008385536465106194	0.01271499084928915	14
HAS2	1.6192948	0.009004538044134824	0.013622599159054196	14
ZSCAN4	3.5066988	0.009508987744979313	0.014364029826252737	14
ZNF443	1.4256707	0.009585973654440225	0.014469394195381473	14
SNORD114-20	4.1511436	0.009635944411379237	0.01453385280751016	14
CA9	3.3021822	0.010657959821189545	0.015990937466150854	14
ZNF732	2.2934806	0.010976314297598901	0.016431608229938475	14
KLHL13	1.4128209	0.011118181080411592	0.01663153489964337	14
CHAC1	2.3564136	0.011436590630637474	0.017095053259547792	14
ZNF878	2.3826299	0.01263141389645637	0.018810285413364745	14
ADCYAP1	1.0120639	0.01264051179778111	0.018810285413364745	14
RMDN2	1.1940907	0.012900340730866324	0.019182662796827246	14
LOC100289230	1.5839275	0.014042425253152717	0.020803592967633653	14
PDC	3.3078399	0.014613216526666051	0.021617184211044454	14
NEFM	3.016136	0.01470262919396666	0.021733376487755595	14
NAT1	1.5626596	0.015275867195096661	0.02253077757388888	14
DEPDC7	2.009121	0.015479901121417797	0.022814887430239936	14
ZNF563	1.480534	0.01582128916491948	0.023283722097011742	14
OMD	1.1761909	0.01618446601480618	0.0237657357045612	14
PSMA8	3.5671687	0.01621271857086415	0.023789755789969405	14
LINC00473	1.2446798	0.016620701622467662	0.024366989482517178	14
ZNF284	1.6357855	0.01665483731130049	0.024366989482517178	14
C1QTNF3	1.4145427	0.017578288403911606	0.025680479771967284	14
LOC100652739	3.4782038	0.017659066460007377	0.0257796590657042	14
ASAP1-IT1	2.3134956	0.018380502512865857	0.026754734370983777	14
HSD17B6	2.8931475	0.01934400435461826	0.0280958668912393	14
C21orf7	1.2463939	0.02280322808320548	0.032887661927577395	14
MIR379	3.7310176	0.024074823167530957	0.034640033334576915	14
XGPY2	1.9292184	0.024239880382030978	0.034827414341998535	14
BCYRN1	1.1982232	0.024867967073285632	0.035652999388223125	14
RPS15AP10	1.3021829	0.02791577641608505	0.03990818644186569	14
HIST1H2BG	1.2292808	0.028589990351551853	0.04078457967411106	14
SLC10A6	1.5933379	0.02869804423110614	0.04090954273856898	14
HIST1H2BB	2.656717	0.031139636481928665	0.044232438184557764	14
GUSBP5	1.5440509	0.034962066673102477	0.04920769412118575	14
FAM19A4	3.015572	0.03521516439720629	0.049529063849797876	14
B2M	3.8243375	0.0	0.0	15
CXCR4	6.421141	5.009180865673801e-223	1.2070315338973014e-221	15
ARHGDIB	5.33979	7.342425505421332e-204	1.5457737906150173e-202	15
HLA-C	3.7358134	1.4635531058466293e-203	3.049068970513811e-202	15
MTRNR2L8	3.7341535	8.138941619508536e-209	1.7693351346757688e-207	15
MTRNR2L1	3.2305524	1.6463430368279489e-195	3.2926860736558973e-194	15
PTPRC	5.181194	5.390303104501973e-156	8.357059076747244e-155	15
SRGN	4.202966	2.283362953480309e-155	3.4860503106569605e-154	15
LAPTM5	4.4345126	7.027163753136852e-153	1.048830410915948e-151	15
TMSB4X	2.3461025	9.144198624449439e-155	1.3854846400680968e-153	15
IL32	5.709985	2.767914932607048e-136	3.594694717671491e-135	15
TNFAIP3	4.074605	1.2209102468360326e-136	1.595961106975206e-135	15
CD3D	6.0292997	1.991533454742916e-126	2.4586832774603904e-125	15
STK17B	3.8284473	1.1629441852176629e-125	1.418224616119101e-124	15
IL2RG	5.6378407	5.4691182989456046e-124	6.510855117792386e-123	15
CORO1A	4.9816937	4.192558194335834e-120	4.8468880859373806e-119	15
RGS1	5.931174	9.346341819886087e-120	1.0742921632052973e-118	15
LCP1	4.531997	1.2683779979239112e-115	1.4251438178920352e-114	15
CD3E	5.2095437	8.10083458733758e-114	8.811769315717828e-113	15
CD44	3.450689	8.508149267328786e-109	8.955946597188196e-108	15
CD52	5.5541534	2.6770371108401783e-107	2.803180220775056e-106	15
CD53	4.4048777	1.0091119608062363e-99	9.656573787619487e-99	15
CD2	5.9837174	6.85140394492704e-98	6.433243140776563e-97	15
SPOCK2	5.5220046	1.8682791770446222e-96	1.7460553056491795e-95	15
RAC2	4.528138	6.53021496396255e-96	6.046495337002362e-95	15
EZR	3.2082179	5.7881711969216645e-96	5.3843452994620135e-95	15
CYTIP	5.203334	1.3561182919647313e-94	1.238464193575097e-93	15
CREM	3.4838219	2.0850704751532065e-91	1.8210222490421017e-90	15
PTPRCAP	5.124637	6.968275307110986e-91	6.033138794035486e-90	15
FYB	4.27067	2.6355100990545935e-89	2.2719914647022357e-88	15
IL7R	6.9297695	2.9756110662263257e-87	2.5217042934121406e-86	15
HLA-F	3.696396	2.5825475006189862e-87	2.1979127664842437e-86	15
SAMSN1	4.717964	7.374944456608965e-84	6.120285856107025e-83	15
CDC42SE2	3.5069473	4.425664674384141e-83	3.6575741110612737e-82	15
FAM46C	3.6185532	1.2348853664992335e-82	1.0122011200813389e-81	15
LSP1	4.146716	1.797401568291515e-82	1.4672665863604204e-81	15
S100A4	3.3692133	1.0567181138389813e-80	8.591204177552694e-80	15
LCK	5.489258	1.6653605860515776e-79	1.332288468841262e-78	15
PDE4B	3.6053517	2.7278518265459176e-79	2.1649617670999343e-78	15
YPEL5	2.8573816	5.3337410188542564e-74	4.025464919890005e-73	15
EMB	4.1023707	1.9132889721106712e-72	1.4331752600079933e-71	15
RHOH	4.9022875	2.7009475275253497e-69	1.9643254745638905e-68	15
IFITM1	3.3502817	1.923590845194528e-69	1.4040809089011153e-68	15
ARHGAP15	4.191312	5.5260116944156395e-68	3.975547981593985e-67	15
SLC2A3	3.107832	3.423168953650453e-67	2.436419184092849e-66	15
CD37	3.6005907	1.4523110710390298e-66	1.0300078518007304e-65	15
CD48	4.732512	5.485508420120341e-65	3.809380847305793e-64	15
CD96	4.7485156	3.161591140650184e-64	2.1580826898636068e-63	15
PIK3IP1	3.6023235	9.440790737861851e-64	6.357434840311011e-63	15
STAT4	4.3707747	7.663989952780924e-62	5.0587392427596864e-61	15
HCLS1	3.3692174	2.5473895819027958e-61	1.6704193979690463e-60	15
CLEC2D	4.2316494	3.4045701678368263e-60	2.217961021392069e-59	15
GPR183	4.1282625	2.989835096473319e-60	1.9541405859302738e-59	15
CD4	4.0748353	6.897809163033426e-60	4.464601400021635e-59	15
SELPLG	3.8204622	3.61298717402139e-59	2.3012657159371914e-58	15
CD97	3.6445804	2.950820861457049e-58	1.855862177017012e-57	15
ICOS	6.730654	1.7296627130113272e-57	1.0743246664666629e-56	15
ZAP70	4.297887	1.9868441064264444e-56	1.2114903087966123e-55	15
ITGB2	3.0173757	8.573739309968153e-56	5.1649031987759956e-55	15
ITK	5.1916733	1.8073583824092154e-55	1.0726162506879615e-54	15
FLJ43663	3.7552075	1.673176091080637e-55	9.959381494527602e-55	15
AIM1	5.044304	9.775523984329779e-55	5.750308226076341e-54	15
ZNF331	2.8823264	1.0741796438878657e-54	6.30017386444496e-54	15
ANKRD44	3.4502678	5.880801449394101e-54	3.389510921840981e-53	15
CD3G	4.689013	1.576630334541055e-53	9.009316197377457e-53	15
HSPA8	1.3237664	3.6731441687719813e-54	2.1232047218335155e-53	15
ARHGAP9	3.9349413	1.6051446120717003e-53	9.146123145707695e-53	15
CCL5	3.5678036	4.1099212637382137e-53	2.321989414541364e-52	15
SLA	3.8459537	1.4294230411997002e-52	8.030466523593822e-52	15
CD5	5.355346	2.2574691999865415e-52	1.2576430083490483e-51	15
DDIT4	2.9446623	1.6721569798631622e-52	9.341659105380795e-52	15
SEPT1	4.982835	4.559277052439782e-52	2.5267417499952192e-51	15
TUBA4A	3.7277434	4.5607688587413705e-52	2.5267417499952192e-51	15
IL2RB	4.336856	7.179163176673052e-52	3.9445951520181604e-51	15
PTGER4	3.4556217	7.942747236939336e-52	4.352190266816075e-51	15
ISG20	3.73217	5.815813750882685e-51	3.152202575004165e-50	15
BIRC3	3.4632666	5.687079413534007e-51	3.090804029094569e-50	15
CD74	2.2337754	1.9564211997255322e-50	1.054674501199748e-49	15
EVI2B	3.8392124	3.829020504357108e-49	2.0259367747921204e-48	15
ICAM3	4.0423284	4.254146374974795e-49	2.2449321239972532e-48	15
CD247	4.3934293	4.763830901532797e-49	2.5006986359752217e-48	15
TRAT1	5.980705	6.319026803434555e-49	3.2997528999658245e-48	15
CD28	5.0081124	1.0257790106423849e-46	5.220249418027404e-46	15
IL10RA	3.8192358	1.3506655013074551e-46	6.856170057398249e-46	15
ITGAL	3.8773043	6.3218555506932924e-46	3.192856338733986e-45	15
UCP2	3.3569794	2.908614880147537e-45	1.450680738228198e-44	15
COTL1	2.443397	5.1154066072375896e-45	2.5386633286538903e-44	15
DUSP4	3.5779355	1.1729858424251547e-43	5.764058193735405e-43	15
GMFG	3.2586849	1.4873670971189672e-43	7.273188738968055e-43	15
GZMA	4.4602456	3.3996044783824466e-43	1.654308748604597e-42	15
TRIM22	3.0658786	1.1413077887699647e-42	5.487056676778677e-42	15
RNF19A	2.7651472	3.706800127221091e-42	1.7651429177243292e-41	15
EVI2A	3.4830868	1.2169947601791556e-41	5.713590423376318e-41	15
SERPINB9	2.7241535	1.0172063594453266e-41	4.786853456213302e-41	15
DUSP2	2.2956622	1.906076116394368e-40	8.844900772131638e-40	15
CXCR6	5.810364	5.380109736005144e-40	2.4793132423986838e-39	15
ITM2A	2.6012297	5.3461958823753484e-40	2.469374541512863e-39	15
LAT	4.0872135	1.597805319157596e-39	7.295914699349754e-39	15
GIMAP7	4.2060375	2.5608474644694116e-39	1.1640215747588234e-38	15
TC2N	3.5426478	3.2840619487125426e-39	1.4893704982823323e-38	15
SKAP1	4.345251	3.396846444250407e-39	1.5370345901585552e-38	15
CST7	3.3780813	4.663988846598928e-39	2.1056383054622698e-38	15
CD69	3.743443	1.4779209040952826e-38	6.64234114200127e-38	15
RHOF	3.1971343	6.42933354313884e-38	2.8831092121698833e-37	15
GNG2	3.0521612	1.0563779079805139e-37	4.715972803484437e-37	15
KLRB1	5.6135387	2.1854882663712453e-37	9.713281183872201e-37	15
TNFRSF1B	2.8997688	2.0444033357464584e-37	9.106473655886229e-37	15
LTB	5.793707	4.045500324721247e-37	1.7821587333573773e-36	15
ARL4C	2.7308626	7.155012964911483e-37	3.1312967023682636e-36	15
GPR132	3.9516218	1.2048243281572148e-36	5.238366644161803e-36	15
CCNH	2.2568133	3.058114881027135e-36	1.3068867012936475e-35	15
LPXN	3.2756975	3.062235411092955e-35	1.2861604145516836e-34	15
ARID5A	2.4629076	3.0674925887057653e-35	1.2861604145516836e-34	15
PRKCH	2.7058382	3.357690679613339e-35	1.404891497746167e-34	15
HCST	3.0657032	4.0951596634362274e-35	1.7098787738773393e-34	15
PSMB9	3.0727694	4.2984785681420695e-35	1.7910327367258624e-34	15
CD6	4.7371116	3.0617250142847462e-34	1.2573819360512305e-33	15
DGKA	3.5081298	5.306918379306067e-34	2.1660891344106396e-33	15
SYTL3	3.061917	7.158495741756322e-34	2.9158842125280335e-33	15
LIME1	3.7232385	1.7430210325392723e-33	7.071079239510232e-33	15
FAIM3	4.3014855	2.0163591479486922e-33	8.163397360116162e-33	15
TBC1D10C	4.2357664	2.0388250663225657e-33	8.23767703564673e-33	15
ALOX5AP	3.0705228	1.3000984733089336e-32	5.169377627470909e-32	15
DNAJB1	1.4231565	1.241870372337098e-32	4.957566356635121e-32	15
SP100	2.184314	1.9088022937077864e-32	7.5746122766182e-32	15
P2RY10	4.9110513	1.5487656831320106e-31	6.06170521773781e-31	15
RARRES3	3.1424792	2.6455547333518123e-31	1.0334198177155517e-30	15
RASSF5	2.9970965	6.827995597066865e-31	2.6516487755599477e-30	15
PIM2	3.4289758	1.2145253133853804e-30	4.689286924267878e-30	15
PTPN22	3.7754772	1.2088603123918214e-30	4.6764422142817075e-30	15
BIN2	3.4012642	3.0982154609948237e-30	1.1916213311518553e-29	15
TAP1	2.4201512	4.362750720111217e-30	1.6715520000426116e-29	15
P2RY8	3.8580117	6.344583280757855e-30	2.4215966720449829e-29	15
FKBP5	2.6366587	9.83732135312983e-30	3.7475509916685067e-29	15
SAMHD1	2.7577453	3.537423280398848e-29	1.3374001060109065e-28	15
FAM65B	3.9873722	4.1895535988796423e-29	1.5720651402925487e-28	15
CXCR3	4.608118	1.60184618733315e-28	5.977038012437126e-28	15
CCR4	6.965554	1.80436825355509e-28	6.720179715288976e-28	15
GPR171	4.946558	3.7348490832198756e-28	1.3832774382295835e-27	15
SLC9A3R1	2.868747	6.338984143496518e-28	2.3391085400356153e-27	15
GIMAP4	3.4526815	8.29875953941084e-28	3.0510145365481025e-27	15
C16orf54	3.9337964	1.1990637952411216e-27	4.3921750741433025e-27	15
TNFSF8	4.576981	1.3679091225538134e-27	5.001495877710469e-27	15
ABRACL	2.795234	1.452616889276783e-27	5.3015214937108866e-27	15
CDC14A	3.8475816	1.9684639660827438e-27	7.14505976799544e-27	15
TAGAP	3.2245424	3.0239758482154797e-27	1.093662151253338e-26	15
PDCD1	4.840472	4.768987754059395e-27	1.718554145606989e-26	15
CD55	2.2061477	1.1521984256934498e-26	4.137157722418132e-26	15
AQP3	4.8265977	1.3001846382172183e-26	4.651823392548187e-26	15
PSMB8	2.3150012	1.2216522704173502e-26	4.3786819728220435e-26	15
TRAF3IP3	4.2075505	1.8434221827291678e-26	6.571915089943557e-26	15
CD40LG	9.599402	3.2165648839528766e-26	1.1345907879904327e-25	15
PIK3R1	2.5499775	3.1897134423076236e-26	1.1271072234302557e-25	15
CCR7	5.405285	3.559866940198742e-26	1.253474274717867e-25	15
ANKRD36BP1	1.9936013	7.339264129489275e-26	2.5572348883237893e-25	15
DPP4	5.87022	9.993546476007528e-26	3.469981415280392e-25	15
CAMK4	4.786535	2.0205204717730456e-25	6.979345325640918e-25	15
PRDM1	2.1400342	3.8440686599035353e-25	1.3232594354229038e-24	15
PVRIG	3.574801	5.099810946717836e-25	1.7525123528239988e-24	15
TNFAIP8	2.7011967	5.7888765782628015e-25	1.985892479678491e-24	15
GIMAP5	3.4560757	6.683147057366459e-25	2.2848366008090457e-24	15
PYHIN1	3.8472474	7.567820334556808e-25	2.5828738343197297e-24	15
GZMK	4.2486863	1.9870359075836553e-24	6.690356591190759e-24	15
SELL	4.5029483	2.0405479248578644e-24	6.858984621370973e-24	15
OSTF1	2.0719023	1.9625409473457465e-24	6.619025117523597e-24	15
CD58	2.9291017	2.3393155826446034e-24	7.823797935266233e-24	15
CCR6	6.5640135	2.784274310722292e-24	9.280914369074307e-24	15
SH2D1A	4.0954866	2.7530799212736822e-24	9.192253493401276e-24	15
RCAN3	4.2824507	3.337654362628024e-24	1.1070163723476034e-23	15
CD27	5.0271764	3.4472321598342384e-24	1.1395808792840458e-23	15
PTPN7	3.521398	3.494964030162317e-24	1.1534534753010949e-23	15
APOBEC3G	2.725484	3.506562116603222e-24	1.15537466774406e-23	15
CASP8	2.8812964	7.15873587204773e-24	2.3471265154254852e-23	15
CCND3	1.9678245	1.3950797031769508e-23	4.5590839973102967e-23	15
S1PR1	3.1157975	2.8301978072826935e-23	9.203895308236402e-23	15
SASH3	3.3221626	4.9419274527211267e-23	1.6019213785157623e-22	15
PRKCQ	4.3705306	6.11525560930365e-23	1.97904712275199e-22	15
LOC374443	2.7480729	6.603373453947984e-23	2.1335616975599306e-22	15
HCP5	3.3242602	1.1954522962964834e-22	3.850087910777724e-22	15
BATF	4.479972	1.2730609994358345e-22	4.0934437280895003e-22	15
GLIPR2	2.9139092	4.247739112586168e-22	1.3549407057691125e-21	15
CD82	2.348196	5.602011112145715e-22	1.781243596866682e-21	15
MYO1G	3.4584198	6.645920061442589e-22	2.1098158925214568e-21	15
GBP2	2.6977746	6.90345574713406e-22	2.188100078330922e-21	15
PSTPIP1	3.5209002	9.628447882839355e-22	3.0421636280693065e-21	15
HMGB2	1.715491	1.6394678528049425e-21	5.1474657858867894e-21	15
PLIN2	1.9105427	4.909292407260867e-21	1.5317605014854497e-20	15
GPR65	2.9291396	5.232992030435973e-21	1.630215585805599e-20	15
IDI1	1.7348467	8.857128292271796e-21	2.7506609603328556e-20	15
MFNG	3.251837	2.30142943642739e-20	7.081321342853507e-20	15
APOBEC3C	2.4169838	3.920606971338956e-20	1.2007984598281642e-19	15
SP140	3.839152	4.5437891212189895e-20	1.389537957559324e-19	15
CCR5	3.9750018	5.708764534484224e-20	1.7378278643787592e-19	15
ZBTB1	1.8627801	1.9333297723739986e-19	5.8497118679999955e-19	15
DOK2	2.913475	2.5224935302729783e-19	7.609331916358908e-19	15
SLAMF1	5.5374947	4.586712746498973e-19	1.3773912151648568e-18	15
DENND2D	3.4439213	5.30399885115291e-19	1.5880236081296136e-18	15
PLAC8	2.9055371	6.902771277726366e-19	2.057457906922911e-18	15
LOC100130231	4.167264	9.75856818222375e-19	2.8957175614907267e-18	15
TSTD1	2.7911463	2.375482894316255e-18	6.986714395047808e-18	15
SIT1	4.6017447	4.3066664466156476e-18	1.259259194916856e-17	15
GZMM	3.2881186	4.355003019523764e-18	1.2715337283281061e-17	15
THEMIS	3.9483864	5.0191191760504515e-18	1.4611700658079915e-17	15
RGCC	2.3860238	5.519490772052768e-18	1.6045031314106884e-17	15
GBP5	4.017294	8.996701366152287e-18	2.60020270698043e-17	15
PDCL3	1.8270766	1.4077563455761705e-17	4.0452768551039385e-17	15
IL18R1	3.5076344	1.497699218622375e-17	4.297558733493186e-17	15
BTN3A1	2.6381788	2.156002178515914e-17	6.160006224331184e-17	15
TNFRSF18	4.405652	3.090359793028356e-17	8.804443854781642e-17	15
TIGIT	4.41678	4.8204940112327276e-17	1.3675160315553837e-16	15
FERMT3	2.4903622	6.507503632018037e-17	1.84087797228233e-16	15
CD226	4.272032	8.761262228138124e-17	2.4679611910248238e-16	15
ANXA1	1.3070557	8.032385683924823e-17	2.265835171770049e-16	15
AMICA1	2.9171019	9.877667302359916e-17	2.771522105299599e-16	15
NAMPT	1.5436842	9.88047630539307e-17	2.771522105299599e-16	15
CASP4	1.9398261	1.2965566596332268e-16	3.631811371521644e-16	15
TES	2.2922115	3.6120960132651554e-16	1.0033600036847653e-15	15
IL21R	3.1970823	4.875707407421287e-16	1.3468804992876484e-15	15
FAS	2.4825478	4.929826359670966e-16	1.359952099219577e-15	15
ARHGEF3	2.306701	6.919697852477541e-16	1.9036307709704377e-15	15
CLEC2B	1.9265612	8.732109565576243e-16	2.3989311993341327e-15	15
GPR174	4.184598	1.0878673258858426e-15	2.9804584270845005e-15	15
ARHGAP25	2.5840108	1.3431842223246245e-15	3.674922632899109e-15	15
CASP1	2.652394	1.5386146594800035e-15	4.203865189836075e-15	15
SUSD3	4.3749785	1.5998727556972485e-15	4.3652735489693006e-15	15
GRAP2	3.387223	1.6984963232567564e-15	4.628055376721407e-15	15
PRKCQ-AS1	5.5877357	1.9079411925682694e-15	5.191676714471481e-15	15
CTSC	1.6872865	2.0600967107800216e-15	5.590493109308064e-15	15
SLA2	2.592618	2.0998851158960044e-15	5.690745571533888e-15	15
TMEM243	1.9558936	2.2933773456957815e-15	6.206704589163144e-15	15
UPP1	2.17291	2.869387623447943e-15	7.703054022679042e-15	15
GLRX	2.3151555	5.0855146108973806e-15	1.357947826674868e-14	15
RUNX1-IT1	3.3297703	1.1406693717523246e-14	3.021640719873708e-14	15
CTLA4	6.393621	1.2630482906504266e-14	3.341397594313298e-14	15
MPZL3	3.9454787	2.0149271240912532e-14	5.2954720738272095e-14	15
LOC100507463	3.2018366	2.236958481725998e-14	5.863587108062904e-14	15
SAMD3	3.105639	4.251148066299071e-14	1.1099603306263893e-13	15
SIRPG	5.2819185	8.386107219568835e-14	2.1641567018242153e-13	15
APOBEC3H	4.5592194	1.1937646240912617e-13	3.0648642467041376e-13	15
PARP15	3.305399	1.6146225225710582e-13	4.129469367189407e-13	15
LPAR2	3.0748093	3.768671413569072e-13	9.601710607819293e-13	15
NELL2	3.605087	6.69169558941043e-13	1.6962472976959264e-12	15
SQRDL	2.4080114	8.41563357811774e-13	2.1224800953638685e-12	15
DUSP10	2.0207942	1.115965944997122e-12	2.81099734256202e-12	15
NFKBIZ	1.1155386	1.205112853695818e-12	3.0279217429543168e-12	15
CARD16	1.9063296	1.3537061183064184e-12	3.392747163675234e-12	15
IL27RA	3.0163925	1.3931812216695009e-12	3.487312194416773e-12	15
IFNGR1	1.4847099	1.5032538423504993e-12	3.758134605876248e-12	15
LY9	3.2780623	1.9713538977848126e-12	4.922231954518883e-12	15
TMEM156	4.6413765	2.091713000653227e-12	5.209745954304426e-12	15
ZNF101	4.082276	3.1563523811550624e-12	7.832139903610577e-12	15
HMGN4	1.754834	4.4911953303985206e-12	1.1103078690725637e-11	15
RCSD1	2.552947	4.72851548046395e-12	1.166095062999741e-11	15
TNFSF14	3.3597407	9.982197519128297e-12	2.4466170390020337e-11	15
IL12RB1	3.4980032	1.0207608324554424e-11	2.4988025274307037e-11	15
RGS2	1.4253726	1.3656594774928846e-11	3.3390207273664664e-11	15
MTFP1	2.7797556	1.4170394122576419e-11	3.460413705146867e-11	15
GZMH	2.2878227	2.4782509435941342e-11	6.015172193189647e-11	15
MAL	4.0560684	2.8468509830152635e-11	6.901456928521852e-11	15
IFNG	4.136164	2.939083524447638e-11	7.116424998662563e-11	15
TMEM71	3.0351202	3.349450809509901e-11	8.100243795670863e-11	15
ICAM2	1.8213613	4.406783067569217e-11	1.0605976095232772e-10	15
STAT1	1.4387581	4.7911822027748237e-11	1.1517264910516403e-10	15
IGFLR1	2.2949688	1.5267917793439526e-10	3.626583798916752e-10	15
PTPN6	1.8740056	1.9429605358868796e-10	4.598723161862437e-10	15
LOC100128420	6.3387833	2.2723943566311999e-10	5.359420652432075e-10	15
SP140L	2.759376	2.462603976735168e-10	5.787553411833532e-10	15
OASL	2.665631	3.158388477793054e-10	7.396694327384201e-10	15
BTN3A3	2.490164	3.3706047977685416e-10	7.884455667294835e-10	15
CTSW	1.9435512	3.772331399374653e-10	8.793313285255601e-10	15
PCGF5	1.7499201	4.008442844373219e-10	9.332812210414946e-10	15
SLAMF6	3.610174	4.186245749442311e-10	9.735455231261187e-10	15
LOC643733	4.065936	4.2336123946564325e-10	9.834175132767556e-10	15
ZNF267	1.7657254	4.725064587761019e-10	1.0931467126311452e-09	15
GPR18	3.3667746	8.124702857036239e-10	1.8656034114893775e-09	15
NT5C3	1.7073758	8.647595427023621e-10	1.9788547887925906e-09	15
ADA	2.088521	1.3469625942743851e-09	3.0578038462528606e-09	15
S1PR4	3.9458954	1.6914608536094015e-09	3.835512139703858e-09	15
STOM	1.0008575	1.8421966326141343e-09	4.172585804335525e-09	15
TXK	3.8912544	2.2754298381950824e-09	5.142214323604706e-09	15
IL18RAP	3.8004267	3.446297473982198e-09	7.735796799062173e-09	15
IL2RA	4.7785497	3.838977026974756e-09	8.597932871164067e-09	15
LOC541471	1.6912652	4.228872003408211e-09	9.4499933037055e-09	15
ITGB7	3.0248194	4.632111878043978e-09	1.0316507523483246e-08	15
CD200R1	3.4736958	4.734764919857696e-09	1.0533403603687866e-08	15
TFRC	1.289988	5.58356596799793e-09	1.2380412345893414e-08	15
CTSS	1.0826916	7.614655112299848e-09	1.684658210685807e-08	15
PRF1	1.7206262	1.3846765058851819e-08	3.0499482508484184e-08	15
ACSL5	2.5504878	1.5761353021685554e-08	3.464033631139682e-08	15
SRSF10	1.1517509	1.9621549282892005e-08	4.3076946834010986e-08	15
ZBED2	4.1855445	2.2499105640106758e-08	4.9286102168908555e-08	15
ISG15	1.0396761	3.540306884530431e-08	7.72992769548129e-08	15
KLRG1	2.5623002	3.9538103485783086e-08	8.588347792072472e-08	15
MCOLN2	2.8229523	4.4439199162831416e-08	9.639739514713972e-08	15
MST4	2.3920333	4.656715062148407e-08	1.0090390167168813e-07	15
F2R	1.5268247	4.896675566846284e-08	1.0587406631018992e-07	15
C12orf75	1.7235029	5.6047815176184915e-08	1.2079270512108818e-07	15
APOL3	2.5654488	7.171469508627237e-08	1.5439116272609766e-07	15
CCR2	4.608961	7.373997976605733e-08	1.5841026802590186e-07	15
OAS2	2.2273054	8.245739091090799e-08	1.7656828888845393e-07	15
TNFRSF9	3.8984702	1.1788663573398955e-07	2.510897459722887e-07	15
RPS6KA1	2.3627405	1.3564193230113722e-07	2.8768172280198773e-07	15
CASP3	1.4359424	1.365608223748066e-07	2.893237762178106e-07	15
BST2	1.3277056	1.78857188110847e-07	3.7733583989630174e-07	15
DANCR	1.3096277	2.506025414636256e-07	5.253722043262591e-07	15
KPNA2	1.1047869	2.801361883161554e-07	5.860589713727101e-07	15
LAX1	2.6283572	2.8952050629106217e-07	6.050585293439126e-07	15
GIMAP2	1.8087108	3.334558418349449e-07	6.918170992426243e-07	15
CMAHP	2.6813376	3.9859015594475445e-07	8.237516623060371e-07	15
SCARNA17	2.5073693	3.9869580455612193e-07	8.237516623060371e-07	15
TTC39B	2.5095756	4.0036843945901587e-07	8.263538482126231e-07	15
ALDOC	3.1718915	4.018486231727868e-07	8.285538622119315e-07	15
AREG	1.838982	4.23883476413519e-07	8.730864601720268e-07	15
PPP2R2B	3.4656923	4.402224492885083e-07	9.058075088240912e-07	15
ANXA2R	3.0072637	5.945963588520584e-07	1.218435161582087e-06	15
HIST1H1D	2.748428	7.986070269312902e-07	1.6314750294816961e-06	15
GABPB1	1.4434386	8.297921122271056e-07	1.6934532902593991e-06	15
REREP3	4.075277	8.48876392319927e-07	1.73063484672768e-06	15
LRMP	2.0526934	8.743574142687804e-07	1.7807686644985346e-06	15
SLFN12L	3.4698372	9.161943929790538e-07	1.8621837255671827e-06	15
GCH1	2.2386036	9.285242990961328e-07	1.8834164281868819e-06	15
CYSLTR1	3.1724489	1.2739504852904923e-06	2.576239606249732e-06	15
ABI3	1.5229692	2.1314964921910976e-06	4.275820445719353e-06	15
STAMBPL1	3.0875392	2.156153709109956e-06	4.3166240422621746e-06	15
TARP	1.8681856	2.5211329839545746e-06	5.022177258873655e-06	15
NMRK1	1.1490594	3.081696975665655e-06	6.108418187642528e-06	15
MX1	1.4454376	3.660836203713636e-06	7.220584228232024e-06	15
DDX47	1.1003313	4.209808846263914e-06	8.278876787146341e-06	15
ERP27	4.250482	4.837159033047899e-06	9.48462555499588e-06	15
TNFSF10	1.6251359	5.9090222863787095e-06	1.1496152308129785e-05	15
JAKMIP1	3.3445215	6.8856661872714125e-06	1.3357257395288871e-05	15
ADORA2A	2.5475953	7.340684906274991e-06	1.4193700166069377e-05	15
NCF4	1.6257089	7.712067405075218e-06	1.488816101365872e-05	15
TNFRSF4	1.4645585	1.0266645386720321e-05	1.9743548820616002e-05	15
HCG26	2.8884723	1.0659807226655154e-05	2.0460282584750776e-05	15
HSH2D	2.166308	1.2781936746898708e-05	2.4393009058967e-05	15
GBP1	1.2840286	1.3084435858898576e-05	2.4946493534601673e-05	15
CD8B	1.9342102	1.387536225104247e-05	2.6429261430557084e-05	15
XCL1	3.1849778	1.6100912973355717e-05	3.0552017027240445e-05	15
DAPP1	2.870399	1.6458869566167035e-05	3.120164846666737e-05	15
RAB37	2.279361	2.7968626606677275e-05	5.242479213997615e-05	15
TMIGD2	3.80342	3.0077800600411175e-05	5.63254692891595e-05	15
RAB9A	1.000841	3.0399847629848934e-05	5.687529958811775e-05	15
IRF4	1.4611834	3.73210449682503e-05	6.970455872994066e-05	15
CD38	2.8522885	4.4539752455902086e-05	8.278764397007822e-05	15
ZSCAN16	2.465751	5.155950843079024e-05	9.521608205132085e-05	15
CISH	2.1865346	5.5512253162897885e-05	0.00010242113129685956	15
CD8A	1.4188378	5.599631596951503e-05	0.00010321901561200927	15
IFI44	1.2107513	6.402518396575746e-05	0.00011791009938445203	15
ITPRIPL1	3.3250935	6.96397249912772e-05	0.00012789664828517393	15
ABHD3	1.1625752	8.134666355897185e-05	0.0001488502535388323	15
DBR1	1.651467	8.417230314438715e-05	0.00015387989605920868	15
MLKL	2.0572731	8.787033215584331e-05	0.0001604937573622709	15
ZBTB32	3.3842149	9.476111502131196e-05	0.0001726067668876356	15
PTTG1	1.2581587	0.00010784859628078152	0.00019573247963844195	15
IL9R	3.4742694	0.00010999617240280284	0.0001994490886723533	15
LINC00426	4.8901615	0.00014350520334089703	0.0002581028837066493	15
TMEM14E	2.96243	0.00014424477471981426	0.00025919995457289176	15
ZNF92	1.5661755	0.00015135135135473283	0.000271725944981567	15
CCR8	12.40291	0.00016677485976008738	0.000298345008515362	15
PTGDR	2.9756882	0.00017874537486511246	0.00031890343419288574	15
ZNF675	1.8117855	0.00018268278971559474	0.00032563777132904587	15
LINC00239	4.589471	0.00026580984143566197	0.0004704598963463044	15
ZNF600	2.0441742	0.00029487151527111467	0.0005209744086062097	15
ACP5	1.3684676	0.00030186378325733777	0.000532857516782591	15
IL2	7.0513406	0.0003077190082219599	0.0005427066794269259	15
HOPX	1.0458068	0.0003474938708683303	0.00061017360995317	15
ETV7	3.2225268	0.000407221787925555	0.0007119262026670543	15
CD79B	1.3582705	0.0004096308490133656	0.000715512400023346	15
CD70	4.0314293	0.0004130496513016218	0.0007208545397934064	15
ZNF124	1.6106048	0.0004212499367021699	0.0007345247370569658	15
OSM	1.2220834	0.0004932150556033295	0.0008577653140927471	15
NCR3	3.0292022	0.0005284953167768764	0.0009175265916265215	15
AIM2	4.376898	0.0006257184578454048	0.001082557885545683	15
PLCL2	2.5773196	0.0006545849143169	0.0011285946798567242	15
CXCL13	7.3344088	0.0006611107777795646	0.0011388643889398184	15
CLECL1	2.7170496	0.0006758620463738536	0.0011622735105311325	15
ZNF80	3.8088522	0.0006871696855078634	0.0011796904472237998	15
SMIM3	1.54365	0.0007184365867414812	0.0012301996348313034	15
WDR86-AS1	3.3398387	0.0007430098659683141	0.001271188821160503	15
INE1	1.2276031	0.0008013505729857067	0.0013698300392918064	15
NDC80	2.2500958	0.0008304128126189284	0.001417086710953803	15
TMEM200A	3.327493	0.0008371027276733053	0.0014272851281727286	15
HPGD	1.5190037	0.0008569979014253067	0.001459962353365088	15
ASTE1	1.4977841	0.0009286326789224804	0.0015779654697068485	15
CTH	2.337518	0.0011895648418432205	0.002002634413877476	15
ZNF586	1.2866983	0.0012561908962190874	0.0021077028460051803	15
BIK	2.7999234	0.001275606692431687	0.0021384856536993914	15
IL23A	2.8032217	0.0013640269323916378	0.0022790759104288016	15
MIR155HG	1.2309407	0.001439096971511341	0.0024004953653233374	15
LOC100506776	2.9261053	0.0014460613527803466	0.002410102254633911	15
NAT1	2.3841765	0.0015038330317295602	0.0025001380411131505	15
PATL2	1.4771196	0.0015172248363421092	0.0025203070371131384	15
METTL21D	1.1811857	0.0015476366953454117	0.0025686916105318036	15
ZNF552	1.8775942	0.0016171825113556854	0.0026818947120326457	15
FCRL3	2.9662468	0.0016268256038981673	0.00269565137348495	15
PRR5L	1.7491274	0.0017277060377810082	0.0028604404599023316	15
MIR3064	1.2830951	0.0017386680417166732	0.0028762085057347777	15
FASLG	1.9945095	0.0017807834089758657	0.002943443651199778	15
TPK1	2.0373075	0.0017893420302261792	0.0029551478616452174	15
DTHD1	2.660756	0.0018819967492415765	0.0031004888784869466	15
ZNF683	2.119973	0.002016111524183572	0.0033078121807769843	15
CCNE2	2.129681	0.00206310545105095	0.0033793701081915642	15
GPR25	3.4696965	0.0020899620608710932	0.003418563157498948	15
FAM172BP	5.1551294	0.0034318790893684017	0.005530828508248833	15
MZB1	4.225587	0.004211843256268011	0.006749748808121812	15
CD274	2.4851902	0.004350792993317106	0.006961268789307369	15
ABCB1	2.3221967	0.00447344555491517	0.007146079161206341	15
TNIP3	1.8166306	0.004541916028086523	0.007249666445469311	15
ARHGAP11B	2.0810058	0.004554117692334971	0.007257558075434218	15
XCL2	1.9521585	0.004651192431286134	0.007406357374659448	15
TNFRSF13B	5.665766	0.004970781897432794	0.00789012999592507	15
CXCR5	2.4040587	0.005499276819305307	0.008694508805225782	15
BRDT	4.0414767	0.006544194798102721	0.010265403604867013	15
CDK1	1.0900369	0.007907993150112789	0.01230816054492263	15
FASTKD3	1.5627674	0.008204896796410436	0.012740522975792602	15
LYPD3	1.4275559	0.00898290900335589	0.013873218538001374	15
EPHB6	2.2155902	0.009117120417365456	0.014058782447749354	15
SLC25A19	1.1839495	0.009497005730342426	0.014622025758802813	15
SNORD47	1.3885496	0.00992085348005696	0.015251119877105243	15
SNORD76	1.7523187	0.010033791158810871	0.015412889644870769	15
LOC256021	4.4082594	0.010124740472698809	0.015540660740903775	15
LOC728989	4.1813426	0.012484417000151632	0.01900215677344236	15
SLC25A20	1.2861959	0.012868551647812379	0.019557069373575042	15
SNORA48	1.3664026	0.012944463595631369	0.01965749976557535	15
ZNF700	1.3872612	0.013779995558781294	0.020847194491348402	15
TNFSF4	2.1919715	0.014338331373490417	0.021610145250173952	15
PIGB	1.059861	0.01446595032317	0.02178606976381024	15
ZNF211	1.0396439	0.0148853592596068	0.022378135555297683	15
SUMO4	2.8318384	0.015271051807582035	0.022912305787820008	15
CHAC2	2.11247	0.018374465235959783	0.027342954220178246	15
CXorf57	2.6026871	0.019026341428346007	0.028219686071824516	15
FFAR3	2.7499723	0.020790210281877917	0.03073201815503018	15
SNORD31	3.5426075	0.021367044234395248	0.03156136519113035	15
ASB2	2.8797095	0.021498899277460855	0.031709290969706275	15
LOC100130855	1.683776	0.021572044377818688	0.03179372789656402	15
ZNF383	1.1216235	0.02641986756798692	0.03842889828070825	15
MIR568	1.4486376	0.027449126435094662	0.03972377197553497	15
CDKN3	1.0199896	0.029669583790256877	0.04276339923760781	15
IL24	3.2819657	0.03031961769287993	0.0436554061347943	15
FAM83D	1.4131467	0.030816814673072356	0.044308863656466364	15
STAP1	1.6778872	0.03153515487716755	0.045309130570643036	15
PTGDR2	5.570085	0.034306601732860084	0.04907954468220327	15
MT-CO3	4.0311456	0.0	0.0	16
ANXA1	4.2359643	1.715136078307024e-293	5.19738205547583e-292	16
MT-ND4	3.8349142	3.7395e-319	1.411126e-317	16
MT-ND2	3.7718656	5.634909116321719e-298	1.847511185679252e-296	16
MT-CO2	3.7959425	6.065426067474093e-297	1.956589054023901e-295	16
IGFBP2	4.1136656	2.1854196294011924e-172	2.4834313970468097e-171	16
ALDH1A1	3.806197	5.333564495571922e-140	4.407904541794977e-139	16
CLU	2.7973464	5.822009300744251e-105	3.3556249572012975e-104	16
HSPA1A	2.452377	2.2257465630922882e-103	1.2539417256857962e-102	16
MAGEA4	2.9344378	5.050044357124068e-100	2.752067769549901e-99	16
HSPA1B	2.1796021	6.465227713896622e-87	3.007082657626336e-86	16
MATN3	3.389541	2.0878572046471055e-40	5.508858059754896e-40	16
PGF	1.6578827	3.3986994256152773e-31	7.822093039390742e-31	16
FBLN1	1.1445973	8.311970126954815e-30	1.878411328125382e-29	16
VWA1	1.5355257	1.170017642571457e-17	2.178803803671242e-17	16
THY1	1.0766139	1.7049056731324614e-17	3.160158800986954e-17	16
SOSTDC1	1.4954451	1.7489460848928175e-15	3.120331998024652e-15	16
MIA	2.045135	5.680888209545187e-15	1.001920319143772e-14	16
AQP1	1.2180948	9.993153952829561e-15	1.757810721693854e-14	16
INHBA	1.1017178	6.589394278499941e-14	1.1380646422279691e-13	16
CYTL1	1.174483	4.808899551578443e-13	8.123141134423046e-13	16
CFH	1.9622829	1.1118777550173248e-12	1.8608832719955224e-12	16
SLCO2A1	1.4917965	7.703307259602028e-12	1.2690786259640903e-11	16
TNNT3	1.7866176	8.108865322003065e-10	1.2660211275570749e-09	16
SUSD2	1.7131643	2.0412293961099865e-09	3.1355290262826212e-09	16
ALPL	1.0550172	1.218807012202295e-06	1.7337226347116574e-06	16
SOD3	1.1309563	1.2117274386870658e-05	1.646368802563948e-05	16
MT1A	1.0664164	1.2842993499785441e-05	1.741422847428534e-05	16
CXCL14	1.4231184	4.609740730652765e-05	6.15452701021731e-05	16
HTRA3	1.6465302	0.0004192302436147699	0.0005385102679701605	16
PRSS1	1.4067855	0.020944346153745106	0.024382242321007108	16
ANXA1	5.876517	0.0	0.0	17
MTRNR2L8	3.661496	0.0	0.0	17
ALDH1A1	5.591344	8.029411392007679e-222	2.67647046400256e-220	17
MTRNR2L1	3.015099	6.455083383930579e-253	2.6347279118083995e-251	17
MAGEA4	4.6048436	4.619789572324764e-149	7.053113850877503e-148	17
HSPA8	1.1710697	9.899088442332895e-70	6.129466527760306e-69	17
FOS	1.6661341	8.172581966460677e-67	4.953079979673137e-66	17
CLU	2.1058674	3.39994463411328e-61	1.8994104101191508e-60	17
DANCR	3.280776	1.084560656092783e-59	5.992047823717033e-59	17
ANKRD36BP1	2.2289832	2.2502518208124733e-54	1.175066224967349e-53	17
AQP1	2.8890438	8.407577859390036e-54	4.36757291396885e-53	17
LOC401397	3.4844205	2.162075415770676e-50	1.0729902807794919e-49	17
MAGEA9	5.8755116	1.1223138355732542e-48	5.408741376256647e-48	17
HSPA1B	1.9132788	7.362066272517589e-41	3.207872014168884e-40	17
LOC284454	1.6778105	3.770738409024616e-36	1.517399762182944e-35	17
CNIH	2.1462266	5.710195008482064e-35	2.2569940744988396e-34	17
MEST	1.7950574	6.019978637569846e-35	2.3747450246823846e-34	17
HSPA1A	1.6323558	1.7075910402904196e-33	6.505108724915884e-33	17
SLCO2A1	2.3533206	7.257117615490435e-33	2.7180215788353684e-32	17
PGF	1.8349215	1.4864785643190382e-30	5.435022173012936e-30	17
GNG10	1.9461482	2.581674345883595e-29	9.187453188197845e-29	17
GSTM1	2.3740754	6.70381718053609e-29	2.3604990072310177e-28	17
FABP5	1.450333	9.100158040516345e-27	3.0952918505157637e-26	17
IFI44	2.2523975	1.5600305654240544e-25	5.217493529846336e-25	17
DDX47	1.8962185	4.261739042188099e-25	1.413512120128723e-24	17
C4orf52	2.2945354	1.2928196162158585e-24	4.252696105973219e-24	17
DNAJB1	1.0776289	1.4329327925328266e-23	4.57075850887664e-23	17
AKR1C3	1.9022763	1.0032316136753748e-21	3.1350987927355462e-21	17
STEAP1B	6.1370325	1.9388034299858185e-21	6.021128664552231e-21	17
DNAJB4	1.3481863	1.0758089901914769e-20	3.305096744059837e-20	17
CFH	2.8102236	1.6882331646005278e-20	5.162792552295192e-20	17
TEKT4P2	1.9853518	1.7046677689632945e-20	5.205092424315403e-20	17
SRSF10	1.5042727	1.8868428377523595e-20	5.735084613229056e-20	17
ALPL	1.9503901	3.3029597776330513e-19	9.757635975282278e-19	17
THY1	1.1140335	2.6619456780072816e-18	7.70461846022368e-18	17
CYTL1	1.9313918	4.248331219276517e-18	1.2225413580651848e-17	17
NT5C3	1.7959955	9.968778273447642e-18	2.836067787609571e-17	17
C2orf74	2.5130293	2.6239414546317976e-17	7.412263996135022e-17	17
POLB	2.2023628	4.948475931586511e-17	1.3861277119289948e-16	17
LOC100128252	2.1547675	1.3825060289031733e-16	3.840294524731037e-16	17
SOSTDC1	1.9658514	2.296512267278094e-16	6.34395653944225e-16	17
HMGN4	1.5306371	2.784455468408809e-16	7.681256464576026e-16	17
PDK3	1.2831447	1.2580590963350449e-15	3.423290058054544e-15	17
SBDSP1	1.8289016	6.428512274861346e-15	1.7280946975433726e-14	17
THBD	1.3331147	1.6338368072969987e-14	4.362715106267019e-14	17
GAS2	3.7883294	2.061437065021801e-13	5.403504757593187e-13	17
IER3IP1	1.1929159	3.907539623066522e-13	1.0123159645250056e-12	17
OCLM	2.3077695	8.228973746532071e-13	2.1181399604973154e-12	17
ZNF708	2.099231	2.81040140698732e-12	7.169391344355408e-12	17
ZNF727	2.0913415	1.3273478138131459e-11	3.3266862501582603e-11	17
TPPP3	1.435727	1.7517664362426025e-11	4.3630546357225464e-11	17
ASTE1	2.344536	7.713016784924756e-11	1.90444858887031e-10	17
ZNF253	2.279505	2.273176551365342e-10	5.504059446405187e-10	17
LOC100127983	2.965453	2.3869620853773414e-10	5.765608901877636e-10	17
OXSM	2.3124096	4.737072183424551e-10	1.1332708572786007e-09	17
MATN3	1.5857006	6.039903759802537e-10	1.438072323762509e-09	17
TADA1	1.9466486	6.06910231336026e-10	1.443306138730145e-09	17
INE1	1.7255274	1.2447079471394607e-09	2.9218496411724427e-09	17
TNNT3	1.7006564	6.289268342631732e-09	1.4609217985207275e-08	17
SUSD2	1.6906908	7.721428703319811e-09	1.7894388651957847e-08	17
PNP	1.2639152	1.740972188154505e-08	3.997639926876016e-08	17
PIGW	2.3720868	1.8185229412478272e-08	4.170924177173916e-08	17
ZNF337	1.798159	2.051249247016268e-08	4.6778774162286615e-08	17
ZNF92	1.6908892	2.2037339397164567e-08	5.014184163177376e-08	17
MIR4461	1.8428497	2.3623824568644717e-08	5.362956769272353e-08	17
THBS2	1.2953438	5.058651975733007e-08	1.1316894800297554e-07	17
DBR1	1.6668792	5.863566362768046e-08	1.3102941592777758e-07	17
MIA	1.4896464	6.127630683172669e-08	1.3677747060653278e-07	17
MIR100HG	1.0835403	7.85388689901842e-08	1.7337498673329845e-07	17
MC5R	7.7324686	2.0842830642641734e-07	4.565789845047477e-07	17
XRCC6BP1	2.4986002	2.970215534944596e-07	6.442983806821249e-07	17
KLHDC1	2.092135	3.384067378120591e-07	7.324821164763184e-07	17
CABYR	2.221295	3.7770668146866935e-07	8.149011466422208e-07	17
DGKA	1.0929995	3.9196244448102064e-07	8.447466475884065e-07	17
MAGEA1	6.6137404	5.708261241176207e-07	1.2249487642009026e-06	17
HIST1H2BN	2.5376127	8.181541610181981e-07	1.746326917861682e-06	17
SLC25A20	1.9533992	1.7495313878368147e-06	3.6754861089008714e-06	17
BNIP3	1.039802	1.9772085033499177e-06	4.132097185684259e-06	17
METTL21D	1.3860397	3.1543821182810307e-06	6.530811839091161e-06	17
ZNF736	1.5335796	4.0041917412509785e-06	8.273123432336733e-06	17
C3orf55	3.764756	4.120886261129814e-06	8.496672703360443e-06	17
LOC729013	2.0048084	4.459941121832608e-06	9.167402100375351e-06	17
ZNF816	2.351229	5.493933245043226e-06	1.1223561276901381e-05	17
UEVLD	1.732691	8.007691868759845e-06	1.629235375129165e-05	17
ZNF14	1.6630988	1.187692198156262e-05	2.3921293014224816e-05	17
GCSHP3	2.1030111	1.391250684799215e-05	2.7880775246477254e-05	17
ZNF571	1.8087229	1.6420327675003944e-05	3.274242806581046e-05	17
LIPT1	2.0654695	1.784814123972027e-05	3.555406621458221e-05	17
PAGE2	8.603717	2.8148223030235162e-05	5.551917757442833e-05	17
WDR86-AS1	3.090054	3.376232397708652e-05	6.639591735906887e-05	17
FASTKD3	1.6783779	4.5554760430613414e-05	8.880070259378833e-05	17
SNORD47	1.9258767	4.8934598001477326e-05	9.511097765107353e-05	17
MT1A	1.2304745	6.54269589098369e-05	0.00012642890610596504	17
HAS2	2.2163548	6.567384909839333e-05	0.00012666231429152988	17
NSUN3	1.3995234	7.714256228971959e-05	0.0001479243763944767	17
RNASE4	1.3367356	8.75294116108216e-05	0.00016768086515483064	17
CD79B	1.2558805	9.492229229295278e-05	0.00018166945893388091	17
HSD17B6	4.33902	9.690133066072577e-05	0.00018492620355100336	17
ARG2	1.1571563	0.00011208708263566067	0.0002130933129955526	17
ZNF222	1.6235496	0.00011245974165561712	0.00021359874958331839	17
ELOVL4	2.1165211	0.0001164868827997564	0.00022103772827278254	17
ZNF675	1.438623	0.00013457070113988395	0.00025414674436238707	17
ZNF93	1.756096	0.000144395729023647	0.00027167587774910065	17
FAM218A	2.7119744	0.0001478369407131842	0.00027788898630297783	17
ZNF663	3.2073526	0.00014845966385001655	0.00027879749079815316	17
ZNF674-AS1	1.7267089	0.0001980249884656893	0.00036876161725454246	17
ALDOC	2.2470267	0.0002269848271887246	0.00041995342680615095	17
ZNF565	1.6861229	0.00022804483501783697	0.00042152464883149157	17
ZNF596	2.0416772	0.00026887028963450783	0.0004956134371143002	17
TMEM116	1.3360547	0.0003070575395556681	0.0005639256924805659	17
ZNF487P	1.7298958	0.0003399782390444714	0.0006203982464315171	17
REREP3	1.9480509	0.00044130986822117933	0.000798028694794176	17
ZNF573	1.129347	0.0004947214353853722	0.0008913899736673373	17
ZNF256	1.3200983	0.0006006249047208798	0.0010792900354373402	17
A2M-AS1	1.6836725	0.0006841549943854278	0.001222797130268861	17
TSPAN19	5.468574	0.0007744039811682061	0.0013816306532885034	17
ZNF284	2.082103	0.0008162745891329938	0.0014537392504594725	17
ZNF586	1.0993719	0.0008573596008215904	0.0015241948459050495	17
MAGEA9B	6.2082815	0.0009001047961792671	0.0015973465770705716	17
ZNF214	2.152958	0.0009168450556097697	0.0016256118007265423	17
MTFP1	1.0739459	0.0009286825078167053	0.0016451417321819402	17
ZBTB26	1.5333012	0.000982951195248839	0.0017335999916205274	17
ZNF204P	2.2019277	0.0009868474087248106	0.0017389381651538513	17
ZNF699	1.6996573	0.0010552698851628876	0.0018529760933501099	17
TMEM177	1.5461373	0.0010695586598528327	0.0018747741627569373	17
ZNF77	2.1012673	0.0012134264183428086	0.002115826361539335	17
FGF13	1.4732666	0.0012863208645824773	0.002237079764491265	17
LARS2-AS1	1.6963584	0.001300774696948211	0.002258598391303413	17
ZNF141	1.1810381	0.0014088852580633755	0.002441742215014516	17
CA3	5.0714984	0.0014518500683025105	0.0025140260922987194	17
SPINK5	1.8806887	0.001459098517764598	0.0025243918992467096	17
C1QTNF3	1.8870462	0.001481277118544397	0.002560548173801896	17
ZNF345	1.2545139	0.0015854515128429203	0.0027311826233297506	17
ZNF124	1.142548	0.0018155762228754912	0.0031088633953347453	17
CD24	1.4349993	0.0019047945304776779	0.0032532784465886897	17
MAL	1.4974028	0.0019383602863847554	0.0033049621251231977	17
ZNF383	1.0864879	0.002011151335830416	0.0034203254010721365	17
ZNF844	1.1847055	0.002016192542728247	0.0034259856291049226	17
BANK1	1.9033791	0.002057445219357256	0.0034842425391316783	17
ZNF570	1.0894136	0.0021406008571470407	0.003621998066238648	17
BCYRN1	1.423856	0.002504771116184184	0.004206164762693844	17
FLJ27352	2.0917718	0.003227544712634952	0.005374762219208912	17
ZNF563	2.1958694	0.0036598398794889103	0.006064357712491981	17
CHAD	1.1062044	0.003997396708270964	0.006596364205067597	17
EPHB6	1.5590363	0.004009570640894136	0.0066109985835022846	17
CHCHD4	1.7808186	0.0040197235069482275	0.006622279253621462	17
UBE2Q2P2	2.1164281	0.004029721133775357	0.0066332858169141674	17
ZNF439	1.615722	0.0040454030841260355	0.006653623493628348	17
MRPL42P5	1.6582534	0.004053612900421452	0.006661648151884062	17
PRIM1	1.0421994	0.005769587951625656	0.009351033957253901	17
ZNF257	1.8866334	0.005924307001432806	0.009594019435518714	17
RBM45	1.1758852	0.006543012503060587	0.010510863458731865	17
ZNF180	1.2423965	0.008353005542300373	0.013290382724423825	17
SNORD114-20	4.199671	0.009691066964298693	0.015333966715662489	17
C1orf74	2.1950128	0.009761897198182093	0.01543382956234323	17
RPS15AP10	1.050258	0.009840474212259894	0.015533503097489968	17
GUSBP5	1.5224674	0.01027942069482808	0.01618806408634343	17
MIR597	2.0107093	0.010299384909996509	0.016206742580639668	17
ETV7	1.8732482	0.0112883552754336	0.017735043637758994	17
MYLK-AS1	2.1387093	0.01192571967241464	0.01866309807889615	17
C6orf52	2.9784904	0.012645328749100794	0.019712125875449408	17
DERL3	1.2186785	0.012793739303469893	0.019927942840295785	17
LOC441204	2.726392	0.012936659590706102	0.020119221758485382	17
SCARNA1	3.3854172	0.013202149770354514	0.020468449256363586	17
NMU	3.2089512	0.01365468290052844	0.021088313359889484	17
OR2A7	1.4900023	0.0139790076109229	0.02157254260944892	17
RMDN2	1.2342683	0.014919598984919789	0.022953229207568905	17
ZNF30	1.2842898	0.015694025628965203	0.02412609627819401	17
ZNF684	1.4938668	0.016148796055130893	0.02476809210909646	17
CYP2E1	1.9869332	0.017460078097606663	0.026615972709766254	17
ZNF700	1.0502052	0.018204603389094978	0.02764556323324978	17
SNORD80	1.1714908	0.0184847222659697	0.028028388576148144	17
CTH	1.1703957	0.018658073807439234	0.02822704055588386	17
SNORD76	1.4574662	0.020279991975844097	0.03059045029893973	17
ZNF600	1.0612181	0.0204653152314888	0.030798066563564788	17
TMPRSS12	3.544083	0.022079354655666475	0.03307768487740296	17
ZMYND12	1.4404107	0.02271658335380912	0.033981426108914164	17
ZNF419	1.0474641	0.023273787119867623	0.03473699570129496	17
CA4	3.9935093	0.023481437247663727	0.03499469038399959	17
LYPD8	5.6177745	0.025673132905186597	0.03814730000770668	17
SEC24B-AS1	1.1402206	0.025699566889070737	0.03815822849156754	17
CRYAA	2.761932	0.02685209497159577	0.03983990351868808	17
ZNF552	1.0669855	0.027940778735709975	0.04133251292264789	17
OR2D3	3.2551098	0.030232389422942377	0.04452487396604179	17
MBD3L2	5.2776875	0.03150536402007639	0.04622944096856404	17
ZNF17	1.1315131	0.03210300668781401	0.047071857313510275	17
MTRNR2L8	2.0353398	1.4991056571962538e-130	2.8554393470404836e-129	18
DLK1	5.528704	6.711639805833515e-98	8.442314221174232e-97	18
SAT1	2.591014	6.3719543171272536e-83	6.501994201150259e-82	18
CLU	2.6903682	7.89901681271425e-80	7.859718221606217e-79	18
C1S	3.21599	6.803531095859113e-75	6.358440276503844e-74	18
DHRS3	3.2080169	1.2688087336621465e-70	1.1328649407697736e-69	18
HSPB8	5.39292	1.17451012989434e-68	1.0168918873544069e-67	18
IFI6	2.8172321	5.148640783762223e-64	4.152129664324374e-63	18
FTL	1.173968	1.652731220847829e-64	1.3546977220064172e-63	18
MIR100HG	4.0275216	5.877443600051666e-63	4.664637777818783e-62	18
ISG15	3.7987947	1.168847009924765e-59	8.956682068389004e-59	18
MTRNR2L1	1.2172923	3.016028238901071e-63	2.4032097521124073e-62	18
LOC284454	2.805969	4.741787700550242e-55	3.448572873127448e-54	18
ALPL	4.501653	1.1410776372802827e-48	7.658239176377736e-48	18
HHIP	4.4520993	4.0692398252913586e-45	2.591872500185579e-44	18
CTSD	1.4594067	9.980348195655663e-40	5.870793056268036e-39	18
TIMP1	1.6902702	1.6439638188964515e-38	9.475295786146696e-38	18
CYR61	1.9776542	6.740593286366395e-38	3.8082447945572856e-37	18
HSPA8	1.1938496	1.6190126135753697e-37	9.095576480760505e-37	18
SDC4	2.2332656	1.1349042689310681e-36	6.252916082264838e-36	18
C19orf33	2.7804494	1.774488123129082e-36	9.749934742467483e-36	18
COL1A1	1.3713672	3.3728932607135696e-35	1.7940921599540263e-34	18
PTGDS	2.7886436	3.6845261910254113e-34	1.919024057825735e-33	18
PRPH	4.818409	8.183822981112436e-33	4.143707838537942e-32	18
TSTD1	3.525808	6.137540075418892e-32	3.08419099267281e-31	18
EFNA1	2.3637986	4.5724467934576285e-31	2.2579984165222855e-30	18
SEPP1	1.986353	5.044698564816505e-31	2.485073184638672e-30	18
FN1	1.5162741	6.955749638538788e-31	3.418058790436751e-30	18
PTN	2.2999573	1.8659233709028506e-30	9.102065223916345e-30	18
APOE	1.8453333	5.120199806853619e-30	2.473526476740879e-29	18
MSLN	2.5304375	4.470332787605003e-29	2.144044502448443e-28	18
MFAP4	3.0432878	2.060275637422625e-28	9.764339513851303e-28	18
CRABP1	2.0896726	3.575621181863001e-28	1.682645262053177e-27	18
TUBB3	2.7334208	2.158959310436563e-27	9.995181992761866e-27	18
MIA	3.2928698	1.6381025918461303e-26	7.395497028650701e-26	18
PLK2	2.2661805	1.617144600349691e-26	7.317396381672809e-26	18
RGS16	1.8673722	4.9188405215473873e-26	2.2057580814113842e-25	18
FBLN2	1.7286865	5.565265638370911e-25	2.4625069196331464e-24	18
FRZB	2.5079162	2.0916084135273538e-24	9.113762150445985e-24	18
EGR2	2.0375612	9.41093366053893e-24	4.082834559886737e-23	18
RASL11B	2.0800269	5.343351094874476e-23	2.2786145393921007e-22	18
CLDN11	3.4217174	7.27015834412233e-23	3.093684401754183e-22	18
CXCR7	2.845526	1.706216107419557e-22	7.24507901239727e-22	18
RIN2	1.5373639	2.640744471070045e-22	1.1142381734472765e-21	18
TAGLN	1.7803664	5.2548649867588465e-21	2.1404745363579824e-20	18
GSTM1	2.6183188	1.0328166935522788e-20	4.1814441034505216e-20	18
CSRP2	2.3144639	4.1792505497244836e-20	1.6717002198897934e-19	18
BEX5	5.7080874	1.3838334271414822e-19	5.4696973404801665e-19	18
BEX1	2.4814534	3.6716693594789375e-19	1.4370525868802104e-18	18
HOPX	2.2948754	4.648780067269198e-19	1.8159297137770305e-18	18
STAT1	1.5828575	3.88216813500943e-18	1.4902756756274202e-17	18
FGF13	3.8788035	5.499590765477134e-18	2.1030939829740474e-17	18
ICAM1	1.678032	5.8073107016989e-18	2.2165308021751526e-17	18
ADM	2.4352975	8.991192406354513e-18	3.405754699376709e-17	18
PNP	2.1676383	2.4370378275931304e-17	9.11042178539488e-17	18
LOC541471	2.3864942	4.55111721424589e-17	1.6887262390522783e-16	18
GBP1	2.399196	5.960024439543459e-17	2.1992710109016454e-16	18
CTSL1	1.6154156	5.638118856433304e-17	2.0881921690493717e-16	18
LHFP	1.6428992	6.973731278916297e-17	2.563871793719227e-16	18
SFRP2	1.8458788	1.3086171909703353e-15	4.6903841970262905e-15	18
RASD1	1.7165955	2.284015462612812e-15	8.171790563909881e-15	18
MUC1	1.767381	2.6332533576786073e-15	9.371008390315327e-15	18
CD44	1.0958743	3.1017298010851094e-15	1.1018578334227743e-14	18
SLC1A3	2.056186	4.94685135576972e-15	1.744921113146286e-14	18
FOS	1.0404598	5.757465917981914e-15	2.0201634799936542e-14	18
PCNA	1.3813457	1.0113131589507853e-14	3.523739229793677e-14	18
DNAJB1	1.0627521	1.4563857044052473e-14	5.056894806962664e-14	18
GUSBP1	2.3773723	1.6795163978945168e-14	5.821547306393473e-14	18
RNASE4	2.4159214	2.386858315113447e-14	8.20226225124896e-14	18
EIF4A3	1.079734	2.3849054415176488e-14	8.20226225124896e-14	18
PDK3	1.4793851	2.622810513643415e-14	8.997634695174666e-14	18
GLA	1.3979452	2.7197906362208014e-14	9.314351493906855e-14	18
ASS1	1.6891488	3.2041253073004883e-14	1.0954274554873465e-13	18
TIMP3	1.0656141	4.5549295178425626e-14	1.554583453188588e-13	18
EDN2	3.6080039	6.792839396910655e-14	2.310489590785937e-13	18
ZNF727	2.9859378	9.816333091589779e-14	3.3163287471587095e-13	18
CTGF	1.6858748	1.8385881576031813e-13	6.190532517182429e-13	18
GATA2	1.6302497	4.4868760192184243e-13	1.5031410449642963e-12	18
LOC650226	2.9158545	6.397105182616516e-13	2.125284113826085e-12	18
DNAJB4	1.1392862	7.386933136287801e-13	2.437931728147789e-12	18
NFKBIA	1.0267543	7.66182700610089e-13	2.5244899525867843e-12	18
SRSF10	1.227501	8.462051937527235e-13	2.778998994261818e-12	18
SBDSP1	1.9136642	1.3350827219471057e-12	4.355897950887784e-12	18
KRT19	1.6568131	1.5518998130289781e-12	5.0550482509087235e-12	18
ZNF404	3.395104	3.354650557893114e-12	1.0838935566698268e-11	18
ARC	1.2011117	5.192733929503042e-12	1.672378077134635e-11	18
EPCAM	1.5341023	5.666741489380142e-12	1.8221033727910423e-11	18
C4orf52	1.8789968	6.062432287120248e-12	1.9462061916918937e-11	18
PCP4	2.737678	7.162565326324298e-12	2.2956940148475312e-11	18
NFKBIZ	1.1669312	7.735746655717926e-12	2.471484554542468e-11	18
MEOX2	1.1230168	8.07210572476643e-12	2.5748343619669636e-11	18
LOC100128252	1.8071986	1.1932982958083757e-11	3.782244994638275e-11	18
TYMS	1.4960791	1.5895199032953954e-11	5.01425837001702e-11	18
DDX47	1.4426824	2.7176561968588058e-11	8.519298422754877e-11	18
GUSBP9	2.507679	2.960895433789354e-11	9.267278353018322e-11	18
GEM	1.564123	5.889486382900787e-11	1.8290330381679462e-10	18
MX1	1.9541199	7.038694158752483e-11	2.1791622782515426e-10	18
CRYM	5.9135666	1.065105580876384e-10	3.2772479411581045e-10	18
PLS3	1.1226563	1.2327496414592402e-10	3.7698765793860556e-10	18
IGFBP4	1.1566178	1.9050118336053373e-10	5.746642031991968e-10	18
DIRAS3	2.22121	2.358434421311011e-10	7.093035853566949e-10	18
CAPG	1.0593417	2.491707351221755e-10	7.471386360485022e-10	18
CLIC3	1.2554992	2.7607810206234253e-10	8.253455965989313e-10	18
DANCR	1.5118514	2.87226820354138e-10	8.573934935944417e-10	18
VWA5A	1.4139276	3.2396919677400303e-10	9.627613574264576e-10	18
PRND	2.64884	3.435283597071303e-10	1.019371987261514e-09	18
HMGN4	1.243933	5.480613289166403e-10	1.6214832216468646e-09	18
CXCL14	2.11038	8.331741367263316e-10	2.454121168560623e-09	18
ICAM2	1.4972821	8.882404319278624e-10	2.604830352345143e-09	18
BTN3A3	2.148247	1.7174946454914286e-09	5.007273018925447e-09	18
WFDC2	1.5320942	1.9531793585686745e-09	5.669606265801668e-09	18
HIST1H3D	2.9791725	2.005580254282777e-09	5.813276099370368e-09	18
LIF	1.7364275	2.695957278035169e-09	7.758150440388977e-09	18
EGLN3	1.699098	3.1054583916694017e-09	8.885431735820893e-09	18
EFEMP1	2.182776	3.3624183737073346e-09	9.579539526231723e-09	18
GDF15	2.5079327	6.269275707370492e-09	1.7734867630468153e-08	18
B3GNT7	2.5653362	8.897162089210376e-09	2.5027178872603026e-08	18
MEIS1	1.4256234	1.0655277164293153e-08	2.98049710889319e-08	18
STEAP1	1.8378469	1.4895124958035634e-08	4.108999988423623e-08	18
IFI44	1.4146901	1.5896427449714673e-08	4.373157482727558e-08	18
OVOL1	2.764267	2.7387118532603316e-08	7.452277151728793e-08	18
FABP5	1.0353599	2.7796635964539975e-08	7.543184793633644e-08	18
NUDT4P1	1.1694597	4.041452172221042e-08	1.0864118742529682e-07	18
INE1	1.791999	4.2993761140049236e-08	1.1541949299342076e-07	18
RPL13P5	2.9882517	4.3768786185991406e-08	1.1734259031096892e-07	18
DDIT4L	4.5908065	4.981737748698852e-08	1.3266944736881097e-07	18
IL27RA	2.1269715	1.0174209373096712e-07	2.666896297010934e-07	18
WARS	1.122447	1.1092097786770189e-07	2.903690520096908e-07	18
CARD16	1.3089374	1.4476363322324777e-07	3.7748013878291466e-07	18
LOC401397	1.2845623	1.7259156094461051e-07	4.482897686873e-07	18
ZNF586	1.7708883	2.6057110601326263e-07	6.672755595730157e-07	18
RBM45	2.1527135	3.104501890681635e-07	7.919647680310293e-07	18
IRF4	1.7454909	5.170700246845671e-07	1.3073831218320282e-06	18
KLRC1	2.756568	6.735744245626414e-07	1.692398051664928e-06	18
DGKA	1.3216418	9.768526793449814e-07	2.4330079186674505e-06	18
NMRK1	1.0722013	1.0479067751472574e-06	2.6034950935335584e-06	18
KLK8	1.791981	1.137960429234037e-06	2.820306509215603e-06	18
DIO3	2.5614874	1.9363879185389326e-06	4.7460488199483645e-06	18
AQP3	2.2220538	2.427563449930539e-06	5.9281158728462495e-06	18
ZNF736	1.7297186	2.5483336646135402e-06	6.207877380300951e-06	18
OTX2	5.474877	2.822162186373801e-06	6.858231315610695e-06	18
GPC3	2.6857777	3.56322840187659e-06	8.648612625914054e-06	18
RMDN2	2.459643	3.7006168466432174e-06	8.927905540755652e-06	18
CTH	2.4614117	3.7102332761143715e-06	8.940321147263546e-06	18
CABYR	2.2645159	4.056300254149892e-06	9.739016216446318e-06	18
ZMYND12	2.9087358	4.591771156397522e-06	1.0971974089360864e-05	18
DNAJA4	1.0889325	4.657111177777698e-06	1.1114823813311929e-05	18
POLB	1.3891193	6.8329112142047716e-06	1.6230192907849815e-05	18
S100A16	1.108148	7.533322566232569e-06	1.785147527543263e-05	18
FAM218A	3.1638324	7.668143905458057e-06	1.814945303066996e-05	18
ZNF676	4.9945984	8.60707800460118e-06	2.032367887745261e-05	18
FAS	1.2396157	9.376530786901031e-06	2.201063565000242e-05	18
IFIT2	1.6913313	1.0235759731906595e-05	2.391532647641728e-05	18
ZNF165	1.5636741	1.0972868780754337e-05	2.554800647439892e-05	18
IL6	2.3411124	1.1079357745587474e-05	2.5765948245552264e-05	18
ZNF253	1.7570319	1.2904325183375082e-05	2.9905736230301464e-05	18
DBR1	1.461605	1.7062927109941793e-05	3.9135153921884845e-05	18
ZNF345	1.801328	1.9209024676213487e-05	4.38562207219486e-05	18
BCYRN1	2.5650306	1.966277110435714e-05	4.478991139944679e-05	18
TMEM116	1.8494279	2.0245913139839428e-05	4.601343895418052e-05	18
MUC6	2.0531626	2.0437445382614904e-05	4.639601675962521e-05	18
KRT7	1.2560579	2.1038328200879144e-05	4.759802760379897e-05	18
SNORD113-4	3.1401532	2.145836672286002e-05	4.849348411945767e-05	18
ARG2	1.3957281	2.2592639891010848e-05	5.094169084782604e-05	18
ETV7	3.3717017	2.4491884083691065e-05	5.497617078269599e-05	18
GPR83	4.6674333	2.7502189311995945e-05	6.132037750723733e-05	18
RBM11	3.2516155	2.936852283675367e-05	6.526338408167482e-05	18
KLHDC1	1.6813377	3.691400096682573e-05	8.148786085391994e-05	18
CHRDL2	8.475413	3.8550972589778044e-05	8.500765730932314e-05	18
PIGW	2.0007374	3.9727626487055674e-05	8.731346480671576e-05	18
F2R	1.0242193	4.338466030700606e-05	9.482985859454875e-05	18
CCK	5.7500806	5.297701742158992e-05	0.00011516742917736939	18
HBEGF	1.0982115	8.057471070677958e-05	0.00017309282643776492	18
SNORD114-25	4.027756	8.597117457727838e-05	0.00018409245091494298	18
TMEM8C	4.345412	8.770356240645861e-05	0.00018760120300846762	18
BTN3A1	1.1462106	9.05795230136945e-05	0.00019354598934550105	18
TMEFF2	4.0479345	0.00010436783733413599	0.00022229571317174867	18
ULBP2	1.9320961	0.0001066105495359221	0.00022683095645940874	18
LOC100289230	2.8201528	0.0001079254013239523	0.00022938448740478703	18
SNORA48	2.145262	0.00010934211565017063	0.00023214886549930073	18
OR2A7	2.2579005	0.00011968386547147382	0.0002535675115921056	18
CALCA	4.2528944	0.00013307554946476226	0.00028134365637370455	18
ZNF204P	2.9669147	0.0001339148019061948	0.0002828190114175181	18
VTRNA2-1	4.8480515	0.00014109047789572432	0.00029765923606692895	18
SERPINA3	5.705405	0.00014126553999062986	0.00029771452052819783	18
HIST1H2BG	2.3594637	0.00015253215668654252	0.00032078266390440067	18
OCLM	1.3337115	0.00018207415650316072	0.0003805102539251008	18
TREX2	3.0774856	0.0002578319347321773	0.0005349210264153056	18
TRIM34	1.6293485	0.0003042014344859722	0.0006278667378451439	18
MFSD2A	2.2759476	0.0003283951675243444	0.0006750157605844695	18
ZNF337	1.4332591	0.00036166455296157164	0.0007426376857527138	18
SNORD80	1.8284891	0.00044237474285513124	0.0009018853065344164	18
ZNF211	1.3535566	0.0004509086080165304	0.0009183474705020986	18
CD24	1.4643425	0.00046639935486114464	0.0009489305287103655	18
LGR5	3.5576274	0.0004935730609444648	0.001001162395424878	18
NSUN3	1.4728436	0.0005157767253653194	0.0010430267449248116	18
PITX2	6.2782106	0.0005756735091386645	0.0011594632611050643	18
PRIM1	1.3862817	0.000611136442263341	0.0012284149593232987	18
HIST1H2BN	2.2519283	0.000673358742382733	0.0013521259887203474	18
ZNF674-AS1	1.6768271	0.0006767148550527754	0.0013575022167558182	18
ZNF93	1.7334603	0.000679758212102344	0.0013622409060167213	18
IFIT3	1.1513398	0.000680919875713537	0.0013632029543814556	18
C2orf74	1.0944892	0.0007565362017042634	0.0015110831069005024	18
PIGB	1.4288094	0.0009186866508095643	0.0018209844416443297	18
METTL21D	1.155553	0.0009574508873317299	0.0018884632886227413	18
ZNF439	2.0051367	0.0009836332555014816	0.0019343820167187446	18
ZNF596	2.1122773	0.0009987679828449255	0.001960290447193181	18
SP140L	1.3721689	0.001173883363256877	0.0022949821373545983	18
BLID	3.3040826	0.0013020884858356361	0.002533246081392288	18
RNF39	1.2306905	0.0013321752936140856	0.002586748142939972	18
ASTE1	1.360865	0.0013505458752980494	0.0026198756067857413	18
RHEBL1	2.1084037	0.0014089494699241008	0.0027252407542052237	18
RAB39B	1.9704384	0.0014189677505865904	0.0027419666678001747	18
ZNF77	2.1782103	0.0015244293893834282	0.002937243524823561	18
CKMT1B	4.1945777	0.0016001856926488136	0.0030802419492758685	18
UEVLD	1.3036083	0.0017253597386136848	0.0033148121779321515	18
ZNF141	1.2863696	0.0019114039692735044	0.003647717498613558	18
SOST	1.5188736	0.0019296129636763627	0.0036754532641454524	18
CCNE2	1.8318833	0.0020868980641401465	0.003967486813954651	18
ZNF85	1.3342493	0.0021682394353494724	0.00411430632893638	18
ZNF443	1.7692554	0.002326428105237886	0.004406113835677814	18
SPINK2	4.1105256	0.0025884960359184223	0.004879351622843398	18
FGG	2.033591	0.003226860393649031	0.006020261928449685	18
LOC441204	3.2581143	0.0032367758846683545	0.006033133056231789	18
TGM3	6.0290246	0.0032638491211078586	0.0060779313242232	18
MYLK-AS1	2.4280539	0.003642620758001983	0.006726908140354539	18
EPHB6	1.9080774	0.00397767044025303	0.007318620865230966	18
CHAC1	3.3514233	0.004030067223508661	0.007408211807920333	18
NAP1L2	2.3342967	0.004166116204008505	0.007637243270409724	18
TADA1	1.1487674	0.004210227256280945	0.007703984000514081	18
DPT	1.5033113	0.006053340635041699	0.010877521356768552	18
ZNF565	1.2912362	0.006088798222451689	0.010931415121098185	18
HAS2	2.2561545	0.006111597229808978	0.010962506241809826	18
SNORD47	1.342746	0.0062447703657410435	0.011181325632481726	18
KRT19P2	1.894787	0.00639379004973667	0.011427685522317552	18
XGPY2	2.4710753	0.006807656569340161	0.012113267916975375	18
HIST1H2BH	4.209036	0.007004282315782966	0.012440998784694434	18
SNORD99	1.8349644	0.007648428486049115	0.013501197680580961	18
FAM19A4	4.088275	0.007913384076452383	0.01393201421910631	18
FLJ27352	1.947375	0.007931352936049796	0.013951368401143001	18
SLC34A2	4.266719	0.008286891333587188	0.014525664037839068	18
MIR411	2.7998896	0.008714262070197754	0.015221418463227518	18
LPAR2	1.0485758	0.008877211213546368	0.015465524762275903	18
PAX3	1.6544548	0.008933959234348175	0.015550842879631287	18
ZNF222	1.2060691	0.009442356848014997	0.016407223020008684	18
CRYAA	4.70107	0.00954364956438728	0.016540120562196326	18
C21orf7	1.4024551	0.010209162256651612	0.017632404588344756	18
ZBTB2	1.1073403	0.010246647352809345	0.01768187636377799	18
MRPL42P5	1.6130725	0.010431598039165508	0.017985513860630187	18
ITGBL1	2.7129672	0.010646003582801856	0.0183235862010359	18
LINC00648	6.5648813	0.010712354117831677	0.018421933134706237	18
HIST1H3A	1.8924925	0.010930181945857948	0.018748168003186877	18
RGS17	2.7631469	0.011181682533893662	0.019146716667626136	18
TMEM200A	2.609582	0.011346056536424249	0.01941155951484046	18
ZNF419	1.1521486	0.012219524781811675	0.020816907635113586	18
CHI3L1	1.3367312	0.012395490753054869	0.02108076658682801	18
EPHX4	3.289626	0.012770131937922173	0.021699459537675738	18
C1QTNF3	1.406264	0.014218557988323386	0.023997566225018373	18
CALCB	7.299147	0.01575522404420832	0.02645713525475788	18
ZNF563	1.6402138	0.016179928243569314	0.027147530610015628	18
SERF1A	3.8280962	0.016537458722234947	0.027724155443813823	18
LAMP3	2.4623778	0.017097015431674956	0.028566441824018306	18
GCSHP3	1.2911566	0.018224856683188437	0.030299013604635803	18
ZNF613	1.3570338	0.018765382450785573	0.03112003723181687	18
ZNF233	1.6189862	0.019149196507941002	0.03173023447877548	18
ZNF684	1.4028485	0.019811449429824386	0.03274619740466841	18
CYP2E1	2.0983727	0.01998394848165127	0.03300404373517963	18
FASTKD3	1.0501798	0.02148958467299103	0.035315669142138094	18
OMD	1.1738425	0.022036833104069724	0.036115306871056026	18
ADRB1	1.1827579	0.023023277357176082	0.03765049445163709	18
SNORD42A	5.0125217	0.023734517202569933	0.03875023216746111	18
ZNF30	1.4491318	0.023758640763358693	0.03875797840678417	18
ELOVL4	1.2405212	0.02417164957456631	0.03933547530442036	18
C3orf55	2.2587216	0.025070359483138474	0.040764812167704834	18
PRG2	2.1371944	0.025248990820641536	0.04102191847382865	18
KRTAP5-9	5.1446667	0.02675803179915952	0.04340313349417602	18
LOC653160	2.3182786	0.02743596278470324	0.04446671439984318	18
PRELP	1.0802634	0.028322552624392112	0.04581680949712163	18
ELOVL3	3.891494	0.028509437840636247	0.04602007722459442	18
MOXD1	1.238038	0.029388169195693207	0.04728587159403573	18
MTRNR2L8	5.2369213	2.321069261304052e-216	8.003687107945007e-215	19
MTRNR2L1	4.872603	3.6075054457751903e-196	1.0020848460486641e-194	19
LHFP	4.7164025	4.3825730276782695e-94	4.763666334432902e-93	19
SAT1	2.6417336	5.273626540370796e-71	4.358369041628758e-70	19
MEOX2	2.9701781	2.8614769432697824e-56	2.1117911020441198e-55	19
FN1	2.1334982	1.2012201598928117e-55	8.704493912266751e-55	19
DHRS3	2.469475	4.166621189815211e-52	2.8735318550449735e-51	19
C1S	2.3679714	8.462345402342502e-52	5.796126987905824e-51	19
TIMP3	2.0641816	1.5414146734300685e-50	1.0379896790774872e-49	19
ZBTB16	2.598095	2.885067368460265e-44	1.72242827967777e-43	19
MXRA5	2.8314085	6.68114270041799e-43	3.953338875986976e-42	19
HSPB8	4.356044	6.983235898721666e-41	3.923166235236891e-40	19
CNN1	2.7770596	5.392369548579288e-39	2.979209695347673e-38	19
LOC284454	2.324613	9.772994517919109e-39	5.369777207647863e-38	19
EMP1	2.7260063	1.1140703333039818e-36	5.817599651717921e-36	19
CRABP1	2.2982564	3.2152059394380184e-31	1.5024326819803824e-30	19
FOS	1.6096163	5.600349738497553e-30	2.5689677699530056e-29	19
FBLN2	1.869605	8.058570123686715e-30	3.6713303524768633e-29	19
SDC4	2.1262476	1.8968727515129493e-28	8.525270793316625e-28	19
CLU	1.4823927	2.2901925181302585e-28	1.0269921605965285e-27	19
MIR100HG	2.7013116	2.5751739881309077e-27	1.13443788023388e-26	19
TAGLN	1.9948161	1.74965508248786e-26	7.59069450103193e-26	19
MIR4461	4.2319303	1.0495522986306119e-25	4.437853271165379e-25	19
IGFBP4	1.8205274	1.833620594087323e-25	7.704288210450937e-25	19
TEKT4P2	2.6365418	3.1039289478481518e-24	1.2695005921669333e-23	19
KRT5	8.417177	2.7446843537554027e-23	1.097873741502161e-22	19
SULF1	1.7917508	4.7428365220237813e-23	1.8858196906655194e-22	19
NUDT4P1	2.299668	2.3512700210147848e-22	9.148910587606165e-22	19
FRZB	2.2510886	6.308932230713543e-22	2.4311877575004017e-21	19
EGLN3	2.6992254	1.0303394472425392e-20	3.873456568580974e-20	19
MFSD1	1.7627397	1.9590160609960054e-20	7.269076293120613e-20	19
SBDSP1	2.4897883	2.712274893255982e-20	1.0008394440058972e-19	19
MFAP4	2.3896847	1.6934191686354803e-19	6.11342660157213e-19	19
CD44	1.2773945	1.7906920653171225e-19	6.44133836445008e-19	19
RASD1	2.0270889	4.478885004784659e-19	1.6024633290821675e-18	19
CTGF	1.9651731	7.946387590410501e-17	2.716713706123248e-16	19
CYR61	1.2533118	8.483432958284269e-17	2.895369610335928e-16	19
TIMP1	1.0551729	4.538248888740803e-16	1.5229023116579876e-15	19
CNIH	1.5684462	1.101878882631058e-14	3.6009113811472484e-14	19
GBP1	2.2037349	1.2271113185996739e-14	4.003625835561742e-14	19
LOC541471	2.2407053	2.1928109236667117e-14	7.085011061927986e-14	19
FKBP5	1.5531911	2.5550213288385568e-14	8.24200428657599e-14	19
STEAP1	2.5281951	5.101582281757687e-14	1.6430216688430555e-13	19
ALPL	2.0547824	5.394057607823237e-14	1.7316396814841852e-13	19
LXN	2.601573	1.3089175732848324e-13	4.13560054750342e-13	19
DGKA	1.9586531	3.430804789481134e-13	1.0687865387791693e-12	19
PDK3	1.5353357	4.1489494229129535e-13	1.286495945089288e-12	19
CTSL1	1.3883058	8.700691080704115e-13	2.6689236443877653e-12	19
ANKRD36BP1	1.257204	1.0447141717544113e-12	3.1948445619400956e-12	19
SFRP2	1.3679107	5.917831961601498e-12	1.779799086195939e-11	19
SRSF10	1.3301209	7.955301927018123e-12	2.3853978791658536e-11	19
C2orf74	2.2210593	5.018233893208948e-11	1.4694681971329276e-10	19
RCAN1	1.8142562	8.970613414842003e-11	2.596414881285674e-10	19
MAGEA11	4.5603867	1.0747090699197006e-10	3.0971442937167164e-10	19
F2R	1.5232481	1.081439873316677e-10	3.11205718940051e-10	19
OCLM	2.3385212	1.264200415007125e-10	3.622350759332736e-10	19
GNG10	1.2185259	3.669079212761714e-10	1.029806054728423e-09	19
ZNF727	2.6790485	4.0495232268032164e-10	1.1343202315975396e-09	19
PLS3	1.0774996	4.1174332717886404e-10	1.151729586514305e-09	19
HSPB6	1.2701856	4.467793320172193e-10	1.2479869609419534e-09	19
RNASE4	2.0416565	5.619065746656195e-10	1.5630224608223073e-09	19
GUSBP9	2.8573768	5.859082995124865e-10	1.6252657406726395e-09	19
LOC100128252	1.622677	8.019117711457289e-10	2.221362246941077e-09	19
DDX47	1.231196	3.117742659768844e-09	8.437733855937332e-09	19
ADRB2	1.5681752	3.4453576604684416e-09	9.311777460725519e-09	19
MEIS1	1.5677558	5.891035912104336e-09	1.5772519175647486e-08	19
EGR2	1.1293318	6.309315705121717e-09	1.6869828088560742e-08	19
GUSBP1	1.8186196	7.1339317368369535e-09	1.902381796489854e-08	19
MT1X	1.4224172	7.515547457481815e-09	1.9961613432886626e-08	19
CXCR7	1.629094	1.1716000047626536e-08	3.075065629298303e-08	19
ABHD3	1.7188717	1.6073022744457633e-08	4.202097449531407e-08	19
C4orf52	1.5610497	1.6366799865661732e-08	4.2733158918176846e-08	19
BEX1	1.6864388	1.919328564670767e-08	4.9917517936820986e-08	19
C21orf7	3.2564511	2.1675427774505375e-08	5.622679059534468e-08	19
F3	1.6662105	3.642129820107058e-08	9.338794410530918e-08	19
TUBB3	1.305087	5.664551916703496e-08	1.439530347319821e-07	19
H19	1.6026995	1.5512766643973333e-07	3.873349973526425e-07	19
ZNF383	2.3584433	1.6321495388346234e-07	4.065129611045139e-07	19
CHI3L1	2.6284215	2.509878304986635e-07	6.181966268439988e-07	19
MT2A	1.1146272	3.102662681726916e-07	7.585972326960675e-07	19
MFAP5	3.4112253	4.408445010031032e-07	1.0674200992811217e-06	19
EDN3	1.541847	4.4605649200064596e-07	1.0787339588891075e-06	19
BEX5	3.7702188	4.87782181090602e-07	1.1767965768168927e-06	19
POLB	1.4893571	7.494355842119422e-07	1.7950552915256103e-06	19
BCYRN1	3.378967	8.573490571947037e-07	2.0486237925799373e-06	19
DLK1	1.0545882	1.178580017853033e-06	2.7961566259858435e-06	19
ZNF676	4.966541	1.5500167929349365e-06	3.6470983363174977e-06	19
TMEM116	2.2888954	2.9460628731816576e-06	6.8195899842168e-06	19
ARHGEF3	1.0878893	3.422939331993944e-06	7.905171667422503e-06	19
MCTP2	1.4466658	3.5216599635929512e-06	8.123783076338989e-06	19
MIR3064	2.1721003	4.723816966110441e-06	1.0809649808033045e-05	19
DIO3	2.1199498	5.644649109472342e-06	1.2857970636611258e-05	19
SP140L	1.7617763	6.881161942974664e-06	1.5624836668422723e-05	19
ZNF736	1.9127829	7.330066890507635e-06	1.66214668718994e-05	19
LIF	1.2338831	8.963098628820626e-06	2.0255590121628533e-05	19
ZNF256	2.1171541	9.552640573984142e-06	2.1539212117213397e-05	19
LOC401397	1.1279756	1.1652649962554416e-05	2.606856814889131e-05	19
FGF13	2.1138132	1.2880296912232375e-05	2.8686630094058743e-05	19
AQP1	1.0593863	1.3002643491565944e-05	2.892690431939031e-05	19
SLC1A3	1.2560474	1.4876479022328053e-05	3.294901223106988e-05	19
XGPY2	4.3301806	1.8530290704104452e-05	4.081561829097897e-05	19
HHIP	1.3839089	1.938641220893252e-05	4.251406186169412e-05	19
TNNT3	1.631992	2.2507319554504124e-05	4.914261911463782e-05	19
PSMA8	5.4812245	3.5551192236364365e-05	7.686744267322025e-05	19
ZNF345	2.0913832	4.978451432398728e-05	0.00010637716735894718	19
SNORA48	2.2489038	5.301849471257872e-05	0.00011292544134734553	19
C3orf55	3.5133603	5.9878663914982274e-05	0.00012672733103699952	19
SNORD113-4	3.8803935	7.911045921861503e-05	0.00016585001932623697	19
ZNF708	1.3948447	8.065642837921136e-05	0.00016891398613447405	19
TSTD1	1.2905704	9.753476338792871e-05	0.00020319742372485147	19
KRT85	4.329906	0.00010370973977817464	0.00021561276461158968	19
NSUN3	1.6317141	0.00012017388897501027	0.0002482931590392774	19
PIGW	1.9307032	0.00012672605447696238	0.00026129083397311833	19
MIR1244-3	4.338759	0.00013025747860174634	0.00026719482790101814	19
MIR1244-2	4.338759	0.00013025747860174634	0.00026719482790101814	19
MIR1244-1	4.338759	0.00013025747860174634	0.00026719482790101814	19
LOC100127983	2.3127937	0.00013546098629614562	0.00027673337343441396	19
KRT75	7.1146145	0.0001367826380067724	0.00027914824083014777	19
CFH	1.442608	0.00014845914413510013	0.0003014398865687312	19
METTL21D	1.2481077	0.00016696271443263354	0.00033763946295780294	19
SNORD47	2.242833	0.00021665963491736804	0.00043418764512498603	19
INE1	1.1278324	0.00025307563247290696	0.0005061512649458139	19
SNORD114-3	3.7496595	0.00025448177597220937	0.0005084550968475712	19
MAGEA1	4.3618493	0.0002634699618522027	0.0005253638322077821	19
GDF15	1.611806	0.00026701227884600207	0.0005318969698127531	19
ZNF404	1.8649496	0.00029066042546291293	0.0005767071933787955	19
CABYR	1.977746	0.00031342446520012915	0.0006188044722608671	19
NAP1L2	3.12456	0.00032747582126609417	0.0006446374434371932	19
KLHDC1	1.9189628	0.0003363215062839477	0.0006607495211865377	19
MMP19	1.8573976	0.00035306633955458413	0.0006922869403031061	19
KRT19P2	2.3097017	0.0004042598099520183	0.000786598528249708	19
ALDH1A2	1.6044123	0.000451043886966242	0.0008724253132809323	19
SNORD76	2.5561857	0.0004622280175453149	0.0008923320802033106	19
ZNF571	1.7265724	0.0004808573397071919	0.0009274008480370144	19
EFEMP1	1.2665255	0.0005492885726194437	0.001053285853536805	19
ZNF337	1.3548722	0.0005621232637260841	0.0010758339975618836	19
PIGB	1.5409392	0.0006316566912150153	0.0012031556023143148	19
RBM45	1.5386037	0.0008291569989119075	0.001567404534805118	19
SNORD32A	3.482212	0.0008489388082434389	0.0016017713363083751	19
MIR3198-2	4.3687	0.0010343003762545407	0.001938707359427443	19
DYNLRB2	4.331963	0.0011098401964335025	0.002074467656885051	19
ZNF180	1.7990428	0.0011186515019406464	0.002087036384217624	19
ZBTB26	1.5982642	0.0011324969840241657	0.0021108983858791532	19
ZNF222	1.5234371	0.0011598322926803862	0.002157827521265835	19
UEVLD	1.4714277	0.0013148370983849004	0.0024326310793430167	19
ZNF596	2.3905485	0.001443985862282008	0.00266172509176407	19
RBM11	2.621795	0.0014919279125586023	0.0027450375576055243	19
SLC25A20	1.440671	0.0016972383391324587	0.0031170584740724677	19
SEC24B-AS1	2.5491908	0.001994135460652941	0.003638933322359381	19
GCSHP3	1.7694861	0.0021216712649449465	0.0038436073640307	19
ZMYND12	2.178231	0.002149273505173684	0.0038900877921695634	19
MIR568	2.2278798	0.002481653479246728	0.004462574081969188	19
ZNF699	2.037997	0.002483422476615853	0.004462574081969188	19
GUSBP5	2.504117	0.0026138063967753133	0.004685079269563661	19
KRT6A	2.6899796	0.0031948443366331394	0.005689838533629812	19
COMP	1.6345766	0.0033548445070805976	0.005943037213606019	19
DACT3-AS1	4.604367	0.0034570553984585696	0.006107871728725389	19
RPL13P5	1.5764799	0.003684992409281947	0.006499104778275039	19
FAM218A	2.375711	0.003978326989643285	0.006985648796564152	19
RERG	1.4212006	0.003977417520399896	0.006985648796564152	19
ZNF564	1.1794014	0.00424185345863253	0.007441848173039526	19
BDKRB1	4.3610272	0.004264981062529001	0.007475865140278705	19
RMDN2	1.7308844	0.0043214545339588595	0.007566777443505966	19
RSPO3	1.4071388	0.00453631721699346	0.007923698195621765	19
PRR5L	1.4352868	0.005195321581861316	0.009051082895228775	19
SRPX2	3.05014	0.005362545065461288	0.009334282098279004	19
C6orf164	3.2344856	0.006383892688398115	0.011016208262982078	19
MIR597	2.5330632	0.00701193845831509	0.01204800422390909	19
TMEM177	1.6892349	0.007298051271920298	0.012485973091394863	19
ZNF573	1.0421898	0.0073850371044627385	0.012623995050363657	19
LOC644656	2.3527763	0.00763118030313009	0.013022491984863636	19
LOC100289230	2.098039	0.008444488406390591	0.014336992201002702	19
ZNF214	2.1856291	0.008895471087833859	0.015064303281683079	19
C19orf59	2.6720345	0.009109138013409427	0.01540460962128483	19
SNORD58C	3.3636847	0.00926336485478821	0.015634371062933687	19
HIST1H3A	1.7360278	0.009982089441642418	0.016783564143998213	19
IGIP	1.6567965	0.009986220665678936	0.016783564143998213	19
RMRP	2.9461112	0.011264838562960705	0.018821785401772272	19
SNORD63	3.6860297	0.011294808006901979	0.018856106856263738	19
LARS2-AS1	1.9337549	0.011622106405205817	0.019370177342009697	19
ZNF663	2.871394	0.012140348721459429	0.02018345589602565	19
ZNF141	1.1501011	0.012217382503889616	0.020294655322075774	19
ZNF439	1.58977	0.012324097794310929	0.020437973124893746	19
LINC00693	3.2602491	0.012640617912676592	0.02087633016131559	19
LOC729013	1.1852368	0.013486235516974731	0.022209757260068384	19
ZNF773	1.1620429	0.013492427535491545	0.022209757260068384	19
TREX2	2.7086897	0.013897023349178354	0.02280568478819559	19
ULBP2	1.3611673	0.013900064878405212	0.02280568478819559	19
TNMD	1.5711324	0.013927997379017764	0.022832782588553712	19
TRIM34	1.3228011	0.014279176804858731	0.023312941722218334	19
LINC00469	4.8977757	0.014535412689331922	0.023692604220589927	19
ZRANB2-AS2	2.8428717	0.015233706603110304	0.02471858671032022	19
SCRG1	1.5580356	0.015239008706912416	0.02471858671032022	19
ZNF844	1.1414257	0.01652008490696058	0.02668834395308656	19
ZNF17	1.4965805	0.016607460497341908	0.026807845839131407	19
MIR3671	3.0040712	0.01854851197909016	0.029749016806880767	19
PROK2	1.7805228	0.01899630542315788	0.030394088677052605	19
BLID	2.5373995	0.01926031385949694	0.030791868680250908	19
SNORD80	1.4215031	0.019667822386304698	0.03141824662348993	19
SNORD114-1	4.2981153	0.02149943796169226	0.03415319771515848	19
ZNF77	1.7077239	0.022596875494230038	0.03561367296174947	19
MYLK-AS1	2.6952927	0.02296405078359	0.036135406425790724	19
SCARNA17	1.2868325	0.0251769359448116	0.039431379709963355	19
HIST1H3D	1.2277932	0.02522522096603641	0.03947608914872677	19
CA9	2.8635244	0.02533937090147569	0.03959276703355576	19
ZNF419	1.2785685	0.02533935734408943	0.03959276703355576	19
ZNF253	1.0122758	0.028015427240101545	0.04367174940000241	19
A2M-AS1	1.4273357	0.029721008829405496	0.04604339090535321	19
SNORD99	2.1046064	0.0299048190457696	0.0462564873097751	19
TNFSF4	1.5252577	0.029896978718305246	0.0462564873097751	19
LGR5	2.1676607	0.03001352432023305	0.04638875474533702	19
ZNF204P	1.6775519	0.03068035508212922	0.04738278777162814	19
LIPT1	1.1554532	0.03171165641115556	0.04886233653490841	19
CD74	7.329476	2.1843235e-317	6.0675653e-316	20
HLA-DRA	8.101842	1.5992668931969962e-255	3.514872292740651e-254	20
C1QB	7.7164226	3.504529820867999e-234	7.152101675240814e-233	20
TYROBP	6.318545	5.7985912278182875e-245	1.2207560479617447e-243	20
C1QC	6.790086	4.834598820874677e-232	9.573463011633023e-231	20
LAPTM5	6.0662766	4.987700571407849e-237	1.0391042857099686e-235	20
B2M	2.8080943	3.56761128401407e-301	9.388450747405448e-300	20
FCER1G	6.9096766	1.018354839204364e-200	1.834873584152007e-199	20
FCGR2A	6.9903708	2.574742859295802e-190	4.363970947958987e-189	20
MTRNR2L8	3.2624133	1.20567962e-315	3.3032318375e-314	20
SAT1	4.686175	1.0333485047269785e-209	1.878815463139961e-208	20
C1QA	6.7007747	3.6294385402681536e-184	5.901526081736835e-183	20
IFI30	6.8850517	5.684677233165582e-178	8.952247611284382e-177	20
MTRNR2L1	2.8337755	5.878472613657852e-235	1.212056209001619e-233	20
SRGN	5.4105525	2.116109154685591e-177	3.306420554196236e-176	20
CTSB	4.5652037	1.5294962319756596e-171	2.2999943337979843e-170	20
HLA-DPA1	4.82116	2.2792654055363992e-178	3.6178815960895224e-177	20
HLA-DMB	6.1992183	5.376353442698058e-167	7.90640212161479e-166	20
CSF1R	6.166163	7.83315203561696e-166	1.1270722353405698e-164	20
HLA-DMA	5.005347	3.2556949672003276e-167	4.823251803259744e-166	20
RGS1	7.057721	1.734582121403023e-166	2.5322366735810553e-165	20
HLA-DRB1	4.5259123	2.171590376061362e-165	3.1022719658019454e-164	20
FTL	3.1371114	2.483728065566757e-161	3.523018532718804e-160	20
A2M	5.504208	4.7110447785395824e-151	6.281393038052776e-150	20
CD68	5.551302	2.7524494375254314e-150	3.645628394073419e-149	20
IER3	5.1694856	9.128483180427908e-149	1.1932657752193344e-147	20
HLA-DQB1	5.0390296	2.4401181457316893e-145	3.1084307588938714e-144	20
C5AR1	6.353372	5.310953795300246e-143	6.680445025534901e-142	20
MSR1	6.3122993	2.0010730161955914e-142	2.501341270244489e-141	20
MS4A7	5.6688094	6.744665583387986e-142	8.326747633812328e-141	20
SGK1	5.6458254	6.877168533204425e-141	8.386790894151737e-140	20
CTSD	4.0568137	2.178077704069816e-140	2.640094186751292e-139	20
MS4A6A	5.8360615	8.166042724339764e-139	9.66395588679262e-138	20
CTSS	4.3208604	1.1972802902253795e-137	1.3921863839829996e-136	20
CXCR4	4.5918827	3.976844114051973e-139	4.734338231014254e-138	20
CD14	6.530212	2.1429382120915968e-132	2.4490722423903964e-131	20
FTH1	3.0821302	1.710712568113338e-135	1.9777023908824717e-134	20
FOLR2	7.4662604	6.434913651088626e-125	7.110401824407321e-124	20
SOD2	5.4153275	1.0832069479864763e-122	1.1838327300398648e-121	20
ITGB2	4.1451697	1.987274252400481e-120	2.136854034839227e-119	20
FCGR3A	5.9363546	6.992274247499278e-119	7.3217531387427e-118	20
RNASE1	7.4828715	2.9024636856202025e-117	2.992230603732167e-116	20
PLAUR	5.4568353	6.862715275542179e-117	7.038682333889415e-116	20
CD4	4.561869	2.2390278466732196e-115	2.2616442895689084e-114	20
HLA-DPB1	3.2164261	4.910300069663837e-119	5.196084729803002e-118	20
STAB1	5.437718	3.1882167160368014e-114	3.17235494133015e-113	20
NAMPT	4.623203	6.786495403666578e-115	6.820598395644801e-114	20
SLCO2B1	5.8742447	3.743058256986462e-114	3.7059982742440213e-113	20
GPR183	6.422991	5.267886099892529e-114	5.19003556639658e-113	20
CSF2RA	6.08782	1.060843298416716e-109	9.960969938185128e-109	20
CD163	6.0625815	1.3627415103725507e-109	1.2735901966098605e-108	20
ALOX5AP	5.1107016	2.669906321146033e-109	2.4721354825426232e-108	20
MFSD1	3.6858091	3.1158088248761063e-108	2.8585402063083545e-107	20
AIF1	4.847264	1.62330676125281e-106	1.4690558925364797e-105	20
CAPG	3.8422716	2.6634752570689145e-105	2.388767046698578e-104	20
CXCL16	5.1531506	3.066574398817022e-104	2.725843910059575e-103	20
MS4A4A	5.987112	5.1903421322314566e-104	4.593223125868545e-103	20
LAIR1	5.0721784	9.557230743580641e-104	8.420467615489552e-103	20
CTSC	4.4735107	7.65464536736182e-102	6.570511044945769e-101	20
CCL3	6.799422	5.157507427883986e-98	4.176119374804847e-97	20
RGS2	5.206953	3.023217005587727e-97	2.428286751476086e-96	20
TMEM176B	5.1553493	8.305255568915061e-97	6.617733521047857e-96	20
CTSL1	5.21431	1.362692223867794e-96	1.0815017649744397e-95	20
HLA-DQA1	5.2035623	1.9738977784587402e-96	1.5603935007578973e-95	20
PLIN2	5.517881	5.890374397513066e-96	4.619901488245542e-95	20
CREG1	4.2678485	6.173351744233679e-95	4.804164781504808e-94	20
HCLS1	3.8631256	2.7348318951506363e-94	2.0876579352294933e-93	20
FPR1	6.2070155	3.2263579179921763e-93	2.444210543933467e-92	20
CCL3L3	7.2929826	1.8015266885178333e-92	1.34442290187898e-91	20
ARHGDIB	3.2324295	1.0402273085506848e-94	8.00174852731296e-94	20
CD83	5.0012374	2.574620886307379e-92	1.9142162723474934e-91	20
NFKBIA	3.496702	1.8920189512940598e-93	1.4387976815924409e-92	20
CD300A	5.207573	1.0968552127543782e-91	8.094872418851499e-91	20
TBXAS1	5.069646	1.1975654693021072e-91	8.805628450750788e-91	20
CD53	3.8031774	6.722858922144393e-91	4.907196293536053e-90	20
C3	6.6936035	1.3660269797477681e-87	9.65390091694536e-87	20
HLA-C	1.3961985	9.454020564676217e-100	7.813240136096046e-99	20
CPVL	4.1957636	1.8223980610915693e-86	1.2744042385255731e-85	20
LYZ	4.4187393	9.019054399649841e-87	6.35144676031679e-86	20
SEPP1	5.948455	9.061524538280762e-85	6.292725373806085e-84	20
TLR2	5.159319	7.570019411297328e-84	5.184944802258444e-83	20
SERPINB9	3.87498	5.995341513381724e-84	4.1347182850908444e-83	20
SLC2A3	3.9919534	9.532906152236263e-84	6.507103175587893e-83	20
TREM2	6.2510896	1.624622768836946e-81	1.094022066556866e-80	20
RNASE6	4.999371	7.634528423236861e-81	5.1067079754092715e-80	20
OLFML3	3.717804	9.936263308116395e-81	6.624175538744264e-80	20
VSIG4	5.9650764	1.2571491742929844e-78	8.298014351768874e-78	20
FGL2	4.548914	9.875509663615403e-76	6.39191563988052e-75	20
TMSB4X	1.30988	5.584388041714288e-81	3.74791143739214e-80	20
CD86	5.443031	7.170966500659799e-75	4.541454530597887e-74	20
LGMN	3.9223788	4.906758716172159e-75	3.125324023039592e-74	20
CREM	2.941371	1.4678972175679578e-75	9.470304629470697e-75	20
CCL4	5.738773	2.9225239378659203e-74	1.8438636831961643e-73	20
THEMIS2	4.6365724	5.035968129828297e-73	3.1086223023631463e-72	20
EVI2A	3.9377053	6.776265684408187e-73	4.1700096519435e-72	20
CYBB	5.0170107	5.378860244911463e-72	3.2898227797623628e-71	20
HAVCR2	4.4629703	1.1571216132218847e-69	7.055619592816369e-69	20
CLEC7A	4.7318273	1.4228181121928323e-67	8.519868935286421e-67	20
DDIT4	3.4705653	1.4190027370344621e-67	8.519868935286421e-67	20
CD93	3.7598944	2.4428555900281723e-67	1.449765928800102e-66	20
GPNMB	5.816885	3.7625816727093576e-66	2.2132833368878573e-65	20
RAB20	4.729691	4.6728224594277125e-66	2.740658333975198e-65	20
ACSL1	4.825075	5.673844528773305e-65	3.2891852340714814e-64	20
CCL4L1	6.126312	9.038094016673591e-65	5.209276090301782e-64	20
CCL4L2	6.042733	1.6525145310527642e-64	9.46999731262329e-64	20
F13A1	5.5221434	1.725676552149841e-64	9.861008869427662e-64	20
HBEGF	5.176244	2.003562189957616e-64	1.1383876079304637e-63	20
SLA	3.8755667	1.102191945122927e-63	6.174744790604633e-63	20
PTPRC	2.6380825	2.5545630239077513e-64	1.443255945710594e-63	20
HLA-DRB5	2.631387	2.285508168673618e-64	1.29490547800205e-63	20
LIPA	3.5498724	4.962059521322243e-63	2.7643785634107205e-62	20
MRC1	5.6099358	3.9540218420378415e-62	2.1905938183035134e-61	20
TNFSF13	4.7938347	7.912909994778841e-62	4.371773477778365e-61	20
SAMSN1	3.8819582	2.3397998406971786e-61	1.2891459177394924e-60	20
TNFRSF1B	3.5730138	1.1240439570478591e-60	6.142316705179558e-60	20
CXCL2	5.1500573	7.125566998858421e-58	3.800302399391158e-57	20
ATP6V1B2	3.0467422	1.553731155171829e-57	8.220799762813911e-57	20
HMOX1	5.2007203	4.58941327655171e-57	2.415480671869321e-56	20
RASSF4	4.344077	4.24240093443882e-57	2.2387340023423853e-56	20
PLAU	5.2583714	7.977064418785439e-57	4.1764735176887115e-56	20
C3AR1	4.321933	3.974534994644284e-56	2.0646935037113164e-55	20
EMB	2.9190881	2.4202348305346446e-56	1.263830198712608e-55	20
TREM1	5.537515	1.1398473356322344e-55	5.890683905076146e-55	20
CD37	2.7550068	2.9161686463807942e-55	1.4954711007080996e-54	20
PLTP	3.679834	1.1664197322008892e-54	5.935978280920556e-54	20
HSPA1B	3.680695	2.5825511747551029e-54	1.3076208479772672e-53	20
IL8	5.969118	7.046425034758521e-54	3.540917102893729e-53	20
TM6SF1	4.985829	8.765934736778153e-54	4.393952249011605e-53	20
IFNGR1	2.7600665	5.443600286096632e-54	2.7423679023156834e-53	20
PIK3IP1	3.1831813	9.184611946044213e-54	4.592305973022106e-53	20
IL1B	6.1836357	1.7116665055473503e-53	8.494622856314392e-53	20
IL10RA	3.272851	2.2223387540889433e-53	1.0974512365871325e-52	20
LAT2	4.1445613	5.716402576969387e-53	2.802158125965386e-52	20
FCGBP	7.9122643	1.2956787155998794e-52	6.320383978535997e-52	20
ADORA3	6.688704	2.047365332919737e-52	9.96284833537585e-52	20
GPX3	4.683198	2.14651444381249e-52	1.0419973028215972e-51	20
MPEG1	4.0336146	4.497748624287798e-52	2.178086500865762e-51	20
PILRA	4.2250676	6.076280496030593e-52	2.928327949894262e-51	20
KYNU	5.0722756	2.7846828804795966e-51	1.33238415333952e-50	20
IRF8	4.1034236	9.953927729825084e-51	4.739965585630992e-50	20
TMEM176A	4.4472404	1.1536066996868438e-50	5.4803168631203985e-50	20
GPR34	4.6362696	2.5943729881311978e-50	1.2295606578820843e-49	20
RASGEF1B	3.7797017	3.170331936011503e-50	1.4989749106437368e-49	20
C2	5.4659147	6.778324013608327e-50	3.1973226479284562e-49	20
OSM	5.654948	8.954207185787458e-50	4.213744558017628e-49	20
NCF4	4.178132	1.8379995432186102e-49	8.62910583670709e-49	20
LY86	4.703432	3.5384962695580725e-49	1.653502929700034e-48	20
CASP1	4.020186	9.64151979273245e-49	4.474023105676311e-48	20
HSPA1A	3.257799	2.328935279184181e-48	1.0757206832259497e-47	20
UCP2	2.875624	3.7980155738504664e-48	1.7462140569427432e-47	20
NCF2	4.76457	7.814344960423633e-48	3.5763592496218e-47	20
C1orf162	4.200895	1.2777954314827728e-47	5.834682335537775e-47	20
OSTF1	2.4380572	1.0506326665875969e-45	4.690324404408915e-45	20
SPP1	7.0420027	2.0780338746913686e-45	9.154334249741711e-45	20
ADAM28	5.0377502	2.276063355481359e-45	1.0004674090027952e-44	20
TNFAIP3	2.5560105	1.5284939557411584e-44	6.645625894526776e-44	20
TFRC	4.112068	3.7386637139064705e-44	1.6149735265254731e-43	20
COTL1	2.0564628	1.1743791912398334e-43	5.061979272585489e-43	20
LTC4S	3.578921	2.71257346668872e-43	1.1641946208964463e-42	20
FPR3	4.951594	3.2483201301065072e-43	1.391143524670881e-42	20
PDE4B	2.4415987	2.5532261724900523e-43	1.0981617946193773e-42	20
PLEK	4.0941825	4.676190021677513e-43	1.998371804135689e-42	20
MAP3K8	3.2181199	5.2156007222380684e-43	2.2194045626544973e-42	20
HCK	4.076801	1.202657735205801e-42	5.1068269010862046e-42	20
GLRX	3.505695	4.7614075265928726e-42	2.0090327116425624e-41	20
LPAR6	3.8802152	8.006679318668403e-42	3.371233397334065e-41	20
SELPLG	3.1313665	1.834543262209695e-41	7.675913231002908e-41	20
OLFML2B	3.7333028	3.986940320031014e-41	1.6612251333462559e-40	20
CD44	1.8239774	1.9217149602541845e-41	8.023862046990333e-41	20
TNF	5.120185	8.549234693868827e-40	3.525457605719104e-39	20
DNAJB1	2.6072533	3.754006451477603e-39	1.532247531215348e-38	20
HMGB2	1.9699769	4.464875006426775e-39	1.81868635699665e-38	20
SLC40A1	3.704215	1.394698939474308e-38	5.646554410827158e-38	20
THBD	3.2889144	2.6562455164221245e-38	1.0667652676394074e-37	20
ANKRD36BP1	2.0664022	1.761992843692132e-38	7.119163004816695e-38	20
ENG	2.254235	2.2817098065020502e-38	9.181930810873441e-38	20
PTGS2	4.3885355	3.683334703533213e-38	1.4762864543219291e-37	20
CLEC2B	2.8310475	3.7009244150346077e-38	1.480369766013843e-37	20
TLR1	5.05234	5.314303613439227e-38	2.121478488398893e-37	20
LSP1	2.9837437	1.0973335479090325e-37	4.3718468044184566e-37	20
GNG10	2.5848265	4.778720609936821e-37	1.874008082328165e-36	20
FOS	1.652637	3.0581584613055243e-37	1.2087582851009978e-36	20
PRDM1	2.7265463	7.846626846058548e-37	3.059113780139785e-36	20
IL1RN	5.5029206	1.1879149578289346e-36	4.6043215419726146e-36	20
NFKBIZ	2.2762911	1.0483888806637432e-36	4.0714131287912354e-36	20
STOM	1.7912898	8.555232377484412e-37	3.328884193573701e-36	20
CXCL3	4.3985114	1.737358529528193e-36	6.720922744789914e-36	20
ALOX5	3.6223505	1.843416077175952e-36	7.117436591412943e-36	20
CCL3L1	4.9785686	3.08632207641769e-36	1.1893341334942928e-35	20
LST1	3.196667	3.6579514853758375e-36	1.406904417452245e-35	20
IL18	4.1016793	9.781523494210492e-36	3.747710151038502e-35	20
ADM	4.0128193	1.0765825562027093e-35	4.1169505017312017e-35	20
IGSF6	4.1664844	1.1657992370628778e-35	4.449615408636938e-35	20
BST2	2.8026268	1.3732863055920485e-35	5.211712734694681e-35	20
GBP2	3.137301	3.854036805480151e-35	1.4543535115019436e-34	20
CLEC5A	5.2555604	8.115195732425202e-35	3.0337180308131594e-34	20
ICAM1	2.3147771	5.820571423984565e-35	2.1881847458588586e-34	20
FCGR1A	3.9865942	8.110748487700538e-35	3.0337180308131594e-34	20
PTPN6	3.0656466	7.421305233355598e-35	2.7847299187075413e-34	20
ZNF331	2.8011508	9.555906939784988e-35	3.5656369178302195e-34	20
SERPINA1	3.611548	1.5260857882250177e-34	5.673181368866236e-34	20
PTGER4	2.7856708	4.05265179669655e-34	1.4982076882427173e-33	20
B3GNT5	3.7664616	6.873929447041443e-34	2.5318340504756696e-33	20
CARD16	2.7557318	2.7131456791425237e-33	9.938262560961624e-33	20
GPR84	5.037728	3.752821934512827e-33	1.3671482457241626e-32	20
LOC284454	1.9515595	3.238278080288536e-33	1.1818533139739181e-32	20
SLC1A3	3.3606749	4.638322165960147e-33	1.683601512145244e-32	20
ARL4C	2.4141402	4.128516442531524e-33	1.5012787063750997e-32	20
RCSD1	3.7682338	5.987366230751754e-33	2.1693355908520845e-32	20
PLD4	4.5391	8.522990216926387e-33	3.0768917750636774e-32	20
FERMT3	2.8506637	5.722988773406533e-32	2.0549331322824174e-31	20
LILRB4	4.1968155	6.859193825305876e-32	2.4540943918804562e-31	20
TAGAP	3.4251478	6.799730748706096e-32	2.4371794798229736e-31	20
FAM26F	2.9861634	1.2260572181839726e-31	4.363192947273923e-31	20
FYB	2.250712	1.0800902114599942e-31	3.8505889891621895e-31	20
PDK4	5.436769	2.7401011178400874e-31	9.733929370657505e-31	20
LILRB5	4.950528	6.5274970371340835e-31	2.2984144496951e-30	20
ZNF267	3.0480583	6.164318571052113e-31	2.1782044420678846e-30	20
LGALS3	2.5686274	7.844674165312238e-31	2.7525172509867504e-30	20
BCL2A1	3.8396525	1.1923255408297481e-30	4.168970422481637e-30	20
CORO1A	2.2355328	1.1409558119661587e-30	3.996342598830679e-30	20
GATM	4.620428	2.1364930289857737e-30	7.444226581831965e-30	20
DOK2	3.4825394	2.4190688370822031e-29	8.327259335911199e-29	20
SDS	5.6961317	3.8459391001692326e-29	1.31936161240797e-28	20
CASP4	2.2476811	3.8552933303456863e-29	1.3203059350498927e-28	20
GGTA1P	4.4486747	1.0127818120426639e-28	3.4507046406905073e-28	20
MIR155HG	4.834229	1.4765876285554132e-28	5.005381791713265e-28	20
IGFLR1	3.3638756	1.5226196018683412e-28	5.152689008014691e-28	20
APOC1	3.630385	1.6000653775128577e-28	5.405626275381277e-28	20
SAMHD1	2.4843905	1.6051014621673232e-28	5.413495656550837e-28	20
CCRL2	3.9330428	1.925441238462513e-28	6.472071389789961e-28	20
HLA-DQB2	3.2648313	2.0341146929353155e-28	6.825888231326562e-28	20
LY96	3.1717734	3.9195374103811566e-28	1.3108820770505542e-27	20
UPP1	2.7922554	4.066017888736656e-28	1.3576019661892007e-27	20
ARHGAP15	2.6352115	8.675017913155225e-28	2.8868612023811064e-27	20
PPIF	2.4296556	2.1032186822901436e-27	6.952789032364111e-27	20
VMO1	4.49509	5.122699393656428e-27	1.682331492169599e-26	20
PTGS1	3.433399	5.1745713140110595e-27	1.6965807586921508e-26	20
GMFG	2.215776	5.001354050794758e-27	1.6451822535509073e-26	20
CFD	2.763722	7.890885803238539e-27	2.5829413431222716e-26	20
CD33	3.6930234	2.412531219452419e-26	7.858407880952504e-26	20
PLA2G7	5.335356	5.223791798717875e-26	1.6905475076756877e-25	20
GLA	2.0071397	4.592723948777203e-26	1.4911441392133776e-25	20
LCP1	1.8184191	5.970754730473734e-26	1.9291614638041144e-25	20
HSPA7	4.8666353	8.822251973353214e-25	2.809634386418221e-24	20
S100A4	1.4936558	1.3304983966019283e-24	4.223804433656916e-24	20
SP100	1.7116659	2.0500244971319832e-24	6.456770069707034e-24	20
NLRP3	3.1046638	2.5436307009690263e-24	7.98628163569553e-24	20
EVI2B	2.239448	3.271846445078614e-24	1.0256571928146126e-23	20
CD58	2.7128685	9.402386309119081e-24	2.924536954624908e-23	20
EIF4A3	1.7750564	9.425535835560813e-24	2.927185042099631e-23	20
EZR	1.261222	2.2873794305620574e-23	7.08167006365962e-23	20
DBNDD2	3.2224107	3.555061067682407e-23	1.093864943902279e-22	20
CD163L1	5.159857	5.801543141567834e-23	1.7823481233695342e-22	20
IL10	4.926543	6.115789082073852e-23	1.8760089208815496e-22	20
OLR1	3.93233	7.069997646778369e-23	2.1653897846181835e-22	20
RNASE4	3.3507733	1.4046336153238812e-22	4.282419558914272e-22	20
CHI3L1	3.8059764	2.263500403878392e-22	6.869500467005741e-22	20
ATG3	1.6620318	2.7367537164223394e-22	8.280646645755943e-22	20
BHLHE40	1.4204602	2.9692190576241026e-22	8.95692023416019e-22	20
SQRDL	2.8027241	4.90142763795333e-22	1.4719001915775763e-21	20
PNP	2.0330224	5.159552219673587e-22	1.547092119842155e-21	20
HLA-DQA2	2.554206	7.89203391407114e-22	2.3628844054105207e-21	20
RPS6KA1	3.3962197	9.14540788241575e-22	2.73157889404785e-21	20
SASH3	2.5915017	9.150789295060298e-22	2.73157889404785e-21	20
AP1S2	2.3039289	1.1051662126796462e-21	3.2891851567846612e-21	20
CD72	4.0188103	1.2074786594754167e-21	3.577714546593827e-21	20
GIMAP4	2.5610635	1.1203027627889058e-21	3.3292801271587093e-21	20
EGR2	1.9895225	3.233091949927464e-21	9.523098527032294e-21	20
LGALS3BP	1.7225773	4.5081781678818e-21	1.3220463835430497e-20	20
ABHD3	2.6864753	5.122582152568272e-21	1.500024056388952e-20	20
RASSF5	2.1817758	8.545233932132242e-21	2.498606412904164e-20	20
BNIP3	2.378409	9.184559102976106e-21	2.6816230957594466e-20	20
AOAH	2.366732	1.125038589627175e-20	3.279995888125874e-20	20
ZFAND2A	2.752234	2.4312290942861733e-20	7.016534182644079e-20	20
ENPP2	3.2643719	4.6116169018791055e-20	1.3251772706549155e-19	20
NUPR1	3.481966	7.894853119109404e-20	2.255672319745544e-19	20
LOC374443	2.2462478	7.35225741505263e-20	2.1036501902868755e-19	20
EDNRB	3.8013163	1.306931949848681e-19	3.71815632958373e-19	20
INSIG1	1.8572148	1.2617475092831032e-19	3.59472224866981e-19	20
SLC25A19	3.6061375	3.834877854403389e-19	1.0802472829305321e-18	20
ARHGAP9	2.0449307	4.24663708585956e-19	1.1928755859156068e-18	20
DNAJA4	2.6229167	6.03256375354986e-19	1.692163745736286e-18	20
CLDN1	3.946445	1.0845320348457311e-18	3.0251939605180784e-18	20
MMP19	4.357767	1.2508912026013245e-18	3.4795304662067446e-18	20
HS3ST1	3.8670378	1.38289568198472e-18	3.8413768944020006e-18	20
MYO1G	2.8439252	1.6492079074851157e-18	4.568442957022481e-18	20
CX3CR1	3.7036242	1.894529757063717e-18	5.233507616198114e-18	20
TNFSF8	3.427029	2.0326224603729857e-18	5.60723437344272e-18	20
KIAA0226L	3.898075	4.616222274523981e-18	1.2664532989091855e-17	20
NMRK1	2.0181608	5.720034533700636e-18	1.564988928509066e-17	20
MNDA	2.8752632	1.7109335073725715e-17	4.661944161778124e-17	20
LPXN	2.0598023	1.698603166720931e-17	4.634660755036647e-17	20
HLA-F	1.2731525	1.8983255372784102e-17	5.158493307821767e-17	20
DUSP2	1.6418767	2.331893265457774e-17	6.328068562979035e-17	20
DUSP10	2.1059678	2.5517450304588766e-17	6.905940542513874e-17	20
CISH	3.7559323	3.242644218417214e-17	8.728517411621034e-17	20
HSPA8	1.0074943	3.2124130598681616e-17	8.658795309617686e-17	20
ADRB2	2.1107755	3.420846867766457e-17	9.195824913350691e-17	20
ABI3	2.3235848	4.1551906181807893e-17	1.115487414276722e-16	20
IL1A	4.747729	1.827641377653179e-16	4.873710340408477e-16	20
HSPA6	4.219477	2.5770519667044913e-16	6.862987927308899e-16	20
HPGDS	2.8569853	4.4159230520317347e-16	1.168233611648607e-15	20
DNAJB4	1.8684691	4.597661530919035e-16	1.214705820586271e-15	20
BIN2	2.2015648	6.340485347305577e-16	1.666356201657182e-15	20
BTK	2.8067622	7.211468868464233e-16	1.887819075514197e-15	20
ARID5A	1.4829859	6.938935250223958e-16	1.8188558978306574e-15	20
CNEP1R1	2.1340785	1.2302674904729348e-15	3.212186659198263e-15	20
CXorf21	4.150269	1.2675990397098543e-15	3.305342997939646e-15	20
CDK1	3.2083225	1.3091352233963553e-15	3.404773012734344e-15	20
CYTIP	1.8676667	1.2752267038800737e-15	3.3209028746876918e-15	20
CALB2	3.5832264	2.339006821212885e-15	6.059603163763951e-15	20
DUSP6	1.73326	2.4230841260365253e-15	6.269299161802135e-15	20
GLIPR2	2.1389399	4.4538137068089675e-15	1.1493712791765077e-14	20
CCNH	1.1544594	4.766944292287e-15	1.2270126878473616e-14	20
G0S2	3.930811	1.118601147209607e-14	2.864535588244832e-14	20
FKBP5	1.5667436	1.065317969874146e-14	2.7350910651454325e-14	20
APOE	1.3409534	4.0300170360318735e-14	1.0241466419394849e-13	20
HCP5	2.2070775	6.532129177561356e-14	1.645372588806387e-13	20
FCGR1C	4.2863626	1.524559435618722e-13	3.8018938544107775e-13	20
CCL20	4.7034388	1.5842011231033823e-13	3.9407988136900057e-13	20
HCAR2	3.7108972	3.4124786536115676e-13	8.415483732704236e-13	20
CLECL1	4.5431848	5.079274125941054e-13	1.2495139301208006e-12	20
CD28	2.674807	5.772608001147876e-13	1.4183312042132375e-12	20
SMIM3	2.6491354	8.44169566420442e-13	2.063984269976631e-12	20
GIMAP2	2.2503798	9.758031558029304e-13	2.3829136893844456e-12	20
FLJ43663	1.4228973	2.1589726596929407e-12	5.2212156219901835e-12	20
PDK3	1.2915978	2.2350094932228013e-12	5.398573655127539e-12	20
CCR1	3.3734283	2.586252915889821e-12	6.231934737083906e-12	20
ARG2	2.5889177	2.6347373660695055e-12	6.341124828085453e-12	20
ERRFI1	1.3877645	2.78390631372195e-12	6.684048772441657e-12	20
RGCC	1.9315675	3.5216107410240802e-12	8.434995786884024e-12	20
EAF2	3.3611028	3.6003631458351456e-12	8.60301826961803e-12	20
S100A9	2.7221758	6.177012460642662e-12	1.4689684805333323e-11	20
MLKL	3.5561774	1.0018019457581122e-11	2.3739382600903132e-11	20
ANKRD44	1.3717048	1.0343271841085725e-11	2.4481116783634853e-11	20
TNFAIP8	1.8385166	1.078533024813006e-11	2.5467131636670744e-11	20
SYTL3	1.7599063	1.1921051117566072e-11	2.8049532041331935e-11	20
TES	1.6118662	1.407539619979562e-11	3.3002101289087036e-11	20
GIMAP5	2.1108952	3.900882166589988e-11	9.103575651318525e-11	20
RNASE2	5.110822	6.68879025018002e-11	1.5519234919211186e-10	20
RCAN1	2.0528398	6.635246870304581e-11	1.541288471615466e-10	20
ABRACL	1.4756596	7.625306465476431e-11	1.7671625644209572e-10	20
ALDOC	3.3852808	1.1162648397605742e-10	2.5631798846396654e-10	20
PDCL3	1.200337	1.3580695529245397e-10	3.1041589781132336e-10	20
FCGR2B	2.7717113	1.6437377280225265e-10	3.7400175836690025e-10	20
FCAR	2.7519221	3.717206602883971e-10	8.400466899172816e-10	20
PMAIP1	1.5171175	5.73014875063066e-10	1.2934873026254312e-09	20
RGS18	3.9316964	6.131142193749972e-10	1.382444688556927e-09	20
IL2RA	4.584797	1.2729880873104377e-09	2.85743678408628e-09	20
PLK2	1.2878962	1.535922435121307e-09	3.4399158681328266e-09	20
DGKA	1.5037477	1.6199226127785236e-09	3.6239879480503884e-09	20
ZNF124	2.3831065	2.821749288482902e-09	6.2775290066360445e-09	20
MFNG	1.8198912	3.2732514979130445e-09	7.265819085267579e-09	20
TRIM22	1.1329594	3.708861735221155e-09	8.214533189858593e-09	20
MTFP1	2.1513648	4.020299562789545e-09	8.88463991776695e-09	20
MX1	1.7017406	4.6894225359199075e-09	1.0331725323660176e-08	20
SERPINE1	2.6329653	5.835039167220367e-09	1.2810184779847127e-08	20
GPR132	1.5828928	7.642589931137415e-09	1.6723391534217538e-08	20
KPNA2	1.2375585	1.0738058307818068e-08	2.3419974499057945e-08	20
IL6	2.906445	1.2853410898555517e-08	2.791185862878505e-08	20
PSMB8	1.0164429	1.454019097281074e-08	3.1540544409567765e-08	20
LOC401397	1.5177495	1.533166108553521e-08	3.314953748223829e-08	20
CD69	1.8187767	1.6663795713949182e-08	3.595209431272747e-08	20
P2RY13	3.33002	2.2714276356064338e-08	4.89004873112257e-08	20
LRMP	2.2207813	2.4202439756855406e-08	5.204825754162453e-08	20
FGR	1.9799128	3.368581260968315e-08	7.220967333265413e-08	20
CD82	1.051974	4.34389400296831e-08	9.29175187800708e-08	20
LOC100507463	2.0834973	8.491741375586946e-08	1.8010055939739016e-07	20
RPL13P5	2.7686882	1.1259083820054192e-07	2.3778424118382667e-07	20
SP140L	2.1585944	1.293926173206357e-07	2.7298020531779686e-07	20
PSTPIP1	1.8227389	2.0727581375117626e-07	4.3272612474149535e-07	20
ACSL5	2.0103984	2.8082107897349146e-07	5.826163464180321e-07	20
ACP5	1.6626886	3.423705299533589e-07	7.081086451982604e-07	20
AGPAT9	2.498629	3.957951033235139e-07	8.169145579432692e-07	20
FCER1A	2.3960338	5.096766699151072e-07	1.047639609280796e-06	20
CD300E	3.082771	5.152787312719392e-07	1.0580672100039818e-06	20
HCAR3	4.35086	6.603484129859105e-07	1.3531729774301444e-06	20
CCL2	1.8815455	6.855420960679095e-07	1.4019265768259907e-06	20
ZBTB2	2.0823827	7.032675473428352e-07	1.4367059189843417e-06	20
MFSD2A	2.9445271	1.7255771792031348e-06	3.4860145034406765e-06	20
HCST	1.0940496	1.8810825067294639e-06	3.792505053890048e-06	20
ANGPTL4	3.3594894	2.7115649480239273e-06	5.430330200266051e-06	20
AREG	1.9614102	2.7124499350328925e-06	5.430330200266051e-06	20
ZNF844	2.1561508	3.7818266550990776e-06	7.518542057851049e-06	20
LOC100303749	2.4318357	4.2442204005830884e-06	8.4043968328378e-06	20
LYVE1	3.4389765	4.288860331376006e-06	8.484392346935721e-06	20
PION	2.4220493	6.870293601645176e-06	1.3418542190713234e-05	20
P2RY8	1.5058349	8.342709271924714e-06	1.621517837108788e-05	20
DEPDC7	3.4893165	1.4359980585088496e-05	2.745694184529349e-05	20
C15orf48	1.4988127	1.4605554193822416e-05	2.789981698915457e-05	20
GCH1	1.7565851	2.121834824826508e-05	4.02625203951899e-05	20
CYSLTR1	2.2736835	2.5840654916697168e-05	4.884811893515532e-05	20
PTPN22	1.3566971	2.8152331070430037e-05	5.306754207432618e-05	20
IFI44	1.1613903	3.02490268678584e-05	5.690299764140037e-05	20
HIST1H3D	2.2584245	3.286869985810083e-05	6.172525794948513e-05	20
HAMP	2.99265	3.4752231960808995e-05	6.514007865193814e-05	20
B3GNT7	1.3838732	3.708589218551716e-05	6.931942464582646e-05	20
EREG	2.3930552	3.876549541049858e-05	7.232368546734809e-05	20
IL12RB1	1.6500868	3.950820379634821e-05	7.364064081332378e-05	20
FFAR3	4.67201	4.151028692184975e-05	7.722844078483674e-05	20
B3GNT2	1.1588731	4.27010808656092e-05	7.937003878366022e-05	20
ZNF92	1.4952693	5.479562095402213e-05	0.00010081990975901037	20
CMAHP	2.0062451	6.951926419189426e-05	0.00012697582500802604	20
LILRA5	3.0147097	7.665402321031085e-05	0.00013962481459073013	20
CH25H	2.0353382	7.909464937900649e-05	0.0001439393073321319	20
S100B	2.9531622	8.010603534368117e-05	0.0001456473369885112	20
HIST1H1D	2.0177264	8.03003155118342e-05	0.00014586796641568429	20
DBR1	1.5940082	9.501683224789517e-05	0.00017182067314266755	20
IFIT2	1.4596157	0.00010392517088932386	0.0001874214082765083	20
TPK1	2.3162951	0.00011315689230777004	0.00020333673370668472	20
CLEC4E	1.9629623	0.00012731909352451575	0.00022796614776099508	20
UEVLD	1.7915546	0.00012887277420946507	0.00023054163543732568	20
DAPP1	2.2626886	0.00014587531493166246	0.0002607244234703529	20
PRIM1	1.7440588	0.00015157808559592749	0.00027043369419433986	20
CCNE2	2.5334811	0.0001522111572641843	0.00027132113594328754	20
LPL	2.5443182	0.00015737197520483695	0.00028027065931404623	20
HIST1H3A	2.2450378	0.00018423201391290573	0.0003254982577966533	20
HIST1H2BG	2.1312997	0.00018562436004963232	0.0003276687732561912	20
CD200R1	2.2172287	0.00018769058467262175	0.0003307323077931661	20
ZNF141	1.4725847	0.00019161458252874044	0.00033713935611284437	20
ZNF736	1.4660968	0.00020606552170226127	0.0003619463664170508	20
LOC644656	2.3355834	0.000208751118425876	0.0003659090594669167	20
UTS2	2.8758905	0.0002649902784057986	0.00046246121885828724	20
SUSD3	2.0362306	0.0002674989415699241	0.00046643233054912656	20
ARHGAP25	1.1731244	0.0002726901886627937	0.000474243806370076	20
DMP1	5.524479	0.00031849730397301874	0.0005515104830701623	20
LIPN	2.9737864	0.0003509585518047525	0.0006056230402152761	20
OXSM	1.5284117	0.0003955389195337604	0.0006796201366559458	20
GNGT2	2.2928326	0.0004431925854697053	0.0007582422334811039	20
ZNF700	1.8056601	0.00044677589669204446	0.0007637194815248624	20
ULBP2	1.5581774	0.0004939491182280309	0.0008429165840068788	20
VNN2	2.4867063	0.0004968415938020974	0.0008464081666134538	20
PIGB	1.4908044	0.0005331996656366303	0.0009044947678314339	20
OAS1	1.2725135	0.0006081354775047556	0.00102899403977116	20
TRIM34	1.6272575	0.0006099448562406047	0.0010311831889105744	20
NUSAP1	1.1896777	0.0006206950435763965	0.0010484713573925618	20
THBS1	1.4339972	0.0006232378662846864	0.001051878255332804	20
RND1	1.3738562	0.0006260050436382955	0.0010556577464389469	20
PRR5L	1.5867212	0.0006463149206509276	0.0010880722569880936	20
VNN1	3.1019738	0.0006521086440181447	0.0010969026812752644	20
NSUN3	1.4715853	0.0006781674615951005	0.001138820254567759	20
TRAF3IP3	1.2149214	0.0009017126455321734	0.0015053633481338455	20
PPP1R3C	4.010222	0.0010983224039388298	0.0018169105110650615	20
CXCL1	1.2295449	0.0011339649185923598	0.0018712292386012539	20
TMEM14E	2.3403502	0.0012966297279707524	0.0021291128538107594	20
IL23A	2.6541708	0.0013011602475528192	0.0021347994217437555	20
TREML1	4.8750625	0.0014650853436267597	0.0023958877246553715	20
RBP7	1.2967266	0.0017481587369817663	0.0028425345316776688	20
CD36	1.5033768	0.0019318857574126078	0.003128559931032563	20
HCG26	1.9816755	0.001990071634581134	0.0032149784080470665	20
HGF	1.0426722	0.0020161664363455766	0.0032545059505174763	20
SLAMF9	4.5783944	0.002024521197774555	0.003265356770604121	20
PARP15	1.3670006	0.0023440434004703436	0.0037534722185273714	20
LOC100505865	3.922673	0.002432373159401894	0.003879383029349113	20
DERL3	2.0176554	0.0027367027509945705	0.004343972620626303	20
CXCL10	3.8105178	0.0028071036929908128	0.004452186666123415	20
AMICA1	1.0211781	0.0033694881736431874	0.0053104620545991925	20
S100Z	3.3358998	0.005303413255344243	0.008222346132316656	20
NUF2	2.0048883	0.005456398150186604	0.008452979318646947	20
FPR2	2.583303	0.005516902943042922	0.008533492564644892	20
GPA33	3.3619502	0.005751873651699802	0.008871157054027448	20
ARHGAP11B	1.7743357	0.00590760617728587	0.009095621520070624	20
NDC80	1.8622553	0.006982457511296852	0.010668384280056306	20
CLEC12A	1.7556007	0.0072510525827826034	0.011053433815217383	20
AURKA	1.5682977	0.008574469684516561	0.013001470332853012	20
ZNF468	1.332396	0.009181865102247588	0.013890870048786063	20
BATF	1.0232242	0.010579697790435811	0.01590931998561776	20
NAT1	1.5811982	0.010856865401124571	0.016301599701388246	20
RRM2	1.7966672	0.01212526903998166	0.018124467922244633	20
SCARNA17	1.1238736	0.01237604640104869	0.01848550620022209	20
METTL7B	3.9890432	0.012967251558777681	0.019310873505253436	20
ZNF552	1.4308121	0.013035379883769464	0.019397886731799797	20
PLCL2	1.7326148	0.013161859423408032	0.019566020050449252	20
TMEM119	1.5197047	0.014231778356864079	0.02106850978070182	20
TM4SF19	2.4909768	0.014463470330442907	0.021364062526503552	20
LOC100289230	1.6795859	0.015335177052647959	0.022618255239893744	20
PDE6G	3.0462682	0.017120076377377506	0.025176582907908095	20
LIPT1	1.1937653	0.01744753073509903	0.025620456292362745	20
ZNF823	1.9094443	0.018403659601275307	0.02690593508958378	20
SNORD56B	3.2837307	0.01842252362358383	0.026913840209764544	20
P2RY6	2.204466	0.019645091684887667	0.028595475523853952	20
TNFSF18	3.4460819	0.02345898277715488	0.03390026412883653	20
GTSF1	2.1096194	0.029198040300155815	0.04171148614307974	20
CD74	7.1818466	2.8991182495444117e-304	2.3192945996355294e-302	21
HLA-DPA1	6.856178	1.550701665457057e-215	6.4612569394044046e-214	21
TMSB4X	3.1135426	7.282569007189887e-276	4.2838641218764037e-274	21
HLA-DPB1	7.5192213	9.77445241446759e-203	3.4296324261289786e-201	21
HLA-DRA	7.1229	1.0420225686891345e-208	4.007779110342825e-207	21
TYROBP	6.4889045	1.1753387422329463e-188	3.616426899178296e-187	21
AIF1	6.7219424	3.2621556588491264e-178	8.93741276397021e-177	21
FCER1G	5.3109083	2.4535253992439192e-173	6.058087405540542e-172	21
HLA-DRB1	6.688208	5.0325325260164675e-158	1.1309061856216782e-156	21
FTH1	2.8702505	1.6495332444188656e-160	3.83612382422992e-159	21
LAPTM5	3.7114973	2.2664332979972283e-150	4.443986858818095e-149	21
HLA-DMA	4.7831206	1.5933513686362092e-140	2.771045858497755e-139	21
SRGN	3.6040168	5.293369131784405e-133	7.900550942961797e-132	21
SAT1	2.8368673	7.74288898628022e-140	1.3235707668855075e-138	21
MT-CO2	2.0789237	2.0388415088273544e-176	5.295692230720401e-175	21
MT-CO3	2.2036097	2.6564949106661134e-172	6.40119255582196e-171	21
MS4A6A	5.698725	7.617405026210104e-124	9.828909711238844e-123	21
HLA-C	3.0415351	5.803225856264545e-128	7.789564907737643e-127	21
HLA-DQB1	6.408809	1.2671126814799435e-119	1.5358941593696284e-118	21
CD68	5.131309	2.667715019565675e-119	3.2141144814044273e-118	21
FTL	2.8399184	5.311212878051594e-119	6.322872473870944e-118	21
B2M	1.9361577	6.803460092541028e-132	1.0005088371383864e-130	21
MS4A7	5.860469	7.635039461912697e-114	8.627163233799658e-113	21
MT-ND4	2.079021	5.4103677354394635e-142	9.83703224625357e-141	21
PLAUR	5.086286	8.79207656257897e-105	8.79207656257897e-104	21
LST1	6.2498736	3.3177250615060525e-102	3.190120251448127e-101	21
HLA-DMB	4.4737496	1.6944677805694085e-102	1.645114350067387e-101	21
CD83	4.285732	3.1493698507353384e-100	2.957154789422853e-99	21
HLA-DQA1	5.7881246	1.7227000504343175e-97	1.5381250450306407e-96	21
CTSB	3.3312244	6.854342409182933e-98	6.175083251516157e-97	21
FCGR2A	4.717781	3.089137543784238e-95	2.6516202092568565e-94	21
CTSS	4.150153	1.2619820747841398e-94	1.0694763345628305e-93	21
ARHGDIB	2.7593799	1.3862154753279119e-90	1.0745856397890789e-89	21
C1QA	6.580533	2.957503008442154e-85	2.1431181220595316e-84	21
ITGB2	3.710151	2.1562311541347686e-84	1.5184726437568794e-83	21
CD14	4.991399	1.3212279188631995e-83	9.018620606574741e-83	21
C1QC	6.280858	2.0339107763650742e-82	1.346960779049718e-81	21
RGS1	3.5515525	1.628405809837721e-82	1.0819972158390174e-81	21
C1QB	6.1648145	3.640634101005841e-79	2.3337398083370775e-78	21
IER3	3.867202	2.087900366826135e-77	1.3090284431511818e-76	21
CCL3	6.5854893	8.072633322875504e-77	5.014057964518947e-76	21
GPR183	4.632087	1.444593636730838e-76	8.944852239819431e-76	21
NFKBIA	3.2665741	3.052590205327445e-76	1.8785170494322738e-75	21
SOD2	3.944966	6.641437290603465e-74	3.9769085572475834e-73	21
CXCL16	3.7589688	4.1286016842908144e-72	2.3864749620178118e-71	21
RNASE6	4.40918	2.2475499497987902e-70	1.2591316245371375e-69	21
GMFG	3.679538	1.3437062614277984e-69	7.444356018990574e-69	21
COTL1	3.2051394	2.9004682344046897e-66	1.5428022523429201e-65	21
CSF1R	3.8888822	4.03122214622859e-64	2.0515125426099692e-63	21
CXCR4	2.605425	6.971644704565775e-64	3.5299466858560884e-63	21
NAMPT	2.5113642	2.025456980137058e-62	1.0027014753153751e-61	21
HLA-DRB5	5.3670025	1.5605783059012677e-61	7.594055016551181e-61	21
CCL3L1	6.2687874	3.900717281490132e-61	1.8889672065327518e-60	21
MT-ND2	1.7505678	4.660822833648632e-65	2.4338500436807478e-64	21
LY96	4.3455334	1.253831299865373e-59	6.028035095506601e-59	21
C1orf162	4.5633764	1.0094310885491317e-57	4.705972440788493e-57	21
LY86	4.5507107	4.747271437305121e-57	2.1529575679388303e-56	21
CD37	3.1751752	4.1720678096020855e-57	1.8963944589100388e-56	21
FGL2	4.028452	1.0633471838521546e-54	4.7050760347440467e-54	21
LYZ	4.8680105	1.540490938487811e-54	6.801284496634926e-54	21
RAB20	4.1648293	2.5564475169094653e-54	1.126188333440293e-53	21
BST2	3.2652621	2.670322173656562e-54	1.1737679884204668e-53	21
PLEK	4.305144	4.4681105480122676e-54	1.9554094302023052e-53	21
MS4A4A	4.1133914	6.36671912101971e-53	2.6863793759576837e-52	21
AP1S2	3.424071	2.4821306729821092e-52	1.0342211137425456e-51	21
C5AR1	4.091269	3.722602272780789e-52	1.5446482459671324e-51	21
FCGR3A	3.7899225	9.966089861646372e-52	4.109727777998504e-51	21
CYBB	3.9240532	3.0743097612168e-51	1.265148049883457e-50	21
HLA-DQA2	5.834112	9.211827933593546e-51	3.759929768813692e-50	21
UCP2	2.9977286	4.398664046285184e-51	1.8027311665103214e-50	21
CCL4	4.754857	6.337872782190988e-50	2.540229572020436e-49	21
S100A4	3.1505394	6.244178332733352e-50	2.5077021416599807e-49	21
IGSF6	4.330012	1.2542929326105017e-49	4.987248240996031e-49	21
CLEC7A	3.9200623	4.73945268958626e-49	1.8622603888354654e-48	21
IL1B	5.2524	5.9960443805537e-49	2.3513899531583138e-48	21
ARL4C	4.0139484	1.8106638222633268e-47	6.910930619325675e-47	21
CAPG	2.3973923	9.023990583286646e-48	3.464103870743434e-47	21
CLEC2B	3.4763722	2.9589555792903674e-47	1.1186977615464526e-46	21
HCK	4.041697	3.6414822304666667e-47	1.3741442379119497e-46	21
MSR1	4.18182	4.2684650061029596e-47	1.6046860925199096e-46	21
LGALS3	3.0074587	2.946122671148871e-47	1.1159555572533602e-46	21
CORO1A	2.7488	2.6918617225295787e-47	1.0215794013394985e-46	21
PLAU	4.188437	2.20092696537321e-45	8.017948872033551e-45	21
TREM2	4.8095202	3.6433498029432284e-45	1.3224500192171426e-44	21
FOLR2	4.2574573	4.240332365199976e-45	1.5363523062318752e-44	21
CSF2RA	3.8305054	5.713047444034322e-45	2.0624720014564336e-44	21
HCST	3.7155902	9.305652047758188e-45	3.3533881253182654e-44	21
MNDA	5.134282	1.7758726416027371e-44	6.376562447406596e-44	21
HCLS1	2.545203	4.690604382773981e-44	1.6782126593109053e-43	21
FYB	3.371148	4.007365061213765e-43	1.4185363048544301e-42	21
LILRB4	4.6430974	1.3627054042222198e-42	4.806721002547513e-42	21
FAM26F	3.4383721	1.750837828891775e-42	6.164921932717518e-42	21
IL8	4.6237435	4.438055313786806e-42	1.5572123908023883e-41	21
CFD	3.7088158	2.1695120807316552e-41	7.533028058096026e-41	21
MPEG1	3.929167	7.427435218782014e-41	2.548005220851463e-40	21
LTC4S	3.7848198	1.5914941594660408e-40	5.4132454403606836e-40	21
NCF4	3.8838904	1.7257078701760223e-40	5.844555080913952e-40	21
TMEM176B	3.4088702	1.3849171305669989e-39	4.61639043522333e-39	21
CARD16	2.8532233	1.2995039441607055e-39	4.338911332756947e-39	21
CTSC	2.451345	2.0941375949280705e-39	6.945729999761428e-39	21
CD86	4.120372	5.32094906965182e-39	1.7474381181122563e-38	21
FCGR1A	4.2270594	1.0618543996967384e-38	3.45318503966419e-38	21
PRDM1	3.443235	3.7771593333301e-38	1.2125712145521991e-37	21
SLC40A1	4.1091576	4.68019008545305e-38	1.497660827344976e-37	21
IL10RA	2.88967	8.59665405239798e-38	2.729096524570787e-37	21
CREG1	2.3525362	9.485529959628777e-38	3.0017499872242965e-37	21
THEMIS2	3.1124117	1.6225183275149475e-37	5.11835434547302e-37	21
TNFRSF1B	2.7515428	3.2423805861857154e-37	1.0164202464532023e-36	21
CXCL2	3.7570024	3.88623280822394e-37	1.2125531382914007e-36	21
VSIG4	3.711572	1.2124110569686065e-36	3.736243627021899e-36	21
SGK1	2.3234355	3.0109270421007474e-36	9.250159883566044e-36	21
GLRX	3.030016	4.043602903681754e-36	1.2384694957677653e-35	21
CTSD	1.9634942	6.959601470182109e-36	2.1250691512006437e-35	21
TBXAS1	3.1929355	2.1057206456476973e-35	6.371318141142806e-35	21
RGS2	2.267766	2.716364154947027e-35	8.194160346748197e-35	21
SEPP1	3.4716134	5.09964662240751e-35	1.5222825738529878e-34	21
A2M	3.0173275	4.6319983755951555e-35	1.3868258609566333e-34	21
GPR34	3.554011	1.4314584913725e-34	4.253962827258543e-34	21
IL18	3.7319038	4.793185558645196e-34	1.4056262635323154e-33	21
DUSP2	2.2300787	3.7805480634005462e-34	1.1102931170045657e-33	21
CD93	3.4105384	8.84849491421827e-34	2.575981052174169e-33	21
IRF8	3.2668216	9.31825760615101e-34	2.7079537011555405e-33	21
CD53	1.966781	6.310610168024979e-34	1.8479092732137565e-33	21
OLR1	4.1831183	3.752289402994851e-33	1.076697102724491e-32	21
C3AR1	3.027316	3.445894692073812e-33	9.901996241591415e-33	21
CREM	1.6287001	3.0026627598216276e-33	8.653206800638697e-33	21
PTPRC	1.9696511	1.1874662885618679e-32	3.387920937409039e-32	21
PILRA	3.348267	2.609884966092148e-32	7.403928981821697e-32	21
CD4	2.8938022	5.722816431695384e-32	1.6075327055324112e-31	21
NFKBIZ	1.9169546	7.207479712956545e-32	2.0217334398195075e-31	21
SERPINA1	4.19735	2.080765466801299e-31	5.796004085797491e-31	21
MFSD1	1.6818768	1.4459500963970153e-31	4.038966749712333e-31	21
OSM	4.164734	2.364344488292284e-31	6.567623578589678e-31	21
PTGS2	3.8936288	3.803703394653124e-31	1.0507467941030728e-30	21
TNFAIP3	2.1273503	3.2636704785049818e-31	9.040638444612138e-31	21
ICAM1	2.0633385	1.0281150332784639e-30	2.820617375249558e-30	21
C3	3.8607082	1.6228336834552622e-30	4.440037437634096e-30	21
ALOX5AP	2.825536	1.5089593202968854e-30	4.134135124101056e-30	21
LIPA	2.0906289	1.6614000297929574e-30	4.539344343696605e-30	21
BCL2A1	3.9686692	3.3859922975361934e-30	9.20106602591357e-30	21
CD300A	2.9700432	4.206491965128417e-30	1.1384281367059315e-29	21
HBEGF	3.359954	7.114336838852792e-30	1.9124561394765572e-29	21
RNASE1	3.883928	9.031305576939976e-30	2.424511564279188e-29	21
EVI2B	2.4264348	1.4349029099844176e-29	3.826407759958447e-29	21
SLCO2B1	3.2993064	1.859539875195333e-29	4.945584774455673e-29	21
RASSF4	2.9645917	6.157845979031845e-29	1.6269077883835786e-28	21
F13A1	3.1903362	1.2281744639922327e-28	3.2277909697561964e-28	21
HMOX1	3.2774737	2.564989632014729e-28	6.68836931424962e-28	21
HAVCR2	2.8535626	3.0898870254551314e-28	8.025680585597744e-28	21
FERMT3	2.8448977	9.65709579252648e-28	2.4921537529100594e-27	21
GATM	4.067637	1.1141714379714315e-27	2.8715758710603904e-27	21
CASP1	2.6318336	1.8691726132141456e-27	4.792750290292681e-27	21
SERPINB9	2.350282	2.066144581493665e-27	5.291023256065723e-27	21
MAP3K8	2.651145	2.5612781191821003e-27	6.55058342501816e-27	21
NCF2	3.44295	2.9975153309118477e-27	7.656488712418512e-27	21
RGCC	3.3324015	3.503426463828825e-27	8.925927296379172e-27	21
LAT2	2.8811533	8.672706520839801e-27	2.190077404252475e-26	21
PLD4	4.0657125	1.0989329663548802e-26	2.758567131339351e-26	21
FPR3	3.6019778	1.0924640843964327e-26	2.7483373192363085e-26	21
LPAR6	2.826408	1.0572761147381754e-26	2.663164016972734e-26	21
TMEM176A	3.2083294	3.0656303345907575e-26	7.644963427907126e-26	21
CPVL	2.5067248	3.215102231259938e-26	7.997766744427707e-26	21
RASGEF1B	2.608801	5.161628803878495e-26	1.2792140777889701e-25	21
LAIR1	2.5063796	5.535682635730767e-26	1.370218474190784e-25	21
CXCL3	3.844129	1.5390912438477095e-25	3.7862023218885845e-25	21
SAMHD1	2.3524823	2.6502832880440667e-25	6.495792372657027e-25	21
PTPN6	2.4656527	7.252731228034257e-25	1.7668041968414756e-24	21
NLRP3	3.761909	1.132476337766158e-24	2.7321503926807193e-24	21
IFI30	2.2396286	1.5516120853884298e-24	3.7208922910993525e-24	21
DOK2	2.88087	2.559325003948721e-24	6.0791567789755845e-24	21
LGMN	1.8413736	2.6040629316607084e-24	6.178085247119119e-24	21
OSTF1	1.6263531	2.4150228724263574e-24	5.7432172947119086e-24	21
CD163	2.7626016	3.0050941365566405e-24	7.10424145758071e-24	21
FPR1	2.9837687	6.3698838610565084e-24	1.4987962026015313e-23	21
C15orf48	3.7997253	8.992625466984386e-24	2.110944945301499e-23	21
STAB1	3.271109	2.690094302888693e-23	6.256033262531844e-23	21
CD44	1.6173103	3.8898173571611977e-23	9.025098276476097e-23	21
MIR142	6.444027	7.848315560819746e-23	1.8146394360276868e-22	21
S100A9	3.9412808	8.57427102613363e-23	1.9779171917263276e-22	21
AMICA1	3.4003682	1.0956703331017298e-22	2.515890546731871e-22	21
LSP1	1.9943717	1.9055322467510053e-22	4.350530243723756e-22	21
SDS	4.567943	3.2563337751330567e-22	7.400758579847856e-22	21
EVI2A	2.0882976	1.4782197443757172e-21	3.3368391520896552e-21	21
SAMSN1	2.3451798	5.407019131464966e-21	1.2042358867405268e-20	21
GIMAP4	2.3282628	7.259357718498218e-21	1.6149850319239638e-20	21
BIRC3	2.6376886	1.1989329016094687e-20	2.6613382943606406e-20	21
TAGAP	2.445131	2.0203038347677887e-20	4.4549147403920366e-20	21
PPIF	2.2266765	2.1175777141184066e-20	4.659136884748969e-20	21
TNF	3.2068772	3.5390542990883475e-20	7.727192792769317e-20	21
ADAM28	3.085491	7.32771051833387e-20	1.5878029292164398e-19	21
TM6SF1	2.7349312	8.442641373471164e-20	1.8234646594970116e-19	21
PMAIP1	2.1077805	1.7419952996829306e-19	3.742202577192117e-19	21
PTGER4	1.9011749	2.708697342916395e-19	5.806425172382411e-19	21
HAMP	7.6159225	4.592235718031513e-19	9.81246948297332e-19	21
ALOX5	2.7472415	5.56486659959056e-19	1.1865387205950023e-18	21
RASSF5	2.0846388	5.486327094213261e-19	1.1710410019665445e-18	21
PLIN2	1.8120123	6.389359997505018e-19	1.3594382973414934e-18	21
ZNF331	1.7745306	7.039599414396924e-19	1.4946070943517887e-18	21
TREM1	3.1374414	1.08759525974065e-18	2.3017889095040212e-18	21
LCP1	1.6171718	1.9928824667716696e-18	4.1955420353087786e-18	21
CD33	2.8808346	2.377845875330048e-18	4.9902326869465855e-18	21
PLTP	1.9545566	2.4130645397249443e-18	5.0588355130501976e-18	21
PSMB9	1.8839201	2.6246636141654417e-18	5.490928063107619e-18	21
IL1RN	3.311214	7.09867447202178e-18	1.4742833794437757e-17	21
CCRL2	2.8854864	7.176946329457505e-18	1.4889930144102707e-17	21
VMO1	3.6271696	1.320660633946289e-17	2.7258217418912056e-17	21
PDE4B	1.6753168	1.3576498341965965e-17	2.7992780086527766e-17	21
CLEC10A	4.888723	4.413390553483847e-17	9.01611961896598e-17	21
GPNMB	2.859226	6.302868659005256e-17	1.2862997263276032e-16	21
ABRACL	1.5895821	1.3928318658572149e-16	2.813801749206495e-16	21
G0S2	4.130107	2.490189865733712e-16	4.995365828954286e-16	21
RP11-1143G9	6.389151	3.8692568186607147e-16	7.730782854466964e-16	21
INSIG1	1.6303396	4.1561871547472616e-16	8.29578274400651e-16	21
B3GNT5	2.385815	1.037087446273414e-15	2.0597565963722223e-15	21
FCGR2B	3.3768065	2.486114922307169e-15	4.908420379678517e-15	21
BTK	2.5014813	9.746590591191165e-15	1.9054918066844898e-14	21
SQRDL	2.0782602	3.1192103753364036e-14	6.04498134755117e-14	21
ABI3	2.292486	3.433315591952309e-14	6.64727123320873e-14	21
KYNU	2.6520402	3.757695490545188e-14	7.268269807630925e-14	21
AOAH	1.8213811	8.496943955862482e-14	1.6293277000695077e-13	21
PTGS1	2.7369928	8.98624541685151e-14	1.719855582172538e-13	21
APOC1	3.3722157	1.2980385664502942e-13	2.4654103826216416e-13	21
CD48	1.8118794	1.7365633090842246e-13	3.2889456611443645e-13	21
IL10	3.7001467	2.0667268011272692e-13	3.9068559567623233e-13	21
RCSD1	2.482309	2.4860817537986684e-13	4.686299253154889e-13	21
GPX3	2.2527165	6.28303619263271e-13	1.1722082448941623e-12	21
LILRB5	3.2502828	2.853736817604458e-12	5.250665717763492e-12	21
CXorf21	3.4926145	3.090635359992204e-12	5.676097998149135e-12	21
CASP4	1.2215887	3.305321324824561e-12	6.064809770320295e-12	21
CLEC5A	3.0167	4.36018111249939e-12	7.971080644423015e-12	21
TLR2	2.0438778	4.79980769697789e-12	8.758773169667683e-12	21
GPR84	2.9151604	5.173321716876258e-12	9.431762473794454e-12	21
C2	2.8263617	5.5023111100335724e-12	1.001330502280905e-11	21
TNFAIP8	1.6395731	6.558518695232301e-12	1.192457944587691e-11	21
GPR65	2.2133365	1.0471179320242847e-11	1.8986725875327012e-11	21
FCER1A	3.4168677	1.9079214207478206e-11	3.422280575332414e-11	21
CX3CR1	2.7293186	1.958390682256872e-11	3.5096607208904515e-11	21
UPP1	1.8275851	2.062709994630093e-11	3.6933034818802025e-11	21
LGALS2	4.6968036	3.539686123313744e-11	6.320292270152258e-11	21
HLA-DQB2	4.62042	3.63435478648694e-11	6.478350778051585e-11	21
IL1R2	3.3234613	4.7133792038082466e-11	8.379340806770217e-11	21
MIR155HG	2.4545205	5.012704204452309e-11	8.895659635230362e-11	21
CD58	1.4941224	6.952518887347299e-11	1.2294463107599115e-10	21
IFNGR1	1.0969515	7.290010101410271e-11	1.2868508563831015e-10	21
CCL2	2.2253087	8.473765319759652e-11	1.491860091506981e-10	21
HSPA6	2.7672007	9.535474715706397e-11	1.6773042595789617e-10	21
CCL4L2	1.5582641	1.4811154912265822e-10	2.582590220098661e-10	21
ARID5A	1.1535003	2.119627063132699e-10	3.683105235678017e-10	21
ACP5	2.074438	3.0734058923606467e-10	5.303547700363497e-10	21
FGR	2.3729656	3.3796155975127657e-10	5.81689431585674e-10	21
SLC2A3	1.0447748	3.845614337041327e-10	6.601913024963651e-10	21
SPP1	3.4280376	4.021965004098696e-10	6.898739286618689e-10	21
PSMB8	1.0114249	4.3500591675006807e-10	7.455114254499881e-10	21
EREG	4.2480345	6.716619578141893e-10	1.1422822411805941e-09	21
AGPAT9	3.1811342	8.542225540826365e-10	1.446608897684397e-09	21
CD72	2.4280937	2.7950089205414927e-09	4.6739279607717275e-09	21
TRIB1	1.2165685	4.599442847057551e-09	7.640270510062377e-09	21
THBD	1.3717517	5.203823604500266e-09	8.629889891376892e-09	21
ZNF267	1.3294188	1.0147127650201533e-08	1.6703090782224746e-08	21
ACSL1	1.6149185	1.0324858852712557e-08	1.6981675744593023e-08	21
ATP6V1B2	1.043574	1.1775889417830408e-08	1.9320573286021997e-08	21
CYTIP	1.2751231	1.532804932585501e-08	2.4984595478166273e-08	21
CITED2	1.5576441	2.5097874850768942e-08	4.0578617382003133e-08	21
MFNG	1.7068261	4.043264357884811e-08	6.510892685804849e-08	21
CD28	2.2198555	6.523941984013355e-08	1.0413315217898413e-07	21
HS3ST1	2.3909235	1.2010307257269893e-07	1.9033767444167819e-07	21
GPR132	1.6757665	1.353320312335099e-07	2.137946780940125e-07	21
GBP2	1.2999643	2.0019673087989047e-07	3.142805822290274e-07	21
EMB	1.0584056	1.9919479792641898e-07	3.1295333531252004e-07	21
CD1C	4.664107	2.346439229558216e-07	3.6778044350442257e-07	21
NUPR1	2.3305101	2.3559825764051625e-07	3.6869836876450115e-07	21
PHLDA1	1.2019892	3.0475066884570264e-07	4.746895153359854e-07	21
MMP9	4.0843973	4.112569657332695e-07	6.381023517971598e-07	21
HPGDS	1.9889724	6.939298348053041e-07	1.0725345205646122e-06	21
GLIPR2	1.4096246	1.0895226715801116e-06	1.673613934838881e-06	21
BIN2	1.1968516	1.4551239480110945e-06	2.2148005296972518e-06	21
ARHGAP15	1.041083	1.9630009799838033e-06	2.96749959181225e-06	21
CLDN1	2.6257966	2.697632233693909e-06	4.0657607139320405e-06	21
LPXN	1.0799618	3.1271531077661914e-06	4.702485876340137e-06	21
CCL20	2.914752	4.923568343943172e-06	7.326738607058291e-06	21
PCGF5	1.0822487	8.196924938904206e-06	1.208095053633634e-05	21
RBP7	1.9346287	1.2007896864886328e-05	1.759398808041953e-05	21
AREG	1.6297734	1.2294691996216332e-05	1.7987844910338453e-05	21
DUSP4	1.4134374	1.2812192817341856e-05	1.87175935972854e-05	21
CYSLTR1	2.2534537	1.3412479100221818e-05	1.9565979723153635e-05	21
OLFML2B	1.2641654	1.4214701627775273e-05	2.0706047527713435e-05	21
CCR7	2.4459267	1.7128096124808433e-05	2.4859355768952737e-05	21
S100A8	2.3678162	2.7387566892158237e-05	3.937824139778323e-05	21
CCL8	3.1206512	2.8948776199779887e-05	4.15632106242353e-05	21
CD36	1.8262134	2.9232823744986015e-05	4.194092359395411e-05	21
GIMAP5	1.3478023	3.351695528119087e-05	4.8018560574772026e-05	21
TFRC	1.042168	3.7354347454599755e-05	5.3401497433309156e-05	21
CD1E	3.9972572	5.250495406868518e-05	7.452796886967378e-05	21
CFP	2.7496033	5.900868718787576e-05	8.364094569507549e-05	21
OAS1	1.2857836	9.969741741422626e-05	0.000140122863547753	21
AIM1	1.4316764	0.0001170610594618521	0.0001641810090629062	21
MMP19	1.8495905	0.00014448784964106944	0.0002020809085889083	21
S100B	3.0357	0.00038235250197995004	0.0005230540382762654	21
LRMP	1.3757395	0.0003894640653616887	0.0005324184078765395	21
FCN1	2.3167913	0.0004104124739790757	0.0005599078771883707	21
CXCL9	5.814898	0.0005583587607904808	0.0007586396206392402	21
TNFAIP6	2.2477226	0.0016812678303484822	0.0022078369407071336	21
BATF	1.1657727	0.0026619824767342114	0.0034303897896059425	21
MARCO	3.7518175	0.002787698200303335	0.0035877711715615636	21
PTX3	2.3505278	0.00551075482656805	0.006962419237609665	21
CCL18	4.9481854	0.0063205993071522295	0.007945442246577285	21
CCL13	4.1712794	0.007393111003541277	0.009258748908630278	21
LTB	1.3371446	0.008625524383992098	0.01075501793515224	21
CXCL10	3.979322	0.008957382777211226	0.011147956163299597	21
LYPD3	1.4847089	0.011808577250959634	0.014560514489469338	21
BIRC5	1.1704918	0.019952039058004186	0.0241842897672778	21
DNASE1L3	2.106097	0.023827640146543972	0.028638990560749967	21
MT1G	1.1212234	0.0363718519427342	0.04289133483812995	21
CCL19	4.1754355	0.04088665123888781	0.04801720638741962	21
CCL23	2.6886842	0.040919586438348386	0.04802768361308496	21
SPARC	5.32607	1.0551945499257728e-247	3.9818662261349916e-246	22
COL4A1	5.2979198	4.1987035299500244e-196	9.22791984604401e-195	22
COL4A2	5.2009335	4.168201657219423e-192	8.775161383619837e-191	22
HSPG2	7.2710433	7.67644273124913e-169	1.171975989503684e-167	22
IGFBP4	5.465095	1.2693054983046608e-164	1.8530007274520594e-163	22
VIM	2.7015448	1.1289766676594205e-173	1.7920264566022548e-172	22
GNG11	4.905405	2.2324512206526053e-154	2.843886905289943e-153	22
RAMP2	6.186386	1.6947587055165443e-151	2.05425297638369e-150	22
HLA-C	3.8338976	1.4635297867876244e-160	2.0326802594272562e-159	22
TMSB4X	3.3597128	3.446497431292101e-161	4.854221734214227e-160	22
MT-ND4	2.5671127	1.2477841421264113e-232	4.1592804737547045e-231	22
CD34	7.5551624	2.537657507052615e-136	2.5894464357679745e-135	22
MT-CO3	2.3286686	8.303796008675337e-206	2.102226837639326e-204	22
ESAM	6.909513	5.87447343734123e-132	5.414261232572563e-131	22
MT-CO2	2.5111923	2.245362119524248e-177	3.773717847939913e-176	22
PLVAP	7.0834894	7.380198339329444e-130	6.589462802972718e-129	22
CAV1	5.3858933	3.003006003758515e-129	2.6458202676286477e-128	22
CD93	6.1265464	6.963640602936272e-125	5.755074878459729e-124	22
S100A16	5.2725034	2.626295376339093e-123	2.135199492958612e-122	22
MT-ND2	2.237676	3.620180296430267e-168	5.4851216612579804e-167	22
CDH5	7.248175	8.893880812442871e-120	6.92130802524737e-119	22
COL15A1	6.205202	8.254494702001048e-117	6.183142098877189e-116	22
VWA1	5.260835	3.4977517308013424e-115	2.590927208000994e-114	22
ECSCR	6.910257	1.247955568147234e-114	9.109164731001708e-114	22
ELTD1	6.6568146	1.9918618065411505e-111	1.4076761883683042e-110	22
SPARCL1	5.721145	6.053987308337988e-112	4.2936080200978645e-111	22
ARHGDIB	3.0358527	1.7910455036920014e-120	1.4214646854698425e-119	22
NOTCH4	6.7182293	1.7611695293517117e-110	1.2315870834627356e-109	22
RGCC	5.3101716	2.098399732238441e-109	1.4421991286862138e-108	22
CLDN5	7.8605833	2.5178010363694047e-108	1.7069837534707828e-107	22
VWF	7.3431945	6.022206122657924e-107	3.96197771227495e-106	22
A2M	4.740263	4.999862236515467e-107	3.3002391000102095e-106	22
CLEC14A	6.60346	8.592126654392528e-99	5.271243346253084e-98	22
IL32	5.287829	3.07102771221341e-98	1.8668861472421944e-97	22
EMP1	3.786091	2.3712861591378902e-98	1.4503279260782203e-97	22
INSR	5.1179814	4.92488700430324e-97	2.9667994001826746e-96	22
MCAM	3.940881	8.007060242434564e-97	4.780334473095262e-96	22
AC011526	7.0599866	2.458138009718897e-94	1.4250075418660275e-93	22
PRKCDBP	4.23779	8.137900503527853e-94	4.6769543123723295e-93	22
SLC9A3R2	4.514099	3.0037222047970733e-91	1.6324577199984093e-90	22
RNASE1	4.1635394	2.1135351238366868e-91	1.154937226140266e-90	22
GMFG	3.8182037	5.745950071087356e-87	2.931607179126202e-86	22
TM4SF1	3.9664414	6.293848354988284e-83	3.040506451685161e-82	22
TNFRSF4	5.6771116	1.4101947131020266e-80	6.6833872658863825e-80	22
GJA1	5.1794157	4.451987042422031e-80	2.0999938879349203e-79	22
B2M	1.3761433	5.78576806968789e-88	2.997807289993725e-87	22
ENG	4.1688943	2.2623838086454022e-79	1.0571886956286926e-78	22
PCDH17	7.477341	1.2491812675097254e-78	5.783246608841322e-78	22
DLL4	6.4572725	4.132802089732207e-75	1.8450009329161637e-74	22
PODXL	6.255689	1.828591111569249e-73	7.950396137257603e-73	22
F2R	3.937061	3.5315550023346084e-73	1.532127983659266e-72	22
TM4SF18	6.3186765	9.702246564269595e-73	4.1730092749546646e-72	22
AQP1	3.5727484	4.331362579683415e-73	1.8750487357936863e-72	22
PGF	4.556792	2.3695845942278055e-72	1.0083338698841726e-71	22
ICAM2	4.022811	3.3732135718922585e-72	1.432362450909664e-71	22
EMCN	6.0320787	4.326793350324239e-71	1.8065943007616866e-70	22
EFNA1	2.570785	4.524767922054923e-66	1.7991124938588164e-65	22
LY6H	6.0541153	3.354768947068412e-63	1.2853520869993915e-62	22
SPRY1	3.6642587	6.272567429167206e-63	2.385006627059774e-62	22
C8orf4	6.273993	6.206923858797914e-62	2.320345367774921e-61	22
HSPA1A	2.657348	1.169739927306959e-62	4.422457192086801e-62	22
THY1	3.2092805	6.378996838753408e-62	2.380222701027391e-61	22
PRND	8.467317	1.4743946147503523e-60	5.440570534134141e-60	22
IGFBP3	4.2410994	8.915470350113191e-61	3.302026055597478e-60	22
PDLIM1	3.5806518	1.3316740027130944e-60	4.9230092521741007e-60	22
GPIHBP1	9.476872	5.208877923634103e-60	1.9185554046534447e-59	22
PLK2	3.0798416	1.2433442597588614e-59	4.562731228472885e-59	22
C11orf96	3.9611242	3.798904828901105e-58	1.3616146340147327e-57	22
PHLDA1	3.169787	2.5165186164077568e-57	8.84540814203078e-57	22
TIMP3	2.339429	3.044162195772267e-57	1.066256460865943e-56	22
TNFSF10	4.738222	1.2569321327502594e-56	4.356783822357919e-56	22
ESM1	6.6835194	2.9177576588755496e-55	9.97523985940359e-55	22
LXN	4.2789507	8.136291542958474e-55	2.7533981532854397e-54	22
GJA4	6.1591573	3.2291517108755943e-54	1.0909296320525657e-53	22
CYYR1	5.1703196	3.523714046562545e-54	1.188436440661904e-53	22
ITGA1	4.996764	3.834233570860113e-54	1.2909877342963345e-53	22
ANGPT2	3.7479322	2.7901447507975724e-50	8.871684422249832e-50	22
DUSP6	2.6472437	1.0124901698920571e-49	3.1939752993440287e-49	22
HEY1	4.2601194	5.438800259996168e-47	1.6657887473188874e-46	22
AP1S2	2.7095191	2.2374472416406742e-46	6.8007514943485534e-46	22
LOX	6.0316257	3.2032999975675974e-44	9.49125925205214e-44	22
HSPA1B	2.0408497	3.274489407754448e-44	9.687838484480615e-44	22
IFI27	4.436294	6.077900818316416e-43	1.7771639819638642e-42	22
CLEC2B	3.0072112	4.601716934344191e-42	1.3377084111465673e-41	22
APOLD1	4.2483287	4.744300804447336e-41	1.365266418545996e-40	22
PNP	2.2779043	5.325738011073583e-40	1.506573694787435e-39	22
C10orf10	3.3192713	2.548433353510214e-39	7.138468777339536e-39	22
FN1	1.8348805	1.6787180924136146e-39	4.708886654736647e-39	22
STC1	5.6963573	6.2468803304090424e-37	1.692921498755838e-36	22
S1PR1	3.1104817	2.129339668264231e-36	5.7472055823595983e-36	22
GNG2	2.6655045	3.232944793534251e-36	8.679046425595305e-36	22
CXCR4	2.1209333	2.5051759327373887e-36	6.752495775572477e-36	22
COTL1	1.8583454	5.308695022412104e-35	1.4044166725957947e-34	22
PLAU	2.6432672	6.009367352432271e-35	1.5876796175514588e-34	22
LPAR6	3.0140045	1.4323762325992202e-34	3.7644579043343503e-34	22
TIMP1	1.2464495	3.8868705968040634e-34	1.013525579349169e-33	22
APLNR	5.6729646	2.2470903276561727e-33	5.821477532788012e-33	22
FABP5	1.7938453	3.123368792801354e-33	8.039559312229998e-33	22
PSMB8	1.7154616	7.744419156326797e-33	1.970590116113689e-32	22
IL3RA	4.219219	3.4898060427090197e-32	8.779386270966087e-32	22
MYLK	4.233602	1.8889005107170839e-31	4.704608993068702e-31	22
ADAMTS4	4.231469	6.326865024677075e-31	1.5602626448032243e-30	22
PRSS23	1.7607408	2.99031550613912e-30	7.320233797158188e-30	22
ADM	2.585632	7.611777252319006e-30	1.8452793338955167e-29	22
APOD	6.2323437	9.704707546553194e-29	2.335669686294391e-28	22
UPP1	2.5792794	1.113364868278541e-28	2.673144941845237e-28	22
STAB1	2.7384713	7.862549729065748e-28	1.8675890092792752e-27	22
CCL14	5.4883122	2.5125894887690636e-27	5.9119752676919144e-27	22
RBP7	4.7013464	4.013858857234448e-27	9.378174900080487e-27	22
RGS5	4.8306665	1.1482235047098682e-26	2.664091658259555e-26	22
ARL4C	2.3599784	4.024822392810745e-26	9.263112526607007e-26	22
HBEGF	2.5039754	8.33997760576797e-26	1.910647790553945e-25	22
SAT1	1.230609	1.4402948899479018e-25	3.28459495997241e-25	22
STOM	1.2791977	3.600863362671996e-25	8.174491175191818e-25	22
SDPR	3.0168655	1.0876894153566195e-24	2.4469953101386266e-24	22
GIMAP4	2.4542823	1.1856910930235134e-24	2.6644743663449738e-24	22
APLN	7.2667975	2.4476974894601778e-24	5.433290764617487e-24	22
PLS3	1.4188044	3.1156877631196162e-24	6.885497819048875e-24	22
ADA	2.6707277	7.092145530582619e-24	1.5604280595341296e-23	22
SLC2A3	1.742332	9.735883783842117e-24	2.1350622332987098e-23	22
EDNRB	4.0310144	1.2570936043950071e-22	2.7034271062258216e-22	22
GIMAP7	2.6255703	7.4782737913448e-22	1.5928165689765284e-21	22
PSMB9	1.8278332	7.873499595624994e-22	1.6752126799202115e-21	22
PLAC9	3.7189689	3.022618915402675e-21	6.3634082429530006e-21	22
TGM2	3.6820974	5.1111196465009865e-21	1.0726379111229773e-20	22
PRDM1	1.9869955	1.4790494992376995e-20	3.0749469838621614e-20	22
ABI3	2.4302452	3.647331175954326e-20	7.512525594138674e-20	22
PPP1R14A	3.8546283	5.2020303420307826e-20	1.0659898241866358e-19	22
HLA-F	1.4728085	5.2876963448492347e-20	1.0824352804194954e-19	22
PDGFRB	3.8009698	1.0974953247880524e-19	2.228416903122949e-19	22
HIGD1B	3.9182088	5.276215389706396e-19	1.0626818508975621e-18	22
ADAMTS1	2.46733	1.3352295939910164e-18	2.665128930121789e-18	22
TPPP3	2.224305	6.009153170721097e-18	1.1840695902898715e-17	22
SLCO2B1	2.1399095	7.937762400032879e-18	1.5625516535497794e-17	22
LHFP	1.7271671	8.806591527952375e-18	1.7267826525396813e-17	22
SERPINE1	3.2035968	9.828290234505998e-18	1.921464366472336e-17	22
MGP	1.8135071	9.4158774470972e-18	1.8426374651853623e-17	22
QPCT	1.664676	9.95622261728456e-18	1.9445747299383907e-17	22
MFGE8	2.167797	6.856477812731196e-17	1.3236443653921227e-16	22
PRKCH	1.4016228	8.470596133484972e-17	1.6305286108729496e-16	22
COX4I2	4.1623774	1.0880411647184256e-16	2.0923868552277414e-16	22
TFPI	2.4112232	1.2598653467886386e-16	2.418167652185487e-16	22
SEPP1	1.0310034	3.208431160237628e-16	6.082333953057115e-16	22
SEPT4	3.348007	6.066476599832828e-16	1.1403151503445165e-15	22
CASP4	1.2399833	5.360691928925554e-16	1.0095465026225149e-15	22
TINAGL1	3.0573235	7.794286738467923e-16	1.460972209647221e-15	22
CYTL1	1.8301083	7.951578287152103e-16	1.4876666580265863e-15	22
THBS1	1.916639	1.0694326682931634e-15	1.995210202039484e-15	22
KCNJ8	4.2622128	1.603851878822075e-15	2.9783693200038532e-15	22
CITED2	1.6148154	1.7595062921419807e-15	3.2643901523969954e-15	22
ABRACL	1.3587221	2.0194603265255405e-15	3.739741345417667e-15	22
ANXA2R	3.2660143	2.43428722593985e-15	4.483033565266759e-15	22
KIT	2.7840326	5.7620581590497515e-15	1.0543564792405767e-14	22
GLRX	1.5444616	5.564967470495588e-15	1.0192248114460784e-14	22
TES	1.5608737	2.8593407882908776e-14	5.1893662219435163e-14	22
RAMP3	3.4239447	7.59971437121684e-14	1.3705526368290063e-13	22
PPAP2A	1.7426176	9.454737170762877e-14	1.7020228930266206e-13	22
SCGB3A1	2.8169658	1.2793437251954663e-13	2.290678111361623e-13	22
COL21A1	1.553458	1.8473089130461563e-13	3.295823216853089e-13	22
PMAIP1	1.3532456	4.61817417579502e-13	8.152116815172146e-13	22
ACTA2	2.5342507	1.2085194820894026e-12	2.1072702390399347e-12	22
CA2	2.8212326	2.84841701826847e-12	4.928057125031955e-12	22
DNAJA4	1.5468262	3.271963867070318e-12	5.655944454745579e-12	22
CHN1	2.3677962	3.487025416817157e-12	6.022496402102172e-12	22
TAP1	1.1184907	5.907211496987923e-12	1.016731755075374e-11	22
MMP1	5.721593	7.173325706239283e-12	1.2325301900754783e-11	22
PRSS1	5.4896026	9.56628464378782e-12	1.6408721515931082e-11	22
HOPX	1.3635362	9.216138278029258e-12	1.5821696614642503e-11	22
ITM2A	1.0694724	1.2175707669557397e-11	2.0813175503516918e-11	22
CD36	2.6498756	1.7273034572971866e-11	2.9375909137707254e-11	22
TNFRSF1B	1.2455024	2.416993773270847e-11	4.1035547933291124e-11	22
ASPN	3.0349827	4.479669794464804e-11	7.567009787947305e-11	22
PDLIM3	3.9114795	4.559522977800732e-11	7.69539743088731e-11	22
RCSD1	1.9205234	4.734532492466848e-11	7.984034557279677e-11	22
RNF19A	1.0759741	5.039100864351142e-11	8.483334788469936e-11	22
LPL	3.2374961	7.849156052773009e-11	1.3169724920760083e-10	22
CRISPLD2	2.7322543	8.15919000997196e-11	1.3666984941326568e-10	22
COL6A3	1.5788511	1.0421041268545445e-10	1.738288785412084e-10	22
CLEC3B	4.0949206	2.2385109780959022e-10	3.706144003470037e-10	22
FCN3	5.102947	3.6594809588707144e-10	5.989330538249942e-10	22
SOD3	2.0434716	3.8990856230834836e-10	6.371054939678895e-10	22
PDE4B	1.0385174	4.5682788051885527e-10	7.446257221171235e-10	22
GAL	4.524659	6.001187948658072e-10	9.734287021343181e-10	22
PLAT	1.7948906	8.855493214916422e-10	1.4294581460720615e-09	22
APOL3	2.1368492	6.07614531438256e-09	9.614153978453418e-09	22
MMP11	1.8425728	1.030668321969046e-08	1.619274661381062e-08	22
OLFML2B	1.6531954	1.1156823891385574e-08	1.751463719212806e-08	22
NUPR1	1.8559554	1.1384148077975711e-08	1.7857487181138372e-08	22
CFH	1.6665847	1.2998856613037898e-08	2.0279027477438218e-08	22
KRT18	1.0349234	2.6791642271204516e-08	4.150525526135479e-08	22
GATA2	1.3267086	2.7729143716663217e-08	4.2891173575658496e-08	22
STEAP4	3.0156412	4.1342435336426515e-08	6.365271029472905e-08	22
IFI44	1.0375446	4.8886358921354424e-08	7.515197374535653e-08	22
PDK4	1.8909682	6.679817329065844e-08	1.0198194395520371e-07	22
ICAM3	1.2147361	9.029346928419925e-08	1.373284703942194e-07	22
THBD	1.0414302	3.6556637862900947e-07	5.476649867101266e-07	22
LRMP	1.8556081	5.14463862374227e-07	7.690042785862884e-07	22
B3GNT2	1.0906147	8.239421109036276e-07	1.2242824827691346e-06	22
ISG20	1.0131714	1.2312512060824097e-06	1.8186871581719492e-06	22
LY96	1.1598982	1.3936236311923412e-06	2.0539773488464868e-06	22
CCL26	3.8501947	1.7871400027268748e-06	2.614689104209034e-06	22
TNFAIP6	2.0897334	2.559453589415407e-06	3.7228415846042282e-06	22
SLCO2A1	1.4004747	5.969757062818138e-06	8.534320318539154e-06	22
HTRA3	2.1820514	6.881480857555718e-06	9.811703857845714e-06	22
MFNG	1.2308964	6.892813277791011e-06	9.818822333035628e-06	22
FABP4	3.882551	1.2704763824503808e-05	1.7919271966860097e-05	22
ANGPTL4	2.0011742	2.5058997376957353e-05	3.492543188426112e-05	22
EDN1	1.7403699	3.598216447134425e-05	5.004473500882371e-05	22
MMP9	2.9622142	4.6637682170040224e-05	6.446120548727051e-05	22
ARHGAP25	1.0169402	0.0002359724136652252	0.0003173805160258577	22
SELE	2.93453	0.0004910460204993194	0.0006516868221623351	22
CCL8	1.8611366	0.0029214465226207065	0.003686367851887327	22
PLN	1.2276924	0.005484263316653786	0.00680852056691966	22
HSPA6	1.405334	0.006160480070162431	0.007610228622807203	22
LYVE1	1.5777773	0.006577551479839369	0.008100432856945035	22
MMRN1	1.7432534	0.020112693134438645	0.02394368230290315	22
MYH11	1.5325156	0.02193204326896178	0.02600123683338682	22
MSLN	5.3697605	6.172915693839201e-115	7.574129685692271e-114	23
LGALS3BP	4.773146	1.8787338477511214e-105	2.0310636191904015e-104	23
KRT7	7.6034975	3.166481203346024e-102	3.3156871239225385e-101	23
IFITM1	4.9093733	3.562260199702292e-104	3.769587512912478e-103	23
MTRNR2L8	3.9672692	2.12916825631435e-103	2.2412297434887894e-102	23
KRT14	7.2154446	1.9166740072310296e-96	1.7996939035033142e-95	23
ALDH1A3	4.354586	4.453073011284289e-81	3.6351616418647255e-80	23
ASS1	5.2690067	1.0281102013085154e-79	8.291211300875123e-79	23
KRT19	4.9535794	1.1797519540491497e-79	9.475919309631724e-79	23
MTRNR2L1	3.2623668	5.406869118325839e-78	4.2406816614320305e-77	23
EPCAM	4.9106264	3.032220130942532e-72	2.2378008346439347e-71	23
CLDN7	4.3102617	5.837831192757237e-68	4.199878555940458e-67	23
EFNA5	4.136086	2.437944857695883e-65	1.6698252449971803e-64	23
MEIS1	4.993691	1.1105602973463642e-55	6.876534348893895e-55	23
KRT8	4.761809	2.44082876308034e-55	1.506684421654531e-54	23
PAX3	8.385052	1.9736609865588893e-50	1.150822732687399e-49	23
EZR	2.642054	7.145235231742511e-50	4.1064570297370756e-49	23
NEFL	7.213671	2.4291308740100866e-49	1.388074785148621e-48	23
CD44	3.0013795	2.0900729143093914e-49	1.1977495210942072e-48	23
CFB	8.6869755	5.121699737037535e-49	2.918347428511416e-48	23
SRPX	3.9666312	8.440244872668054e-49	4.7955936776523034e-48	23
C19orf33	3.768753	3.695481267968889e-48	2.0860684984024725e-47	23
IFI6	3.0649292	1.7191525821249694e-46	9.343220555027008e-46	23
CD24	7.1233582	1.1689455368268918e-45	6.267804487007463e-45	23
KRT18	3.7863367	3.587923291892015e-45	1.9034075819055784e-44	23
H19	4.125476	5.111203408502823e-40	2.5365773739468103e-39	23
KLK5	5.018624	1.3600989360173714e-38	6.538937192391209e-38	23
TUBB3	3.5101304	1.7565089539136734e-38	8.424503376084765e-38	23
SAT1	1.9265423	9.796705148048043e-39	4.755682110702934e-38	23
MUC1	3.1574733	7.748505911027106e-37	3.578986563984806e-36	23
KRT17	5.3361096	1.8398809003150593e-36	8.43982064364706e-36	23
FXYD3	2.8621752	2.6005799126230826e-36	1.1874794121566588e-35	23
APOE	2.2510312	2.5763442389455995e-36	1.1791049148492447e-35	23
IGFBP6	2.8260899	1.2067533135154364e-35	5.423610397822186e-35	23
CLDN4	5.265453	4.2729709521399036e-34	1.878228989951606e-33	23
CLIC3	2.7121797	8.718890469181795e-34	3.807375750734408e-33	23
CLDN3	3.6991296	2.557376438132282e-33	1.109490862530274e-32	23
KLK10	3.2661026	1.242248331457036e-31	5.219530804441328e-31	23
ANXA3	4.3906407	1.4302445803387574e-31	5.98428694702409e-31	23
GPRC5A	3.1806028	1.3658365754552715e-31	5.726778094152082e-31	23
KLK8	4.6205716	2.2287157842088594e-30	9.190580553438596e-30	23
PRPH	5.0613184	1.7917221546188834e-29	7.298257248956755e-29	23
MX1	3.4545543	2.508703479147767e-25	9.667450786696596e-25	23
ISG15	2.3302147	1.0175565546756547e-24	3.869036329565227e-24	23
BNIP3	2.856001	4.7843418835473854e-24	1.79525023772885e-23	23
KRT15	4.2241435	9.8292182213582e-24	3.647205276941818e-23	23
WFDC2	2.783037	1.2548794371870497e-22	4.554916287430308e-22	23
LY6H	2.7023728	1.0710163400965219e-19	3.6678641784127465e-19	23
TEKT4P2	2.4830241	5.115086511590917e-19	1.7339276310477687e-18	23
TACSTD2	4.1510744	7.259953403420185e-19	2.456837023154039e-18	23
SULF1	1.9831448	1.612662611565918e-18	5.411619501899054e-18	23
ALOX15	5.007106	4.312091742739647e-18	1.4397635201134048e-17	23
APOBEC3C	2.180067	1.2553997976812245e-17	4.1364079001028816e-17	23
TIMP1	1.2590432	2.2343603867909115e-17	7.313781953489072e-17	23
STAT1	1.8367999	2.802552441376336e-17	9.143727378063088e-17	23
FBLN1	1.3953972	6.784525824501118e-17	2.1885567175810059e-16	23
RSAD2	4.4713936	1.0215695292678521e-16	3.279516947890376e-16	23
MCAM	1.6952196	1.3995082397466876e-16	4.449946708256558e-16	23
FMO1	5.4456916	3.15088089255104e-16	1.0002796484289015e-15	23
HMGN4	2.065836	2.0405330913866596e-15	6.386645043463723e-15	23
ZBTB16	1.629159	2.205701798091982e-15	6.892818119037444e-15	23
SRSF10	1.7762002	3.1012592118802495e-15	9.646218388430013e-15	23
SLPI	2.420252	3.70481652803863e-15	1.1487803187716681e-14	23
SPON2	1.6136955	3.679104092414904e-15	1.1425789106878582e-14	23
MIR100HG	2.0877576	5.5401852661078264e-15	1.7072990034230588e-14	23
PTN	1.9011861	1.5260351419595465e-14	4.673920802326329e-14	23
SP100	1.5236183	1.739450937237397e-14	5.319421826414058e-14	23
GNG10	1.6919292	1.9403802598076837e-14	5.92482522078682e-14	23
EFNA1	1.5693022	1.9600264936798505e-14	5.97569052951174e-14	23
PRKCDBP	1.8549918	2.6178639007593588e-14	7.920919518182629e-14	23
RAB25	7.33411	9.665944273201917e-14	2.8810564152613763e-13	23
CARD16	2.0426135	3.3051193109773473e-13	9.706664643105278e-13	23
CTSL1	1.6326512	1.0448608493309748e-12	3.02858217197384e-12	23
HSPA1B	1.2966099	2.480371691894861e-12	7.1275048617668426e-12	23
IFIT1	2.4974267	3.19688504703541e-12	9.147024455036939e-12	23
LECT1	3.3954902	3.432527344423421e-12	9.807220984066918e-12	23
EMB	1.6327771	5.856033728841444e-12	1.6660124406376798e-11	23
IFIT3	2.700001	6.173746295935338e-12	1.753905197708903e-11	23
BHLHE40	1.4236451	1.1703706149256653e-11	3.3154974927072674e-11	23
VCAN	1.1935873	2.1961138500979397e-11	6.194961495339745e-11	23
HSPB8	2.423156	2.2888318634418216e-11	6.438345607431285e-11	23
ADIRF	1.1763608	2.6338198740635206e-11	7.387994036643817e-11	23
TMEM176B	1.8357918	4.0290194864171e-11	1.1191720795603056e-10	23
HBA2	1.6020627	8.451892678943404e-11	2.3155870353269602e-10	23
DDX47	1.5387306	1.0462459108630419e-10	2.854695527593566e-10	23
LIME1	1.9688674	1.1344031806071812e-10	3.0868113758018535e-10	23
OLFML3	1.2754091	1.655111477202976e-10	4.4612169196845715e-10	23
FIBIN	3.2954822	2.1605282195703203e-10	5.815688343392518e-10	23
FBLN2	1.1603808	2.437379251896576e-10	6.52578112957584e-10	23
LOC100128252	2.0000887	2.909158127437632e-10	7.768112489820113e-10	23
S100A16	1.7987767	3.635554385675861e-10	9.656186947346244e-10	23
NT5C3	1.7326604	3.721961193185152e-10	9.859499849497092e-10	23
FGF13	3.2947104	4.82595297871608e-10	1.271660863956806e-09	23
TNFSF13	2.0983202	5.257206029254908e-10	1.381657300724023e-09	23
OAS2	2.6743643	5.871930891602781e-10	1.5371546836656494e-09	23
CRYAB	1.3273484	6.837265776028514e-10	1.7875204643211802e-09	23
CYP1B1	1.948246	7.586386060151139e-10	1.98077965017001e-09	23
DHRS3	1.172156	8.251208040227728e-10	2.1459578778225558e-09	23
LOC284454	1.2149016	9.733244484527248e-10	2.521565928634002e-09	23
C1S	1.1441586	1.1816363185392687e-09	3.049384047843274e-09	23
DBNDD2	2.4873445	1.2340808235948116e-09	3.1765272164602613e-09	23
NEFM	6.033956	1.2546137394367533e-09	3.225228121945381e-09	23
OAS1	2.4943945	1.6500379825965558e-09	4.225449379248542e-09	23
RNASE4	2.4217498	3.0972224166296995e-09	7.870959127394407e-09	23
CNIH	1.3061231	3.391656748117435e-09	8.608265858166079e-09	23
PDLIM1	1.5869893	4.312904079204703e-09	1.0918744504315704e-08	23
LOC541471	1.9465225	4.940117359014526e-09	1.2475043835895266e-08	23
CXCR7	1.715013	6.711352469288355e-09	1.690516994782961e-08	23
SYNPR	8.917383	1.0941163996935517e-08	2.7455869502974946e-08	23
IGFBP3	1.4902414	1.5120200624100308e-08	3.76124393634336e-08	23
LGR5	4.7589726	1.896728228388151e-08	4.706521658531392e-08	23
C2orf74	2.2248957	2.0911339925974628e-08	5.1824882096591393e-08	23
RTP4	4.309659	4.073744696833669e-08	9.996919501432316e-08	23
ELF3	2.1513333	6.030867310646739e-08	1.4638027453026066e-07	23
VWA5A	1.3198116	6.831084081298041e-08	1.652015497290941e-07	23
ZNF727	2.5359328	8.703345957432444e-08	2.094668100465089e-07	23
EDN2	2.3440814	1.000315573068135e-07	2.3988383047197483e-07	23
GUSBP1	1.7830062	1.0767277862713584e-07	2.5789887096319963e-07	23
LPAR2	2.2169037	1.3206207436725163e-07	3.1556051222760247e-07	23
FGF19	2.0212657	1.5275688923758355e-07	3.637068791371037e-07	23
NTRK2	1.0329204	2.0133072714902227e-07	4.7652243112194623e-07	23
SDC4	1.0215037	2.9775923730180935e-07	7.014351879901281e-07	23
ZSCAN16	2.9554167	3.1882297391458227e-07	7.492901854631781e-07	23
MIR3064	2.2531707	3.8481898742057135e-07	9.012154272144529e-07	23
DGKA	1.594267	5.080240461014131e-07	1.1842052356676295e-06	23
OVOL1	2.686691	5.56988394321429e-07	1.2923164601425265e-06	23
C4orf52	1.5478024	6.152879892723576e-07	1.4259281327285228e-06	23
ARID5A	1.0348765	6.448595565833624e-07	1.4927304550540796e-06	23
DANCR	1.3834456	6.832126861751557e-07	1.5796825113876432e-06	23
EPHB6	3.5204277	7.656791144405631e-07	1.7622073980220095e-06	23
UCP2	1.1454848	7.904415969171397e-07	1.8171071193497465e-06	23
AKR1C3	1.4738624	8.549150905348724e-07	1.9630656499078585e-06	23
APOBEC3A	2.6111119	9.658595530548827e-07	2.215274204254318e-06	23
WARS	1.2454221	1.2571903407488937e-06	2.873577921711757e-06	23
TMEM177	3.003036	1.2890717222430993e-06	2.9430861238426923e-06	23
SBDSP1	1.4431747	1.6873808172269236e-06	3.8132899824337256e-06	23
ZNF600	2.8748314	1.7004020002348978e-06	3.8340518607325765e-06	23
KLHL13	3.1725652	2.3811306379258418e-06	5.315023745370182e-06	23
HIST1H2BG	2.9848707	3.030968317673302e-06	6.720550593510647e-06	23
RMDN2	3.0071664	3.3081523636031663e-06	7.327026275976005e-06	23
ZNF337	1.9015294	3.538917683156915e-06	7.820812559462796e-06	23
FGFBP1	5.948715	3.899914500942653e-06	8.55244408101459e-06	23
OTX2	5.7857	4.16831183643174e-06	9.13102264278585e-06	23
IL3RA	2.047111	7.130104448771469e-06	1.5433126512492356e-05	23
CMPK2	4.25528	9.3269839607684e-06	2.007962101349494e-05	23
FASTKD3	2.2899716	1.0355355106665485e-05	2.222179207438945e-05	23
ULBP2	2.5152216	1.1435248083818948e-05	2.451285762876516e-05	23
KRT16	3.2531002	1.9996019599900018e-05	4.236444830487292e-05	23
ACP5	1.5425429	2.0314442171467036e-05	4.294808070077597e-05	23
MIR614	4.121905	2.509111982447365e-05	5.260192835319424e-05	23
PNP	1.112412	3.7038489461805796e-05	7.724398219354703e-05	23
PTHLH	1.4156502	4.024458938057096e-05	8.384289454285617e-05	23
ZNF823	3.3541749	4.194246295073622e-05	8.719846767304828e-05	23
HAS2	3.0947547	4.47656799857342e-05	9.277861136939731e-05	23
ZNF596	2.752792	4.5091802871451734e-05	9.326122620775954e-05	23
TMEM176A	1.5048606	4.670558342081201e-05	9.639955298413211e-05	23
ZNF419	2.373754	4.8293581343869094e-05	9.957439452344143e-05	23
LOC100505633	8.471682	5.025092595004708e-05	0.00010339696697540552	23
UEVLD	2.0654006	5.182698498053939e-05	0.00010642091371774002	23
OR2A7	3.0782518	5.4875245360292006e-05	0.0001123341767866776	23
TM4SF1	1.2202541	7.393364383160749e-05	0.00015057768601142057	23
ZNF773	2.074832	7.631566969639177e-05	0.00015527094546570046	23
CHCHD4	2.8154807	9.404938516611869e-05	0.0001907695439475024	23
C1QTNF3	2.8659835	0.00010448849406606064	0.00021172947125848153	23
SCRG1	2.0864875	0.00012306076026336832	0.0002481063714987265	23
CD82	1.0118853	0.00013183628787811184	0.0002655312948199634	23
OXSM	2.1649814	0.00013429269835261661	0.00026993507206556105	23
GPC3	2.3926094	0.00013626713101974616	0.00027362877714808464	23
LOC729013	2.1072886	0.0001369758430189591	0.00027477601408015866	23
HCAR2	2.273758	0.0001563135484853698	0.0003123147821885511	23
LAMP3	3.6628315	0.00016622630222808666	0.0003307986113991775	23
FAM150B	3.1207561	0.00019097829987167717	0.0003789251981580896	23
SLC34A2	5.0455456	0.00019235077935936937	0.00038127012757060335	23
TADA1	1.5661432	0.00022150672265733984	0.00043732817898783785	23
KLHDC1	1.9469498	0.00022242661749359392	0.00043871127710768033	23
PIGW	2.0132442	0.0002665028553033925	0.0005246119198885679	23
DBR1	1.6304443	0.0002681813479294923	0.0005268872878615169	23
ZNF14	1.6576821	0.0002681856295215121	0.0005268872878615169	23
HIST1H3D	1.8638692	0.00027227906958619553	0.0005344044545362032	23
CKMT1B	3.8905454	0.00029550036222835666	0.0005782785953588193	23
RPS6KA1	1.4612899	0.00030580660766270525	0.0005966958198296688	23
KRT19P2	2.8147864	0.00035483681867248015	0.0006850131634603863	23
MIR4461	1.5573312	0.000354469417107075	0.0006849650572117392	23
SLC10A6	2.754407	0.0004051615929438465	0.0007769158062202235	23
GSKIP	1.2156799	0.0004102483580319606	0.0007859163946972426	23
BIK	3.0977638	0.0004329271258404107	0.000826985913735264	23
ASTE1	1.7864957	0.00046992496055668295	0.0008942435024865518	23
GUSBP9	1.5343606	0.0005019941571084462	0.0009526925215410333	23
HCP5	1.2237514	0.0005302174545456172	0.0010051515725983265	23
MFAP4	1.1333332	0.0005356510325489479	0.0010144905919487648	23
ARG2	1.3673445	0.0005617927862301446	0.0010599863891134803	23
ZNF736	1.5093791	0.0005913641499594766	0.0011126324552389025	23
SNORD76	2.4207623	0.0006059365743225361	0.0011379090597606312	23
ZNF253	1.5688968	0.0006217113577796117	0.001166437819473943	23
SNORD47	2.0176125	0.0006302679321942379	0.0011802770265809698	23
ALDH1A2	1.3382853	0.0007049153053792243	0.001316368450754854	23
ETV7	2.943858	0.0007199979451318337	0.001342027856722896	23
SLC25A20	1.733001	0.0007250630769835302	0.0013502105716639294	23
LOC645638	4.403976	0.0007663464166617676	0.0014244357187021702	23
COL9A1	1.1183978	0.0008288673233540452	0.001534939487692676	23
PIGB	1.6192373	0.0009628471371305097	0.00176669199473488	23
TREX2	4.026658	0.0010247705114738589	0.0018717269615960892	23
HS3ST1	1.8565487	0.001043580576475305	0.0019043441176556661	23
TMEM116	1.6511463	0.0011430197285443857	0.00207256523761448	23
ZNF17	2.0606186	0.0011475774622499823	0.002078944677989098	23
KLRAP1	2.6506135	0.0011606658635919048	0.0021007526942839905	23
ZNF233	2.8154323	0.0012571065159786075	0.00226301803056455	23
PLA2G7	1.9279417	0.0015377208847702718	0.0027483840657198783	23
TRIM34	1.6399101	0.0015848821399045657	0.002825101853662327	23
ZNF165	1.2223058	0.00161437642635606	0.0028751138492538915	23
ZNF675	1.5402689	0.0017061339605234514	0.0030304333224217615	23
SNORD80	1.9894888	0.0017494013558243256	0.00309628558552978	23
FAM218A	2.745486	0.0019095744228908712	0.003356018317910143	23
C1orf74	2.97821	0.0019504724057659098	0.0034248856993255657	23
NUDT7	2.5741334	0.0019782080617828236	0.0034674987936596383	23
ZNF214	2.6199334	0.0019902495142642253	0.0034855508130721986	23
RBM45	1.6270763	0.0019990574002136403	0.0034979132112224675	23
ZNF468	1.7986937	0.0020557518908123212	0.0035908329970520893	23
FLJ27352	2.359279	0.002059148393513426	0.003593627213810517	23
BTN3A3	1.3463985	0.002072806275396552	0.003614309111415086	23
SNORD114-3	3.164235	0.002258024404420227	0.0039235871492966585	23
LIPT2	3.0365744	0.0024127630196725904	0.004170722592346742	23
ZNF571	1.594231	0.0024901044829941494	0.004300698588936355	23
ZMYND12	2.5881166	0.003267625216962892	0.005590462304470302	23
ZNF700	1.5652151	0.003438596142714659	0.005867911506339009	23
ZNF124	1.232674	0.0034681809756306405	0.005908315120324771	23
ZNF564	1.4979558	0.003550720964233643	0.006041335314125915	23
RPS15AP10	1.9419479	0.003552305164706038	0.006041335314125915	23
CCNB1	1.0590863	0.0038889331515172343	0.006591412121215652	23
C11orf65	3.4727294	0.004008634283904989	0.006777065568732019	23
DDIT4L	2.4331253	0.00439297951155423	0.007395588403289951	23
VIT	2.9693	0.004649298445236554	0.007807386138096647	23
ZNF256	1.42717	0.005005903368576225	0.00839212635134321	23
SNORD58C	3.3878381	0.005793944868376568	0.009640507268513425	23
ZNF180	1.6130843	0.005801210031154115	0.009644571955368436	23
XGPY2	2.7890477	0.005843371137746772	0.009706596574330187	23
GRP	4.086359	0.005857104600797039	0.009721335437007534	23
UBE2Q2P2	1.9066329	0.006255600433293134	0.010374130071796243	23
ZNF345	1.4411923	0.006617507348796927	0.0109380286756974	23
CYP21A2	4.954416	0.0068988004092737755	0.0113747739641777	23
IFIT2	1.2874722	0.007025409883445701	0.011564460713490866	23
DENND2D	1.1011444	0.00757058686777476	0.012420979274445873	23
RAB39B	1.7483522	0.007707889947677547	0.012635885160127128	23
LINC00473	1.9943417	0.0077336813794561445	0.012667782767331931	23
BCYRN1	1.7639227	0.007925233054487711	0.012928602046472613	23
LOC441204	3.2233813	0.008117860554951182	0.013232046544337702	23
ZNF211	1.3229584	0.008824281301192151	0.014255704848452587	23
MIR568	1.9164398	0.009582141575293681	0.015430179670360195	23
PION	1.5832583	0.009814165045497406	0.015765726980718722	23
ZNF487P	1.6113001	0.010062293755766456	0.016112560057272147	23
LINC00659	4.547249	0.011769008657074653	0.01872555076702411	23
SNORD114-25	3.3563635	0.012462161516993177	0.019781208757132025	23
PBK	2.2281017	0.013420204301882965	0.021251313225467878	23
WDR86-AS1	2.6159742	0.014018268838694788	0.022156132099817247	23
PLK1	1.9891557	0.014024831619184316	0.022156132099817247	23
C6orf52	3.554778	0.01427930373632103	0.022540337389614886	23
CALB2	1.4716226	0.014388892323356188	0.02269541375923689	23
ZNF563	1.9387546	0.014771092502975045	0.02327989362171008	23
LIPT1	1.5728354	0.015069431576862071	0.023694074806386904	23
PCK1	2.6896367	0.01587456910949662	0.02494040708483366	23
HLA-DOB	2.8002608	0.01780014791708329	0.027856256521257103	23
ZNF816	1.5587404	0.018542961204439136	0.02892817660598929	23
ZNF85	1.1168683	0.01893536188989974	0.029448463281337073	23
KCNJ13	2.5675347	0.02007074058418589	0.03110837875942755	23
ZNF443	2.0141609	0.020080458489210484	0.03110837875942755	23
C21orf7	1.665942	0.020505849804625175	0.031718251824632906	23
ZNF586	1.0550774	0.023008607075559562	0.03537064884790094	23
LOC644656	2.077695	0.025082503158598685	0.03847009686901639	23
ZNF845	2.2909	0.02512007378118504	0.03849819736580083	23
ZNF93	1.4511005	0.02712556226543426	0.04141307216096834	23
APOBEC3A_B	2.8886256	0.02796683954616653	0.04260668482683566	23
ZNF141	1.1038706	0.028378206460456464	0.04312797334415876	23
ZBTB26	1.3450559	0.028700324743819967	0.04351830893680056	23
ZNF565	1.3987592	0.02897732475166108	0.04387180128941874	23
NSUN3	1.0895747	0.029709030900267927	0.04482997788990824	23
SLC25A19	1.0586613	0.02972227534100916	0.04482997788990824	23
SEC24B-AS1	1.6082271	0.031751472113632946	0.04767488305350292	23
HCAR3	1.9294902	0.03268675627104743	0.048968923252505514	23
TRIM49C	6.3873773	0.032992748982181005	0.049316515668431996	23
C6orf164	3.409346	0.03318487272129865	0.049492725907977105	23
TPSAB1	12.526225	1.6638337914195916e-250	3.0811736878140587e-249	24
CPA3	15.796355	3.2061004258780343e-229	5.434068518437347e-228	24
TPSB2	17.267586	3.679724158638791e-198	5.2567487980554146e-197	24
SRGN	5.593399	5.864741798818785e-166	6.81946720792882e-165	24
FCER1G	6.499541	2.7460822745648126e-153	2.8906129205945396e-152	24
LAPTM5	5.4529605	3.282821833190256e-150	3.4196060762398498e-149	24
SLC18A2	10.302129	4.263418605329888e-139	4.11924502930424e-138	24
TPSD1	16.087397	2.689952340458817e-138	2.586492635056555e-137	24
HPGDS	9.588214	2.591531743157164e-137	2.4681254696734893e-136	24
RAC2	5.9283037	1.960997914513382e-136	1.8499980325597944e-135	24
ARHGDIB	5.001027	8.072839251863107e-135	7.544709581180474e-134	24
CTSD	4.0392265	1.3422540673042917e-132	1.2314257498204512e-131	24
RGS1	7.356492	2.1945146362662102e-130	1.985986096168516e-129	24
CAPG	5.2604494	1.1743260504694398e-128	1.0392265933357874e-127	24
CD44	4.711703	8.765307989581242e-130	7.86126277092488e-129	24
VWA5A	6.898839	1.5761516098864589e-122	1.3414056254352842e-121	24
MS4A2	13.648004	1.4378184564126798e-120	1.2031953610147949e-119	24
VIM	2.6998682	1.2543199904195412e-130	1.140290900381401e-129	24
HDC	12.065838	6.643026398604381e-115	5.3572793537132105e-114	24
TYROBP	5.214255	5.0734694887129e-117	4.158581548125328e-116	24
KIT	9.644362	1.1414049906232438e-111	8.813938151530839e-111	24
MTRNR2L8	2.9643342	3.7300785043200497e-134	3.46984046913493e-133	24
LGALS3	5.8508363	3.7723252527826836e-106	2.8151680990915546e-105	24
HPGD	10.098124	2.5938397148490412e-104	1.9072350844478243e-103	24
B2M	2.200825	3.3405328399016356e-115	2.704884890608612e-114	24
NFKBIA	4.4921227	1.3512421795688574e-103	9.86308160269239e-103	24
IL1RL1	11.615055	5.508588089382767e-100	3.812171688154164e-99	24
S100A4	4.6083226	2.484108666325319e-101	1.7743633330895134e-100	24
CD82	5.587684	1.1201460376180359e-97	7.505821578179222e-97	24
C1orf186	11.752177	3.534991024134289e-96	2.348831245271953e-95	24
FTH1	2.4432738	3.5490168397767676e-101	2.5259906332930726e-100	24
RGS2	5.8746586	2.228451528333383e-93	1.461279690710415e-92	24
ANXA1	3.3294501	1.3697118746066295e-99	9.381588182237189e-99	24
NFKBIZ	4.734755	9.691501936855712e-91	6.153334563082991e-90	24
MTRNR2L1	2.3658211	6.048349313968461e-103	4.382861821716276e-102	24
CD69	8.325947	8.80925972445111e-87	5.3389452875461264e-86	24
PTGS1	7.17134	1.9741072288034924e-84	1.1750638266687454e-83	24
BTK	7.494618	2.2480013332693747e-80	1.303189178706884e-79	24
CLU	2.7675083	3.322389356902927e-82	1.942917752574811e-81	24
RGS13	10.202869	7.93193476057706e-79	4.532534148901177e-78	24
SAMSN1	5.210347	1.473944762090389e-78	8.350961824874726e-78	24
SIGLEC6	13.432741	1.6738691021804522e-77	9.430248462988463e-77	24
FCER1A	7.5861683	3.0503549779016876e-74	1.6399757945707998e-73	24
TNFAIP3	4.3745313	4.8625752289198114e-74	2.6003076090480275e-73	24
SLC2A3	4.112335	1.8128456411420483e-73	9.668510086090924e-73	24
LAT2	5.7926726	1.4133590569921475e-67	7.304181173086033e-67	24
MAOB	9.613178	2.0645999543005036e-64	1.0453670654686094e-63	24
PLIN2	4.4972267	2.151247112995557e-64	1.086488440906847e-63	24
GATA2	5.5304503	7.590341604406289e-63	3.73908453419029e-62	24
CD37	4.0406847	7.674881069967433e-63	3.7714403292223256e-62	24
LOC284454	3.5076108	6.929475008083003e-63	3.4219629669545695e-62	24
ADRB2	4.763155	8.48250363419325e-61	4.1077499439192495e-60	24
LTC4S	5.3192997	1.064354201860112e-60	5.129417840289697e-60	24
ALOX5	6.168987	1.8737736796929604e-59	8.986924123227629e-59	24
TMSB4X	1.19378	4.2160349220035026e-63	2.087146000991833e-62	24
SAT1	2.5309234	2.199242995899346e-59	1.0522693760283953e-58	24
CALB2	5.873828	8.416309382339091e-57	3.9236873577338422e-56	24
SIGLEC17P	9.559865	4.219863547555998e-56	1.938623539752515e-55	24
CD83	4.6261153	7.370470044488624e-56	3.3655114358395545e-55	24
LCP1	3.5795062	4.226199316660483e-56	1.938623539752515e-55	24
ALOX5AP	4.9992523	2.069127682743805e-55	9.426549807488861e-55	24
CTSG	15.499375	1.3881927572697382e-51	6.11538659590193e-51	24
DUSP6	4.7910476	1.652644275744631e-51	7.264370442833543e-51	24
P2RX1	8.233783	1.0567953906102257e-50	4.604772943835406e-50	24
LAT	5.0424023	1.002013137348463e-49	4.328350485306535e-49	24
GCSAML	13.913557	6.653170978212083e-49	2.8554381880738553e-48	24
STK17B	2.8030732	1.2295821817644518e-48	5.254624708395093e-48	24
RHOH	4.6536565	2.4150315614305837e-47	1.01900065883147e-46	24
DDIT4	3.5373359	1.1257410446874083e-45	4.642231112113024e-45	24
BHLHE40	2.901241	5.621522809273501e-45	2.2991913330361965e-44	24
ALDH1A1	2.7953646	6.78279106403718e-45	2.7684861485866044e-44	24
SDPR	5.7790937	2.9287090197813556e-44	1.1905321218623397e-43	24
ICAM1	3.5927706	3.946445237569736e-44	1.5977511083278283e-43	24
RAB37	6.683906	2.5251559312926622e-43	1.0161593284879928e-42	24
DUSP10	4.3746943	4.047108945658171e-43	1.625344958095651e-42	24
IL18R1	5.7617517	4.001920945240079e-40	1.548131893709895e-39	24
CD33	5.5755334	4.487212601812328e-40	1.7325145180742578e-39	24
BST2	3.8502264	3.860756956836386e-40	1.496417425130382e-39	24
TIMP1	1.9701248	2.892561909419664e-40	1.1233250133668599e-39	24
CST7	3.7883973	8.251940178026092e-40	3.173823145394651e-39	24
GRAP2	5.4863367	1.2599887245434002e-39	4.809117269249619e-39	24
RASSF5	3.7140038	3.0598712022411214e-39	1.1612414429757575e-38	24
PLAT	5.622506	1.123476869027903e-37	4.199913529076273e-37	24
SYTL3	3.827344	7.782339118036669e-37	2.8559042634996948e-36	24
PLAUR	4.0325646	8.876251039723926e-37	3.2454299962427515e-36	24
GPR65	4.899784	1.7807008882321286e-36	6.487070631082436e-36	24
HLA-C	1.5405959	7.2807402533608844e-37	2.6767427402062072e-36	24
CREM	2.7122297	3.497479694649992e-36	1.2672027879166638e-35	24
CDK15	10.419231	9.868045805866614e-36	3.543283951837204e-35	24
PTPN6	4.066429	2.7829473988510723e-35	9.92138110107334e-35	24
BIRC3	3.8096986	8.002540928146635e-35	2.8327578506713753e-34	24
C6orf25	7.134345	4.201202427086248e-33	1.4587508427382806e-32	24
SGK1	2.8967717	3.736245366182935e-33	1.299563605628847e-32	24
KRT1	12.452684	5.6002806235506555e-33	1.931131249500226e-32	24
CD97	2.954203	4.6118491249440056e-33	1.595795544963324e-32	24
TNFSF10	4.7092223	5.894512440489827e-33	2.0290920621307496e-32	24
EZR	1.8582293	2.4991973359957734e-32	8.52968374059991e-32	24
LAIR1	3.4653013	1.4835573713260353e-31	5.02900803839334e-31	24
OSTF1	2.7088845	6.73734276493597e-31	2.260853276824151e-30	24
LAX1	6.482738	1.5046338516123315e-30	5.0238192040478516e-30	24
RASGEF1B	3.4718971	1.4805305242737563e-30	4.951607104594503e-30	24
CD55	2.5448825	1.6849262380187567e-30	5.616420793395856e-30	24
ARHGAP15	3.3718162	7.872332234257731e-29	2.593849171089862e-28	24
HS3ST1	5.4848647	5.743116243163475e-27	1.8436970283028812e-26	24
CTSB	1.2045627	3.5130322526424324e-27	1.1332362105298169e-26	24
TSTD1	3.7394707	1.491999745280213e-26	4.7515915454783856e-26	24
SKAP1	3.916249	8.029859705950546e-26	2.541094843655236e-25	24
NCF4	3.828151	4.92204922085188e-25	1.5405474869645947e-24	24
SMIM3	4.7172637	7.817299220733103e-25	2.43529570739349e-24	24
STAB1	2.4571238	6.933172163115161e-25	2.1666163009734876e-24	24
BATF	5.285395	1.079882292374939e-24	3.3432888308821635e-24	24
ZNF331	2.5615833	1.0059333807774365e-24	3.1191732737284853e-24	24
CD53	2.6255035	9.550861505463994e-25	2.9661060575975136e-24	24
C1orf162	3.732327	1.3729747054106974e-24	4.244125828162898e-24	24
CNIH	2.608838	2.0116239632797597e-24	6.180104341873302e-24	24
KLRG1	4.7899594	3.469707853277772e-24	1.0626976579717525e-23	24
CXCL16	2.4210577	5.014386880461606e-24	1.5287764879456114e-23	24
EIF4A3	2.150743	1.128942485295532e-23	3.4107023724940545e-23	24
LIF	3.4057527	1.5057808322640883e-23	4.535484434530386e-23	24
PTPRC	1.9241542	1.1750519152918638e-23	3.544651328180584e-23	24
CD68	2.5599463	1.7882965352694866e-23	5.370259865674133e-23	24
ARHGAP25	3.949165	5.751353526542753e-23	1.7117123590901049e-22	24
IGFLR1	3.728731	6.840288370696015e-21	1.971264660142944e-20	24
MAP3K8	3.1747193	2.8268461736353035e-20	7.98544116846131e-20	24
GMFG	2.4922373	1.0122417156536315e-19	2.831445358471697e-19	24
PIM2	3.2136424	1.937096688563514e-19	5.395812502962435e-19	24
FERMT3	3.095336	2.9584508480098537e-19	8.229348673184572e-19	24
HAVCR2	3.1255043	3.022271528127183e-19	8.395198689242175e-19	24
TMEM176B	2.9150014	3.1711215525564215e-19	8.796453682542084e-19	24
EVI2A	2.5763113	3.532680736105955e-19	9.785819213589903e-19	24
SERPINB9	2.0702357	8.514121851270043e-19	2.348723269315874e-18	24
LPXN	2.8001711	3.819115464700431e-18	1.0449016319289826e-17	24
STAP1	6.251005	1.4507220035463062e-17	3.936830403110736e-17	24
CMA1	13.222385	3.192760661917589e-17	8.58268995139137e-17	24
DNAJB1	1.4159819	4.945920919224992e-17	1.3242090814524745e-16	24
ANKRD44	2.182952	3.6704041914296013e-16	9.684443776859107e-16	24
GLA	2.0849168	5.433606897061609e-16	1.4298965518583183e-15	24
GPNMB	3.2234445	5.787793391138026e-16	1.5191058769391143e-15	24
AP1S2	2.596971	9.619765592244735e-16	2.51497139666529e-15	24
PRG2	7.852688	1.2483974582533539e-15	3.259523389695441e-15	24
CCL2	3.168679	1.5316909283718133e-15	3.9835914912140785e-15	24
CCND3	1.750392	1.5011139287205944e-15	3.909150856043215e-15	24
PNP	2.084663	4.26191473666554e-15	1.1012699577947132e-14	24
PTPN7	3.2458012	6.961821540365313e-15	1.791974656464688e-14	24
TBXAS1	2.8217463	9.651399981797808e-15	2.4778947321688853e-14	24
MCTP2	2.1952121	9.339131994932928e-15	2.4008051400855855e-14	24
PTGS2	3.5582416	1.5828204370333572e-14	4.0481341100597366e-14	24
CD300A	2.7061799	1.5756900334994586e-14	4.0350577042239655e-14	24
ADCYAP1	6.3247924	2.022051726390852e-14	5.1517241436709607e-14	24
IDI1	1.6095695	3.804814904184552e-14	9.620265244461572e-14	24
CD274	6.1187434	4.818938209208161e-14	1.215369031326144e-13	24
HCST	2.2367167	4.974078074065478e-14	1.2529163914522614e-13	24
AREG	4.362278	7.860396783298651e-14	1.9553225829101123e-13	24
COTL1	1.2477251	7.662435221734359e-14	1.908452110021011e-13	24
HCLS1	1.7834827	9.781242380870702e-14	2.4271072905386355e-13	24
PPAP2A	2.4786925	1.5518138237741637e-13	3.8316390710473176e-13	24
AURKA	5.4410844	3.585923636559773e-13	8.735502159707122e-13	24
CD58	2.3763304	7.893160405789967e-13	1.90886587806287e-12	24
GPR34	2.8474522	9.876224299690482e-13	2.3826837876213466e-12	24
ITM2A	1.6221516	1.0445249513438087e-12	2.5138987998647626e-12	24
PHLDA2	1.7572498	1.242325326153073e-12	2.9827738923243048e-12	24
LXN	2.939805	1.4356482629351e-12	3.4428015897724226e-12	24
MFNG	2.8545632	1.4717015809202942e-12	3.5250337267551958e-12	24
C16orf54	2.88682	3.3653337230531237e-12	7.993666800601244e-12	24
TTC39B	3.6980038	3.5348635518385355e-12	8.386390395820962e-12	24
HEY1	3.022819	4.669227758340156e-12	1.1012329618726784e-11	24
IL18	3.348249	4.712160168162279e-12	1.1100495095788643e-11	24
CD48	2.235906	1.204203440765971e-11	2.8102764078552416e-11	24
AGPAT9	4.32805	1.5173914073457954e-11	3.532925279035612e-11	24
PIK3IP1	2.0949814	1.5418459588101666e-11	3.585688276302713e-11	24
EVI2B	2.1753082	1.6526214772668075e-11	3.834388578345261e-11	24
GDF15	4.2431965	1.8711323172382614e-11	4.331324808421902e-11	24
CTSW	2.2070029	1.802814277223494e-11	4.1780168649443665e-11	24
C3AR1	2.4674838	1.929193902101967e-11	4.460563935495878e-11	24
NAMPT	1.4791085	2.007765660206747e-11	4.636872194472857e-11	24
CD200R1	4.2860913	5.603774902690839e-11	1.283797228566057e-10	24
CLNK	8.523903	8.921507639429942e-11	2.0345513430855058e-10	24
ABRACL	1.9426353	1.516451324582436e-10	3.4347708371063106e-10	24
ARL4C	1.7605737	2.559919353339847e-10	5.739729491793379e-10	24
SLA	1.954156	3.4213689683128383e-10	7.628470386427733e-10	24
P2RY14	5.6715784	3.5214664519275647e-10	7.825481004283477e-10	24
MRGPRX2	11.2652855	4.152691720465452e-10	9.207742173981046e-10	24
IL1RN	2.4333856	7.832215269214697e-10	1.7213659932339992e-09	24
UCP2	1.6750687	1.2332904909399947e-09	2.69571692008742e-09	24
CD52	2.160653	1.427153507380176e-09	3.105883585158163e-09	24
SLC9A3R1	1.8927721	3.817842953197359e-09	8.192796036904204e-09	24
APOBEC3C	1.7334324	5.867044956119351e-09	1.2469808620870034e-08	24
BIN2	2.0785012	1.0900385163730104e-08	2.299659317242638e-08	24
GLIPR2	1.976432	2.495560463413959e-08	5.177511334883732e-08	24
OSM	2.4388049	3.2196275793266165e-08	6.659002232319786e-08	24
CCNH	1.0797113	3.2249045063867076e-08	6.663025839641958e-08	24
CDC14A	2.3944094	3.818935816421804e-08	7.849816683292507e-08	24
LRRC70	5.706786	6.501459153338069e-08	1.325475872240177e-07	24
FKBP5	1.6805903	6.990789765197087e-08	1.423786102891464e-07	24
CDC42SE2	1.1490636	7.590558897000172e-08	1.5443660014242465e-07	24
HMGN4	1.5942792	1.0793402844271171e-07	2.1826901606210659e-07	24
CLEC12A	4.2231226	1.1601064020573833e-07	2.3436492970856228e-07	24
TRAF3IP3	2.4682956	1.247369311836012e-07	2.5097974081207484e-07	24
SELPLG	1.422031	1.703641658308908e-07	3.407283316617816e-07	24
TUBB3	1.7183876	1.8588515587758707e-07	3.706583367449394e-07	24
DHRS9	6.2432785	2.3344067021546623e-07	4.650212554092953e-07	24
CTSC	1.2341484	2.9739052213992564e-07	5.900605598014398e-07	24
B3GNT5	1.9188731	3.7352113260654336e-07	7.367280722022551e-07	24
DPP4	3.2419872	3.925992274510228e-07	7.735945368493061e-07	24
TNFAIP8	1.6686184	4.6623195640646423e-07	9.177794417450083e-07	24
CD4	1.5899297	7.108540697122323e-07	1.3911038546227637e-06	24
GABPB1	1.662888	1.1763826821122866e-06	2.2842382176937603e-06	24
B3GNT7	2.971278	1.3069509274939192e-06	2.535307327825256e-06	24
PTPN22	2.0064898	1.3767037951519359e-06	2.6654478124916477e-06	24
TM6SF1	2.2785435	1.5537464395505086e-06	2.996618012633575e-06	24
SLCO2B1	1.4199564	2.654223831759004e-06	5.070150585977085e-06	24
ARG2	2.1405835	2.6923704339257588e-06	5.133213410725947e-06	24
DENND2D	2.1479096	3.3370368367333346e-06	6.34417649569075e-06	24
WARS	1.2698246	4.067621590533518e-06	7.689265766604003e-06	24
TFRC	1.3718853	4.274901611305481e-06	8.035529344559175e-06	24
TRIM63	11.029983	4.43259265393104e-06	8.324117659964395e-06	24
CYSLTR1	3.2716796	5.283421523552989e-06	9.884792373345163e-06	24
QPCT	1.4369124	6.478802352157798e-06	1.2098603832227448e-05	24
MST4	2.3270395	7.920564986884677e-06	1.4749655469058988e-05	24
BCL2A1	2.0216732	7.931966625669994e-06	1.4757147210548826e-05	24
CD79B	2.0645459	1.0230040978049801e-05	1.8892042434071656e-05	24
MYO1G	1.8620204	1.69675114031478e-05	3.090621384908525e-05	24
LOC541471	1.3581609	2.090593622021979e-05	3.790740928417006e-05	24
RPS6KA1	2.2194192	2.1925612486068215e-05	3.9684366490621205e-05	24
LOC100130298	5.5059495	2.3384612205020004e-05	4.213443640544145e-05	24
ZNF267	1.4327679	3.3900064731106906e-05	6.091655836676892e-05	24
EDNRB	2.5132856	4.244204240891527e-05	7.599291389241767e-05	24
BIRC7	7.695677	4.291156403400459e-05	7.676487304830874e-05	24
PLAU	1.6674448	5.06631191654986e-05	9.038915105352115e-05	24
LCN10	5.8437414	5.367425050149406e-05	9.559082903204642e-05	24
ZNF124	2.2508223	5.593825704276082e-05	9.944579029824146e-05	24
RSAD2	3.4574454	5.6415866610522785e-05	0.00010020580215012929	24
MIR4461	1.7056649	5.699565856787537e-05	0.00010105613221254499	24
TMEM176A	1.7431716	5.7955080600494435e-05	0.00010266621895570316	24
RGS17	5.462213	5.972520760217021e-05	0.00010561486755467766	24
ITK	1.6278616	6.082654047554773e-05	0.00010746738599920095	24
UPP1	1.2943935	7.436317601822547e-05	0.000130690994759623	24
UTS2	4.3388524	9.378941710242377e-05	0.0001645428370217961	24
ZNF92	1.9343085	9.4261869565768e-05	0.00016522676523359858	24
ST8SIA6	5.327867	0.00011998614817814364	0.00020958279157754346	24
GGTA1P	2.1260824	0.00013097418014541308	0.00022797942584057977	24
ZNF211	1.8581914	0.00013784572141054913	0.00023973168940965068	24
TNFRSF9	2.637636	0.00016641486862900833	0.00028741773511054984	24
SRSF10	1.0060892	0.00018965462835796352	0.0003264279317693004	24
ACSL5	2.0853124	0.0001911696951465042	0.00032875270016595736	24
GLRX	1.293109	0.00022658684359938975	0.0003879911705469003	24
ZNF844	2.1758962	0.00024780556365210977	0.0004235992541061706	24
ABHD3	1.3073875	0.0002606682493243976	0.0004448263640348082	24
GSTM1	1.3140352	0.00027108770531896403	0.0004622126262897937	24
EAF2	2.4882584	0.00028183500491641734	0.0004801277766889563	24
SLC27A2	3.853302	0.00034452255565368863	0.0005829484867236694	24
A2M-AS1	2.349333	0.0003805596408955105	0.0006412125373134128	24
IL9R	3.2818851	0.0004904948359856571	0.0008174913933094285	24
SBDSP1	1.1838504	0.0005164582618909828	0.000858617226751426	24
PARP15	1.9651147	0.0005265979051054225	0.0008747473506734594	24
BTN3A1	1.3185313	0.000546647118336481	0.0009072981217203002	24
CSF2	5.8219194	0.0005484239550981192	0.0009094924628492856	24
SLC25A19	1.8343551	0.0005840296200164659	0.0009653382149032494	24
LRMP	1.7140677	0.0006125766278858825	0.001010019172111925	24
PDE6G	4.865135	0.0006187221108329826	0.0010193115499719648	24
RAB20	1.4178051	0.0006279154733087046	0.0010336057173805835	24
IL18RAP	2.2850118	0.0006352107525537402	0.0010447545272265464	24
ENPP2	1.699828	0.0007459757808482646	0.001222911116144696	24
LOC401397	1.193384	0.000869247574075186	0.0014191797127758139	24
MBL1P	5.6051955	0.0010313809613608394	0.0016716060962088158	24
BIK	3.3813622	0.0012190747882821372	0.001966249658519576	24
C2orf74	1.4990613	0.0012424876896552145	0.0020023975659229885	24
C21orf15	4.252504	0.0012973007283073386	0.0020841278277933177	24
ZNF439	2.6156871	0.001975446182383785	0.0031306595600376938	24
VMO1	1.7926033	0.002285291486217885	0.003598884230264386	24
ZBTB32	2.5427687	0.0028257540549754758	0.004418692814660635	24
CDRT4	2.7630248	0.0035285573689027407	0.005466394064915168	24
MIR3064	1.3654474	0.004327539590282562	0.0066322445828085235	24
ZBTB2	1.5985262	0.004906729736023433	0.0074969132712351914	24
CD226	2.1999998	0.005125650335399975	0.007819451312585775	24
IL27RA	1.3833826	0.005557547815899958	0.008446121300759814	24
SQRDL	1.0872358	0.0064968275345700655	0.009821356817188308	24
ABCB1	2.4023373	0.0067405670273574655	0.010174440796011269	24
MLKL	1.9235922	0.0068114534491550745	0.010273685443672811	24
CCRL2	1.4042917	0.007318496829572	0.01101353924691046	24
ZNF700	1.7372103	0.0078069735134490646	0.011704607966190501	24
IL13	6.4343762	0.008950548289955817	0.013329185837611047	24
ADORA3	1.8509094	0.009536336893330893	0.014169891371962694	24
AQP3	1.5289313	0.009623057647822321	0.014288133107382807	24
ERP27	3.306716	0.012327098954803743	0.018008910087368508	24
OR8G5	9.343582	0.0145268595970659	0.02105341970589261	24
ANXA2R	1.6159259	0.015194385931403234	0.021957205103183865	24
ZNF675	1.2675906	0.015910140067002386	0.022941802547948646	24
RAB33A	3.153579	0.016109791429994986	0.023212836721487193	24
MFSD2A	1.9630818	0.017472109490379344	0.025103605589625495	24
TPK1	1.8817203	0.017545575363567892	0.02519106297712547	24
ZNF708	1.0849557	0.019431260283811726	0.027719344199446116	24
TNFRSF18	1.3288298	0.019494794197877363	0.027790155663403225	24
NELL2	1.6615876	0.02513565756381082	0.035377420920212274	24
GDF3	11.517336	0.02572162168829385	0.03610052166778084	24
ABCC13	1.6466053	0.025900816235719177	0.03632653048487963	24
MIR568	1.6469358	0.02638180127875361	0.0369493015108594	24
FGR	1.0934836	0.029361504991203324	0.04089346099053388	24
SP140L	1.1590796	0.03028622166861956	0.042064196761971616	24
TNFSF4	1.993675	0.033387362538337566	0.046083316132971106	24
TMSB4X	2.7075987	8.43877928712201e-146	1.7580790181504185e-144	25
HLA-C	3.4094706	1.27554856177471e-127	1.8758067084922205e-126	25
RAMP2	5.9365683	2.1319386417415313e-109	2.4505041859098064e-108	25
GNG11	4.4102464	3.693057611158785e-102	3.827002705864026e-101	25
B2M	2.4427972	3.987753255800023e-110	4.610119370867079e-109	25
TM4SF1	6.367488	3.850022742257413e-99	3.719828736480592e-98	25
IFI27	7.6983647	7.505898662435028e-98	7.148474916604789e-97	25
ECSCR	7.06104	1.340788064855707e-92	1.1761298814523745e-91	25
ELTD1	6.6036124	1.3051457715810632e-92	1.1499081687938883e-91	25
EMP1	4.8260703	1.9243165041201312e-91	1.6238957840676213e-90	25
SPARC	3.589653	2.7085319305707754e-92	2.3349413194575648e-91	25
CLEC14A	7.0105314	6.666853019260257e-88	5.354902023502215e-87	25
ENG	4.93176	9.7621297808206e-86	7.626663891266093e-85	25
VIM	1.8688394	9.850161361736693e-92	8.383116052541868e-91	25
A2M	4.8006496	1.1715150610967177e-85	9.081512101524943e-85	25
SPARCL1	6.851192	2.3069114690832027e-84	1.7476602038509113e-83	25
CAV1	5.3213716	9.99384763317153e-82	7.164048482560236e-81	25
MT-CO2	2.15499	3.246197394811316e-96	3.0480726711843345e-95	25
PDLIM1	5.3573017	4.343176730348765e-81	3.0802671846445145e-80	25
PLVAP	7.2711678	2.234619753648404e-80	1.5681542130865993e-79	25
ESAM	6.1266785	1.0687363079532194e-79	7.421779916341802e-79	25
S100A16	4.682232	3.845665121812242e-78	2.607230591059147e-77	25
AC011526	7.102383	2.6570466970458103e-77	1.7892570350476837e-76	25
MT-CO3	1.8329118	3.915342098122341e-96	3.659198222544244e-95	25
RAMP3	8.099276	1.019458895670223e-75	6.706966418883046e-75	25
MT-ND4	1.827427	8.678214534774086e-91	7.231845445645072e-90	25
EMCN	6.9636674	2.4580999471513687e-71	1.4942856821588868e-70	25
RNASE1	4.443232	9.603184637634366e-70	5.699219369515943e-69	25
PRKCDBP	4.1299877	6.944665219560345e-64	3.7948990270821556e-63	25
CYYR1	5.9401765	2.5125616675373896e-62	1.3364689720943562e-61	25
LGALS3	3.6188776	6.819248381588925e-63	3.666262570746734e-62	25
SPRY1	4.4048114	4.4542289450762065e-61	2.3320570393069144e-60	25
IGFBP4	4.065704	8.122148766962894e-61	4.2413309488056886e-60	25
TINAGL1	5.914933	1.3610289752020795e-59	7.0519636020833135e-59	25
APOLD1	5.90585	1.3009920803572304e-57	6.504960401786152e-57	25
SDPR	6.531623	1.7472842063971233e-55	8.461424728315368e-55	25
STOM	2.664619	1.1754056614563924e-55	5.705852725516468e-55	25
VWF	6.3192186	5.319251361252114e-55	2.5390221294759495e-54	25
ADIRF	4.1730423	4.019414613114782e-55	1.932410871689799e-54	25
PRSS23	3.0077894	2.1968593470950925e-55	1.0612847087415907e-54	25
NNMT	4.5783176	9.846584544916982e-55	4.655595529511576e-54	25
HSPG2	4.58461	2.0748584438759865e-54	9.787068131490503e-54	25
CD93	4.2376842	8.970535892752324e-53	4.07751631488742e-52	25
CLEC2B	4.1036067	1.2196880027175136e-52	5.5189502385407856e-52	25
TM4SF18	6.6235723	2.1849878219445093e-51	9.75440991939513e-51	25
ARHGDIB	2.3463974	3.567634328580961e-51	1.5856152571470938e-50	25
COL15A1	4.654248	1.5994048854375344e-49	6.938849828362405e-49	25
AQP1	3.6789424	2.7267864256136596e-49	1.1742284672842553e-48	25
CD34	5.408167	8.707365251920794e-49	3.7210962615046124e-48	25
NFKBIA	3.2423215	1.5547900946796643e-46	6.45141118124342e-46	25
SLC9A3R2	4.2523923	3.446142495637411e-46	1.4152535916375405e-45	25
ICAM1	3.2517889	6.823161331649192e-46	2.7906590313493626e-45	25
CDH5	5.263401	2.9002580275564644e-44	1.1624280671568995e-43	25
TIMP1	1.8989947	6.167411951681123e-45	2.486859657935937e-44	25
GMFG	3.2658098	2.934154688245161e-44	1.1736618752980644e-43	25
C8orf4	5.7837234	2.7853779105601015e-42	1.0944510454067196e-41	25
COL4A1	2.7274308	4.526471978303153e-42	1.7716132987487877e-41	25
TIMP3	2.7463663	5.4303011286938404e-40	2.0414665897345263e-39	25
PPAP2A	3.9640398	7.595726643090655e-40	2.8342263593621845e-39	25
ICAM2	3.3575544	7.559736794541649e-40	2.8260698297351956e-39	25
HLA-DRB1	3.234272	1.1756910683190412e-39	4.370598766985283e-39	25
COL4A2	2.4390333	2.045369850788597e-39	7.561441222878362e-39	25
IL3RA	5.1673884	8.209699256227439e-39	3.012733672010069e-38	25
RGCC	4.509942	2.2484437176426192e-38	8.19105179469078e-38	25
GIMAP4	3.3301663	1.1292972024387664e-37	4.047660223794861e-37	25
VWA1	3.6119578	1.5486424152741496e-37	5.530865768836248e-37	25
PNP	2.7145345	1.3919992520032301e-37	4.98031932738186e-37	25
PSMB9	2.7331254	2.613137220053178e-37	9.299420711933018e-37	25
DUSP6	2.8482895	1.07285942841981e-36	3.751256742726609e-36	25
PSMB8	2.1513002	1.6424371174774348e-35	5.673357918747616e-35	25
SLC2A3	2.3289042	2.003121479650906e-35	6.90731544707209e-35	25
PODXL	5.0532746	3.5064968105197594e-35	1.1988023283828237e-34	25
ITM2A	2.5731099	2.6409490210944113e-35	9.075426189327874e-35	25
BHLHE40	1.9074895	1.7133953880381746e-34	5.778736553248481e-34	25
GJA1	3.7197895	6.829897291187693e-34	2.2804331523164254e-33	25
PCDH17	5.6350665	1.5647134586814122e-33	5.1726064749798754e-33	25
THBD	3.1254272	1.5150614614223075e-33	5.016759806034131e-33	25
CXCL2	3.8465502	1.899221187772153e-33	6.268056725320638e-33	25
RBP7	5.991004	4.560284815594086e-32	1.456960004982136e-31	25
AP1S2	2.7006648	1.01131754003903e-31	3.2156360573578063e-31	25
MT2A	2.8809311	1.880128501520233e-31	5.940374412386202e-31	25
GIMAP7	3.7152398	3.2788027427192863e-31	1.0310700448802787e-30	25
ADAMTS1	3.987695	5.694792589151859e-31	1.7740786882093018e-30	25
UPP1	3.4290924	1.7938199242382636e-30	5.536481247648962e-30	25
CD74	2.7885413	1.4461276058144208e-30	4.477175250199445e-30	25
SLCO2A1	3.590518	3.896443734791292e-30	1.1970641274320405e-29	25
STC1	6.258556	4.2022609448932746e-30	1.2870630765369905e-29	25
CLDN5	4.7488403	6.539408645260193e-30	1.9846460228407263e-29	25
S1PR1	3.3755908	5.885800516320107e-30	1.7917200962922698e-29	25
MYLK	4.4173603	2.2666149550900996e-29	6.837450844917343e-29	25
RCAN1	3.4965198	2.5075404087826218e-29	7.552832556574161e-29	25
PHLDA1	3.2962403	3.7148626201528384e-29	1.11725191583544e-28	25
RND1	4.8385715	5.795104639521005e-29	1.7324677547147998e-28	25
APLNR	5.854887	8.337839329670486e-29	2.477812579396875e-28	25
GIMAP5	3.5001585	1.0171411020746037e-28	3.013751413554381e-28	25
ADAMTS4	4.7753263	1.5048146846769033e-28	4.438981370728328e-28	25
LY96	3.1892648	1.715966087905007e-28	5.054392011502229e-28	25
LPAR6	3.0298128	1.1175074276841509e-26	3.206621026353374e-26	25
MGP	2.2187207	2.4447894958867227e-26	6.955304397970762e-26	25
TFPI	4.118844	1.735343502430722e-25	4.888291556142879e-25	25
TNFSF10	3.489584	3.040918467719197e-25	8.541905808199992e-25	25
CITED2	2.830586	3.6175074630272017e-25	1.0133074126126616e-24	25
SERPINE1	4.801939	5.071616050838092e-25	1.4166525281670648e-24	25
CFH	3.8791077	5.623136195840359e-25	1.5685177673194865e-24	25
MFNG	3.2467904	5.975368851777294e-25	1.66444814812738e-24	25
CCL2	3.8897166	1.8935572255793834e-24	5.1807311233362066e-24	25
ABI3	3.1201577	2.4440149814369318e-24	6.623346833162417e-24	25
PRKCH	2.0636384	3.542456953474768e-24	9.561287323818536e-24	25
DARC	8.682948	5.3463381270057896e-24	1.4333346185002117e-23	25
DNASE1L3	7.083633	6.446668425538567e-24	1.72370813517074e-23	25
ARID5A	2.07765	5.364842161821987e-24	1.436370056712714e-23	25
INSR	2.7402842	1.03381711923714e-23	2.7495136149923936e-23	25
NFKBIZ	1.7174859	1.4776227291728076e-23	3.89874071021849e-23	25
BST2	2.7830741	4.226339487751355e-23	1.104925356274864e-22	25
TGM2	4.3192406	2.7542838470514567e-22	7.089533711844161e-22	25
OSTF1	1.5399356	2.7799807651821224e-22	7.146480116149414e-22	25
HLA-F	1.6915579	2.939459551505528e-22	7.537075773091097e-22	25
PLS3	1.6474156	5.917425657303228e-22	1.5057062741229589e-21	25
C11orf96	2.6978498	1.270345591394654e-21	3.211998966863853e-21	25
CD55	1.6361566	3.3748973221928936e-21	8.479641513047471e-21	25
RGS5	5.0446663	5.476770103131125e-21	1.3657780805813277e-20	25
SOD2	2.2259939	5.283555982647383e-21	1.3208889956618457e-20	25
SELE	7.96192	8.547476078179845e-21	2.1288856981767982e-20	25
IL32	2.4824648	1.453422707468905e-20	3.606507958979913e-20	25
COTL1	1.7759441	1.4747480079505765e-20	3.654889734697835e-20	25
SGK1	1.7130233	2.878825509787315e-20	7.055944876929694e-20	25
GJA4	4.5299306	5.457699793996557e-20	1.3262939961109496e-19	25
PLAT	3.6271503	6.684158637839088e-20	1.6204020940215973e-19	25
HBEGF	2.550284	7.317546845454382e-20	1.7696606639551105e-19	25
CHN1	3.98871	1.7108637689779252e-19	4.092975523870635e-19	25
SEPP1	1.4793483	1.3891927144336573e-19	3.331397396723399e-19	25
LHFP	1.8140599	1.7991365599690346e-19	4.2990120907264866e-19	25
CASP4	1.6531246	2.195909674044932e-19	5.234588019177431e-19	25
TAP1	1.6448975	4.064869845121924e-19	9.655272791263477e-19	25
MAP3K8	2.071234	4.586586898772669e-19	1.0881582203493876e-18	25
MFGE8	2.958491	5.878420842403929e-19	1.3913422112198649e-18	25
CARD16	1.9799473	1.0801491662786058e-18	2.541527450067308e-18	25
GPX3	3.3019342	2.229723438119771e-18	5.197490531747718e-18	25
ANGPT2	2.6914763	3.192879548367081e-18	7.39948910397933e-18	25
SRGN	1.3898517	2.6137270297128494e-18	6.07843495282058e-18	25
CD79B	2.9922624	6.1316577104805805e-18	1.407958142475449e-17	25
PPP1R14A	4.210943	8.425643129007997e-18	1.9214693566722912e-17	25
PLAC9	3.1544883	1.6176534413284144e-17	3.676485093928215e-17	25
CTGF	2.002452	1.7448015013420483e-17	3.951985280502941e-17	25
CA2	4.4220014	4.124610719758582e-17	9.289663783240049e-17	25
TRIB1	1.7361465	4.8464057155356413e-17	1.089079936075425e-16	25
PDK4	3.4541385	5.20079980469902e-17	1.1660986109190627e-16	25
GDF15	3.9035993	5.706024701143186e-17	1.277945061846178e-16	25
SEPT4	4.0158825	7.340079052608278e-17	1.6402411290744757e-16	25
RGS16	1.7196339	1.4129982313889828e-16	3.1261022818340324e-16	25
TNFAIP3	1.5867367	1.5755131052503957e-16	3.481796917680432e-16	25
HIGD1B	3.9453695	3.3779024296205843e-16	7.407680766711808e-16	25
PGF	1.7447368	8.419335691839324e-16	1.830290367791157e-15	25
GBP2	2.114936	8.533770373682209e-16	1.8531531756096e-15	25
SQRDL	2.2263715	9.092327561026825e-16	1.9723053277715456e-15	25
TES	1.880921	9.783313942785483e-16	2.1198946788267565e-15	25
PLAU	2.281572	1.176960507352405e-15	2.547533565697846e-15	25
IL6	4.0172076	2.32345820681719e-15	4.996684315735893e-15	25
AKR1C3	1.937402	4.342080322410282e-15	9.307782041608322e-15	25
ITGA1	3.0157137	5.2359761385533145e-15	1.1164128227192568e-14	25
ACSL5	2.9264667	6.3328125584061625e-15	1.348841865475221e-14	25
HLA-DRA	1.7461855	6.900625794802615e-15	1.4682182542133224e-14	25
EDNRB	4.2946143	9.308658426905323e-15	1.976360600192213e-14	25
F2R	1.8910177	1.3176161041174037e-14	2.791559542621618e-14	25
NOTCH4	2.8646088	2.9987047541343877e-14	6.286592775963078e-14	25
MCAM	1.543439	4.525773232689543e-14	9.468144838262643e-14	25
PLK2	1.4119805	1.0840687505832702e-13	2.2505836759287979e-13	25
CCL14	5.5692215	4.906182769538027e-13	9.971916198248023e-13	25
ADM	1.9431771	5.393492650726643e-13	1.0918001317260412e-12	25
VCAM1	4.8367987	7.814574168470617e-13	1.5723489272576694e-12	25
ISG15	1.224099	7.560359991363317e-13	1.5227311160852602e-12	25
COX4I2	4.2173514	1.8742961441717597e-12	3.7448474409026174e-12	25
APOL3	3.005046	2.1780865804516236e-12	4.343143729714106e-12	25
HLA-DPB1	1.5534022	2.7502426237595244e-12	5.467679172484144e-12	25
CXCL3	2.1839702	3.0569782391647312e-12	6.065433014215736e-12	25
PRDM1	1.9716741	4.080984102340516e-12	8.057224288925008e-12	25
DLL4	3.1129498	4.335905133473903e-12	8.552081131112234e-12	25
ACTA2	2.5421207	1.1735904849788525e-11	2.2899326536172733e-11	25
CRISPLD2	3.3597724	1.483266583782523e-11	2.885732653273391e-11	25
IFNGR1	1.0369382	2.4084615176550668e-11	4.6630426285674093e-11	25
CPE	1.7721524	3.5679732354182544e-11	6.874707582694132e-11	25
DDIT4	1.2042515	3.981862167709636e-11	7.657427245595453e-11	25
HEY1	2.6135008	7.553148372443971e-11	1.437326046135865e-10	25
CD36	3.245003	8.947550060859554e-11	1.694611753950673e-10	25
LYVE1	4.0495195	9.018093674496061e-11	1.7063564190153379e-10	25
SOD3	2.5334496	1.165651562005144e-10	2.1952006817422675e-10	25
ADA	1.9140254	1.9631029223960882e-10	3.669351256815118e-10	25
PLIN2	1.1540457	2.1397757219829607e-10	3.995846352909357e-10	25
MT1X	1.3345723	2.7300496653241705e-10	5.069730112022601e-10	25
POSTN	3.0777318	3.876250462093117e-10	7.13201556962855e-10	25
B3GNT5	1.848003	5.623820526041463e-10	1.02718183124045e-09	25
GLRX	1.4901558	7.46190898502813e-10	1.359181964485998e-09	25
CLEC3B	5.1901217	1.1240279641765142e-09	2.0344397541656367e-09	25
RASD1	1.6107762	2.290982426823455e-09	4.105703273877159e-09	25
LXN	1.5978472	3.4993799809803776e-09	6.2377539767921165e-09	25
B3GNT2	1.5123549	4.046155034821238e-09	7.193164506348868e-09	25
STEAP4	3.7629156	4.281326116712481e-09	7.604486885812578e-09	25
CYSLTR1	3.11266	4.466983116028476e-09	7.913167610325024e-09	25
MMRN1	6.5483646	5.226467660696299e-09	9.225891722323564e-09	25
MT1M	2.2738507	5.400492886272325e-09	9.516287024268415e-09	25
CSRP2	1.4141384	1.0089700023904095e-08	1.7639335706126043e-08	25
HLA-DQB1	1.3280126	1.0495213426898121e-08	1.8316253799124123e-08	25
CTSC	1.0977399	1.112236031887436e-08	1.9393827931777438e-08	25
CYTL1	1.5341122	1.3510477263842812e-08	2.3435346511435928e-08	25
DUSP4	1.5302649	2.402270763075657e-08	4.1311621033115337e-08	25
ANGPTL4	3.4350243	2.7288008600191633e-08	4.684636669560795e-08	25
WARS	1.3037677	2.897821541769197e-08	4.966275135851237e-08	25
KRT18	1.2723178	3.085052846959987e-08	5.2781058117365044e-08	25
STAB1	1.7409861	3.7912303324492263e-08	6.453158012679534e-08	25
ENPP2	2.3498049	4.1264475871898096e-08	7.005853288947045e-08	25
HBB	1.686073	4.155876640881704e-08	7.04385871335882e-08	25
ZNF267	1.3266653	5.435888109048056e-08	9.159036409516522e-08	25
TACSTD2	2.7985277	5.575127153183982e-08	9.385735948121183e-08	25
LPL	3.152223	7.00742619785922e-08	1.17279099545761e-07	25
FCN3	5.677818	8.040137740635696e-08	1.342260056867395e-07	25
ESM1	3.3605568	8.070194450319244e-08	1.3461542035561707e-07	25
FABP4	6.0877333	8.255962356527987e-08	1.3759937260879978e-07	25
ARHGEF3	1.3591058	1.2516199296241942e-07	2.0756549413336553e-07	25
IGFBP3	1.7375785	2.0588844173944122e-07	3.3919018408474664e-07	25
CASP3	1.2199053	2.1114882977328594e-07	3.475700901617875e-07	25
TNFRSF4	1.921602	2.2301334133138913e-07	3.667982587687321e-07	25
KCNJ8	3.076107	2.8146646362745133e-07	4.606652432527845e-07	25
IL8	1.5591002	3.140591634757425e-07	5.123314249196452e-07	25
IFIT3	1.563024	3.383853110642756e-07	5.515652992082732e-07	25
HOPX	1.2687031	3.7607971443402464e-07	6.110149706482934e-07	25
ABRACL	1.0346397	3.79900525131899e-07	6.167216317076283e-07	25
MMP1	5.058254	5.610543718739672e-07	9.078549706698499e-07	25
LRMP	2.0396447	6.138533161315641e-07	9.916854864807175e-07	25
PDLIM3	2.781817	8.427333770730902e-07	1.3527020498765492e-06	25
HLA-DMA	1.0490239	8.657350061039072e-07	1.388508429998247e-06	25
ASS1	1.0859424	9.677733960574578e-07	1.5471996739527704e-06	25
CD58	1.3291199	1.2791329958377312e-06	2.0287597079107552e-06	25
SPINK5	3.953145	1.4061762172567454e-06	2.22144742062677e-06	25
PDGFRB	2.034295	1.809058932532149e-06	2.839966927052039e-06	25
APLN	3.7231085	2.0415966700672617e-06	3.1974889116166984e-06	25
APOD	3.5883796	2.9423491339540916e-06	4.5759706593376225e-06	25
TNFAIP6	2.4755833	2.9789251294748932e-06	4.629254280458265e-06	25
CCRL2	1.5689881	4.9445006556895985e-06	7.612780070345803e-06	25
LTC4S	1.5326848	5.527785438582414e-06	8.478198525433149e-06	25
EDN1	2.646961	8.57828102038959e-06	1.3056744323271825e-05	25
MT1A	1.8434712	9.550500515737226e-06	1.4492413529191541e-05	25
FAS	1.1678865	9.531443282558425e-06	1.447447727040004e-05	25
CCL23	6.527897	1.0849782837351338e-05	1.640178811390981e-05	25
CYP1B1	1.7664846	1.0986366043243357e-05	1.659571909855492e-05	25
NUPR1	1.6511661	1.5822845991606604e-05	2.374020403841951e-05	25
GPIHBP1	2.9833617	1.784950499311974e-05	2.672081585796368e-05	25
SERPINI1	1.3434967	2.083409744933253e-05	3.100312120436388e-05	25
THBS1	1.2679304	2.2899168673465286e-05	3.400025044315559e-05	25
THY1	1.038269	2.9146528631416685e-05	4.30207064670357e-05	25
EGFL6	3.5631397	3.688944652873229e-05	5.428910453087902e-05	25
TM6SF1	1.5189242	4.231692712767949e-05	6.209380356225897e-05	25
ICAM3	1.1381177	5.435745226247644e-05	7.91805568280793e-05	25
RERG	1.7371849	0.00010706109387224594	0.00015426670586778956	25
GEM	1.0662053	0.0001118191797648695	0.0001608909061365029	25
ANXA2R	1.9277135	0.00012796936903589204	0.00018386403597110926	25
S100A8	1.5914992	0.00018179620605398284	0.0002589689544928531	25
CH25H	1.4249091	0.00023529511442697422	0.00033327919890506263	25
BIRC3	1.0927864	0.00028620003474686805	0.0004036770375628408	25
LTF	2.3457725	0.00030122026148904336	0.0004245528703157764	25
HS3ST1	1.7594979	0.0004954861719274359	0.0006915368763816272	25
IGFBP5	1.1570814	0.0006755164039737427	0.0009356182880522753	25
AGT	3.6693425	0.001035630944283474	0.0014119031278574969	25
C7	3.4131463	0.0014507242489731646	0.001957792508735715	25
CDKN3	1.4297464	0.00194435737771092	0.0026011469935932037	25
TFF3	3.8008516	0.0027374607865712605	0.00360904520312625	25
CCL26	3.0350623	0.003378711696341739	0.004416616596525149	25
LOX	1.6097262	0.005168465041753327	0.006660393095042947	25
TFPI2	2.8347979	0.005763170302590292	0.007388679875115759	25
SAA1	2.4054294	0.00693580745474422	0.00884669318207171	25
CCL21	7.0131707	0.0075478976643586215	0.009596818390792907	25
SCGB3A1	1.4761097	0.008317514355467051	0.010535167011357887	25
PI3	1.8990021	0.010491456147352756	0.013188505527784736	25
FGR	1.0334405	0.010999426324988425	0.013783742261890256	25
SAA2	1.7724419	0.01472695327570636	0.018282995997152527	25
PTGS1	1.0678518	0.014769530514909441	0.018324479547034044	25
CCL20	1.3166851	0.023219006746269137	0.028333138189468136	25
CCL8	1.5641121	0.025693460603838376	0.031219271693606776	25
BIRC5	1.3212819	0.030850418987770946	0.03721401566679246	25
ASPN	1.2992748	0.032574631342165566	0.0391993156945434	25
AGTR1	1.9281164	0.03427189088792323	0.04111804545641659	25
SPARC	4.7918453	8.172420493079842e-99	6.537936394463873e-98	26
PLAC9	6.88859	3.757410854667326e-80	2.3706062174557262e-79	26
MT-ND4	2.066295	2.4418843773576322e-101	2.0434178890022028e-100	26
MT-CO3	2.2015	4.066846781093021e-91	2.9685013000678984e-90	26
MT-CO2	2.0210505	4.54489982148021e-84	3.040066770220876e-83	26
HLA-C	2.8163042	6.647349587896717e-72	3.7240053713707106e-71	26
VIM	2.0126915	2.7769554481818923e-72	1.5689013831536115e-71	26
TIMP1	3.6184566	1.0459981220359984e-63	5.282818798161608e-63	26
IGFBP4	4.7096677	1.433179017295432e-62	7.077427245903367e-62	26
TMSB4X	1.728507	4.517317070847633e-63	2.2474214282824045e-62	26
LHFP	4.280155	3.7816337916662246e-59	1.792243503159348e-58	26
THY1	4.965012	1.9630579259368782e-58	9.146646815092714e-58	26
MGP	4.4245167	1.665105246888983e-54	7.351458043659969e-54	26
NUPR1	5.7916327	8.537123328999595e-54	3.736159006126737e-53	26
COL4A2	3.5852046	8.695990052904612e-54	3.78910241956628e-53	26
OLFML2B	5.428086	5.237798136806596e-53	2.219405990172287e-52	26
COL3A1	5.5172787	1.6777978060988567e-51	6.976290254049301e-51	26
PDGFRB	6.3553233	2.3873916932887106e-51	9.885679889394247e-51	26
CPE	3.9357247	5.081448773924738e-49	2.0407424794878466e-48	26
MT-ND2	1.6203752	1.6564849712687633e-53	7.155442640469819e-53	26
PRKCDBP	3.942028	1.559783245641096e-48	6.193772619858404e-48	26
COL6A3	4.729683	2.0571108348782562e-48	8.146973603478242e-48	26
COL4A1	3.3624232	2.5735292270950415e-46	9.917260990732337e-46	26
C11orf96	4.694619	1.9850572946431518e-45	7.519156419102847e-45	26
CAV1	4.7842155	2.52392057462801e-45	9.506292183156346e-45	26
TAGLN	4.2058053	1.030936355602921e-44	3.832477158375171e-44	26
PRSS23	3.230208	9.215247905491564e-45	3.4388509599725874e-44	26
COL1A1	3.8895557	7.084436929467324e-44	2.609369034794594e-43	26
LGALS3	3.2288072	8.643334055199918e-43	3.160268393126112e-42	26
FN1	2.9258387	2.2736027875000665e-42	8.252641696914941e-42	26
NNMT	4.337129	1.6270842132053971e-41	5.842313153340743e-41	26
B2M	1.4124451	5.4785664803981355e-42	1.9778218340787491e-41	26
MFGE8	5.0889845	1.66966619399319e-39	5.727842861040104e-39	26
SEPT4	6.357661	3.908163669994434e-39	1.3384122157515185e-38	26
ID4	3.3448005	2.0861143100140622e-38	7.08358000004775e-38	26
DCN	4.512621	2.502384435272127e-38	8.468306041530041e-38	26
TFPI	4.830441	2.4877169182181243e-37	8.264840259860878e-37	26
ASPN	7.267374	5.1690022748752226e-36	1.6728162701861562e-35	26
SPARCL1	5.4747047	6.698150315989832e-36	2.1641842701098003e-35	26
A2M	3.5842547	1.1737799035394146e-35	3.7802895444103526e-35	26
PDLIM1	3.8045485	4.301173589058714e-35	1.3698005060696542e-34	26
PPP1R14A	6.34171	5.911353174411317e-34	1.844415967055013e-33	26
FRZB	3.4253578	5.409646220150398e-34	1.6931600063068536e-33	26
LGALS3BP	2.6412382	4.4326069872032325e-34	1.3895319709101043e-33	26
TPPP3	4.129078	2.667000682592544e-33	8.193550484155281e-33	26
SOD3	5.464119	7.430447626329535e-33	2.2584947192490987e-32	26
RGS5	6.7972007	8.878099058884747e-33	2.694415495867905e-32	26
CRISPLD2	5.671069	3.5319570825234075e-31	1.0511777031319664e-30	26
TINAGL1	5.5521107	3.8220985001387433e-31	1.1358390787930887e-30	26
PHLDA1	3.8586342	7.040703488976152e-31	2.0769036840637615e-30	26
ACTA2	5.7293983	7.579298701087127e-31	2.2292055003197433e-30	26
MYLK	5.710791	2.441056731135748e-29	7.04489677095454e-29	26
CHN1	5.384367	1.826899533467017e-28	5.1974382175448565e-28	26
ITGA1	5.0840864	2.3341026109502384e-28	6.630973326563178e-28	26
MT2A	2.7192328	1.0700499410288943e-27	3.0099857694202375e-27	26
GEM	3.0946279	1.8024535916060573e-26	4.9586068544870905e-26	26
HIGD1B	5.8721633	4.60368217481678e-25	1.2358878321655786e-24	26
MMP11	4.6078167	7.920070228203324e-25	2.1148385122038248e-24	26
LUM	4.0207734	5.83748252571552e-24	1.522159719873669e-23	26
SEPP1	1.8659607	7.20592762499178e-24	1.8765436523416094e-23	26
ANGPT2	2.980146	1.180442337924657e-23	3.046302807547502e-23	26
ARHGDIB	2.05278	1.9388833858695317e-23	4.9906908259190006e-23	26
ARHGAP15	2.7918868	3.753544454229582e-23	9.599857939206092e-23	26
IFI27	3.979833	1.1241541907770938e-22	2.853183225322573e-22	26
TNFAIP6	5.453783	1.2567291093046846e-22	3.1856251186430533e-22	26
PDLIM3	6.741569	1.7611575733741313e-22	4.441759327551403e-22	26
CTGF	2.747309	2.497226047808886e-22	6.266564737287041e-22	26
COX4I2	6.112502	6.141271086869611e-22	1.531489049094666e-21	26
BST2	2.8572102	5.9147396562358905e-22	1.476838865477126e-21	26
KCNJ8	6.78288	9.352078748186149e-21	2.2893705625914687e-20	26
PGF	2.5777507	1.3452332491134685e-20	3.281056705154801e-20	26
SPON2	2.3567142	3.2837245102050735e-20	7.931701715471192e-20	26
ADAMTS4	4.40888	4.3269582887049224e-19	1.0193070173627616e-18	26
EMP1	2.276091	1.1337361897151343e-18	2.642741700967679e-18	26
GJA4	4.737755	1.5775555189063028e-18	3.66022162159235e-18	26
OLFML3	1.9389288	1.6866825283385516e-18	3.908881873322252e-18	26
TIMP3	2.2577477	4.4636020704867746e-18	1.0214192380976601e-17	26
CFH	3.9375176	1.0769648441245737e-17	2.4476473730103947e-17	26
SLC9A3R2	2.176001	1.216547306722911e-17	2.7617418994844742e-17	26
ADIRF	2.8961747	3.2232330504691466e-17	7.27592110715383e-17	26
SLC2A3	1.713919	4.068554420402757e-16	8.91249599211995e-16	26
RGS16	2.066397	1.888535794152567e-15	4.1055125959838415e-15	26
ADAMTS1	3.196212	4.52667503627839e-15	9.755765164393081e-15	26
TMEM119	6.051695	1.938178566029496e-14	4.106310521248933e-14	26
CRYAB	1.628197	2.1706929966248258e-14	4.5892029526951923e-14	26
CD36	4.3782916	3.032752248376351e-14	6.391469438095576e-14	26
GNG11	1.3145068	5.823734130471188e-14	1.218354420600667e-13	26
ESAM	3.0489562	7.916020802044868e-14	1.6526139461471541e-13	26
RERG	3.61907	1.4084123002797223e-13	2.912952017124555e-13	26
MCAM	1.8722676	2.1441086461986947e-13	4.4208425694818447e-13	26
GLIPR2	2.2876263	5.248579813664272e-13	1.068957192192316e-12	26
SPRY1	1.9928877	8.69086888492692e-13	1.759285199377919e-12	26
THBS2	4.148518	9.12665708631151e-13	1.845633384491711e-12	26
HSPA1A	1.5636406	9.941207830359458e-13	2.0083248142140317e-12	26
NTRK2	2.1360898	1.3657182038069913e-12	2.74516221870752e-12	26
PRELP	5.1229258	1.8363798991401407e-12	3.680120038356995e-12	26
PPAP2A	1.8757132	1.8662027117992054e-12	3.736141565163574e-12	26
CSRP2	2.2126317	2.4087079143200213e-12	4.8126032254146285e-12	26
CCDC80	1.8630089	2.903299157920248e-12	5.771966516740056e-12	26
C8orf4	4.062223	4.666476196986209e-12	9.222284974281046e-12	26
PLN	4.480079	4.81477978335429e-12	9.505981803266121e-12	26
POSTN	4.089218	7.014262020088167e-12	1.3834836331534846e-11	26
LPL	4.9530325	8.077079197114662e-12	1.5868524945215444e-11	26
PLTP	1.5953122	7.850569595609925e-12	1.5438681603952655e-11	26
ISG15	1.4978011	2.2669934494387413e-11	4.401929028036391e-11	26
MT1E	1.7825172	2.908049847548294e-11	5.63029980164239e-11	26
GPX3	3.54181	3.5568792554813954e-11	6.873196628949557e-11	26
PTN	1.8443564	7.999352762538352e-11	1.5339123226343915e-10	26
VCAN	2.2677803	1.734209410593747e-10	3.2876007783767714e-10	26
STOM	1.335779	3.8855134154809544e-10	7.262641898095242e-10	26
GMFG	1.8448125	4.319482899028674e-10	8.066261249353267e-10	26
GPNMB	2.3111844	6.024082417746774e-10	1.1176405227730563e-09	26
B3GNT2	2.1026847	1.3586661334767526e-09	2.488399511862184e-09	26
CCL2	2.5288231	1.6048036996083745e-09	2.9311483097869856e-09	26
C1S	1.4602017	1.632660219899152e-09	2.9793069706188904e-09	26
STEAP4	4.8319273	1.9103296450259697e-09	3.4733266273199445e-09	26
S100A4	1.8635713	2.608794518560028e-09	4.7303617743608855e-09	26
MFAP5	5.698846	2.6697140549178116e-09	4.83643850528589e-09	26
F2R	1.7809578	4.092388443500085e-09	7.367035901890342e-09	26
CITED2	1.8265346	4.19713423618432e-09	7.548802583065323e-09	26
SFRP4	5.159595	4.431353415335291e-09	7.955751194497828e-09	26
COL10A1	6.8307114	4.730657037745958e-09	8.46586413479215e-09	26
THBS1	2.0752373	4.732418051348813e-09	8.46586413479215e-09	26
EFEMP1	3.0845227	5.0024858215472535e-09	8.94099342546426e-09	26
LOX	3.4372263	5.022929152947576e-09	8.969516344549241e-09	26
CCL26	6.827091	9.395727551997067e-09	1.6629606286720475e-08	26
NFKBIZ	1.1723164	1.0799496087669664e-08	1.904673031335038e-08	26
SLC40A1	1.5965537	1.1767999775366078e-08	2.0718309463672674e-08	26
CYP1B1	2.8837857	1.28159721572805e-08	2.2484161679439475e-08	26
ITGBL1	6.6758385	1.329204664433775e-08	2.3258174355796588e-08	26
IGFBP2	1.0672367	1.3145487515802814e-08	2.302186955482104e-08	26
CTSC	1.3494935	2.746792357982066e-08	4.768736732607754e-08	26
GBP2	1.7017018	4.8099730517488903e-08	8.271664749353207e-08	26
ENG	1.30452	7.434208827708329e-08	1.2697196973028743e-07	26
VCAM1	4.2857313	1.2470492323597019e-07	2.11006638301134e-07	26
HSPG2	1.573492	1.5338000987137683e-07	2.5756508794521716e-07	26
APOLD1	2.758979	1.5939415238112007e-07	2.6721567876130773e-07	26
MT1M	2.6291063	2.8122499624822855e-07	4.6831806202869034e-07	26
PLAT	2.1408064	3.0038761849793625e-07	4.998130091479805e-07	26
HOPX	1.6692607	3.1743115124572473e-07	5.259836806060061e-07	26
C7	6.7651772	3.5263568085947376e-07	5.838339087077381e-07	26
PLS3	1.081834	3.6047951542776254e-07	5.963267418159843e-07	26
SERPINI1	2.0318387	3.9811252364441346e-07	6.569513591491971e-07	26
ANGPTL4	3.0429134	5.424045571764805e-07	8.913797159843557e-07	26
APOD	3.7801363	8.14573274524455e-07	1.3342723579434152e-06	26
PSMB9	1.1580526	9.442770048329629e-07	1.5429362824068022e-06	26
CFD	2.430853	1.0480053142115653e-06	1.7110290844270453e-06	26
ARID5A	1.1349014	1.1262013369485815e-06	1.8297340973981827e-06	26
HSPA1B	1.0470253	1.3027984397990295e-06	2.1097950442089545e-06	26
OGN	2.7146523	1.3674152685056068e-06	2.2090715161641467e-06	26
SFRP2	2.0328982	1.3751658576067662e-06	2.219799608727629e-06	26
RCSD1	2.2321758	1.3921214339205504e-06	2.245357151484759e-06	26
RARRES3	1.285485	1.4084365348562827e-06	2.2661891148130048e-06	26
GBP1	1.6016937	1.4717659203065894e-06	2.3642826029021512e-06	26
FBXO32	1.8978673	1.769680392538826e-06	2.829225247863831e-06	26
IL6	3.3783598	1.8617865320481983e-06	2.9693565104436974e-06	26
TES	1.4280001	3.0975920142811186e-06	4.881941708874892e-06	26
MYH11	5.238978	3.66087624645979e-06	5.747058471679419e-06	26
LY96	1.519952	4.681836062687655e-06	7.275580516997133e-06	26
GLRX	1.3141146	4.952536653071003e-06	7.684308228193955e-06	26
HEY1	1.8114543	5.727769387681303e-06	8.845975888310894e-06	26
TMEM176A	1.745563	6.9259197853776066e-06	1.0655261208273241e-05	26
SERPINE1	2.7314866	1.2596880884161046e-05	1.9144195872585175e-05	26
HSPB6	1.3283366	1.5172953822150933e-05	2.300675333154046e-05	26
OMD	2.9686677	2.1548592317781965e-05	3.237955269388725e-05	26
ACTG2	5.375299	2.2808331668749718e-05	3.4195399803222965e-05	26
APOE	1.1515275	3.679747665989244e-05	5.47581497915066e-05	26
FAS	1.3390143	4.59416750994652e-05	6.806174088809658e-05	26
MXRA5	1.0056707	5.6115664739897866e-05	8.27054749298421e-05	26
APOL3	2.0815241	7.00184913294347e-05	0.00010259119608708382	26
COMP	3.1661155	0.00010056681369059534	0.0001461726943177258	26
TM4SF1	1.2290426	0.00010725233523921204	0.0001555508850459928	26
HTRA3	3.1353304	0.00011783264074306584	0.00017077194310589254	26
AGT	5.1776814	0.0001491257926789227	0.00021549970040306748	26
EGFL6	4.331431	0.00015287208971193574	0.00022059464604896932	26
EDNRB	2.592532	0.0001816714357956383	0.00026083479654793725	26
CXCL2	1.37954	0.0002481436962742103	0.0003542379675577592	26
IFIT3	1.4688332	0.0002556753225455594	0.000364283475779305	26
IGFBP5	1.3519213	0.0003220286310664076	0.0004554860411123163	26
HGF	1.4908277	0.0004362656387568441	0.0006127326387034328	26
SUSD2	1.1653144	0.0004594953019732986	0.000644453438952733	26
CLEC3B	3.1090498	0.0006386936165818083	0.000889545426994162	26
CLEC2B	1.0012012	0.000644990699034106	0.0008976906040836548	26
MMP19	1.683442	0.0007283507760527896	0.0010094951851043516	26
RASD1	1.1811396	0.0007299238264585143	0.001010974828889909	26
C12orf75	1.2053455	0.0009020992199636576	0.0012417057397985651	26
IFIT2	1.7146102	0.0009682772651339249	0.001329138318646431	26
MFAP4	1.2008836	0.0009876259737784017	0.0013538395802308453	26
WISP2	5.517374	0.0011933861309526988	0.0016247598787647363	26
GPC3	2.5400145	0.0013365781217279374	0.001807407872519185	26
MT1A	1.6761918	0.002320736964163287	0.0030799428854190935	26
SCRG1	1.7495764	0.0030770427422998816	0.004048740450394581	26
PDK4	1.7889192	0.003225277033728282	0.0042354261769248615	26
CCL8	2.3432078	0.00624879942011605	0.008031875861331684	26
DPT	1.8454676	0.007212826910688591	0.009229465016875996	26
MMP9	3.560742	0.01070854473853522	0.01347834454189455	26
CCL13	4.194229	0.01949854660880141	0.024042597544761294	26
SCG2	2.272532	0.03751352520140183	0.04492637748670878	26
CCL19	4.472656	0.03863906407766483	0.04619134976409423	26
COL1A1	2.814539	8.019806275150377e-47	2.884822401133229e-46	27
PRSS23	2.5432699	1.228767889238021e-25	3.2251125701785326e-25	27
COL8A1	2.446142	2.8380059320678238e-21	6.880014380770483e-21	27
COL4A2	1.808488	7.309505120803044e-18	1.637067216305273e-17	27
DLX5	1.7494569	1.6954146480059773e-12	3.3473142112655034e-12	27
HIST1H4C	1.751732	2.5117108229017333e-12	4.9345988662116565e-12	27
COL4A1	1.2789505	9.90135223040804e-09	1.7386044302735804e-08	27
MEOX2	1.4125729	1.3391805936143876e-08	2.335101296624913e-08	27
COL3A1	1.5539606	2.863173888658907e-08	4.940765985606397e-08	27
MXRA5	1.501533	1.0342980794833962e-07	1.7515632167373346e-07	27
DLX6-AS1	1.9475839	2.1972161362962512e-07	3.6804290390221963e-07	27
APOE	1.5028416	2.584635833871579e-07	4.3149179196520515e-07	27
COTL1	1.1928171	8.903126920344523e-07	1.4571402488288909e-06	27
SRPX	1.5431267	1.4144525024220315e-06	2.285060585496012e-06	27
BAMBI	1.1650976	5.352095892009057e-05	8.006126988794402e-05	27
PTHLH	2.0028653	6.584484675819377e-05	9.798340291397882e-05	27
HOXC10	1.3283553	0.0001638825841022011	0.00023959442120204837	27
COL6A3	1.2499768	0.0002823466109022327	0.00040831035560698873	27
THBS4	2.476683	0.00047711633911100087	0.0006786861153783797	27
HIGD1B	1.8793368	0.0006051066507854084	0.0008546704107138537	27
MGP	1.1892173	0.0007334514621229742	0.0010323032542195274	27
APOC1	1.3421584	0.003944203642007231	0.005220653397759406	27
MATN4	2.1463788	0.005972798720312524	0.007817799372136811	27
RP11-168E14	2.7837272	0.006555687948591889	0.008558339358475052	27
CA2	1.590034	0.015220050747426312	0.01922937554949629	27
ZNF44	1.1176031	0.016415661744137455	0.020713768762318556	27
RSPO3	1.6811044	0.0172460235901827	0.021747822938439722	27
TYMS	5.4507265	7.930645288057838e-57	5.234749365054679e-56	28
MTRNR2L8	3.5873294	2.3127186142336213e-56	1.5215254041010668e-55	28
HMGB2	3.9975812	2.188784338997543e-51	1.3637285601230797e-50	28
MAD2L1	6.3576164	1.3647062985062287e-47	8.051364592957101e-47	28
BIRC5	6.453007	8.681316817273584e-46	4.91859309760543e-45	28
TOP2A	6.921088	3.1132428837721763e-45	1.7490128560517846e-44	28
PBK	9.082518	1.818867082449793e-43	9.966394972327634e-43	28
MTRNR2L1	3.0387657	5.768505180448711e-45	3.2316555632765893e-44	28
KIAA0101	5.36962	3.894036595529402e-43	2.1278888500160666e-42	28
UBE2C	7.593905	6.854517911712548e-43	3.7252814737568196e-42	28
NUSAP1	6.4593425	1.1448512105301056e-42	6.205155612629299e-42	28
CCNB2	7.267683	5.372585197094073e-40	2.776529817619676e-39	28
CDKN3	6.93063	9.357556137222738e-39	4.762115082556101e-38	28
PTTG1	5.8126416	3.4331077560790593e-38	1.7295253179239593e-37	28
TPX2	6.313552	5.847085303466294e-38	2.9382338208373336e-37	28
RRM2	7.9716563	4.272385522187493e-37	2.099452345055279e-36	28
CDK1	6.6738563	1.5145677513871112e-34	7.127377653586406e-34	28
MKI67	5.086488	3.37086089470667e-33	1.5392058879939134e-32	28
CRABP1	3.23402	4.891291812643818e-31	2.1595107340590806e-30	28
NUF2	7.6188045	8.13253344240052e-31	3.551324647336472e-30	28
CENPF	4.661811	1.2192799159321489e-30	5.3012170257919516e-30	28
AURKB	8.439171	1.576700765885441e-30	6.840350394296924e-30	28
CCNB1	5.989666	5.876508021129302e-30	2.52210644683661e-29	28
CCNA2	7.5847244	9.13192193701548e-30	3.910887339192925e-29	28
NDC80	7.283908	2.871968974300812e-29	1.2247202449043974e-28	28
FAM64A	8.68536	6.112105663001966e-29	2.595373954565591e-28	28
WIF1	3.456031	1.5104548713954136e-28	6.346449039476528e-28	28
CNIH	2.7911646	1.3823172103535668e-28	5.820282990962387e-28	28
GNG10	2.5105233	9.9159774468549e-28	4.123067545469813e-27	28
DLGAP5	8.54494	3.0293812144559807e-27	1.2466589359901155e-26	28
MEOX2	2.4081655	4.4695230171599285e-26	1.8168792752682637e-25	28
KPNA2	4.0145016	9.251856693079663e-26	3.7381239163958234e-25	28
PCNA	3.447616	1.4003944464761257e-25	5.624074082233436e-25	28
PLK1	8.147373	9.089464046181814e-25	3.578529152040084e-24	28
CDC20	7.123819	9.547132935920477e-25	3.751329247905885e-24	28
SRSF10	2.542062	8.695978444995094e-25	3.430366250491161e-24	28
GMNN	4.159839	5.898172220170587e-24	2.255515189357777e-23	28
KIF20A	8.769986	4.7512964508625914e-23	1.779511779349285e-22	28
FABP5	1.7788284	1.0107746093669752e-21	3.66887335523403e-21	28
AURKA	6.398457	2.6505031252019113e-21	9.534183903603997e-21	28
FAM83D	6.6195445	3.2631945891752037e-21	1.1696037954032988e-20	28
DANCR	2.8232949	2.5004962560234495e-20	8.75830562530105e-20	28
MCTP2	5.343439	5.910379285855624e-20	2.0629596111188917e-19	28
PPIF	2.4256704	3.6040541880028265e-19	1.2427773062078714e-18	28
IER3IP1	2.216674	4.1119352101728687e-19	1.4130361546985805e-18	28
ATG3	1.8124958	6.302034620629455e-17	2.0527800067196924e-16	28
ZFHX4-AS1	3.4798942	8.245878451833136e-17	2.6772332635821873e-16	28
HMGN4	2.2588727	2.510871398046657e-16	8.060582337228433e-16	28
PRIM1	4.274291	3.8175091970719763e-16	1.2157672602140053e-15	28
CSRP2	3.2942889	1.8368995727187803e-15	5.7492944373044765e-15	28
DDX47	2.2322967	2.1231415583794215e-15	6.614148156945238e-15	28
TEX30	2.7896261	1.2282579434427037e-14	3.7446888519594626e-14	28
SPARC	1.120091	1.124948163344243e-14	3.434956223951887e-14	28
HIST1H4C	2.4620671	1.8170083138962595e-14	5.506085799685634e-14	28
DHRS3	1.6581355	4.843986710430791e-14	1.4590321416960212e-13	28
EIF4A3	1.2957116	5.021040320227152e-14	1.5055593164099406e-13	28
LOC541471	2.7127185	1.1146050832604878e-13	3.3123479443105135e-13	28
ANKRD36BP1	1.5238286	1.0076309708392441e-13	3.0033710010111597e-13	28
UCP2	2.1506555	1.219508209823981e-13	3.6080124551005354e-13	28
PLS3	1.8280302	1.9745934335608368e-13	5.816180953051065e-13	28
CHODL	5.425701	7.757321981772772e-13	2.2485621368235673e-12	28
TUBB3	2.4864519	7.757539372041306e-13	2.2485621368235673e-12	28
LOC284454	1.7052528	7.9926675293038e-13	2.313362526571288e-12	28
NT5C3	2.2720842	1.113964593511069e-12	3.205653506506674e-12	28
ZNF93	4.4288344	1.33243298365122e-12	3.8288304127908624e-12	28
ARHGAP11B	5.59434	2.118902916442723e-12	6.071355061440468e-12	28
OSR1	2.747979	4.1864590536877095e-12	1.1961311581964885e-11	28
LOC650226	3.3771381	7.537878769060462e-12	2.132356087428702e-11	28
LOC401397	2.3059883	9.017019044476784e-12	2.5364329239034555e-11	28
SUSD2	4.1949067	1.2365638209281287e-11	3.4589197788199405e-11	28
CXCR7	2.263068	3.020935231132061e-11	8.391486753144614e-11	28
MCAM	1.3938779	3.817064742124746e-11	1.0558961942253793e-10	28
GLA	1.3836457	5.075133239134184e-11	1.4000367556232233e-10	28
CABYR	4.2863755	9.416469194556134e-11	2.569295823889805e-10	28
NMU	7.4221287	1.0789972201055934e-10	2.9280792947234555e-10	28
OSR2	2.1493676	1.7762900700242626e-10	4.75579670689227e-10	28
BNIP3	2.709138	2.1931994791385989e-10	5.848531944369597e-10	28
MTFP1	2.8229177	3.081350858425339e-10	8.162518830265799e-10	28
ZNF85	2.893601	6.480089317343775e-10	1.6952656945861117e-09	28
TUBA4A	1.8234959	8.391176467466385e-10	2.179526355186074e-09	28
TNC	1.6071649	2.502284492068364e-09	6.375247113549971e-09	28
ARG2	2.9436038	3.161375907131253e-09	8.033992140104836e-09	28
LOC100128252	2.0539477	4.705337150138658e-09	1.1897186220325305e-08	28
DERL3	4.112304	3.0553872657557867e-08	7.5348637873139e-08	28
SERPINE2	1.5099028	3.9247086188996015e-08	9.631186794845649e-08	28
TFRC	1.4126971	4.498290849770132e-08	1.099826613635729e-07	28
CCNE2	4.4549723	7.613756275284377e-08	1.8502445383437127e-07	28
METTL21D	2.2314777	9.365946268194042e-08	2.2623058618826188e-07	28
HIST1H1D	4.19348	9.8987937226593e-08	2.385251499435976e-07	28
PDK3	1.3924744	1.193252342543837e-07	2.8649516027463074e-07	28
XRCC6BP1	3.1733	1.223385994663387e-07	2.933779363701168e-07	28
ZNF92	2.145246	2.152194409108794e-07	5.093951264162827e-07	28
CRISPLD1	1.29303	2.2115542757386425e-07	5.228260699145727e-07	28
FBLN2	1.0795037	2.8044027332055684e-07	6.575387416660184e-07	28
ZNF736	2.4337943	3.252563855833832e-07	7.599448261294001e-07	28
IGFBP3	1.6827861	3.633861418764134e-07	8.4508405087538e-07	28
CNN1	1.6482893	3.767395091568608e-07	8.751208110496187e-07	28
HIST1H3J	5.1353517	9.630485148873046e-07	2.2088268690075796e-06	28
IDI1	1.0065868	1.27602763449019e-06	2.9099832029422805e-06	28
MAL	3.377863	1.5635912384523998e-06	3.541543008952208e-06	28
TADA1	2.1342583	1.8606900826690119e-06	4.186029432326236e-06	28
ABHD3	1.7245715	1.925211638023487e-06	4.326318287693229e-06	28
HIST1H3B	6.337522	2.634628651363485e-06	5.867769824862996e-06	28
GRIA2	3.539246	2.9211791427688273e-06	6.484304423460215e-06	28
TEKT4P2	1.2911644	3.853319163806946e-06	8.468833327048231e-06	28
TMEM243	1.3160865	5.2054098553690565e-06	1.1328421883284127e-05	28
RCAN1	2.2285817	5.345036377384395e-06	1.1619644298661728e-05	28
RHEBL1	4.435662	7.1984259170236766e-06	1.5480485843061668e-05	28
PIGW	2.5901258	9.14599363110254e-06	1.9501052518342304e-05	28
NTRK2	1.1875167	9.239542207011276e-06	1.9679536117169917e-05	28
WARS	1.2157161	9.46191999812819e-06	2.0131744676868493e-05	28
CASP3	1.4912368	1.3235513636795065e-05	2.792302455020056e-05	28
STEAP1	1.8607879	1.6444327353894145e-05	3.44023584809501e-05	28
ZNF257	3.4979262	1.6567665479844715e-05	3.462417028180714e-05	28
LIF	1.6591206	1.7363708801669135e-05	3.621211428919528e-05	28
SLC25A20	2.3437068	2.0934697165363752e-05	4.329823612277922e-05	28
FAS	1.623369	2.1752005607525154e-05	4.4942160346126355e-05	28
COL9A1	2.2942967	2.6741880418923554e-05	5.4798935284679416e-05	28
C4orf52	1.5168086	3.1153445140511004e-05	6.357845947043062e-05	28
LINC00473	3.0174909	3.379979121017779e-05	6.883867863579999e-05	28
F3	1.9693204	3.761401750870515e-05	7.629618155923965e-05	28
ZNF256	2.28952	4.351446981407433e-05	8.764243668494326e-05	28
MIR100HG	1.3760624	4.574832731000317e-05	9.195643680402646e-05	28
ZNF675	2.1238725	4.657933671382343e-05	9.353280464623179e-05	28
CHAC2	3.7112405	4.9173316976686955e-05	9.834663395337391e-05	28
PIM2	1.2847456	5.07473836760789e-05	0.00010129218298618543	28
INE1	1.606638	5.313159789930784e-05	0.00010583983645280445	28
QPCT	1.8579345	5.6886990662588594e-05	0.00011320794161709174	28
AQP1	1.2898672	6.101749822542373e-05	0.0001208267291592549	28
OCLM	1.881029	6.392248064758403e-05	0.00012632901313751785	28
IL17RB	3.7429147	8.954755514975821e-05	0.0001754114694412502	28
GEM	1.1476734	0.00010533050025458523	0.00020512268793492744	28
CLDN11	1.5537735	0.00010698139414420048	0.00020813500806264685	28
ZNF253	1.9263661	0.00011796172928173972	0.0002286080024839917	28
OXSM	1.9863265	0.00013755631119074832	0.0002652966464623883	28
ZNF211	1.725878	0.00016340729601104132	0.00031304079695601783	28
ASS1	1.0368756	0.00016496221650204358	0.0003154153279197774	28
USH1C	2.3580422	0.00021182512196085638	0.00040232691730457057	28
ZNF141	1.9973707	0.00023511941915448052	0.00044530193021681915	28
UEVLD	2.2198324	0.0002367377531023964	0.00044794276840566966	28
SBDSP1	1.1257536	0.0002430694499176336	0.00045905467406540817	28
B3GALTL	2.0582533	0.00032797427357335806	0.0006113220383473589	28
TMEM116	2.0916617	0.0003794833416809045	0.0007040507266807133	28
NUDT4P1	1.1047872	0.00038162164173009063	0.00070736170848951	28
APOBEC3C	1.0362253	0.0004079050441729985	0.0007539834457911247	28
CASP8	1.2459687	0.0004195293366481044	0.0007747540842993618	28
ZNF732	3.9616039	0.00047200432942346587	0.000870856696353258	28
DBR1	1.8976098	0.0005348960996208449	0.000982361982774738	28
EDN3	1.6123629	0.0005453887683159089	0.0009997960922381464	28
ADRB2	1.3047558	0.0005682672834345876	0.001039830344802539	28
HIST1H2BN	2.244133	0.0005948741166434457	0.001085536709203368	28
OMD	2.2485769	0.0006065482554091891	0.0011048237803446066	28
ZNF180	2.254918	0.0006387167068293401	0.0011591954751893649	28
ZNF443	2.9883673	0.0008908764973373368	0.0015965528626117145	28
GUSBP1	1.1726929	0.0009968423021387836	0.0017753202175223215	28
ZNF267	1.0421131	0.0012069333881530287	0.0021248827256215297	28
IL27RA	1.5127232	0.0014500429017289625	0.002528473060031165	28
ZNF383	1.5914102	0.0014901773243687628	0.0025893611196677025	28
POLB	1.2110202	0.0015557010237238526	0.0026985273611862142	28
NCAM2	4.519999	0.0015668208642040172	0.002715460769850983	28
ZNF799	2.3794968	0.0019964772444724392	0.003415701017061487	28
ZBTB2	1.6544968	0.002162620649988756	0.003693630486744246	28
LIPT2	2.7555013	0.002198410135428044	0.003748880405160319	28
NSUN3	1.6306182	0.0022601755003421077	0.003847107234624864	28
ZSCAN16	1.9765389	0.0024431847331983433	0.0041339843201325605	28
GPC3	2.5578277	0.0025283641400298644	0.004270885371672068	28
LOC100127983	2.5983238	0.002757213964625563	0.004641774351221487	28
ZNF337	1.3320545	0.00318548228975242	0.005335816230741072	28
ZNF773	2.0052912	0.003194926126645883	0.005347156697315285	28
ZNF222	2.163439	0.0032564814110866815	0.005436529901647215	28
KLHL13	2.4337797	0.0034645314924864395	0.00576461146836346	28
ZNF14	1.693391	0.003985120379913811	0.006614307684504251	28
ZNF684	2.6210513	0.004489396862422809	0.007408245647562392	28
TNMD	2.3997269	0.004633641764743433	0.007627393851429519	28
FASTKD3	1.7332255	0.005763086754765233	0.009424508184407576	28
GUSBP5	2.4548893	0.005815241455339684	0.009502028521796869	28
HIST1H3A	2.0178657	0.006332657910769187	0.010305383093196398	28
ZNF823	2.558528	0.006415655645010827	0.01043196039839159	28
ASTE1	1.3666695	0.006779658233127234	0.010979203616400377	28
RAB39B	2.1250904	0.006901300149660403	0.011167152345728808	28
ZNF565	1.7829186	0.007476790573602967	0.012069072758035457	28
DKK2	4.4849997	0.007489114913275904	0.01206948414710057	28
ZNF708	1.1793373	0.007883372015983726	0.012674231536951328	28
CHCHD4	2.3768277	0.008035012324367445	0.012886948395136238	28
TMEM177	1.8246393	0.008683897351114822	0.013872040496988534	28
ZNF816	2.2104454	0.00937677052142364	0.014907425312279237	28
SLC25A19	1.249762	0.009755341971384009	0.015484669795847632	28
ZBTB26	1.534277	0.009852980687571993	0.01562724930622045	28
ZNF613	2.1709194	0.00987355867890368	0.015647478096519302	28
LIPT1	1.8712258	0.011852489714245816	0.018606734245283856	28
HIST1H3D	1.5365174	0.01331547770710965	0.020805433917358826	28
ZNF214	2.4279563	0.014799102059701563	0.022997827598603828	28
ITPRIPL1	2.373272	0.015643842095230193	0.024272834903382768	28
UBE2Q2P2	1.8106976	0.016150407603812457	0.02500063096565396	28
KLHDC1	1.4718676	0.01640976335972636	0.025382464593544256	28
ZNF419	1.5963503	0.01673355851337294	0.02584333361138678	28
DEPDC7	2.8245406	0.017390136457697342	0.026774651974899682	28
ZNF563	2.1836898	0.01912795397591626	0.029337352723797946	28
ZNF345	1.389598	0.02015798248873498	0.030822603193784374	28
ZNF77	2.0104382	0.020674495662698092	0.031564115515569605	28
ZNF439	1.9023929	0.023472322943842282	0.03559108861841135	28
NAT1	1.9702386	0.023741025746610408	0.035944020812430595	28
CTH	1.7678378	0.02485453466698203	0.03751627874261439	28
ZNF30	1.8406578	0.025113288221885927	0.03787826277810848	28
ZNF124	1.0815529	0.025834596757767798	0.0389075252376021	28
PLN	2.601185	0.026681507704780373	0.04009242329794196	28
GCSHP3	1.4359305	0.027676141709346007	0.041369419595434984	28
HIST1H2BL	4.553198	0.027713120262736188	0.041393756927163836	28
PIGB	1.1243345	0.028581667026898232	0.04256391217706364	28
CDH18	2.333525	0.03028318022956314	0.04489722791632786	28
ZNF570	1.194516	0.030783661868201792	0.045571668198670305	28
BLID	2.3404336	0.031033994563061006	0.045908275980859475	28
ZNF700	1.477795	0.03314401810284662	0.04873085133041236	28
MT-CO3	3.6387267	1.2409831960096445e-79	6.480330005272295e-79	29
MT-ND4	3.46595	6.947513881831816e-78	3.571986571635895e-77	29
MT-CO2	3.3917022	6.616103760878876e-67	2.9210171129708063e-66	29
MT-ND2	3.0836992	1.4596640441876719e-66	6.416105688737019e-66	29
ANXA1	3.2297938	9.463885399532056e-54	3.591607362251254e-53	29
IGFBP2	3.9129167	6.069142796602249e-51	2.1870784852620713e-50	29
TYMS	4.502392	1.982675129597467e-48	6.896261320339017e-48	29
KIAA0101	5.310133	6.140320618337109e-47	2.0921024253278053e-46	29
ALDH1A1	2.903052	4.992476868681781e-37	1.4640694629565338e-36	29
HMGB2	3.9356	6.535898735669547e-36	1.8781318205946977e-35	29
FABP5	1.9807948	9.375307656137871e-31	2.45426901993138e-30	29
UBE2C	5.8471856	1.9073668232322595e-29	4.890684162133999e-29	29
MKI67	6.670413	1.7501025475209983e-28	4.4083187594987365e-28	29
TOP2A	6.1416802	2.610927326916469e-28	6.551887896904564e-28	29
CENPF	6.034202	7.269377658282511e-26	1.7495493762412783e-25	29
BIRC5	5.725037	1.0017135486243894e-25	2.4050745465171415e-25	29
PTTG1	4.693015	1.956439849626015e-23	4.466757647547979e-23	29
TPX2	4.7866316	3.75852794861668e-23	8.513087086334495e-23	29
HIST1H4C	3.703263	5.562123703030021e-21	1.2157647438316985e-20	29
MT2A	1.9221387	1.303743123726551e-20	2.8342241820142415e-20	29
NUSAP1	4.7503934	4.2613758702611647e-20	9.115242503232438e-20	29
CDKN3	4.592463	1.284579427030377e-16	2.5538358390265944e-16	29
FBLN1	1.3913658	1.4784612616112852e-16	2.9276460625966045e-16	29
MAGEA4	1.8313085	1.6697230749650257e-16	3.2998479742391813e-16	29
MAD2L1	3.3578458	3.4924969635749044e-16	6.854753608586663e-16	29
CLU	1.4957201	4.152426502623683e-16	8.134038202984688e-16	29
CDK1	3.8999853	5.167791580936891e-15	9.957209211824452e-15	29
CCNB2	4.7274504	2.1648678439788234e-14	4.100128492384135e-14	29
CDC20	5.122564	2.7849799270732763e-14	5.249726535482142e-14	29
CCNB1	3.7296593	4.0461371573565206e-11	7.073666359014897e-11	29
PCNA	1.4442093	5.484805294990254e-11	9.563740706173067e-11	29
PGF	1.565791	1.2962757613888706e-10	2.2311114653853195e-10	29
GMNN	2.4734116	2.869264528684141e-10	4.900537196727825e-10	29
C12orf75	1.8280743	6.341960478928094e-09	1.0396656522832941e-08	29
APOLD1	2.8823931	1.280554536010864e-08	2.0791100513540395e-08	29
MATN3	2.486419	1.9945836072281008e-07	3.101996278737326e-07	29
TNNT3	2.7512639	2.8335366928592166e-07	4.376118444570219e-07	29
TEX30	1.519042	4.822978461530063e-07	7.391537872076725e-07	29
VCAN	1.0222855	4.053758993747292e-06	5.943928143324475e-06	29
ALPL	1.5643904	6.0441020277706925e-06	8.75956815618941e-06	29
AQP1	1.2020078	7.243979312296031e-06	1.0460619945553836e-05	29
KPNA2	1.3321469	1.1803607176735777e-05	1.6922734303563838e-05	29
PTN	1.251705	3.2332631034837334e-05	4.55710092104825e-05	29
PPIF	1.1896025	8.979236235207067e-05	0.00012462506919093776	29
COL9A1	1.3076949	0.0008132848900990181	0.0010822154226201174	29
TPPP3	1.0637364	0.0009249220201437347	0.0012266870293683484	29
HTRA3	2.430136	0.0015987248979542747	0.0020830291830023122	29
PTX3	2.6225061	0.0021133366391139696	0.0027251278389606314	29
MT1A	1.1330814	0.00218035791156918	0.002809739576764407	29
SUSD2	1.5368092	0.003578315844517512	0.004529513727237357	29
CXCL14	2.0951025	0.0037656005810989737	0.00475454618825628	29
GATA2	1.0241175	0.006564062647803739	0.008174424218933673	29
LIF	1.0326326	0.008721293852757031	0.010720705412116819	29
GSC	1.148627	0.01188357987628162	0.014439343713586416	29
CD74	7.1752806	7.389450579405595e-107	7.464091494349086e-106	30
HLA-DRA	7.045372	2.810053984895184e-82	2.2126409329883337e-81	30
B2M	2.8687813	1.488700350740035e-64	9.858942720132682e-64	30
MTRNR2L8	3.6486335	1.2850591067240892e-66	8.741898685197886e-66	30
LAPTM5	5.7325144	6.118650096294332e-55	3.719544131485916e-54	30
CXCR4	6.364619	8.524671129730021e-55	5.1664673513515273e-54	30
HLA-DPA1	5.4910846	1.3372649009553242e-54	8.055812656357374e-54	30
MTRNR2L1	3.0518947	1.285287917907959e-55	7.885201950355577e-55	30
HLA-DRB1	3.5556278	1.433496638968455e-43	7.624982122172633e-43	30
CD37	6.0216527	2.3549191753457733e-40	1.1833764700230015e-39	30
EZR	5.091507	2.1298881239092338e-39	1.0596458327906634e-38	30
CD83	5.6556683	5.937315112989106e-36	2.8205772508261787e-35	30
HLA-DPB1	3.437828	1.525349809204209e-34	7.013102571053834e-34	30
CD55	5.071005	1.236470895779477e-33	5.544712537127699e-33	30
ARHGDIB	3.8679016	1.5612558272235084e-27	6.42492109968522e-27	30
HLA-C	2.1041372	1.5301701578067836e-27	6.309980032192922e-27	30
CD79A	11.543669	1.2197198081329563e-25	4.840157968781573e-25	30
GPR183	5.851278	9.65761509465171e-25	3.757826885078486e-24	30
YPEL5	3.3795655	4.473091511757004e-24	1.7138281654241396e-23	30
SELL	7.0144286	6.179692800113328e-24	2.354168685757458e-23	30
HLA-DRB5	3.645903	8.819454753993426e-24	3.353404849427158e-23	30
HLA-DMA	3.9920027	1.0365827065152661e-23	3.9190272458044084e-23	30
IRF8	5.924023	1.640911670721038e-22	6.111402870469415e-22	30
LY9	7.2289524	2.3575064136540696e-22	8.71536566970081e-22	30
KIAA0226L	8.002758	2.806592891981802e-21	1.0187270025342294e-20	30
MS4A1	10.849377	2.9479378619293715e-21	1.0680934282352795e-20	30
CREM	3.7697115	3.786501783627657e-21	1.366968152934172e-20	30
HLA-DQB1	3.1398869	2.946890878720927e-20	1.0394676820885105e-19	30
BANK1	9.807028	4.8580916631261305e-20	1.7045935660091688e-19	30
BIRC3	4.4410033	1.638368010666004e-19	5.678918581164659e-19	30
HLA-DQA2	4.7172403	7.846429012120759e-19	2.677962120177734e-18	30
FTH1	1.4857188	1.097176210457688e-18	3.725555892895375e-18	30
PTPRCAP	4.3326774	1.4465535740660792e-18	4.878764162111566e-18	30
HLA-DQA1	3.4515445	1.4110631212397936e-18	4.77517130707206e-18	30
LCP1	3.4550717	2.722484476883813e-18	9.120551011336057e-18	30
PLAC8	5.6143475	1.5528183056642728e-17	5.0995675062866105e-17	30
PDE4B	3.4030874	1.7727834977374457e-17	5.802891972953996e-17	30
CD52	4.264958	4.051539914916836e-17	1.3133030518368998e-16	30
LPXN	4.226305	6.248039695171354e-17	2.009015979154776e-16	30
CD53	3.626894	1.2986070128628228e-16	4.155542441161033e-16	30
HLA-DMB	3.906332	2.1289291373801209e-16	6.75850519803213e-16	30
CORO1A	3.5563705	2.469635601675944e-16	7.827688119416621e-16	30
CCR7	6.594878	4.636116065546686e-16	1.460194036392657e-15	30
UCP2	4.023622	6.822869608828386e-16	2.142188260228693e-15	30
STK17B	2.452943	7.216477000006855e-16	2.2622184952999547e-15	30
RGS2	4.2149835	8.422903583914714e-16	2.6321573699733478e-15	30
CYTIP	4.069387	9.134926270884445e-16	2.850211004956145e-15	30
ANKRD44	3.552668	1.1594053619088614e-15	3.600637769903296e-15	30
CDC42SE2	2.9747493	1.8264804230501334e-15	5.663505187752351e-15	30
IL2RG	3.661448	1.886178832941941e-15	5.830537350670605e-15	30
TRIM22	3.4057097	3.682495006271355e-15	1.1261452618566835e-14	30
CXCR5	9.021826	4.9112505154019745e-15	1.495053429346111e-14	30
RAC2	3.2570198	2.663262149684992e-14	7.973838771511952e-14	30
LSP1	3.3672576	8.725358840102893e-14	2.5891272522560514e-13	30
RHOH	4.354188	1.790796070164209e-13	5.274804330380586e-13	30
CTSS	2.8990693	2.3879707242224094e-13	7.002846698599441e-13	30
FCRL1	12.788017	4.048643270407887e-13	1.1786443290852653e-12	30
PIM2	3.898642	6.343510964517276e-13	1.8386988302948626e-12	30
FAIM3	5.2980185	6.438582691583705e-13	1.863555048215255e-12	30
FAM129C	10.640492	1.4969430180413282e-12	4.295388860950726e-12	30
PTPRC	2.4093962	2.1318742149601893e-12	6.091069185600541e-12	30
ISG20	3.7322693	3.957006605375879e-12	1.1241496037999657e-11	30
STAP1	7.097435	5.140605848378115e-12	1.4562622799938e-11	30
SASH3	4.081166	8.099158550267532e-12	2.2846709591727878e-11	30
P2RX1	5.010544	1.3697830018375402e-11	3.836927176015519e-11	30
ARID5A	2.529252	2.975577095371706e-11	8.28851558599361e-11	30
CD44	2.2013118	3.082106737211204e-11	8.573314985288467e-11	30
FLJ43663	3.2033827	3.513203251270918e-11	9.745362694232782e-11	30
NAPSB	7.1621003	4.835476885992306e-11	1.3320872964166133e-10	30
ZNF331	2.7006133	6.011901060374404e-11	1.6538930014785155e-10	30
SLC2A3	2.4770632	6.906108617039928e-11	1.8946800046748774e-10	30
HCLS1	2.7383673	1.1162325316784491e-10	3.037367433138637e-10	30
CD19	11.125223	1.2894422886418824e-10	3.494423546454966e-10	30
IRF4	4.8006306	1.7100113424876945e-10	4.61541522938649e-10	30
RASSF5	3.2597234	2.2650976843347293e-10	6.088972269717014e-10	30
ARHGAP15	3.244537	3.534489318698564e-10	9.362885612446527e-10	30
IGJ	10.372672	4.160997154339191e-10	1.099338746192653e-09	30
FCER2	9.375897	7.585910912978574e-10	1.9910527330652427e-09	30
FAM46C	2.4670858	9.893030426124043e-10	2.5729597987318706e-09	30
SP100	2.3442347	1.844797688917471e-09	4.760768229464441e-09	30
HLA-DQB2	3.3948965	1.960875483405871e-09	5.053802792283173e-09	30
CD79B	4.8010864	2.4033360802542447e-09	6.178241851553328e-09	30
CD48	3.397704	2.755673772349128e-09	7.0749005708578375e-09	30
TCL1A	15.05639	3.120225114215694e-09	7.990333199015861e-09	30
CD69	3.797315	3.397691969143934e-09	8.689749281698042e-09	30
SERPINB9	2.549677	4.570275036128789e-09	1.1629198565213202e-08	30
HLA-F	2.1897156	6.4634986484982435e-09	1.636328771771707e-08	30
MPEG1	3.966235	8.232477032095098e-09	2.0684615658530396e-08	30
CYBB	3.3206596	8.812343302106086e-09	2.21137849488233e-08	30
RCSD1	4.105213	9.442531609728913e-09	2.3665492756212813e-08	30
KPNA2	2.6172652	1.5998017202083824e-08	3.9697313156535545e-08	30
TUBA4A	2.9765828	1.8661722976642358e-08	4.613528547995638e-08	30
S1PR1	3.6385806	2.029507403743605e-08	5.0111293919595185e-08	30
GPR132	3.47344	2.1535087239995468e-08	5.310749011096293e-08	30
P2RY10	4.5723753	2.1742896972769954e-08	5.3488061433628424e-08	30
PLD4	4.9151745	2.559491051378128e-08	6.273262380828746e-08	30
ADAM28	4.4352236	2.7723742563605973e-08	6.786717885827656e-08	30
CD72	4.482149	3.166943081347963e-08	7.733682738334465e-08	30
IDI1	2.2930343	3.634706106047075e-08	8.84356716799775e-08	30
SRGN	1.9521357	4.0667742255765014e-08	9.846910957812352e-08	30
FAM65B	4.038764	4.361663504010598e-08	1.0548158413568558e-07	30
IFI30	2.8653584	4.566245827528197e-08	1.1003001994043849e-07	30
EVI2B	2.7387345	6.749707233413704e-08	1.6147624960319867e-07	30
TAGAP	3.274423	7.116077212963615e-08	1.7003768728706368e-07	30
POLB	3.508222	8.559388352235715e-08	2.0355263620061155e-07	30
ARHGAP9	2.692101	1.0250682846085104e-07	2.4319532256429666e-07	30
ARHGAP25	3.3211727	1.0661108605250415e-07	2.526329053376876e-07	30
FCRLA	10.563388	1.1074778855524158e-07	2.621249433260156e-07	30
TMEM243	2.5897772	1.1641083159554105e-07	2.752029115733831e-07	30
BTK	3.9819689	1.5412018290868949e-07	3.626357244910341e-07	30
THEMIS2	3.2620463	1.5679421903620417e-07	3.68494051788964e-07	30
FERMT3	3.0570333	1.5907383348511159e-07	3.7341275465988636e-07	30
IL3RA	4.644757	1.7970117032781714e-07	4.2084583214945466e-07	30
LTB	4.436958	1.9389609002096776e-07	4.535581053122053e-07	30
TNFRSF1B	2.1091182	2.0611697234395932e-07	4.815817110840171e-07	30
IGFLR1	3.42515	2.2184700527708804e-07	5.177293005299605e-07	30
CLEC2D	2.8285773	2.3264087307440064e-07	5.422864174228454e-07	30
PTPN6	2.9275167	2.5051753642452784e-07	5.820372925095629e-07	30
RHOF	2.65121	2.55617593762997e-07	5.930802639512692e-07	30
DAPP1	5.7507334	3.493818977241876e-07	8.031767763774428e-07	30
CLEC17A	9.190487	3.512579228700591e-07	8.065623946499634e-07	30
AREG	3.8779294	3.537743141907823e-07	8.114089775017943e-07	30
RNASE6	3.1936827	4.1746321982571896e-07	9.531123740313218e-07	30
PARP15	4.5675917	4.2973534389007903e-07	9.800121867504654e-07	30
GPR18	5.228026	4.3461129907514045e-07	9.90002959168885e-07	30
BLK	9.828472	9.129644600434934e-07	2.0562262613592192e-06	30
ANKRD36BP1	1.9913273	1.200188688573446e-06	2.6819858962535106e-06	30
SP140	3.9330785	1.4040342132293892e-06	3.1270249737848312e-06	30
IGLL5	8.277707	1.4090329974931006e-06	3.1346674026542838e-06	30
MZB1	7.384525	1.6163535813022338e-06	3.5760034984562695e-06	30
LRMP	3.7422407	1.7609934224642232e-06	3.887402698596519e-06	30
DERL3	5.727189	1.786305276491968e-06	3.934593120026361e-06	30
LILRA4	10.366195	1.891090268467098e-06	4.156242348279336e-06	30
EMB	2.0111291	1.9643442222396905e-06	4.312501036750144e-06	30
PSMB8	1.9734918	2.246259641232428e-06	4.909857139305853e-06	30
SLC25A19	3.9288704	2.341678642699069e-06	5.112835464408448e-06	30
RASGEF1B	2.4705753	2.3594928001362187e-06	5.140507189839256e-06	30
HLA-DOB	6.809049	3.0839657909510366e-06	6.689730566054309e-06	30
GPR65	3.0739446	3.183491563736469e-06	6.898139899753995e-06	30
ALOX5AP	2.8279576	3.2731424216852976e-06	7.084723856461683e-06	30
SLAMF7	3.8752306	3.7402117032128352e-06	8.06080108451042e-06	30
P2RY14	5.6568317	5.707281319041039e-06	1.2117370104121101e-05	30
VPREB3	10.414671	8.74150317593216e-06	1.840316458090981e-05	30
CLEC4C	10.283083	1.0727773396469133e-05	2.2396186631459568e-05	30
BCL2A1	2.7870274	1.8084475713739897e-05	3.732605926468503e-05	30
GZMB	3.9151974	1.8303614239198263e-05	3.770054426199436e-05	30
TBC1D10C	2.8869	2.067603296268668e-05	4.249955388013706e-05	30
PCGF5	2.5393116	2.4441036164820106e-05	5.003282735889479e-05	30
FCRL5	9.338897	2.5805612704775585e-05	5.2772214120195474e-05	30
ZNF165	3.1415238	2.9120725179946233e-05	5.93694702955071e-05	30
RGS1	2.1805432	2.9000191821688593e-05	5.918406494222162e-05	30
LAT2	2.710353	3.074717228290793e-05	6.249425260753645e-05	30
GNG2	2.1170282	3.3988483235889116e-05	6.894215666508949e-05	30
LILRB4	3.3597305	3.442412509162163e-05	6.975506604178649e-05	30
IL21R	3.4600804	3.537523610224856e-05	7.16097896806651e-05	30
ARL4C	1.9281982	3.95853369327316e-05	7.980914704179758e-05	30
HMGN4	1.7789679	4.604978729158096e-05	9.256238651574062e-05	30
LY86	3.138647	4.794231777864014e-05	9.607678913555139e-05	30
MAP3K8	1.9847627	5.250498002677451e-05	0.00010459159367883369	30
LAIR1	1.898715	6.619636494394933e-05	0.0001316031112205752	30
LOC374443	2.399522	6.945151112264228e-05	0.00013752774479731144	30
CRYM	6.1673536	7.077017378247729e-05	0.00013980113103162245	30
DDX47	2.003917	7.60942116646131e-05	0.0001497917552453014	30
TMEM156	5.205809	7.93106260354748e-05	0.0001559697660481314	30
FCRL2	9.986045	8.030373707575733e-05	0.00015776765633744073	30
SPOCK2	2.307943	8.130696831226262e-05	0.00015958188088765972	30
EAF2	4.1007643	8.742840459560316e-05	0.00017126034200901698	30
C12orf75	2.809518	8.833888309152266e-05	0.0001728745265978917	30
ACP5	2.4784024	9.100500943717515e-05	0.00017791790701305015	30
P2RY6	5.4614005	9.538195025710689e-05	0.00018556799660915738	30
SIT1	3.7790802	9.729356532858773e-05	0.00018910313960852814	30
ZBTB1	1.7008995	0.00010605146378870752	0.00020532713221434176	30
ICAM3	2.4118571	0.00011450566687091015	0.00022148098040795	30
ZNF92	2.9750607	0.00012064890905818825	0.00023313798851823817	30
EGLN3	2.9682832	0.00013854909559406765	0.00026644056845013007	30
AMICA1	2.7200792	0.0001896681118947348	0.00036127259408520913	30
HSH2D	3.743221	0.00020024321629842593	0.00038032899581847286	30
PTPN22	2.8710227	0.0002085855513785801	0.00039504839276246226	30
P2RY8	2.747476	0.00021007726131562824	0.00039749718318945744	30
SEPT1	2.3377562	0.00021277372349610756	0.0004022187589718479	30
TES	2.1734917	0.00021757394132155495	0.00041090451618801694	30
BIN2	2.2281122	0.00026645301316700356	0.0005013226964572033	30
TNFAIP8	1.9377439	0.0002756266165925911	0.0005176086696574481	30
CD4	2.2621381	0.00028292584197216853	0.000530817714769547	30
CXCR3	3.493821	0.0003047699182323417	0.0005696633985651247	30
C16orf54	2.3959887	0.0003276093341584726	0.0006100732479673606	30
CCND3	1.5428405	0.0003847082304624087	0.0007124226490044605	30
CAPG	1.3390523	0.0004092735260028938	0.0007572128140664085	30
CNIH	1.5021197	0.00041721888460914523	0.0007711994170224495	30
IFIT2	2.7788293	0.0004260705574888354	0.0007868339011797514	30
LIME1	2.356804	0.0004280177119797205	0.0007897005756083403	30
SP140L	3.4239657	0.00044148440554347523	0.0008137961392506456	30
ADORA2A	3.7002544	0.0004448086230167058	0.0008191687348373956	30
TFRC	1.4900782	0.00045666404275501607	0.000840228229540048	30
B3GNT7	3.1464255	0.0004759545800262303	0.0008749165074011585	30
DDIT4	1.3777323	0.0004902727882256495	0.0008995830976617421	30
NCF4	2.316295	0.0005343075795684986	0.0009759042549196322	30
MCOLN2	3.2992916	0.0005728199816538167	0.0010424385471407038	30
C1orf162	2.0516722	0.0005873961583419448	0.0010670229942632966	30
SAMHD1	1.9090489	0.0006213326189240183	0.0011266230624188908	30
SMIM3	2.6378503	0.0006863356384444762	0.0012399921200442207	30
CCR6	3.9008732	0.000791041919214706	0.0014253007553418125	30
SLC9A3R1	1.8690253	0.000800843377219687	0.0014411182016913005	30
EIF4A3	1.0718755	0.0008012617201403632	0.0014411182016913005	30
GCH1	3.3416817	0.0008277717102042635	0.0014861251529699523	30
TAP1	1.2639385	0.0009540237543552574	0.0016960422299649022	30
ALOX5	1.9838241	0.0009875792167955188	0.0017525806864161823	30
APOBEC3C	1.6316003	0.001036513754772882	0.0018345376190670479	30
SELPLG	1.8450056	0.0010400477301325656	0.0018391648631875608	30
RUNX1-IT1	3.0821977	0.0010532117815634783	0.001860798200642188	30
CD97	1.510279	0.0010737139681056987	0.0018936754287578461	30
TRAF3IP3	2.357551	0.0011217897525691019	0.0019723126527967354	30
ABRACL	1.6590486	0.001133161985375437	0.001989748876866439	30
CXCL16	1.4263393	0.0012038584243301903	0.0021064889314614003	30
GPR114	4.2304125	0.001327668357927266	0.002306982376937039	30
CD38	3.5661764	0.0013571408440849594	0.00235614729875861	30
MX1	2.012687	0.0015334423780660963	0.0026576124403225243	30
PLEK	1.8539555	0.0015965547121438962	0.0027645969041452745	30
IL10RA	1.6584377	0.0016350992975099354	0.002826446495263501	30
CD24	2.763456	0.0017389585079507167	0.0029956218913879703	30
ADA	1.9927186	0.0018339571458083942	0.0031511291165092687	30
HCP5	2.252798	0.0018576460441440225	0.0031890919212772917	30
TMIGD2	4.4388847	0.0020273993057567975	0.003456776309900763	30
STAT4	1.5833746	0.0020412663722790977	0.003477455489402211	30
DNASE1L3	3.7915828	0.002101859646879071	0.0035745912361888964	30
AP1S2	1.5382984	0.0022129393178654646	0.003758476179224404	30
PVRIG	2.2516794	0.0022219221029592543	0.0037691638727044177	30
FCGR2B	2.5341365	0.0023224258091851836	0.003919706007063601	30
MYO1G	2.2086635	0.002326986993161998	0.003924092737204044	30
KYNU	2.3023512	0.0024110280511947654	0.004055556015466384	30
FAM26F	1.9509856	0.002428731262089957	0.004081901280823457	30
OSTF1	1.2459735	0.002595356404840858	0.0043546248403370106	30
METTL21D	2.269986	0.00265572656105166	0.004444730646111565	30
LILRA5	4.101177	0.0028563871995561066	0.004772576774529835	30
PSMB9	1.3170446	0.0034022074593570064	0.005642135090144289	30
CD68	1.4499941	0.0037240268099758035	0.006140192596827376	30
LOC100507463	2.4161856	0.0038015271823879883	0.006262812491578234	30
PTPN7	1.878761	0.0041818332550055395	0.006872363607239999	30
ZNF736	2.217931	0.004336348613708002	0.00711459985842166	30
SRSF10	1.1753391	0.004363882915899895	0.007153906419508025	30
FCER1G	1.5777959	0.004383305362521309	0.007179861363671267	30
PIGB	2.4628532	0.0044921519818558195	0.007346119348905673	30
TYROBP	1.4111528	0.005636810174176685	0.009165544998661276	30
FCRL3	4.383651	0.005700251634147868	0.009253655250240045	30
TNFRSF18	2.8300903	0.005758627439293338	0.009339217177058242	30
BST2	1.4004151	0.005897688315568806	0.009550912251933288	30
CTSC	1.3005244	0.0062036103406914985	0.010013898855030666	30
CLEC2B	1.6683367	0.006448595565828338	0.010392579477563798	30
MIR3064	2.1545703	0.006564464965146306	0.01055856318383619	30
PIK3IP1	1.2215399	0.0065674263003461094	0.01055856318383619	30
DGKA	1.5882494	0.006621749495893897	0.01063734858778136	30
CYSLTR1	3.1222239	0.006662386179565323	0.01069403881150132	30
TNFSF8	2.307292	0.0068370932394409495	0.010956880191411777	30
MS4A6A	1.5195627	0.007048687279218385	0.011286929190101496	30
PMAIP1	1.4161216	0.007203177544819848	0.011525084071711756	30
MST4	2.4041052	0.00726583718545774	0.011606343067216637	30
HIST1H1D	2.585197	0.007961072926319123	0.012618985877501918	30
MIR155HG	2.1962056	0.008071380272989963	0.012781283092620688	30
CCR2	3.7606106	0.008447296572719962	0.013344860304454916	30
PDLIM1	1.4915642	0.008827433147319095	0.01391242418805216	30
SLAMF1	3.4657023	0.008838050935720371	0.01391819044995334	30
CD82	1.2797842	0.00924341180170957	0.014533666354889261	30
ZSCAN16	2.3402448	0.010481315809595975	0.01640268514803752	30
INE1	1.9270049	0.010575607621934826	0.016524386909273166	30
ACSL1	1.2316023	0.011652797846626452	0.018108465962123472	30
ITGB2	1.0032667	0.011973768504799644	0.018592808237266528	30
EVI2A	1.3183713	0.0127660230970052	0.01976164566099876	30
ITGAL	1.3349845	0.013181710838058441	0.020373587075824484	30
DANCR	1.2676187	0.013378636028467221	0.02064604325380744	30
TNFSF13	1.5934632	0.014687684733021119	0.02261383330719187	30
IL27RA	2.0527096	0.016155133617395314	0.024720938970765594	30
GLRX	1.4687682	0.016248610030153758	0.024825989350884276	30
CASP8	1.3170545	0.017260743428993135	0.026312108885660265	30
FGR	2.155379	0.018331782975075605	0.027838698519477	30
RGS13	2.087358	0.019392491403544147	0.029360320065926038	30
CLECL1	3.521732	0.01966092286622186	0.02974421008505576	30
TNFRSF13B	7.3437924	0.01971601869647136	0.029805016925882635	30
PTGER4	1.0210536	0.020649233510080543	0.031121678236745356	30
TSTD1	1.4121376	0.020697724163128428	0.03117127133001269	30
CR2	9.727194	0.02213374481437233	0.03318402520895402	30
STAMBPL1	3.1521254	0.022183067061096386	0.03323305926756013	30
TRH	6.485233	0.023246303412496238	0.03477382709423521	30
PION	2.7064295	0.0233366814874964	0.03488293196935186	30
NT5C3	1.2815259	0.02379715942001744	0.0354652152310245	30
OAS1	1.7836094	0.024390881709406176	0.03626896908461885	30
ITGB7	2.0271397	0.025971427504788386	0.03859053121068111	30
GMFG	1.0064461	0.02720987033005446	0.04034080108236392	30
CD300A	1.2291663	0.027551261956252356	0.040816684379633116	30
TMEM71	2.2849476	0.02811123199224031	0.04155392755689625	30
CD244	1.9640105	0.032496345312063586	0.0478943925011991	30
MFNG	1.424122	0.03263494611473593	0.048027882435225794	30
PPP1R14A	1.808165	0.033790188784100214	0.04954573135498565	30
HMGB2	5.2617626	2.4467008362400464e-60	1.0131266402650295e-59	31
TOP2A	7.4486914	4.161546887170039e-47	1.4679177732522187e-46	31
MKI67	7.8026557	1.9867461520187132e-46	6.910421398325959e-46	31
MT-CO3	2.9595015	1.1523265132539105e-47	4.1302025564656283e-47	31
MT-ND4	2.6915925	1.477895635888134e-47	5.268790145768749e-47	31
UBE2C	7.279881	3.46942503749543e-43	1.1564750124984766e-42	31
MT-CO2	2.872385	5.228666758430999e-46	1.7998852868953526e-45	31
MT-ND2	2.9692187	3.0640885835100476e-42	1.0145988687119363e-41	31
TYMS	4.5577483	3.6188366953601526e-39	1.1488370461460801e-38	31
NUSAP1	6.277929	1.4613613479705374e-38	4.609972706531664e-38	31
CDK1	5.957955	7.770662563444953e-35	2.302418537317023e-34	31
BIRC5	6.8508615	1.3524655827126059e-34	3.995467009490712e-34	31
HIST1H4C	6.701522	4.879182601576323e-33	1.402063965970208e-32	31
CENPF	6.668743	1.6723328362772114e-31	4.710796721907638e-31	31
TPX2	5.8720293	4.1782135514443e-29	1.1400309826587447e-28	31
PTTG1	5.286234	2.7603178984387314e-28	7.440209968837551e-28	31
CDKN3	5.824859	2.1016270476909318e-26	5.516081490002445e-26	31
KIAA0101	5.014372	3.208341401267884e-26	8.376870499393953e-26	31
COL1A1	2.440916	9.052939714700375e-24	2.2717540061983375e-23	31
MAD2L1	4.734203	7.842133432955873e-23	1.9363292427051536e-22	31
GMNN	3.5620172	3.2089430201859185e-16	6.930762462604575e-16	31
CYR61	1.8546059	1.1723882434556318e-15	2.5024295484645288e-15	31
CCNB2	5.0160966	2.1579629180987166e-14	4.500444041915989e-14	31
KPNA2	2.6150725	2.1958266993350672e-13	4.4630623970224943e-13	31
CCNB1	4.3633227	5.498989401645039e-13	1.1020018840972021e-12	31
COL8A1	2.0078862	1.1570186810420482e-12	2.291126101073363e-12	31
CAPG	1.4807615	2.608820268678329e-12	5.125383631981e-12	31
DLX5	1.7893573	1.4356423122466839e-11	2.7795591718232022e-11	31
TEX30	2.463996	1.8775506321724434e-11	3.6037440156860716e-11	31
PCNA	2.090158	2.119897922851585e-11	4.061107131899588e-11	31
CDC20	4.9106297	1.01684852128779e-10	1.905995353866523e-10	31
FABP5	1.3613696	1.4589331380305216e-10	2.71935347256388e-10	31
PTN	2.07577	2.144851151079217e-08	3.707607867034083e-08	31
APOLD1	3.4829545	2.225989579252991e-08	3.837913067677571e-08	31
COL3A1	1.4788053	1.2801584731951176e-07	2.1533363720691633e-07	31
SFRP2	1.4389668	9.475777345410901e-07	1.5445439845820538e-06	31
COL4A1	1.0539339	1.5266113010780695e-06	2.4662541212892883e-06	31
COL4A2	1.1668392	1.929166218541442e-06	3.096574989633133e-06	31
SNAI2	1.1101146	3.4113661973585314e-06	5.4191679068443715e-06	31
PRSS23	1.2738383	5.1803082342070405e-06	8.100560178588024e-06	31
HBA2	1.5704944	8.177405164798543e-06	1.2687983188205654e-05	31
PPIF	1.5808429	9.439422971555134e-06	1.4600808927386133e-05	31
OSR2	1.424485	1.1533851180974563e-05	1.779915305705951e-05	31
VCAN	1.3507406	2.054257067378325e-05	3.131489431979154e-05	31
COL6A3	1.461415	3.5259987667571076e-05	5.334340040479739e-05	31
BEX1	1.8786174	0.00018607977805755428	0.0002712533207836068	31
PTHLH	1.9388815	0.00026523293780780164	0.00038383927323849733	31
SRPX	1.1546398	0.00044141000663360056	0.0006319398806493924	31
MCAM	1.028021	0.0004857190938657314	0.00069487710138159	31
C12orf75	1.4280277	0.000785493039713725	0.0011118089734093771	31
COL9A1	2.0687063	0.0008556156149919378	0.0012084966313445449	31
DLX6-AS1	1.2169079	0.0010121162749184992	0.0014195179171367452	31
HOXC10	1.1589519	0.0011681909702103146	0.0016281407250317973	31
PCP4	2.2860918	0.0017888256508431517	0.0024622514120346203	31
PRKCDBP	1.0221092	0.00640565277030066	0.008450729248417757	31
MFGE8	1.266176	0.006887252059976629	0.009062173763127143	31
HBB	1.2764806	0.009427938152103988	0.012252031386749821	31
CA2	1.5081657	0.01759326273689643	0.022411799664836217	31
TFF3	2.6936944	0.022569656891444027	0.028353840315884456	31
PTX3	2.707489	0.025143457702345117	0.03140969107101201	31
STMN2	2.4808211	0.03814661946924814	0.04654865096918626	31
B2M	3.1199987	8.60855738865198e-70	7.89775907215778e-69	32
GNG11	5.4345016	1.6601910406379566e-58	1.3176119370142514e-57	32
A2M	7.232049	1.4001982451396712e-54	1.0527806354433618e-53	32
PLVAP	8.457098	2.3579059645187007e-51	1.6842185460847862e-50	32
SPARC	4.789944	3.1673891668802382e-49	2.1995758103334988e-48	32
ENG	6.4823885	4.472737649486248e-47	2.962077913567052e-46	32
ESAM	7.264032	2.110350202043288e-46	1.3793138575446328e-45	32
CLEC14A	7.6503463	2.2383480505923705e-43	1.4166759813875763e-42	32
RNASE1	5.8857827	6.6426514930886554e-43	4.164671782500724e-42	32
SPARCL1	6.701278	4.716245527992877e-41	2.8757594682883396e-40	32
HLA-C	2.7529752	1.6164099976682145e-41	9.977839491779102e-41	32
ELTD1	7.314196	1.587113243439173e-39	9.503672116402233e-39	32
IFI27	7.3288836	1.5015228727453447e-37	8.78083551313067e-37	32
VIM	2.3515885	1.2703803518469229e-36	7.322076955890046e-36	32
RAMP2	5.5006137	5.3450647212169234e-36	3.045620923770327e-35	32
TMSB4X	1.8675884	5.401790503535108e-37	3.140575874148319e-36	32
VWF	6.3278747	1.9542867071597703e-35	1.0979138804268373e-34	32
CD34	7.318887	5.859077971046623e-35	3.246026576757132e-34	32
TM4SF1	6.4452014	1.5260006488291715e-34	8.33880135972225e-34	32
AQP1	5.1781473	1.4152340777643908e-33	7.547915081410085e-33	32
MTRNR2L8	2.6837406	1.739892523612136e-33	9.254747466022e-33	32
STOM	3.9918423	1.6047580875729318e-31	8.250684254873686e-31	32
CD74	4.271825	3.807210523860306e-31	1.9474222628441462e-30	32
RAMP3	8.022696	1.6750930665265196e-30	8.396456473817141e-30	32
S1PR1	5.665416	1.0423586198219276e-29	5.097108165388399e-29	32
HSPG2	3.9062796	1.322791995084949e-29	6.452643878463166e-29	32
COL4A1	3.7792883	2.2080450069106998e-29	1.0692711897872638e-28	32
COL15A1	5.0770426	5.817911718958388e-29	2.7903653328337597e-28	32
CAV1	5.042015	7.21870661396568e-29	3.4539266095529574e-28	32
CDH5	6.718747	3.4222641426506723e-28	1.6257786900953312e-27	32
ECSCR	6.479648	8.941685450362116e-27	4.158923465284705e-26	32
PDLIM1	4.895432	5.867172104169431e-26	2.6975503927215775e-25	32
CYYR1	6.5318894	1.9927250828696201e-25	9.0992012916421e-25	32
ICAM2	4.9282994	1.2973716803840978e-24	5.7918378588575796e-24	32
BHLHE40	3.2485175	3.3286755335320916e-23	1.4316884015191792e-22	32
S100A16	4.9780936	5.780513013844942e-23	2.4755944384774913e-22	32
PODXL	5.812005	1.9120258925401182e-22	8.136280393787737e-22	32
LGALS3	4.1382775	2.6692421488206577e-22	1.1310348088223127e-21	32
EMCN	5.9487157	4.663638473816278e-21	1.9074185986978642e-20	32
COL4A2	2.659013	4.806084371975293e-21	1.9576718419451296e-20	32
NOTCH4	5.0565515	6.788239145168359e-21	2.7538495517924374e-20	32
PRKCH	3.5453825	7.945987096031814e-21	3.204027054851538e-20	32
EMP1	3.1643584	8.019468188713406e-21	3.22715017654463e-20	32
CD93	3.859776	8.461281811106229e-20	3.292327552959622e-19	32
PRKCDBP	4.2685304	1.1548514750852073e-19	4.450294701677099e-19	32
PRSS23	2.9073427	1.0797444477730387e-19	4.168897481749184e-19	32
PLK2	3.6621304	1.7631958047484557e-19	6.768505968324206e-19	32
EFNA1	3.5714948	2.5176956658178286e-19	9.591221584067917e-19	32
TM4SF18	6.10414	3.9547550981800977e-19	1.4980132947651885e-18	32
APLNR	7.2187257	7.956316439548584e-19	2.985484592701157e-18	32
MTRNR2L1	1.8854941	1.322000389392552e-18	4.905381778822086e-18	32
MCAM	3.7905757	2.7377160839279447e-18	1.0065132661499796e-17	32
SLCO2A1	5.279802	4.009542178292907e-18	1.4580153375610572e-17	32
IGFBP4	3.2283592	1.4579354093602213e-17	5.253821294991788e-17	32
RBP7	6.9509687	2.508355239819037e-17	8.974437351767574e-17	32
INSR	3.3160565	1.4142344639058762e-16	4.944875747922644e-16	32
TIMP3	2.6805923	2.297639822510767e-16	7.950310804535526e-16	32
STC1	6.7305503	3.1326855200245633e-16	1.0802363862153667e-15	32
PPAP2A	4.7432103	4.1405465433163577e-16	1.42042763064026e-15	32
APOLD1	4.99444	7.350916270236988e-16	2.4918360238091484e-15	32
DUSP6	3.2603064	8.556779091533011e-16	2.8956951240382442e-15	32
IL3RA	5.612359	1.2752589133582636e-15	4.301041866301058e-15	32
GIMAP7	4.524452	1.9123058607280268e-15	6.406384793058716e-15	32
F2R	3.7102425	3.309584005785331e-15	1.1031946685951103e-14	32
DLL4	6.0855966	3.4256657972007124e-15	1.1399886180368427e-14	32
PSMB8	3.1945374	3.5275305039295945e-15	1.1719370444948819e-14	32
PLS3	2.7292597	9.042024552832554e-15	2.984166519086652e-14	32
LOC541471	4.463274	9.715634020628783e-15	3.195932243627889e-14	32
SLC2A3	2.5116882	3.851056331821823e-14	1.2362941675190443e-13	32
ARHGDIB	2.4063933	3.739836272833384e-14	1.2044561265163878e-13	32
SPRY1	3.0043292	4.6296981171924544e-14	1.4791367786557361e-13	32
ICAM1	2.983851	3.5710722705233945e-13	1.1055951301930014e-12	32
PLAU	3.8193147	3.736023369161913e-13	1.1548758482726161e-12	32
BST2	3.6931121	4.1587597209865965e-13	1.2835678151193198e-12	32
ADAMTS1	4.242082	5.945008133870938e-13	1.8236221269542755e-12	32
THBD	3.2627182	5.901584414371629e-13	1.8130827693922055e-12	32
EDNRB	6.0801888	1.1379674882302626e-12	3.4694130738727516e-12	32
TNFSF10	4.3694677	1.322076502832197e-12	4.018469613471723e-12	32
HLA-F	2.6867883	1.3590910151426017e-12	4.124707177974512e-12	32
C8orf4	5.2408137	1.4863016159733606e-12	4.5039442908283655e-12	32
IFI6	2.322706	1.98023379201848e-12	5.955590351935277e-12	32
LIPA	2.475596	2.2240633158630825e-12	6.678868816405653e-12	32
TGM2	5.4078217	3.907499309387172e-12	1.1646793768665192e-11	32
PRDM1	2.8450608	5.985968265598388e-12	1.7736202268439667e-11	32
HLA-DRA	2.3950276	8.43799432358023e-12	2.4817630363471265e-11	32
ITGA1	4.2086015	1.0928372283747465e-11	3.209507278633617e-11	32
SDPR	4.3832884	1.9756442571574704e-11	5.751511665669491e-11	32
H19	3.5093083	2.0172180031210382e-11	5.864005823026274e-11	32
IGFBP3	3.7252219	2.26944572261243e-11	6.578103543804146e-11	32
CLDN5	4.1843505	2.2878743462947182e-11	6.621922854688042e-11	32
PNP	2.7407753	2.3766606448286757e-11	6.868961401238948e-11	32
CLEC3B	6.5508223	2.5470285701340256e-11	7.350731804138602e-11	32
UPP1	3.1870823	8.552513771997665e-11	2.4400895212546834e-10	32
HLA-DRB1	1.5317135	1.2078379712566754e-10	3.416797655605871e-10	32
HSPA8	1.1198297	1.4113364182485219e-10	3.9755955443620337e-10	32
IFITM1	2.8802516	1.6329542455778398e-10	4.58695012802764e-10	32
HEY1	3.8526552	4.718572406574507e-10	1.3052759077661153e-09	32
LOC284454	1.9705504	4.988190316194269e-10	1.3779531260205162e-09	32
WARS	2.6683486	5.326982001964809e-10	1.463456593946376e-09	32
ESM1	5.4101534	5.660228688982486e-10	1.550747586022599e-09	32
GIMAP4	3.3972135	7.536376914560775e-10	2.047928509391515e-09	32
GNG10	2.3531	7.879952802735975e-10	2.138386106576927e-09	32
GIMAP5	3.803826	1.0916621762887958e-09	2.926708247423045e-09	32
MFNG	3.6472187	1.1204868915165965e-09	2.9999649036588928e-09	32
PLIN2	2.165476	1.2440007663939437e-09	3.3217643962455104e-09	32
ITM2A	2.2499223	1.6586224739319837e-09	4.4171037920958285e-09	32
PDK4	4.1171417	1.8851096446229883e-09	5.00693132701989e-09	32
CLEC2B	2.583821	2.0542974496750093e-09	5.449064853249361e-09	32
CCL14	6.9473367	2.9736790850765866e-09	7.835781515353324e-09	32
PSMB9	2.7980878	3.1602698616432428e-09	8.305571252676065e-09	32
ISG15	2.6990378	3.2924223364044545e-09	8.641528442006443e-09	32
TAP1	2.268067	3.542828683895415e-09	9.28657584245194e-09	32
STAB1	2.257872	8.716285483658847e-09	2.246465330839909e-08	32
GJA1	3.2668922	1.1563379640185454e-08	2.961172763171691e-08	32
RGCC	2.6134138	1.190845055422257e-08	3.0456395279341614e-08	32
THBS1	2.9638681	1.6977877830493582e-08	4.281936401133312e-08	32
APOL3	4.420825	2.2295255048635246e-08	5.601822876541519e-08	32
RND1	4.5345225	2.455077697468952e-08	6.145375963626914e-08	32
LHFP	2.110411	3.107958213311874e-08	7.740867280976024e-08	32
LPAR6	2.8767776	3.515384737718058e-08	8.733875124765361e-08	32
NFKBIA	1.6820806	4.5657363222337655e-08	1.1259522372956264e-07	32
GDF15	4.448709	4.767232289969366e-08	1.1741951453126516e-07	32
MYLK	3.2315416	4.911012673059001e-08	1.2066370204076172e-07	32
OSTF1	1.8937137	7.386417499954676e-08	1.794998177388743e-07	32
ACSL5	3.8266525	7.730902165531178e-08	1.8730442497343914e-07	32
HBEGF	2.9091759	7.735672751403036e-08	1.8730442497343914e-07	32
ENPP2	4.2626305	8.900041673683501e-08	2.1497685202134062e-07	32
SERPINE1	4.3401675	8.931553716932057e-08	2.1547777362924142e-07	32
IFNGR1	1.8268439	9.059621543697579e-08	2.183041335830742e-07	32
MLKL	4.0930767	1.1742120833922374e-07	2.8192366948192977e-07	32
CCND3	2.07612	1.2378752479609624e-07	2.9649706537987123e-07	32
OAS2	3.431062	1.8977638931177523e-07	4.497070836771925e-07	32
LAPTM5	1.6352367	2.2015854575156847e-07	5.204693752992162e-07	32
HCP5	2.8785758	3.005024711817136e-07	7.062337748101377e-07	32
SEPP1	1.687456	3.508432173140924e-07	8.206858884540174e-07	32
ANGPT2	2.2475948	4.0767136940818675e-07	9.525031995518382e-07	32
FOS	1.126048	4.658055321258139e-07	1.0832686793623578e-06	32
TNFRSF1B	2.008664	5.02979527316823e-07	1.167005863844137e-06	32
GMFG	2.3400161	5.928210248966431e-07	1.3675225487811836e-06	32
ADAMTS4	3.5847573	6.770214227044692e-07	1.5581620775707e-06	32
CMAHP	4.396528	6.88609242426274e-07	1.5830097527040783e-06	32
SGK1	1.8678904	7.482208716749459e-07	1.7161029166856558e-06	32
AP1S2	2.0786622	8.827746133862288e-07	2.022393157814957e-06	32
IL32	2.1507542	1.025493766458006e-06	2.3413099690822054e-06	32
DDIT4	1.6939229	1.1521542538386553e-06	2.612594679906248e-06	32
GJA4	4.5925603	1.1878834555946223e-06	2.6844823855245703e-06	32
ARHGEF3	2.3926194	1.8140999286448113e-06	4.0583891021136714e-06	32
PCDH17	2.895799	1.8701240522974213e-06	4.174384045306744e-06	32
LOC100507463	3.3803015	2.1136836942696298e-06	4.707536067415657e-06	32
TRIM22	1.8222449	2.3115532044806434e-06	5.136784898845874e-06	32
NUPR1	3.101734	2.9422952558217562e-06	6.509502778366717e-06	32
CTSL1	1.8146756	4.619402546155658e-06	1.0064057834761783e-05	32
TNFRSF4	2.5418584	4.683988995210296e-06	1.0193664842677467e-05	32
LOC643733	4.8362374	4.987847893765734e-06	1.0831374362140573e-05	32
CD58	2.4775126	5.099906591611388e-06	1.1050718508367039e-05	32
ABI3	2.5635738	6.234618173662357e-06	1.3451171895711665e-05	32
DNAJB1	1.0899441	6.82063403237223e-06	1.468381923008015e-05	32
TINAGL1	2.6522388	8.157716853251508e-06	1.7431018917204076e-05	32
IFI44	2.0705943	8.173323176907071e-06	1.7445727165223204e-05	32
SLC9A3R2	1.7094798	8.985918727483751e-06	1.9118976015922876e-05	32
HSPA1B	1.3333336	9.584742886242788e-06	2.034977258225645e-05	32
LRMP	3.44028	1.008999991305766e-05	2.1377118459867924e-05	32
DNASE1L3	5.810978	1.1638845745100795e-05	2.458045563907243e-05	32
RIN2	1.2707247	1.2362261772465178e-05	2.601250268453672e-05	32
CA2	3.8926425	1.2461686211788149e-05	2.6152541892524972e-05	32
LRRC70	6.330052	1.3166010488962538e-05	2.757279683552364e-05	32
CNIH	1.6245285	1.3879719128299315e-05	2.9006727540855414e-05	32
SP100	1.3066595	2.2024255391492095e-05	4.5108478332780925e-05	32
SOD2	1.4743156	2.384252937328098e-05	4.860862257549639e-05	32
BTN3A3	2.8331168	2.893708589736641e-05	5.872185030508922e-05	32
ARID5A	1.4669052	2.8949872200408987e-05	5.872185030508922e-05	32
SRSF10	1.5311662	2.9040735690844165e-05	5.8846475564020596e-05	32
APOD	4.419903	3.3767087178353536e-05	6.835442748654562e-05	32
LY96	2.4008927	3.595502468721701e-05	7.270985781034784e-05	32
TES	1.9508579	3.7705502105066135e-05	7.609586701325154e-05	32
ALPL	3.0609987	3.822729308118347e-05	7.707115540561184e-05	32
IER3IP1	1.3818328	4.390051020804542e-05	8.788890932541626e-05	32
CYTL1	2.3465483	4.620613081185696e-05	9.241226162371393e-05	32
ADA	2.6396909	4.789483392064404e-05	9.550315836618952e-05	32
ZBTB2	3.2735646	5.42491742344046e-05	0.0001076372504650885	32
FCN3	6.3438272	5.549063756210379e-05	0.00010999135294767849	32
COL21A1	1.8485656	9.930923525512108e-05	0.00019453327180239194	32
AVPR2	9.097328	0.00014664994909915346	0.00028531118501780826	32
APLN	4.608465	0.00016663398076064697	0.0003219980304553565	32
RCAN1	1.9881132	0.00016868595223561836	0.00032564855643941765	32
CASP4	1.5414339	0.00017399002624817972	0.0003352408983587278	32
DNAJB4	1.1133941	0.00018534032569925339	0.0003567667482180046	32
HSPA1A	1.1608481	0.00019470996173081016	0.0003737235349919581	32
GBP2	1.7498623	0.00020364350339955337	0.00038974833186517394	32
GLRX	1.8418416	0.00023358826752637628	0.00044577913650071805	32
MAP3K8	1.6872305	0.0002479282680198806	0.00047179499147455875	32
HLA-DMA	1.4534444	0.00026351716669753957	0.0005005074391216326	32
PGF	1.6911283	0.0002770540957810516	0.0005247236662519917	32
DARC	5.398513	0.0002799293134703899	0.00052966757515684	32
LOX	2.9644837	0.0002828356924986073	0.0005346610444208077	32
FN1	1.0274546	0.00029093393696293546	0.0005484145842845155	32
P2RY8	2.3771129	0.00034438035118995963	0.000646116981594671	32
HCG26	4.2437673	0.00039772402670028875	0.000742022437873673	32
MMRN1	5.7868137	0.0004475653368274569	0.0008319058305343064	32
SELE	5.6618934	0.0004484072109526631	0.0008326967705713336	32
NNMT	2.051305	0.00046037241037621095	0.0008533316225694365	32
PDE4B	1.2633016	0.0004946178247878078	0.0009151116092281365	32
LOC401397	1.6012222	0.0005032696605316166	0.000929399188424038	32
CCL2	2.4011981	0.000569631626312799	0.001046155420225526	32
BMX	12.335804	0.0006758795303502344	0.0012344831604570493	32
HS3ST1	2.7897692	0.0007873199629591568	0.0014314908417439214	32
DGKA	1.7946546	0.0008300498805941792	0.0015050768460456558	32
CXCR7	1.7436938	0.0008978327004097832	0.0016206366433389587	32
CHN1	2.65126	0.000955312912533275	0.0017181886916066095	32
CD79B	2.2422266	0.0009672619442233602	0.0017381167012099914	32
ABRACL	1.3429604	0.0009936998919240867	0.0017840213499534768	32
PRR5L	3.15816	0.0010295086956212459	0.0018449976624036663	32
CARD16	1.6741022	0.001068199774079815	0.0019080425714105968	32
SLCO2B1	1.779316	0.0010953054056997914	0.0019506774812106705	32
NT5C3	1.6505299	0.001188142587530157	0.002108505035545975	32
CTGF	1.4184432	0.0012432524427125832	0.002196559086064635	32
LYVE1	3.6519632	0.001295454109893862	0.002282738519636761	32
ADM	1.8834798	0.0013894667271526929	0.0024419450389326766	32
BTN3A1	1.7934954	0.0014913707748517913	0.0026164399558803357	32
SERPINI1	2.2078342	0.0015266650881210768	0.0026760124244015367	32
ASS1	1.5173899	0.0016137325843247282	0.002823679062685439	32
COTL1	1.0071216	0.0018408393117749164	0.003198678213336084	32
ADIRF	1.2317156	0.002149066156569452	0.0037084834453312374	32
IL6	2.761833	0.002188465542592935	0.00377321645274644	32
CSRP2	1.613859	0.0024140706411048722	0.004133682604631631	32
IFIT3	2.2388825	0.002577501787382385	0.004394717455042429	32
CHAC1	5.216523	0.0028133200698564954	0.004772383494243419	32
GNGT2	3.9416718	0.0029314230255981697	0.004955913821805866	32
SSUH2	7.9251895	0.003002819726713251	0.005068050171667934	32
CDC14A	1.7096168	0.0031226148057597537	0.005248092110520595	32
GUSBP9	2.2227392	0.0035312096451001144	0.005905032851337984	32
B3GNT2	1.5173905	0.0036263381363889607	0.006053986872101771	32
ZNF267	1.3973312	0.0036520756293164087	0.00609186927325506	32
SLC10A6	4.222541	0.00443969074908849	0.007362671225685721	32
CCRL2	2.0238006	0.004807588638527095	0.007933314585028209	32
GPX3	1.8648279	0.004863729592017364	0.008019339805469684	32
LOC100128252	1.5058239	0.005373802204026195	0.008831227944167946	32
SBDSP1	1.499169	0.005642776160570745	0.009242876593891473	32
IL27RA	2.1367812	0.006828064846186375	0.011066555666428486	32
RSAD2	3.0716095	0.007104044046562612	0.011504524771761313	32
DANCR	1.141744	0.00808019338605799	0.013011583552428325	32
POSTN	2.6284015	0.008124679186070828	0.01307269378289755	32
ZNF211	1.7300739	0.008803598833760527	0.014085758134016843	32
IFIT2	2.5274348	0.010499212567655349	0.016731812856821276	32
GJA5	8.600878	0.01056561460939811	0.016810842656162468	32
GUSBP1	1.3677347	0.010678737521993444	0.016977325154202614	32
TYMS	1.0482341	0.011131078233347802	0.017654366745991756	32
AKR1C3	1.2501409	0.013085399803182494	0.020574527992425304	32
PLAT	1.9738948	0.013240253415381506	0.02078532718270252	32
EDN1	2.291849	0.013548800458109477	0.02123636435440357	32
GBP1	1.3198638	0.01381479260363859	0.021627730983167393	32
GGTA1P	2.2195706	0.014154112917262287	0.022115801433222324	32
LXN	1.5618486	0.014358440570876076	0.02241754968130535	32
FAS	1.317566	0.014675254230599764	0.022858651449532343	32
HMGN4	1.0425545	0.01533243141548219	0.023826622246281574	32
AQP3	2.5507364	0.015364171515878126	0.023857409186146157	32
ZNF30	2.6304736	0.017295744259751656	0.02681510737945993	32
TFPI2	4.1285005	0.018489320698097018	0.028532902311878112	32
C2orf74	1.6007543	0.019061224486025437	0.02932496074773144	32
C10orf10	1.1378564	0.019209688098102307	0.029530650419834447	32
CYSLTR1	2.6998537	0.01926760408176611	0.029596934073373438	32
IFIT1	1.8475395	0.020169885412223365	0.03088803279054114	32
SCGB3A1	2.1958942	0.021003933423880235	0.03211610615272207	32
LTF	2.9388254	0.021043585702849393	0.032152155390144224	32
MIR3064	1.6868281	0.022241110811088517	0.03382678450355668	32
CMPK2	3.487514	0.02372904740070531	0.03589829656550847	32
ANGPTL4	2.3339746	0.023746723178083854	0.03589829656550847	32
B3GNT5	1.3498507	0.02379307492164678	0.03594120078798607	32
ZNF92	1.441456	0.023967156411035813	0.03614955718104949	32
SQRDL	1.3491511	0.024005391162968136	0.036160954048287404	32
LOC100507254	5.5197573	0.024456377814907403	0.03677650799234196	32
ADORA2A	2.2794993	0.02523564991642002	0.03783455759583211	32
NUDT7	3.039574	0.025516978447602947	0.03822768306756996	32
ABCB1	3.4372768	0.02614017347615992	0.039131996221796285	32
BCYRN1	2.3974354	0.028300251829890394	0.04214482774369381	32
LOC441204	4.164948	0.02983071686537652	0.044226414922722786	32
SEPT4	2.1695335	0.0305546240494877	0.045232604070300074	32
EPHX4	4.204149	0.030813655818659465	0.04558233109269151	32
MMP1	3.810014	0.03219381881696875	0.04758879352101811	32
TFPI	1.2689102	0.032659971485477675	0.048206599978564836	32
B3GALTL	1.5015354	0.03286815452057228	0.048441488784763995	32
CFH	1.494787	0.03324552475972975	0.04885455512083725	32
SPARC	4.703054	1.4385716588140722e-43	8.487148429581547e-43	33
A2M	6.968805	3.794494243650091e-40	2.1437820585593734e-39	33
PDGFRB	7.161822	1.5891332052334542e-38	8.853109778459356e-38	33
COL3A1	5.536627	1.4972160832327155e-38	8.364335660517964e-38	33
B2M	2.21144	4.6128947006561407e-38	2.5207074866973448e-37	33
LGALS3	5.069277	1.1276335367654462e-36	5.934913351397085e-36	33
SPARCL1	6.9338274	3.3768029071202686e-36	1.7679596372357427e-35	33
IFITM1	5.2649665	1.4829328347649072e-35	7.604783768025165e-35	33
TAGLN	5.474784	8.002254545822502e-34	4.0011272729112505e-33	33
LHFP	4.9740157	3.0221827195555368e-33	1.4998425407223506e-32	33
CRISPLD2	7.073907	4.4414300579581505e-33	2.1932987940534076e-32	33
STOM	4.0446744	6.612111712091096e-31	3.111581982160516e-30	33
MGP	4.176072	1.1829988208599619e-30	5.528031873177392e-30	33
LGALS3BP	4.0246725	1.9289633358768587e-28	8.708638085222838e-28	33
CAV1	4.962235	1.0766927522433559e-27	4.81741723598817e-27	33
VIM	2.151751	1.3822628317913974e-27	6.170816213354453e-27	33
MFGE8	4.5569887	7.287185705587152e-27	3.217300532268058e-26	33
ACTA2	7.332964	1.6159383686683703e-26	7.071940344281707e-26	33
MTRNR2L8	2.342891	9.225274444458209e-27	4.063997552624761e-26	33
FN1	3.099217	8.416246476302494e-26	3.642535164111841e-25	33
PRKCDBP	4.7844725	1.8939276368720683e-25	8.111039130073097e-25	33
TIMP1	3.2472908	6.763553024489943e-24	2.7890940307175025e-23	33
NNMT	5.150947	1.8572745873186452e-23	7.565273268100388e-23	33
OLFML2B	6.010968	2.3558930103453536e-23	9.576800855062413e-23	33
COL4A2	2.7265553	1.0677782567278593e-22	4.279672371654746e-22	33
COL4A1	3.3582394	2.823207620356427e-22	1.1247839124926003e-21	33
THY1	4.793835	4.60823359198344e-22	1.8178436260289704e-21	33
IGFBP4	3.5210578	4.679218018377697e-21	1.8136503947200376e-20	33
PLAC9	5.3326764	2.2329167324738557e-20	8.506349457043259e-20	33
ADIRF	3.5891151	4.927848431218559e-20	1.8630806923321583e-19	33
GEM	5.215968	5.2541997055612324e-20	1.9827168700231063e-19	33
MCAM	4.4816933	5.373846162774146e-20	2.0240475189356483e-19	33
ADAMTS4	6.9244947	1.6249191209694967e-19	6.063131048393644e-19	33
GPNMB	4.8213387	4.2487102692655265e-19	1.5794461967529838e-18	33
HLA-C	1.6270417	6.193100816860503e-19	2.293741043281668e-18	33
MT2A	3.3186944	2.022137012214262e-18	7.380062088373218e-18	33
RGS5	5.9534993	3.1273142281108743e-18	1.1372051738584996e-17	33
SEPT4	6.514949	5.6164274378366345e-18	2.038630648942517e-17	33
NUPR1	5.100949	1.0695418325010643e-17	3.8334832706131337e-17	33
CHN1	6.242122	1.1150228792037053e-17	3.989348405022201e-17	33
DCN	4.373101	2.05106144225755e-17	7.260394485867435e-17	33
ADAMTS1	5.0782633	2.2037364876807654e-17	7.759635520002696e-17	33
PDLIM1	4.1830177	2.3869676029696932e-17	8.390044298663245e-17	33
GPX3	5.5512853	6.397083362166906e-16	2.16850283463285e-15	33
MTRNR2L1	1.5895418	4.703784528099242e-16	1.6026523094034895e-15	33
S100A4	3.3328238	7.210227945881223e-16	2.4358878195544674e-15	33
CD44	2.3344407	7.944956527975934e-16	2.6750695380390353e-15	33
SEPP1	2.919048	8.775921160350845e-16	2.9449399866949143e-15	33
MYLK	5.6772976	1.973796785282452e-15	6.590306461711025e-15	33
DBNDD2	5.1107516	2.3880966180756118e-15	7.96032206025204e-15	33
STEAP4	8.064577	3.0715198430840942e-15	1.0153784605236675e-14	33
TFPI	4.581722	6.089798469983783e-15	1.9999338160866285e-14	33
CRYAB	3.2007341	7.519251294244206e-15	2.4653282931948217e-14	33
PHLDA1	2.7560985	9.798492591589402e-15	3.2073625504384296e-14	33
TINAGL1	4.607202	2.83627108445581e-14	9.193747437458055e-14	33
PLS3	2.7202742	4.8549391265579807e-14	1.5635874803729406e-13	33
RASD1	3.2554734	5.1149795980775044e-14	1.639416537845354e-13	33
TMSB4X	1.1433096	2.535073205260192e-13	7.984482536252573e-13	33
NFKBIZ	2.804771	3.2058190334289486e-13	9.986975182021647e-13	33
CFH	4.8176565	3.686837268176358e-13	1.1432053544732894e-12	33
GJA4	5.9247255	7.136720661904306e-13	2.206096031500558e-12	33
ITGA1	4.748331	1.777342878633582e-12	5.394060329692206e-12	33
COL1A1	1.8258156	2.6825439723245492e-12	8.055687604578226e-12	33
CXCL2	4.687833	8.598853928975974e-12	2.5515887029602297e-11	33
FHL5	12.201642	1.0101021146276628e-11	2.9884677947563984e-11	33
NTRK2	2.4190216	1.0221949416736011e-11	3.019778261960417e-11	33
LOC541471	3.724089	1.2822158003880547e-11	3.754658273464289e-11	33
TIMP3	1.8920467	1.5398428257627638e-11	4.463312538442794e-11	33
PPP1R14A	4.553325	1.6972688765025303e-11	4.8912647737825085e-11	33
TPPP3	3.6306937	2.1371030839517985e-11	6.149936932235392e-11	33
PGF	2.8723388	2.337269402639402e-11	6.706655387774468e-11	33
LUM	3.7068486	2.361760168287768e-11	6.767221112572402e-11	33
NFKBIA	2.5190604	3.383125118756601e-11	9.666071767876003e-11	33
ARHGDIB	2.1714761	4.845260575091084e-11	1.376494481559967e-10	33
C1S	2.4348013	1.2624362474536712e-10	3.531290202667612e-10	33
SOD3	3.2322204	1.2784438354466072e-10	3.5710721660519756e-10	33
RGS16	2.5677283	1.4830003514454665e-10	4.136681593990144e-10	33
DDIT4	2.7102563	1.7375275412381963e-10	4.826465392328324e-10	33
COX4I2	5.5633745	2.635843581835249e-10	7.281335861423339e-10	33
IER3	3.115793	2.7180964180692545e-10	7.498197015363461e-10	33
LOC284454	2.3399286	3.071569875919662e-10	8.461625002533505e-10	33
COL6A3	2.700546	3.501413821459687e-10	9.592914579341609e-10	33
MMP11	4.6431227	4.842484137227818e-10	1.3248930608010445e-09	33
PLTP	2.1870198	6.038036261606343e-10	1.6452414881761154e-09	33
C21orf7	6.3971205	8.198601433986139e-10	2.2248579196705943e-09	33
TMEM119	6.1355395	1.8112221953249615e-09	4.8299258541998975e-09	33
ESAM	3.7711046	2.212854313423359e-09	5.8774350954139684e-09	33
THBS2	4.544329	2.708110059696323e-09	7.173801482639266e-09	33
PPAP2A	2.835658	3.0266346577340905e-09	7.996392754911732e-09	33
SLC2A3	2.079091	3.1736876186485256e-09	8.362813224370291e-09	33
BHLHE40	1.90312	7.154436253954575e-09	1.8582951308972922e-08	33
KCNJ8	5.8413415	8.101615388789139e-09	2.0988640903598805e-08	33
CSRP2	3.2929962	1.2816374604598339e-08	3.2862498986149586e-08	33
ASPN	5.084299	1.3449902017202028e-08	3.435479442452625e-08	33
RERG	4.236747	1.7661073856066678e-08	4.4711579382447286e-08	33
HOPX	3.0181909	1.9927150659754517e-08	5.0321087524632616e-08	33
TRIM22	2.3923619	2.248459288634941e-08	5.649395197575228e-08	33
THBS1	3.2037745	2.7267883591271066e-08	6.834056037912547e-08	33
CCL2	3.854495	2.914127170266819e-08	7.285317925667046e-08	33
SULF1	2.2671587	2.9287303758515533e-08	7.31268508327479e-08	33
ENG	2.472234	4.482389589764794e-08	1.1122554813312143e-07	33
ANGPT2	2.2359605	6.404411710499353e-08	1.575501035793199e-07	33
ARHGAP15	2.6278737	7.286579925993045e-08	1.7903144781309696e-07	33
ISG15	2.4302974	9.060372356537399e-08	2.1937947594521547e-07	33
ANGPTL4	5.0334435	1.0575177955674311e-07	2.5513095188599063e-07	33
C11orf96	2.005762	1.3228683350640926e-07	3.1761544659401987e-07	33
NUDT4P1	2.4231951	1.6390932251508576e-07	3.9026029170258514e-07	33
ICAM1	2.4780457	1.6699833925065e-07	3.971423049956005e-07	33
FAS	2.896987	2.189638418026668e-07	5.188716630394947e-07	33
CTSL1	2.098781	2.3032177104501637e-07	5.451402864970801e-07	33
CPE	1.7880472	3.1524856256885345e-07	7.42635011940762e-07	33
ARID5A	1.8204905	3.895492370548655e-07	9.144348287672899e-07	33
SERPINI1	3.2403216	3.976562435194829e-07	9.323710281816715e-07	33
APOLD1	3.5137513	4.184511860283224e-07	9.79979358380146e-07	33
LPL	5.1599374	4.5481534848191967e-07	1.0638955520044904e-06	33
PLK2	2.2270887	5.665658397860804e-07	1.319128846999023e-06	33
CFB	4.721662	7.938642490426159e-07	1.8397780974336404e-06	33
SERPINE1	4.2233753	1.235413262336424e-06	2.8367698331490793e-06	33
CTSD	1.1786325	1.373698061653064e-06	3.139881283778432e-06	33
PHLDA2	1.8494618	1.810240861777192e-06	4.100205802439846e-06	33
BST2	2.3590367	2.3512001727990636e-06	5.295495884682576e-06	33
PLAU	2.7461183	2.8358668415459035e-06	6.330059914164963e-06	33
MYH11	6.3467045	3.037961086815259e-06	6.76606032698276e-06	33
B3GNT2	2.4455042	3.259117620652462e-06	7.250539756735177e-06	33
TNFAIP6	4.782644	3.4895101489302334e-06	7.74586048597166e-06	33
TNFAIP3	1.770753	3.993451880659416e-06	8.805847586900586e-06	33
PLN	4.909867	5.007148629035057e-06	1.095656155149903e-05	33
NAMPT	1.6881595	5.928161284907724e-06	1.294358359150158e-05	33
IFI27	2.8334703	9.42311303090448e-06	2.0374298445198874e-05	33
SUSD2	2.254199	1.1759815482948954e-05	2.5317148510116153e-05	33
EDNRB	4.059716	1.2829378442586939e-05	2.747190244665297e-05	33
APOBEC3C	1.9652021	1.7331996307976326e-05	3.675927106675785e-05	33
POSTN	4.068023	1.939888538738297e-05	4.10124426794566e-05	33
DNAJB4	1.3779259	2.2900666842497543e-05	4.816123415877507e-05	33
CDR1	3.4621058	2.682140318647487e-05	5.628835925807948e-05	33
HIGD1B	3.7636304	2.7459619888836052e-05	5.7567337293157346e-05	33
GNG10	1.6048876	3.281377258331495e-05	6.857632723785778e-05	33
F2R	2.2608044	3.456279578987447e-05	7.215614987447698e-05	33
EIF4A3	1.3617697	3.7162477574331394e-05	7.750256011330844e-05	33
GLA	1.6227878	3.9782931516809075e-05	8.279486267806259e-05	33
CD4	2.0456991	5.1917267377173114e-05	0.00010715638261542439	33
PDLIM3	4.434453	5.375246019596215e-05	0.00011071567496593647	33
EMP1	1.334905	5.901884680702099e-05	0.00012143795639304731	33
GSTM1	2.329237	6.0314603074366953e-05	0.00012359549810321097	33
PRELP	3.5947504	6.735038654416824e-05	0.00013759016658665627	33
EGFL6	6.0698504	7.250729447505957e-05	0.0001478232303263192	33
SGCA	7.0674806	9.021958243375694e-05	0.00018207786565843984	33
MT1A	3.1582456	0.00010086716294551158	0.0002021386030972176	33
SLC40A1	1.9678411	0.00010813517358104363	0.00021648683399608335	33
SFTA1P	7.463452	0.00014839529693546442	0.00029590288521528303	33
CD97	1.5851834	0.00016095083332128623	0.0003196640185129816	33
HSPB6	1.3956091	0.00017086582553316694	0.0003383481693726078	33
PLAT	2.657932	0.00017936026065685208	0.000354817528500202	33
CCDC80	1.1489604	0.00018828396909954887	0.0003717353782814391	33
CASP3	1.8802161	0.0001939890052557605	0.0003822443453315478	33
HLA-F	1.3880205	0.0001966144605556908	0.0003870363396765567	33
GDF15	3.6322403	0.0002035724620078341	0.00040033915832415754	33
IL6	3.9049206	0.00022269318063024038	0.0004357987879261064	33
LIPA	1.3855381	0.0003017822221750137	0.0005871249458657854	33
MMP19	2.4764526	0.00035000157037937173	0.0006789555196496058	33
CNIH	1.3095276	0.00040445042057054474	0.0007770421144486932	33
TUBB3	1.9079103	0.00043277391945606723	0.0008306601141191309	33
MT1M	2.1766715	0.0005061710195633721	0.0009659752281743742	33
MUSTN1	6.4908814	0.0005455148503063365	0.0010351325432757807	33
FRZB	1.8205645	0.0005478036149220586	0.0010384902652550874	33
TMEM176A	2.232817	0.0006907749840444091	0.0013008945085582091	33
RNASE4	2.320393	0.0007235747244619008	0.0013601028655298886	33
CASQ2	9.566313	0.0007611428767418904	0.0014253611924005436	33
VCAM1	3.7588284	0.0007966762102465817	0.0014891144116758535	33
GLIPR2	1.9900905	0.0009213830744722139	0.0017094305648835135	33
GNG11	1.021936	0.0009523239329289747	0.0017603030183530029	33
OLFML3	1.1983007	0.0009930668126769365	0.0018322265916548644	33
SRPX	1.4318488	0.0010460712212273559	0.0019229250390208747	33
CMAHP	3.052358	0.0010952574216320592	0.0020096466451964387	33
PDK4	2.7828844	0.0011872063952799972	0.0021743706873260022	33
MT1E	1.4201901	0.0014282771759800879	0.00258745865213784	33
SMIM3	2.464752	0.001531928373135056	0.002767711604580047	33
SP100	1.1625879	0.0015528438070227615	0.002802967160690905	33
LOC100127983	3.2553866	0.0015641261838109466	0.0028207866254480554	33
CYP1B1	2.0469718	0.0015699918101407377	0.002828814072325653	33
C8orf4	2.8394105	0.0016601571604532232	0.002981341554773725	33
CTGF	1.4829512	0.001861066325341511	0.003329277862864957	33
TES	1.6267717	0.00228478399139775	0.004040289993629973	33
CD36	3.3382201	0.0026243266626931744	0.004612173396648813	33
GBP1	1.6890888	0.0028360427320223334	0.00497115290450891	33
APOD	4.357787	0.003456385444153801	0.006011105120267481	33
VCAN	1.0121751	0.0035193690937715795	0.006115324228968861	33
SRSF10	1.0020547	0.003907691180904606	0.006743211701302167	33
ACTG2	5.7001557	0.004050537343836252	0.006977669842956506	33
PPP1R3C	4.8513775	0.004690943218317642	0.008046214782706076	33
SFRP4	4.7016706	0.004879057004593943	0.008354549665400588	33
HMGN4	1.1661366	0.005033208178032035	0.008611134607411523	33
HGF	1.8632233	0.00521577167632318	0.008900634259937168	33
PSMB8	1.1411179	0.005583450297879477	0.009471501777573329	33
SOD2	1.1767493	0.00643710103132868	0.010818657195510386	33
P2RY14	4.015381	0.006452423493247969	0.01083530393492522	33
PLIN2	1.0112069	0.006655885975097287	0.011167593917948469	33
ITGBL1	4.9352245	0.006782689511850927	0.011351781609792345	33
FKBP5	1.4062937	0.007102159095323346	0.01187652022629322	33
FBXO32	1.366982	0.007529207123346584	0.012548678538910974	33
FBLN2	1.0478882	0.007783653614072725	0.012929657166233762	33
RARRES3	1.2423943	0.00835831728158156	0.013872430512587375	33
HSPB8	1.5470307	0.009083115526286146	0.015025832136122656	33
LOX	2.2940652	0.009313033439897618	0.015368041980029074	33
TEKT4P2	1.3879554	0.009719556350301405	0.016025649382195226	33
CTSC	1.0028207	0.009976761654778057	0.01642265292967581	33
C7	5.494621	0.010356314586395538	0.01699149234847504	33
TMEM200A	3.7446673	0.011938260136881838	0.01944342041837433	33
HAS1	4.3348103	0.012187744005552741	0.019817469927728034	33
IFIT3	1.5639559	0.013523182539536726	0.02177646141632323	33
CCL26	4.7480173	0.014335626820828791	0.02299218415529878	33
AGT	4.587423	0.01440207464813153	0.023080247833544117	33
COL10A1	4.8557673	0.017023052348290248	0.02712837027615976	33
SAMHD1	1.0604944	0.017313939029693293	0.027569966607791867	33
LOC100128252	1.3734554	0.01851575713687997	0.029273924327082958	33
KRT18	1.4814023	0.01869299186659742	0.029460980089200037	33
PPIF	1.1303277	0.019350727596070344	0.03042567232086532	33
CCL8	3.4662552	0.02152804541857361	0.033690211922650405	33
VTRNA2-1	4.0063086	0.021941047142437036	0.034202723526791955	33
SP140L	2.1066902	0.022136034779239405	0.03445297241904966	33
COMP	3.179226	0.022222115284084687	0.034560054874159696	33
DERL3	3.1099882	0.022492167655638058	0.03495286348972503	33
RCSD1	1.5781288	0.022549904876836033	0.03501538024353421	33
TTC39B	2.214424	0.029284420992585606	0.04498374960458618	33
SBDSP1	1.1242789	0.031104503393890044	0.04759679172745225	33
WISP2	5.6078672	0.03160011355591529	0.04828130413432436	33
HAS2	2.8620994	0.03226810167348395	0.04926427736409763	33
CXCR7	1.2636181	0.03249321618772897	0.049564439281738606	33
FGF13	2.0745554	0.03253905438846139	0.049564439281738606	33
HSD11B1	6.106143	0.03292492690340628	0.04999988899530187	33
TPSAB1	12.479368	5.5252383082147794e-17	1.234690124740733e-16	34
SRGN	5.645417	1.0265780218235678e-12	2.1476527653212716e-12	34
S100A4	5.683818	4.761727281560482e-12	9.848453529597688e-12	34
RGS13	8.695279	1.6396917588386763e-11	3.360024095980894e-11	34
HPGDS	8.809217	1.7011222094851747e-11	3.47522412560812e-11	34
CPA3	8.585948	3.9306592541303576e-11	8.005415996192174e-11	34
ARHGDIB	4.1821704	4.103522219611201e-11	8.34897704905636e-11	34
ALOX5AP	5.267487	8.585854781813654e-11	1.7327658490037647e-10	34
SLC18A2	7.7725177	1.0382305557588438e-10	2.0868955894650126e-10	34
CAPG	4.596195	3.2897249474561167e-10	6.527232038603406e-10	34
FTH1	3.2706113	4.659711876308378e-10	9.208916751597585e-10	34
HPGD	9.287285	6.438736833450209e-10	1.2649777668860921e-09	34
MAOB	7.972419	8.772484259700847e-10	1.7133758319728216e-09	34
TMSB4X	2.2160382	6.682107504891758e-10	1.3102171578219133e-09	34
SAMSN1	5.6146097	1.818469426415768e-09	3.520753971763346e-09	34
TYROBP	4.9253964	2.258125818260111e-09	4.350916798189039e-09	34
RAC2	4.9924674	2.6879248816793203e-09	5.17406136993132e-09	34
MT-ND4	2.0809255	1.451931539846372e-09	2.816550028799946e-09	34
BIRC3	6.7799306	4.352168307038256e-09	8.337487178234207e-09	34
CD44	3.6499352	5.631716477049973e-09	1.0737305008674878e-08	34
IL1RL1	6.838429	2.603605180002852e-08	4.875665131091483e-08	34
CTSD	3.2490127	2.9413716282762617e-08	5.492757475772664e-08	34
CD69	5.8686986	3.505030498808559e-08	6.527058656999179e-08	34
ANXA1	2.8282502	3.1716991989075025e-08	5.9173492516931014e-08	34
FCER1G	4.3856606	4.3275384887511314e-08	8.028828365029928e-08	34
PLIN2	5.422196	4.7872023449316724e-08	8.865189527651244e-08	34
TIMP1	2.9675205	6.314273094038513e-08	1.161779778111962e-07	34
VWA5A	5.7271824	7.446462819571261e-08	1.36883507712707e-07	34
BTK	6.1834908	8.06753684498487e-08	1.4789251778157417e-07	34
RGS2	4.212313	9.209660191216399e-08	1.6836673110084824e-07	34
HDC	8.077579	1.0917227139095018e-07	1.9921947334114996e-07	34
GPR65	6.6426277	1.1236301935128852e-07	2.04855094532887e-07	34
LAPTM5	4.1202884	1.5508346711820148e-07	2.8069405813249137e-07	34
C1orf186	7.437622	1.6695426720307373e-07	3.0190645063846963e-07	34
GATA2	6.948985	2.0056247403726886e-07	3.620261264210629e-07	34
RGS1	3.7775733	6.092997882051625e-07	1.0851287412380454e-06	34
MT-CO3	1.7741061	4.935083885784112e-07	8.828414822511828e-07	34
DUSP10	5.227524	8.261472587743387e-07	1.4660998381088531e-06	34
B2M	2.2414126	8.443542897837726e-07	1.4970820740847033e-06	34
CD37	4.273465	1.097642428064769e-06	1.9392975760861647e-06	34
VIM	1.9937766	1.1090607962232721e-06	1.954292151935281e-06	34
MT-CO2	1.737747	1.322232476125819e-06	2.323782910590192e-06	34
NFKBIA	3.741261	2.0603504651512987e-06	3.5863367539622257e-06	34
CLU	3.12975	2.824841970560574e-06	4.8915012477239375e-06	34
CST7	4.707256	2.9437522563087788e-06	5.092996983233181e-06	34
TMEM176B	4.8908806	3.3897097557388523e-06	5.849369725174896e-06	34
CD82	4.1453943	4.326372417647907e-06	7.395508406235739e-06	34
RP11-354E11	12.142005	5.7659537968405235e-06	9.797712484011084e-06	34
CREM	3.2044058	6.029327349247187e-06	1.0227866580571987e-05	34
GMFG	3.9813094	9.644887062782576e-06	1.6223527439499706e-05	34
SYTL3	4.2103305	1.096412755159611e-05	1.839618716710757e-05	34
PTGS1	6.1323576	1.2652767948263405e-05	2.1140798576881208e-05	34
FCER1A	6.1543365	1.6464915956996235e-05	2.739586681696545e-05	34
CTSW	4.5482006	1.9350281862789713e-05	3.206343307835909e-05	34
LAT2	4.6019254	2.0538326041975948e-05	3.394764635037347e-05	34
MT2A	3.5722358	2.641286397552171e-05	4.344221048605545e-05	34
OSTF1	2.9394567	2.6588115470808313e-05	4.3694520083497636e-05	34
LTC4S	4.9688106	3.91622067070768e-05	6.420033886406032e-05	34
ALDH1A1	2.748951	5.2216973155475436e-05	8.47678135640835e-05	34
MT-ND2	1.240462	4.889367685009338e-05	7.956660187159216e-05	34
TNFAIP3	2.584499	0.00011043453409521515	0.0001771203433764477	34
HLA-C	1.9260089	0.00012939186427689714	0.00020702698284303544	34
RASSF5	3.8909523	0.0001371387686979447	0.00021907151549192445	34
BST2	3.8390112	0.0001471069808047398	0.00023462038405859615	34
ALOX5	5.073124	0.00019106122786668293	0.0003027911693608287	34
CALB2	5.222891	0.00019756558397597294	0.00031260377211388124	34
ADRB2	3.748922	0.0002018919360318997	0.0003191967368093276	34
CCNH	2.5144799	0.00020375622939498045	0.0003218897778751666	34
SAT1	1.743431	0.00023505016268109908	0.00036986650303870824	34
C1orf162	4.326484	0.0003680202563281406	0.0005732402746544247	34
GABPB1	3.612393	0.0003906593938731085	0.0006075573777186758	34
DUSP6	3.3055236	0.0003919816307542581	0.0006091400633321804	34
RHOH	4.3383093	0.00042499482155028504	0.0006589067000779613	34
DDIT4	3.503929	0.0006336644508846375	0.0009756188620240763	34
BATF	6.240049	0.0006645779747670618	0.0010224276534877873	34
HCST	3.55963	0.0007509772401561581	0.0011491618059007776	34
ARID5A	2.2139413	0.0007745249873115037	0.0011842889714243174	34
TNFSF10	4.2270494	0.000928498318757749	0.0014121647433577931	34
ICAM1	2.8190386	0.0009564455102960885	0.0014502585448007408	34
STK17B	3.2942898	0.0010912078844274502	0.0016458640790760937	34
NFKBIZ	2.3670132	0.0012963010731477812	0.0019391190323826196	34
CD83	2.810844	0.0013952389469773759	0.002080893284082589	34
SDPR	5.962992	0.0014215072633596984	0.002118490705454096	34
BCL2A1	3.8472316	0.0015278194152606639	0.002273540796518845	34
KIT	5.550301	0.0015799443784084673	0.0023476142324048545	34
PPAP2A	3.5702937	0.0015928766437235695	0.00236507296766677	34
NCF4	3.518367	0.0019325009246025523	0.002846098563479458	34
CXCL16	2.7204106	0.0024999942421399155	0.003644306475422617	34
LGALS3	3.072032	0.002524473616343839	0.0036773104389567937	34
DHRS9	7.8042154	0.003494432540310099	0.00504611197156693	34
TSTD1	3.531334	0.004181415050395758	0.006012099281661765	34
MAP3K8	2.6530294	0.004716171537360037	0.006766386710703066	34
SLC2A3	2.0773005	0.005342985268434022	0.0076492272991181415	34
TNFAIP8	3.3179646	0.006958257275109755	0.009876873350049333	34
BHLHE40	2.1117349	0.006990566431649452	0.009915697066169437	34
ARHGAP15	2.6531703	0.0077051416739352	0.01088296846601017	34
LAT	3.5997036	0.00926915979073911	0.01299111393236035	34
AP1S2	2.7983851	0.009440708602069943	0.013194561288707118	34
IFNGR1	1.9076387	0.00945632847825888	0.013207162679132516	34
TMEM176A	3.3630755	0.009620342437757988	0.013426856158768999	34
HBB	3.3338215	0.009964785991472401	0.013888203472435402	34
TBXAS1	2.8988104	0.01121555357395199	0.015534007720155112	34
COTL1	1.8258551	0.012145533455852663	0.01676402133312997	34
CD58	2.7122905	0.012636711244248387	0.017393959042324002	34
APOBEC3C	2.3691854	0.012805435167582828	0.017614078634914484	34
TIMP3	1.5485519	0.01415811022909274	0.019394671546702383	34
PLAUR	2.1669025	0.014392391999570356	0.019688634746334276	34
LCP1	2.1608536	0.016519832151923954	0.022506583313247893	34
PTPRC	1.9987992	0.017004204793534157	0.023150721298208516	34
ABRACL	2.4502492	0.02213155911830149	0.02980681362734207	34
FERMT3	3.0687358	0.02335984643560552	0.03141875781520581	34
EVI2B	1.9047825	0.023460392012968564	0.031532784963667425	34
CD97	2.1537783	0.023673433138022486	0.03177642031949327	34
RARRES1	2.336376	0.025172550942742882	0.033698194033123005	34
ADCYAP1	5.3602066	0.025248005601448947	0.03377659612233973	34
ARHGAP25	3.017503	0.025489261913133446	0.03407655335980407	34
LXN	2.8662605	0.026778485348389315	0.035776199530246244	34
PLAT	4.7070947	0.02697646122953496	0.036016637155587394	34
UPP1	2.6548524	0.028442635507339095	0.03784781837303938	34
PIM2	3.319376	0.028740271863979365	0.03819305231093604	34
HAVCR2	2.7109618	0.03167881082411784	0.04190318892079079	34
AGPAT9	4.2333484	0.03364064865590639	0.044322330244935954	34
CD68	1.9478987	0.03446064730741249	0.045283373597125476	34
UCP2	2.0543747	0.03516741190367396	0.04618176218473271	34
CD33	3.6182635	0.035760816505634556	0.04686869791039915	34
